{"9222068.0--9308629.0": 0.766881149468166, "9222248.0--9308629.0": 0.7988010428029128, "9222274.0--9308629.0": 0.7873099393911024, "9229116.0--9308629.0": 0.8138898189965076, "9233993.0--9308629.0": 0.7950406020459028, "9308623.0--9308629.0": 0.8445223558392959, "9222553.0--9308629.0": 0.7860005984718796, "9222341.0--9308629.0": 0.8302274515365536, "9222346.0--9308629.0": 0.8069515842944848, "9308628.0--9308629.0": 0.8162980012982317, "9222294.0--9308629.0": 0.7980976541270595, "9241732.0--9308629.0": 0.8118855439655953, "9222060.0--9308629.0": 0.798013832348773, "9222280.0--9308629.0": 0.8064815652124235}