{"8440828.0--8440851.0": 0.7891299021730382, "8440828.0--8457476.0": 0.793258413989196, "8440828.0--8440848.0": 0.8242844746826803, "8440828.0--8440839.0": 0.7448656424097058, "8440828.0--8443395.0": 0.7923314062318121, "8440828.0--8440832.0": 0.8239867915685799, "8440816.0--8440828.0": 0.8032575241348272, "8440828.0--8440835.0": 0.7866040682927289, "8440818.0--8440828.0": 0.8324986790451612, "8440828.0--8440853.0": 0.8011101705755879, "8440828.0--8440840.0": 0.7908222783402176, "8440828.0--8440857.0": 0.8161825944706738, "8440828.0--8449328.0": 0.7739691149435979, "8440828.0--8440829.0": 0.7977742254427238, "8440807.0--8440828.0": 0.7584189664013883, "8440828.0--8440831.0": 0.7980310233437604, "8440828.0--8440852.0": 0.8267934979754863, "8440828.0--8440841.0": 0.7654202815555952, "8440828.0--8440859.0": 0.7563431019766766, "8440821.0--8440828.0": 0.8015742111308216, "8440828.0--8440842.0": 0.8024216874168345, "8440828.0--8443131.0": 0.745514449782526, "8440815.0--8440828.0": 0.7909568909968877, "8440828.0--8500765.0": 0.8374067932343248, "8440804.0--8440828.0": 0.7761923035757753, "8440828.0--8454276.0": 0.7987204908798177, "8440828.0--8464305.0": 0.7839729818934918, "8440828.0--8494828.0": 0.8044506557628848, "8440825.0--8440828.0": 0.7748348536586208, "8440814.0--8440828.0": 0.8011688520905518, "8440828.0--8440838.0": 0.8061231822754686, "8440828.0--8440855.0": 0.7963046281999895, "8440828.0--8454489.0": 0.8108310052295866, "8440828.0--8440834.0": 0.7678169678176479, "8440826.0--8440828.0": 0.8200725790145912, "8440823.0--8440828.0": 0.7735253825266374, "8440828.0--8440845.0": 0.7934872284282718, "8440810.0--8440828.0": 0.8267846102229774, "8440806.0--8440828.0": 0.787256936127285, "8440817.0--8440828.0": 0.7675139677922753, "8440813.0--8440828.0": 0.8258340540092282, "8440828.0--8443125.0": 0.7678750690183673, "8440828.0--8456575.0": 0.8039214246402303, "8440828.0--8440860.0": 0.8239394685007237, "8440828.0--8454343.0": 0.8067735903256096, "8440803.0--8440828.0": 0.803257498649155, "8440828.0--8454344.0": 0.8123547787138473, "8440828.0--8440854.0": 0.8338266043747846, "8440828.0--8454346.0": 0.7943304723441904, "8440827.0--8440828.0": 0.8198675282383485, "8440828.0--8440836.0": 0.7864414790924086, "8440828.0--8440844.0": 0.8049360456187065, "8440808.0--8440828.0": 0.812685010135003, "8440828.0--8440837.0": 0.791773040581268, "8440828.0--8440858.0": 0.7819186988250403, "8440820.0--8440828.0": 0.7962107651812118, "8440828.0--8440833.0": 0.7803609803081941, "8440828.0--8444072.0": 0.8149235627575666, "8440812.0--8440828.0": 0.8226309001956066, "8440809.0--8440828.0": 0.8075485888154709, "8440828.0--8454904.0": 0.7997233197986495, "8440828.0--8440846.0": 0.8097743511321557, "8440828.0--8440830.0": 0.8070256612141707, "8440828.0--8444077.0": 0.7668361747913071, "8440828.0--8440847.0": 0.8161600482295331, "8440828.0--8440849.0": 0.7774161837616103, "8440828.0--8443124.0": 0.8065267932645621, "8440828.0--8440843.0": 0.8132349456803878, "8440828.0--8807265.0": 0.804015624510126, "8440828.0--8816695.0": 0.8213782415090267, "8440828.0--8805426.0": 0.7899568404523494, "8440828.0--8805421.0": 0.7803371255255435, "8440828.0--8812684.0": 0.7899529320584882, "8440828.0--8805461.0": 0.7667646217231571, "8440828.0--8807255.0": 0.7677654006917058, "8440828.0--8805460.0": 0.7597746555627186, "8440828.0--8807292.0": 0.8116710595474709, "8440828.0--8807354.0": 0.806770433183611, "8440828.0--8809711.0": 0.806290507668386, "8440828.0--8805422.0": 0.7843431788094466, "8440828.0--8805424.0": 0.7916036611639752, "8440828.0--8794517.0": 0.7618676128317965, "8440828.0--8805451.0": 0.7857284997651683, "8440828.0--8807223.0": 0.7444800549210906, "8440828.0--8794560.0": 0.7663746094576362, "8440828.0--8481543.0": 0.7717575185015133, "8440828.0--8802285.0": 0.740776897081366, "8440828.0--8807245.0": 0.8031307131279426, "8440828.0--8805456.0": 0.7690038908711689, "8440828.0--8827944.0": 0.7724869014397506, "8440828.0--8807296.0": 0.7857094562692863, "8440828.0--8827951.0": 0.75498424104217, "8440828.0--8854335.0": 0.8026990053728627, "8440828.0--8805446.0": 0.8003097354138672, "8440828.0--8805436.0": 0.7775596358737593, "8440828.0--8805433.0": 0.7521109420296044, "8440828.0--8546802.0": 0.792829689572026, "8440828.0--8805427.0": 0.7720856078527959, "8440828.0--8836120.0": 0.7888616019787257, "8440828.0--8794768.0": 0.7914299700117688, "8440828.0--8809750.0": 0.7985395613243815, "8440828.0--8820172.0": 0.8066300091767145, "8440828.0--8476234.0": 0.8029551887360669, "8440828.0--8807314.0": 0.7788506377262508, "8440828.0--8794520.0": 0.7819982082909853, "8440828.0--8805452.0": 0.8305653681269075, "8440828.0--8805462.0": 0.770210384053875, "8440828.0--8807275.0": 0.8523060919999664, "8419285.0--8440828.0": 0.8012460449316638, "8440828.0--8807379.0": 0.8163540556215512, "8440828.0--8807234.0": 0.8301766026695706, "8423100.0--8440828.0": 0.802665501473365, "8440828.0--8805455.0": 0.7566161542262856, "8440828.0--8727493.0": 0.7325028462795881, "8440828.0--8807369.0": 0.7505567170646276, "8440828.0--8532319.0": 0.8034187479696486, "8419325.0--8440828.0": 0.7663817188242448, "8440828.0--8805430.0": 0.7842556091798298, "8440828.0--8807301.0": 0.810658026590785, "8440828.0--8713940.0": 0.8073530108378508, "8440828.0--8637795.0": 0.8122613989028762, "7999244.0--8440828.0": 0.8023243126518547, "8440828.0--8805439.0": 0.794845797915728, "8440828.0--8805428.0": 0.8294804071092684, "8440828.0--8809223.0": 0.8069916151445183, "8440828.0--8795584.0": 0.7931749819220009, "8440828.0--8807264.0": 0.7766742288919766, "8440828.0--8805431.0": 0.7890764102535787, "8440828.0--8453863.0": 0.7731842239070708, "8400404.0--8440828.0": 0.7649144751765652, "8440828.0--8809834.0": 0.7795965243526097, "8440828.0--8663447.0": 0.7598280744521928, "8440828.0--8807213.0": 0.8139590696377257, "8440828.0--8640251.0": 0.7925625029529955, "8440828.0--8807220.0": 0.8100438629885948, "8440828.0--8617736.0": 0.8016529713005243, "8440828.0--8617746.0": 0.8062662102645203, "8440828.0--8640072.0": 0.7866553001571994, "8440828.0--8636208.0": 0.8412623145594891, "8440828.0--8805458.0": 0.7902882853943347, "8440828.0--8807271.0": 0.8223889024778208, "8440828.0--8809678.0": 0.8108821419675232, "8440828.0--8807226.0": 0.8466837681827852, "8440828.0--8805467.0": 0.8111753920724848, "8440828.0--8611113.0": 0.8102231601032442, "8440828.0--8854316.0": 0.7889594012544643, "8440828.0--8794607.0": 0.8029928247047312, "8440828.0--8805418.0": 0.7827426441328518, "8440828.0--8836087.0": 0.8034889581166044, "8440828.0--8807283.0": 0.7859864714937382, "8440828.0--8820171.0": 0.7974458598820556, "8440828.0--8807288.0": 0.7805669084516347, "8440828.0--8807302.0": 0.7560587338946112, "8440828.0--8805466.0": 0.7934812254881477, "8440828.0--8807351.0": 0.7648946774072728, "8440828.0--8805420.0": 0.7737417000538552, "8440828.0--8807299.0": 0.8074325953016431, "8440828.0--8812988.0": 0.7825825599134082, "8440828.0--8807294.0": 0.7902660951289684, "8440828.0--8805434.0": 0.822990548179333, "8440828.0--8732351.0": 0.8055222798264069, "8440828.0--8807232.0": 0.7525072620950859, "8419271.0--8440828.0": 0.7792045520996834, "8440828.0--8625484.0": 0.8092328148099268, "8440828.0--8807349.0": 0.8171465740587138, "8440828.0--8809730.0": 0.7942686519918828, "8440828.0--8730513.0": 0.8234235253820161, "8440828.0--8809833.0": 0.8205830795038509, "8440828.0--8523628.0": 0.7655583500898954, "8434356.0--8440828.0": 0.7734169089789706, "8440828.0--8807303.0": 0.7816130912541647, "8440828.0--8811606.0": 0.783121592015774, "8440828.0--8807244.0": 0.7665798304331906, "8440828.0--8490694.0": 0.8188253734777354, "8440828.0--8809844.0": 0.778007188975132, "8440828.0--8809850.0": 0.7950933508238033, "8440828.0--8805445.0": 0.7407049687344365, "8412138.0--8440828.0": 0.7735987654915575, "8440828.0--8807247.0": 0.7466857514057025, "8440828.0--8848845.0": 0.790897989810168, "8440828.0--8695851.0": 0.7769406309010427, "8440828.0--8713907.0": 0.8035035665257376,