{"9222038.0--9229072.0": 0.8278528117751655, "9222038.0--9222295.0": 0.8498887856770874, "9222038.0--9222342.0": 0.7980114081742601, "9222038.0--9241407.0": 0.798403966376984, "9222038.0--9288884.0": 0.8120193256302469, "9222038.0--9222351.0": 0.7987647009477349, "9222038.0--9223669.0": 0.8086172894054225, "9222038.0--9222315.0": 0.7927819461861795, "9222038.0--9222335.0": 0.8260428192644467, "9222038.0--9222327.0": 0.7791499237556592, "9222038.0--9233469.0": 0.787497930284861, "9222038.0--9226461.0": 0.8404918012825198, "9222038.0--9238508.0": 0.8119941174272931, "9222038.0--9222266.0": 0.7687425278565576, "9222038.0--9225008.0": 0.8095114766563178, "9222038.0--9290431.0": 0.7917499796497524, "9222038.0--9239918.0": 0.8012397618200985, "9222038.0--9231271.0": 0.7889876473305009, "9222038.0--9222313.0": 0.8181650970517136, "9222038.0--9231268.0": 0.78504882516538, "9222035.0--9222038.0": 0.8013884752597797, "9222038.0--9222091.0": 0.8560243431820652, "9222038.0--9229515.0": 0.7443773639971987, "9222038.0--9222301.0": 0.8214681096216767, "9222038.0--9222358.0": 0.8116867012795222, "9222038.0--9229135.0": 0.8043508791116516, "9222038.0--9222047.0": 0.8079638855929344, "9222038.0--9222272.0": 0.7737032965672681, "9222038.0--9222110.0": 0.8584120184812978, "9222038.0--9222364.0": 0.8077841237648729, "9222038.0--9222088.0": 0.8334241975151627, "9216518.0--9222038.0": 0.7792078244395999, "9222038.0--9222309.0": 0.7853224091493519, "9216595.0--9222038.0": 0.7885238453240367, "9216538.0--9222038.0": 0.7773021835596553, "9216549.0--9222038.0": 0.7796628457971941, "9216559.0--9222038.0": 0.801690862586663, "9222038.0--9222376.0": 0.7541219567293497, "9222038.0--9222374.0": 0.8299481696725121, "9222038.0--9224194.0": 0.7773033664300679, "9222038.0--9222254.0": 0.784801803607581, "9222038.0--9222049.0": 0.793286691608234, "9222038.0--9222562.0": 0.7759073533552308, "9222038.0--9226126.0": 0.7905852125825237, "9222038.0--9240062.0": 0.8248832333110883, "9222038.0--9226101.0": 0.7735387310344308, "9222038.0--9222377.0": 0.7694470491764714, "9222038.0--9233392.0": 0.7979954310954438, "9222038.0--9222093.0": 0.7899320297200337, "9222038.0--9224154.0": 0.7336165411224713, "9222038.0--9240061.0": 0.7790685608536219, "9222038.0--9222512.0": 0.7801583876956399, "9222038.0--9241413.0": 0.7884209565494629, "9222038.0--9224646.0": 0.7874831477660469, "9222038.0--9222372.0": 0.7716607886043936, "9222038.0--9222253.0": 0.8201738139507522, "9222038.0--9222092.0": 0.8325473008760403, "9222038.0--9222271.0": 0.7896266793227797, "9222038.0--9230431.0": 0.7992048495756382, "9222038.0--9222076.0": 0.8499706740029725, "9222038.0--9222053.0": 0.779505555798367, "9216532.0--9222038.0": 0.7893509889251334, "9222038.0--9222085.0": 0.7799717206220564, "9216629.0--9222038.0": 0.7820503074782807, "9222038.0--9308630.0": 0.7905983454728249, "9222038.0--9308624.0": 0.7348310173184883, "9219240.0--9222038.0": 0.7770301246753579, "9216630.0--9222038.0": 0.7888424947888104, "9217981.0--9222038.0": 0.8040024142178639, "9222038.0--9224153.0": 0.74743417952876, "9222038.0--9286505.0": 0.7682799618317873, "9216512.0--9222038.0": 0.7812966456669584, "9216579.0--9222038.0": 0.7856240476604857, "9222038.0--9222249.0": 0.8047285256204151, "9222038.0--9222367.0": 0.7707849059892541, "9222038.0--9222325.0": 0.7474378210512185, "9222038.0--9222510.0": 0.7431597072914049, "9222038.0--9246250.0": 0.7846488111577109, "9222038.0--9308627.0": 0.8042952650779908, "9222038.0--9224186.0": 0.8028657228076248, "9222038.0--9229232.0": 0.7367058205864264, "9222038.0--9226404.0": 0.8110036864902397, "9222038.0--9308631.0": 0.7857768592064963, "9222038.0--9222255.0": 0.8127085608510077, "9222038.0--9222261.0": 0.8146296198734732, "9222038.0--9222338.0": 0.7878618733841367, "9222038.0--9222284.0": 0.7927622374786771, "9222038.0--9230430.0": 0.7870725815020505, "9222038.0--9308622.0": 0.7598596488581155, "9222038.0--9286903.0": 0.7466494980357135, "9222038.0--9234473.0": 0.7809823516721475, "9222038.0--9241426.0": 0.7956500308588745, "9222038.0--9222269.0": 0.8054836268555636, "9222038.0--9237999.0": 0.797713557100923, "9222038.0--9222072.0": 0.833870207522698, "9222038.0--9224197.0": 0.8164486836571235, "9222038.0--9246282.0": 0.8108124895251363, "9222038.0--9222314.0": 0.7792129945096471, "9222038.0--9222357.0": 0.7974961085314196, "9222038.0--9222086.0": 0.7554994793134915, "9222038.0--9222360.0": 0.8167561901020572, "9222038.0--9222065.0": 0.7658429774936837, "9222038.0--9228894.0": 0.8139335010593556, "9222038.0--9233264.0": 0.7967355418894948, "9222038.0--9222343.0": 0.7851875759136162, "9222038.0--9308621.0": 0.8041625879961051, "9222038.0--9308625.0": 0.83050293866118, "9222038.0--9241744.0": 0.7884202769568645, "9222038.0--9308629.0": 0.8056838607734549, "9222038.0--9222068.0": 0.7512842175179203, "9222038.0--9222248.0": 0.7953421791110609, "9222038.0--9222274.0": 0.7713320067544079, "9222038.0--9229116.0": 0.8147214458538892, "9222038.0--9233993.0": 0.75713422766579, "9222038.0--9308623.0": 0.8414927074678329, "9222038.0--9222553.0": 0.7883484630535871, "9222038.0--9222341.0": 0.8222504945927711, "9222038.0--9222346.0": 0.8119370484822466, "9222038.0--9308628.0": 0.8002531979706331, "9222038.0--9222294.0": 0.7769816851828474, "9222038.0--9241732.0": 0.7863058434913957, "9222038.0--9222060.0": 0.8057692333881317, "9222038.0--9222280.0": 0.8142899236308802}