{"8440806.0--8440817.0": 0.7843277891714092, "8440806.0--8440813.0": 0.8114059564674472, "8440806.0--8443125.0": 0.7863104329230424, "8440806.0--8456575.0": 0.7889560857124993, "8440806.0--8440860.0": 0.8073948390462834, "8440806.0--8454343.0": 0.7885417607445734, "8440803.0--8440806.0": 0.79239163941701, "8440806.0--8454344.0": 0.7871458670957713, "8440806.0--8440854.0": 0.8340012572722655, "8440806.0--8454346.0": 0.801900814866318, "8440806.0--8440827.0": 0.7490645083556536, "8440806.0--8440836.0": 0.7994691343160496, "8440806.0--8440844.0": 0.7898010532519394, "8440806.0--8440808.0": 0.8007801743266668, "8440806.0--8440837.0": 0.7883353139975107, "8440806.0--8440858.0": 0.7622903949191677, "8440806.0--8440820.0": 0.7587020464210832, "8440806.0--8440833.0": 0.752749017989942, "8440806.0--8444072.0": 0.7743064428378958, "8440806.0--8440812.0": 0.8106831101213903, "8440806.0--8440809.0": 0.7945011339108459, "8440806.0--8454904.0": 0.8461241264857087, "8440806.0--8440846.0": 0.8070992262662577, "8440806.0--8440830.0": 0.8007213817430705, "8440806.0--8444077.0": 0.7981307563703721, "8440806.0--8440847.0": 0.8246484639147145, "8440806.0--8440849.0": 0.7877060725482254, "8440806.0--8443124.0": 0.7747257533289168, "8440806.0--8440843.0": 0.7711232991731192, "8440806.0--8807265.0": 0.7826631219771346, "8440806.0--8816695.0": 0.8005405512016573, "8440806.0--8805426.0": 0.8171111014026946, "8440806.0--8805421.0": 0.8286124659525351, "8440806.0--8812684.0": 0.7691093576175225, "8440806.0--8805461.0": 0.7810123973332632, "8440806.0--8807255.0": 0.7789408889021006, "8440806.0--8805460.0": 0.7626534864253158, "8440806.0--8807292.0": 0.8045226224706052, "8440806.0--8807354.0": 0.7783445752769347, "8440806.0--8809711.0": 0.7919959049956768, "8440806.0--8805422.0": 0.7655338304550698, "8440806.0--8805424.0": 0.7943196617557061, "8440806.0--8794517.0": 0.7665493777995503, "8440806.0--8805451.0": 0.7568307977405828, "8440806.0--8807223.0": 0.7521915261628734, "8440806.0--8794560.0": 0.7705896655756725, "8440806.0--8481543.0": 0.7604084203305809, "8440806.0--8802285.0": 0.7824655600091803, "8440806.0--8807245.0": 0.788934959609175, "8440806.0--8805456.0": 0.792494400701536, "8440806.0--8827944.0": 0.7658243447537297, "8440806.0--8807296.0": 0.8013480161791358, "8440806.0--8827951.0": 0.7660492390800147, "8440806.0--8854335.0": 0.7917756308584964, "8440806.0--8805446.0": 0.7568660036233008, "8440806.0--8805436.0": 0.7775397137881859, "8440806.0--8805433.0": 0.7408671738668438, "8440806.0--8546802.0": 0.7845816383299243, "8440806.0--8805427.0": 0.7931761434623255, "8440806.0--8836120.0": 0.8008695486453761, "8440806.0--8794768.0": 0.7792570796001796, "8440806.0--8809750.0": 0.7685312439762455, "8440806.0--8820172.0": 0.8475497328957592, "8440806.0--8476234.0": 0.8382223492773259, "8440806.0--8807314.0": 0.766651535408474, "8440806.0--8794520.0": 0.7835543314812228, "8440806.0--8805452.0": 0.8362643748678183, "8440806.0--8805462.0": 0.7521578543105206, "8440806.0--8807275.0": 0.8245527959671977, "8419285.0--8440806.0": 0.7753750746517594, "8440806.0--8807379.0": 0.7908962576643694, "8440806.0--8807234.0": 0.7986108525945801, "8423100.0--8440806.0": 0.7711886816404652, "8440806.0--8805455.0": 0.7511351166102886, "8440806.0--8727493.0": 0.7147970744289796, "8440806.0--8807369.0": 0.736193488560547, "8440806.0--8532319.0": 0.8080579373347015, "8419325.0--8440806.0": 0.7642562051387665, "8440806.0--8805430.0": 0.8273367171251063, "8440806.0--8807301.0": 0.7851431949010224, "8440806.0--8713940.0": 0.8044434159528768, "8440806.0--8637795.0": 0.804907064340719, "7999244.0--8440806.0": 0.796023684392863, "8440806.0--8805439.0": 0.7812654090565246, "8440806.0--8805428.0": 0.8084361580326027, "8440806.0--8809223.0": 0.7823142888633676, "8440806.0--8795584.0": 0.7682578310051456, "8440806.0--8807264.0": 0.7636250296199417, "8440806.0--8805431.0": 0.7822135783802022, "8440806.0--8453863.0": 0.7581086742798233, "8400404.0--8440806.0": 0.7496576086228577, "8440806.0--8809834.0": 0.7795209389934433, "8440806.0--8663447.0": 0.790182070335183, "8440806.0--8807213.0": 0.7964876683694564, "8440806.0--8640251.0": 0.803112754115502, "8440806.0--8807220.0": 0.792978095817265, "8440806.0--8617736.0": 0.808467106062615, "8440806.0--8617746.0": 0.7786643765145373, "8440806.0--8640072.0": 0.797542855991864, "8440806.0--8636208.0": 0.7969068173085735, "8440806.0--8805458.0": 0.8002608029947801, "8440806.0--8807271.0": 0.8056659542204127, "8440806.0--8809678.0": 0.8273602598980414, "8440806.0--8807226.0": 0.8141640669989492, "8440806.0--8805467.0": 0.8054991897761103, "8440806.0--8611113.0": 0.774524903780358, "8440806.0--8854316.0": 0.791806598691404, "8440806.0--8794607.0": 0.7869734841343048, "8440806.0--8805418.0": 0.7853741123959982, "8440806.0--8836087.0": 0.8175966376039403, "8440806.0--8807283.0": 0.7842571752085069, "8440806.0--8820171.0": 0.796949038925006, "8440806.0--8807288.0": 0.741070965675308, "8440806.0--8807302.0": 0.7199067288086739, "8440806.0--8805466.0": 0.7683718657220766, "8440806.0--8807351.0": 0.7769900834269275, "8440806.0--8805420.0": 0.7835190303278728, "8440806.0--8807299.0": 0.7903387189833537, "8440806.0--8812988.0": 0.8237497295005891, "8440806.0--8807294.0": 0.8199685141535432, "8440806.0--8805434.0": 0.8161053136338239, "8440806.0--8732351.0": 0.8192829081515397, "8440806.0--8807232.0": 0.7837893548320525, "8419271.0--8440806.0": 0.752157468324467, "8440806.0--8625484.0": 0.8183657629865848, "8440806.0--8807349.0": 0.7676084125426783, "8440806.0--8809730.0": 0.7992962753793791, "8440806.0--8730513.0": 0.8046434731230023, "8440806.0--8809833.0": 0.7896234430250418, "8440806.0--8523628.0": 0.7622644687736289, "8434356.0--8440806.0": 0.7645238509758784, "8440806.0--8807303.0": 0.7755714488368303, "8440806.0--8811606.0": 0.7832332686565919, "8440806.0--8807244.0": 0.760478537936576, "8440806.0--8490694.0": 0.8368953892201255, "8440806.0--8809844.0": 0.7648956777262457, "8440806.0--8809850.0": 0.8077324256035512, "8440806.0--8805445.0": 0.7530347436151568, "8412138.0--8440806.0": 0.7904074449553112, "8440806.0--8807247.0": 0.7578621146232535, "8440806.0--8848845.0": 0.772975424378482, "8440806.0--8695851.0": 0.8105523036021067, "8440806.0--8713907.0": 0.81391526547794, "8440806.0--8809847.0": 0.7936795930989218, "8440806.0--8727480.0": 0.8144656591019912, "8440806.0--8706590.0": 0.7629895583404933, "8440806.0--8735916.0": 0.8141920284589044, "8440806.0--8474512.0": 0.7762143609586772, "8440806.0--8809845.0": 0.7374591844860856, "8440806.0--8540796.0": 0.7883872418649414, "8440806.0--8807233.0": 0.7812484130634074, "8440806.0--8617747.0": 0.7783609426869259, "8440806.0--8474486.0": 0.7645665365677576, "8440806.0--8474516.0": 0.8487729721841524, "8440806.0--8663650.0": 0.7769133151926091, "8440806.0--8663646.0": 0.7913598571116298, "8440806.0--8794553.0": 0.7714823483850692, "8440806.0--8863966.0": 0.7634652460170148, "8440806.0--8525340.0": 0.7386444721985288, "8440806.0--8805448.0": 0.796394803435664, "8405549.0--8440806.0": 0.8127083296703353, "8440806.0--8611178.0": 0.7615994826734174, "8440806.0--8827593.0": 0.8004465105951897, "8440806.0--8805463.0": 0.7814886842360467, "8440806.0--8805457.0": 0.8407055003335069, "8440806.0--8805442.0": 0.7707864037186805, "8440806.0--8807266.0": 0.8253774951123601, "8440806.0--8813126.0": 0.8035769494259419, "8440806.0--8585103.0": 0.7857102816486011, "8440806.0--8807235.0": 0.7827779239336898, "8440806.0--8585048.0": 0.811214476960213, "8440806.0--8809843.0": 0.8165601986808712, "8440806.0--8809842.0": 0.7763655984037254, "8440806.0--8842614.0": 0.8114828181473147, "8440806.0--8805441.0": 0.7379454207358793, "8440806.0--8809920.0": 0.7512356481987894, "8440806.0--8663312.0": 0.7582666732226779, "8440806.0--8477126.0": 0.7981063523810634, "8440806.0--8807224.0": 0.7872324333207025, "8440806.0--8807355.0": 0.7567271483313965, "8440806.0--8807320.0": 0.8244009342430918, "8440806.0--8665933.0": 0.78942921567974,