{"8440818.0--8440853.0": 0.8615075428401366, "8440818.0--8440840.0": 0.8351970473575465, "8440818.0--8440857.0": 0.8952997372617737, "8440818.0--8449328.0": 0.839943268014147, "8440818.0--8440829.0": 0.8594108718534543, "8440807.0--8440818.0": 0.7886109841334247, "8440818.0--8440831.0": 0.8292229848450379, "8440818.0--8440852.0": 0.8550803440834694, "8440818.0--8440841.0": 0.8090833871265162, "8440818.0--8440859.0": 0.7998901900736208, "8440818.0--8440821.0": 0.8356257216370405, "8440818.0--8440842.0": 0.814151557900916, "8440818.0--8443131.0": 0.8030398369190297, "8440815.0--8440818.0": 0.842263514023931, "8440818.0--8500765.0": 0.8329210473294816, "8440804.0--8440818.0": 0.8114885759489843, "8440818.0--8454276.0": 0.8056332871591091, "8440818.0--8464305.0": 0.833527582972099, "8440818.0--8494828.0": 0.7821780642798188, "8440818.0--8440825.0": 0.8136664061932035, "8440814.0--8440818.0": 0.860340069276134, "8440818.0--8440838.0": 0.856096606952269, "8440818.0--8440855.0": 0.8569249046855112, "8440818.0--8454489.0": 0.8690509710284204, "8440818.0--8440834.0": 0.7809866300200159, "8440818.0--8440826.0": 0.8736498826987624, "8440818.0--8440823.0": 0.8134078915181557, "8440818.0--8440845.0": 0.8193498349676276, "8440810.0--8440818.0": 0.8446038051266099, "8440806.0--8440818.0": 0.8242750273629612, "8440817.0--8440818.0": 0.8385938369673018, "8440813.0--8440818.0": 0.8303879039216451, "8440818.0--8443125.0": 0.815374991202451, "8440818.0--8456575.0": 0.8242407483079599, "8440818.0--8440860.0": 0.8414710087235249, "8440818.0--8454343.0": 0.8389138398699364, "8440803.0--8440818.0": 0.8407167484398583, "8440818.0--8454344.0": 0.8378987446072789, "8440818.0--8440854.0": 0.8634342352833311, "8440818.0--8454346.0": 0.8575698928719958, "8440818.0--8440827.0": 0.7984153844391981, "8440818.0--8440836.0": 0.8266219925614476, "8440818.0--8440844.0": 0.8139352252009688, "8440808.0--8440818.0": 0.8199240314678907, "8440818.0--8440837.0": 0.8554374191681323, "8440818.0--8440858.0": 0.8100237443480828, "8440818.0--8440820.0": 0.8098614251532117, "8440818.0--8440833.0": 0.8164524282323582, "8440818.0--8444072.0": 0.8263198828863246, "8440812.0--8440818.0": 0.8598298312906711, "8440809.0--8440818.0": 0.8797442589209425, "8440818.0--8454904.0": 0.8288248108691949, "8440818.0--8440846.0": 0.8286406741621501, "8440818.0--8440830.0": 0.8346703973295833, "8440818.0--8444077.0": 0.8177998626615601, "8440818.0--8440847.0": 0.8476757688852115, "8440818.0--8440849.0": 0.8421015337585982, "8440818.0--8443124.0": 0.8290015349859616, "8440818.0--8440843.0": 0.8478711007167269, "8440818.0--8807265.0": 0.8041815709515957, "8440818.0--8816695.0": 0.8665697174770446, "8440818.0--8805426.0": 0.814070156990584, "8440818.0--8805421.0": 0.8310927733191378, "8440818.0--8812684.0": 0.8122941040541769, "8440818.0--8805461.0": 0.8527460827415526, "8440818.0--8807255.0": 0.8033026062369466, "8440818.0--8805460.0": 0.8130662799286157, "8440818.0--8807292.0": 0.8631789429368192, "8440818.0--8807354.0": 0.8305710056716857, "8440818.0--8809711.0": 0.8378141749630297, "8440818.0--8805422.0": 0.8429670713216126, "8440818.0--8805424.0": 0.8414711150917551, "8440818.0--8794517.0": 0.8095513026212887, "8440818.0--8805451.0": 0.8154141150203514, "8440818.0--8807223.0": 0.7728458681858008, "8440818.0--8794560.0": 0.8176166976620272, "8440818.0--8481543.0": 0.8077830978294027, "8440818.0--8802285.0": 0.7495022777302537, "8440818.0--8807245.0": 0.8203046561519495, "8440818.0--8805456.0": 0.7987800465449675, "8440818.0--8827944.0": 0.7671623544316704, "8440818.0--8807296.0": 0.8353152369910245, "8440818.0--8827951.0": 0.7936821292566769, "8440818.0--8854335.0": 0.8032995716022774, "8440818.0--8805446.0": 0.8103374386985016, "8440818.0--8805436.0": 0.8177049987196984, "8440818.0--8805433.0": 0.797807313991592, "8440818.0--8546802.0": 0.8367128295774321, "8440818.0--8805427.0": 0.8376288031340047, "8440818.0--8836120.0": 0.8542095898635671, "8440818.0--8794768.0": 0.8714407057179707, "8440818.0--8809750.0": 0.8284026048401978, "8440818.0--8820172.0": 0.8719099596311277, "8440818.0--8476234.0": 0.8770020069619335, "8440818.0--8807314.0": 0.7925202500630939, "8440818.0--8794520.0": 0.8477032189507584, "8440818.0--8805452.0": 0.8457440228621693, "8440818.0--8805462.0": 0.7878759459807602, "8440818.0--8807275.0": 0.8282955390212997, "8419285.0--8440818.0": 0.7994178969439737, "8440818.0--8807379.0": 0.8370377838564778, "8440818.0--8807234.0": 0.8459276104755903, "8423100.0--8440818.0": 0.833859400216336, "8440818.0--8805455.0": 0.7738516012501098, "8440818.0--8727493.0": 0.7705000475085086, "8440818.0--8807369.0": 0.7722378200924425, "8440818.0--8532319.0": 0.7986893265637192, "8419325.0--8440818.0": 0.7877588645863015, "8440818.0--8805430.0": 0.819863207418555, "8440818.0--8807301.0": 0.8205861503189564, "8440818.0--8713940.0": 0.8545883676492132, "8440818.0--8637795.0": 0.859684469456378, "7999244.0--8440818.0": 0.8335889863050433, "8440818.0--8805439.0": 0.8413378500927775, "8440818.0--8805428.0": 0.8578060220716667, "8440818.0--8809223.0": 0.8619636312303902, "8440818.0--8795584.0": 0.8222822506800593, "8440818.0--8807264.0": 0.7884129194497753, "8440818.0--8805431.0": 0.8300624244118904, "8440818.0--8453863.0": 0.8064220509001648, "8400404.0--8440818.0": 0.8196703618074596, "8440818.0--8809834.0": 0.8111172485150147, "8440818.0--8663447.0": 0.8108252647344137, "8440818.0--8807213.0": 0.8920202093495306, "8440818.0--8640251.0": 0.8285841120437516, "8440818.0--8807220.0": 0.8627504743637162, "8440818.0--8617736.0": 0.8349542628264008, "8440818.0--8617746.0": 0.8025342910157145, "8440818.0--8640072.0": 0.8255167099013654, "8440818.0--8636208.0": 0.8418088735587117, "8440818.0--8805458.0": 0.832452795612935, "8440818.0--8807271.0": 0.8402641852001415, "8440818.0--8809678.0": 0.819933123707838, "8440818.0--8807226.0": 0.8499362947029538, "8440818.0--8805467.0": 0.8524454063424205, "8440818.0--8611113.0": 0.816888261810587, "8440818.0--8854316.0": 0.8111537065628168, "8440818.0--8794607.0": 0.8296734715918508, "8440818.0--8805418.0": 0.8146542079226209, "8440818.0--8836087.0": 0.8468507132720153, "8440818.0--8807283.0": 0.7963739188983628, "8440818.0--8820171.0": 0.816987777110699, "8440818.0--8807288.0": 0.762726900537769, "8440818.0--8807302.0": 0.7908078401773999, "8440818.0--8805466.0": 0.8177541006808063, "8440818.0--8807351.0": 0.8132879860819782, "8440818.0--8805420.0": 0.8275114570254611, "8440818.0--8807299.0": 0.8121614431842838, "8440818.0--8812988.0": 0.8422687603627739, "8440818.0--8807294.0": 0.8243331123696602, "8440818.0--8805434.0": 0.867670477564693, "8440818.0--8732351.0": 0.8177840402147789, "8440818.0--8807232.0": 0.826269605175163, "8419271.0--8440818.0": 0.7922801238209561, "8440818.0--8625484.0": 0.8235404115096654, "8440818.0--8807349.0": 0.8262146937450542, "8440818.0--8809730.0": 0.8272974211874026, "8440818.0--8730513.0": 0.8261204720215578, "8440818.0--8809833.0": 0.844596684602087, "8440818.0--8523628.0": 0.7897391923796536, "8434356.0--8440818.0": 0.7975194555063804, "8440818.0--8807303.0": 0.8695983210230239, "8440818.0--8811606.0": 0.8093533102573778, "8440818.0--8807244.0": 0.8263761549506976, "8440818.0--8490694.0": 0.8605640196552276, "8440818.0--8809844.0": 0.8281648461395312, "8440818.0--8809850.0": 0.8491121296854414, "8440818.0--8805445.0": 0.8053645499313362, "8412138.0--8440818.0": 0.8175180102985458, "8440818.0--8807247.0": 0.8333709920845774, "8440818.0--8848845.0": 0.8298956605565612, "8440818.0--8695851.0": 0.8236398162204993, "8440818.0--8713907.0": 0.8740703856394152, "8440818.0--8809847.0": 0.8107829483812996, "8440818.0--8727480.0": 0.8554992884105236, "8440818.0--8706590.0": 0.8421472499115457, "8440818.0--8735916.0": 0.817814224917722, "8440818.0--8474512.0": 0.823371728151812, "8440818.0--8809845.0": 0.7877069421288325, "8440818.0--8540796.0": 0.8355830512583596, "8440818.0--8807233.0": 0.8303102905293782, "8440818.0--8617747.0": 0.7851284354278888,