{"9222562.0--9226126.0": 0.8089459469486823, "9222562.0--9240062.0": 0.7785516173027142, "9222562.0--9226101.0": 0.7732674662892216, "9222377.0--9222562.0": 0.7674759230663305, "9222562.0--9233392.0": 0.7726415783425351, "9222093.0--9222562.0": 0.7715009802532719, "9222562.0--9224154.0": 0.7475773125313421, "9222562.0--9240061.0": 0.7681020558357543, "9222512.0--9222562.0": 0.7869564266357749, "9222562.0--9241413.0": 0.7573933446793896, "9222562.0--9224646.0": 0.8292166800447677, "9222372.0--9222562.0": 0.8151005319629392, "9222253.0--9222562.0": 0.7654331891619717, "9222092.0--9222562.0": 0.7974721886667286, "9222271.0--9222562.0": 0.8045759719703687, "9222562.0--9230431.0": 0.791855199632051, "9222076.0--9222562.0": 0.8209651937404825, "9222053.0--9222562.0": 0.8413112746926729, "9216532.0--9222562.0": 0.7640206413510313, "9222085.0--9222562.0": 0.7836783154995082, "9216629.0--9222562.0": 0.7575237449272245, "9222562.0--9308630.0": 0.7587757305707331, "9222562.0--9308624.0": 0.7479648579974794, "9219240.0--9222562.0": 0.7614399461153892, "9216630.0--9222562.0": 0.7645027333076811, "9217981.0--9222562.0": 0.7618356469235963, "9222562.0--9224153.0": 0.7608843770555701, "9222562.0--9286505.0": 0.7538839738910859, "9216512.0--9222562.0": 0.7729106584732088, "9216579.0--9222562.0": 0.7550193222413529, "9222249.0--9222562.0": 0.7693803135595858, "9222367.0--9222562.0": 0.7461566754010277, "9222325.0--9222562.0": 0.7540152479805438, "9222510.0--9222562.0": 0.7725779912689628, "9222562.0--9246250.0": 0.7455144719272812, "9222562.0--9308627.0": 0.7541960246642843, "9222562.0--9224186.0": 0.7921004901613147, "9222562.0--9229232.0": 0.742012848819413, "9222562.0--9226404.0": 0.7552807470894736, "9222562.0--9308631.0": 0.73616215238924, "9222255.0--9222562.0": 0.7704634510983396, "9222261.0--9222562.0": 0.7682543216712298, "9222338.0--9222562.0": 0.7779071323247327, "9222284.0--9222562.0": 0.7704618810023383, "9222562.0--9230430.0": 0.7914320202644418, "9222562.0--9308622.0": 0.7363544846944916, "9222562.0--9286903.0": 0.718603923773184, "9222562.0--9234473.0": 0.7564690393029839, "9222562.0--9241426.0": 0.78845343490088, "9222269.0--9222562.0": 0.7791898593509895, "9222562.0--9237999.0": 0.7835844340262232, "9222072.0--9222562.0": 0.7767261038658955, "9222562.0--9224197.0": 0.7745521133518466, "9222562.0--9246282.0": 0.7874231329365965, "9222314.0--9222562.0": 0.7510033078352369, "9222357.0--9222562.0": 0.7496542852389261, "9222086.0--9222562.0": 0.764972946880491, "9222360.0--9222562.0": 0.7703158598884535, "9222065.0--9222562.0": 0.7539586611571454, "9222562.0--9228894.0": 0.8025355134331862, "9222562.0--9233264.0": 0.7853683485974012, "9222343.0--9222562.0": 0.7503477349646421, "9222562.0--9308621.0": 0.7759190495097587, "9222562.0--9308625.0": 0.8358273196811822, "9222562.0--9241744.0": 0.7736938800820025, "9222562.0--9308629.0": 0.7957999292816983, "9222068.0--9222562.0": 0.7753989810033594, "9222248.0--9222562.0": 0.7887425946082044, "9222274.0--9222562.0": 0.731710783190368, "9222562.0--9229116.0": 0.786623749610681, "9222562.0--9233993.0": 0.7885497551975887, "9222562.0--9308623.0": 0.7673685028484328, "9222553.0--9222562.0": 0.7358264089108116, "9222341.0--9222562.0": 0.7955485740261964, "9222346.0--9222562.0": 0.7953321779347866, "9222562.0--9308628.0": 0.7605983324940653, "9222294.0--9222562.0": 0.7451607594969832, "9222562.0--9241732.0": 0.7628270398167082, "9222060.0--9222562.0": 0.7844893395184638, "9222280.0--9222562.0": 0.7952002127223323}