{"8440823.0--8440826.0": 0.8150108227573447, "8440826.0--8440845.0": 0.8002802324911849, "8440810.0--8440826.0": 0.822239833205518, "8440806.0--8440826.0": 0.8254387852496531, "8440817.0--8440826.0": 0.7887674526063684, "8440813.0--8440826.0": 0.8218384359581499, "8440826.0--8443125.0": 0.840421799695944, "8440826.0--8456575.0": 0.8242234531625352, "8440826.0--8440860.0": 0.8115776558669512, "8440826.0--8454343.0": 0.8306583673772951, "8440803.0--8440826.0": 0.8039213686760875, "8440826.0--8454344.0": 0.8231177797282028, "8440826.0--8440854.0": 0.8316948995810792, "8440826.0--8454346.0": 0.8367823909196408, "8440826.0--8440827.0": 0.7710604936558105, "8440826.0--8440836.0": 0.8041757741878623, "8440826.0--8440844.0": 0.8174890418300871, "8440808.0--8440826.0": 0.831187189165709, "8440826.0--8440837.0": 0.8324137174398132, "8440826.0--8440858.0": 0.7818935203526534, "8440820.0--8440826.0": 0.8166024733949123, "8440826.0--8440833.0": 0.7806461925814006, "8440826.0--8444072.0": 0.7982546234879268, "8440812.0--8440826.0": 0.8620951214813259, "8440809.0--8440826.0": 0.8354857646494898, "8440826.0--8454904.0": 0.8059509953939812, "8440826.0--8440846.0": 0.7999463831851038, "8440826.0--8440830.0": 0.8123486159604408, "8440826.0--8444077.0": 0.8004274126791531, "8440826.0--8440847.0": 0.8237011466394795, "8440826.0--8440849.0": 0.8483207671408356, "8440826.0--8443124.0": 0.8386639163335359, "8440826.0--8440843.0": 0.8189460625692307, "8440826.0--8807265.0": 0.8014027335800933, "8440826.0--8816695.0": 0.8264378015446281, "8440826.0--8805426.0": 0.8054019360230802, "8440826.0--8805421.0": 0.8153485967242388, "8440826.0--8812684.0": 0.7946667794281834, "8440826.0--8805461.0": 0.8166859488676443, "8440826.0--8807255.0": 0.7768401662355275, "8440826.0--8805460.0": 0.7914603501904551, "8440826.0--8807292.0": 0.8469784577459998, "8440826.0--8807354.0": 0.8022966955369351, "8440826.0--8809711.0": 0.8037146039742712, "8440826.0--8805422.0": 0.7854915534577627, "8440826.0--8805424.0": 0.8133535849296202, "8440826.0--8794517.0": 0.7980748071680368, "8440826.0--8805451.0": 0.8028385674907237, "8440826.0--8807223.0": 0.7566283770859428, "8440826.0--8794560.0": 0.8113751971776366, "8440826.0--8481543.0": 0.8367046814845854, "8440826.0--8802285.0": 0.7797164748171558, "8440826.0--8807245.0": 0.8182862077204784, "8440826.0--8805456.0": 0.7938478269988176, "8440826.0--8827944.0": 0.7851742351214739, "8440826.0--8807296.0": 0.8141650275481882, "8440826.0--8827951.0": 0.7735046588258001, "8440826.0--8854335.0": 0.8073457961984742, "8440826.0--8805446.0": 0.8094895029337377, "8440826.0--8805436.0": 0.8158335376929376, "8440826.0--8805433.0": 0.7966670597101493, "8440826.0--8546802.0": 0.8397655168297736, "8440826.0--8805427.0": 0.8373284529091674, "8440826.0--8836120.0": 0.8414583231038518, "8440826.0--8794768.0": 0.8404760805222923, "8440826.0--8809750.0": 0.8094475674164247, "8440826.0--8820172.0": 0.8499612366967455, "8440826.0--8476234.0": 0.8314147485441359, "8440826.0--8807314.0": 0.7628995661766712, "8440826.0--8794520.0": 0.8477529672975345, "8440826.0--8805452.0": 0.8137575486509908, "8440826.0--8805462.0": 0.7822806046195896, "8440826.0--8807275.0": 0.8186826616225527, "8419285.0--8440826.0": 0.7925639132060622, "8440826.0--8807379.0": 0.8173390183613349, "8440826.0--8807234.0": 0.8262788433899425, "8423100.0--8440826.0": 0.8219274363348905, "8440826.0--8805455.0": 0.7867097261485281, "8440826.0--8727493.0": 0.776793828653577, "8440826.0--8807369.0": 0.7652861320721907, "8440826.0--8532319.0": 0.805293739486494, "8419325.0--8440826.0": 0.7854748985732292, "8440826.0--8805430.0": 0.8303541123677812, "8440826.0--8807301.0": 0.8123117178624526, "8440826.0--8713940.0": 0.8242946698272964, "8440826.0--8637795.0": 0.8385637021359972, "7999244.0--8440826.0": 0.8177869527820427, "8440826.0--8805439.0": 0.8154300507793875, "8440826.0--8805428.0": 0.841126006307713, "8440826.0--8809223.0": 0.8716049495998348, "8440826.0--8795584.0": 0.8416933414089192, "8440826.0--8807264.0": 0.8084912651209355, "8440826.0--8805431.0": 0.8335082889606246, "8440826.0--8453863.0": 0.7913536039041154, "8400404.0--8440826.0": 0.8456373064784828, "8440826.0--8809834.0": 0.8187339811796073, "8440826.0--8663447.0": 0.810938380305417, "8440826.0--8807213.0": 0.8548775650006106, "8440826.0--8640251.0": 0.8017435588035309, "8440826.0--8807220.0": 0.8622882693934084, "8440826.0--8617736.0": 0.8268568434739672, "8440826.0--8617746.0": 0.8009378926291653, "8440826.0--8640072.0": 0.809913789890921, "8440826.0--8636208.0": 0.8113231856182358, "8440826.0--8805458.0": 0.8181750425018428, "8440826.0--8807271.0": 0.8096413882568239, "8440826.0--8809678.0": 0.806993950795314, "8440826.0--8807226.0": 0.8314167064965399, "8440826.0--8805467.0": 0.8294952682485857, "8440826.0--8611113.0": 0.7904719000031951, "8440826.0--8854316.0": 0.8323595605660491, "8440826.0--8794607.0": 0.8123996263728901, "8440826.0--8805418.0": 0.7985679278742011, "8440826.0--8836087.0": 0.8473358050327889, "8440826.0--8807283.0": 0.8012313536898727, "8440826.0--8820171.0": 0.809639179971225, "8440826.0--8807288.0": 0.7503801755840835, "8440826.0--8807302.0": 0.760256743867596, "8440826.0--8805466.0": 0.788535452418974, "8440826.0--8807351.0": 0.8155968304921202, "8440826.0--8805420.0": 0.8034372427839824, "8440826.0--8807299.0": 0.7941399515902479, "8440826.0--8812988.0": 0.7931932880372758, "8440826.0--8807294.0": 0.8093474370355676, "8440826.0--8805434.0": 0.8310253837754835, "8440826.0--8732351.0": 0.8036684055565899, "8440826.0--8807232.0": 0.8226053739746122, "8419271.0--8440826.0": 0.7601394089244256, "8440826.0--8625484.0": 0.8138050766134157, "8440826.0--8807349.0": 0.7951929712454615, "8440826.0--8809730.0": 0.7968688465004674, "8440826.0--8730513.0": 0.8018821219349603, "8440826.0--8809833.0": 0.8102601944745682, "8440826.0--8523628.0": 0.778501332917651, "8434356.0--8440826.0": 0.8070907791701025, "8440826.0--8807303.0": 0.8255515446375368, "8440826.0--8811606.0": 0.8132350101382283, "8440826.0--8807244.0": 0.8015449781729829, "8440826.0--8490694.0": 0.8817151015307525, "8440826.0--8809844.0": 0.7961918689654816, "8440826.0--8809850.0": 0.8682315221907477, "8440826.0--8805445.0": 0.7991564321975027, "8412138.0--8440826.0": 0.7942168358889599, "8440826.0--8807247.0": 0.8047796410256578, "8440826.0--8848845.0": 0.8083649467506294, "8440826.0--8695851.0": 0.8070675488358356, "8440826.0--8713907.0": 0.8361745650384034, "8440826.0--8809847.0": 0.8120241171133347, "8440826.0--8727480.0": 0.8585676431050085, "8440826.0--8706590.0": 0.7923334934772501, "8440826.0--8735916.0": 0.8148015841028586, "8440826.0--8474512.0": 0.7930870499367618, "8440826.0--8809845.0": 0.7776527065552944, "8440826.0--8540796.0": 0.8395228893715958, "8440826.0--8807233.0": 0.8227438390646922, "8440826.0--8617747.0": 0.7766335105967856, "8440826.0--8474486.0": 0.7852909501368245, "8440826.0--8474516.0": 0.8405692519289257, "8440826.0--8663650.0": 0.78356610777685, "8440826.0--8663646.0": 0.8154774351795957, "8440826.0--8794553.0": 0.8255439248594381, "8440826.0--8863966.0": 0.7838894924216901, "8440826.0--8525340.0": 0.7824532210872076, "8440826.0--8805448.0": 0.8336381419943012, "8405549.0--8440826.0": 0.8557309997909551, "8440826.0--8611178.0": 0.8105423399615379, "8440826.0--8827593.0": 0.7889540829331768, "8440826.0--8805463.0": 0.7700879248888688, "8440826.0--8805457.0": 0.8068500091781611, "8440826.0--8805442.0": 0.7978879286337902, "8440826.0--8807266.0": 0.8435341012628104, "8440826.0--8813126.0": 0.8024994693384079, "8440826.0--8585103.0": 0.8080526271030506, "8440826.0--8807235.0": 0.8038349879021711, "8440826.0--8585048.0": 0.8436327163254312, "8440826.0--8809843.0": 0.7819395819675898, "8440826.0--8809842.0": 0.8276578259775866, "8440826.0--8842614.0": 0.7960370944282623, "8440826.0--8805441.0": 0.7510812724364089, "8440826.0--8809920.0": 0.7573769125327305, "8440826.0--8663312.0": 0.7923074836319834, "8440826.0--8477126.0": 0.836668784324541,