{"8807288.0--8807302.0": 0.7493989671670023, "8805466.0--8807288.0": 0.7485856845439216, "8807288.0--8807351.0": 0.7543257162335274, "8805420.0--8807288.0": 0.7733296820505694, "8807288.0--8807299.0": 0.7850868987222851, "8807288.0--8812988.0": 0.7544383984179331, "8807288.0--8807294.0": 0.7564755399184149, "8805434.0--8807288.0": 0.7769091764338858, "8732351.0--8807288.0": 0.7583353066526484, "8807232.0--8807288.0": 0.7340350979965966, "8419271.0--8807288.0": 0.753644304485264, "8625484.0--8807288.0": 0.7695792381056319, "8807288.0--8807349.0": 0.7890895242200514, "8807288.0--8809730.0": 0.7779349592465484, "8730513.0--8807288.0": 0.786535539342237, "8807288.0--8809833.0": 0.7589900047962725, "8523628.0--8807288.0": 0.7409392291547684, "8434356.0--8807288.0": 0.7723274624589295, "8807288.0--8807303.0": 0.7345407485298756, "8807288.0--8811606.0": 0.7186322452416907, "8807244.0--8807288.0": 0.7308855088473207, "8490694.0--8807288.0": 0.7526151262888172, "8807288.0--8809844.0": 0.7456434728723177, "8807288.0--8809850.0": 0.7522516482241752, "8805445.0--8807288.0": 0.7340409363136902, "8412138.0--8807288.0": 0.7651953261099613, "8807247.0--8807288.0": 0.7331564691883581, "8807288.0--8848845.0": 0.7659024637249241, "8695851.0--8807288.0": 0.7602901527309661, "8713907.0--8807288.0": 0.7821032098290681, "8807288.0--8809847.0": 0.7609402198871718, "8727480.0--8807288.0": 0.75855711069437, "8706590.0--8807288.0": 0.739053492256085, "8735916.0--8807288.0": 0.7785585031433035, "8474512.0--8807288.0": 0.7962993221320018, "8807288.0--8809845.0": 0.7615972017454715, "8540796.0--8807288.0": 0.7568645332506514, "8807233.0--8807288.0": 0.7680273278670138, "8617747.0--8807288.0": 0.7500667846063123, "8474486.0--8807288.0": 0.7871780845384804, "8474516.0--8807288.0": 0.7939959405919805, "8663650.0--8807288.0": 0.7645762366411039, "8663646.0--8807288.0": 0.781554929204592, "8794553.0--8807288.0": 0.7571985093356478, "8807288.0--8863966.0": 0.7467351231090731, "8525340.0--8807288.0": 0.7245384036985603, "8805448.0--8807288.0": 0.7357883053568685, "8405549.0--8807288.0": 0.7593231003272816, "8611178.0--8807288.0": 0.7303825335801036, "8807288.0--8827593.0": 0.7430614051507458, "8805463.0--8807288.0": 0.733615696828572, "8805457.0--8807288.0": 0.7848794132136093, "8805442.0--8807288.0": 0.7440109267018322, "8807266.0--8807288.0": 0.7517173616119107, "8807288.0--8813126.0": 0.7532895553003762, "8585103.0--8807288.0": 0.7445653846808035, "8807235.0--8807288.0": 0.7436118432740377, "8585048.0--8807288.0": 0.7670206344884304, "8807288.0--8809843.0": 0.7597829173539421, "8807288.0--8809842.0": 0.762602636669645, "8807288.0--8842614.0": 0.7310040023811328, "8805441.0--8807288.0": 0.7022454828418477, "8807288.0--8809920.0": 0.7225275913216505, "8663312.0--8807288.0": 0.7474852630623601, "8477126.0--8807288.0": 0.7975083309251685, "8807224.0--8807288.0": 0.7784689975824004, "8807288.0--8807355.0": 0.7583735930391937, "8807288.0--8807320.0": 0.7413021468420783, "8665933.0--8807288.0": 0.7519744948358544, "8807288.0--8845772.0": 0.7511965587832925, "8807288.0--8812989.0": 0.808428896679654, "8636969.0--8807288.0": 0.7659543375831468, "8805450.0--8807288.0": 0.727645071048741, "8807243.0--8807288.0": 0.7870573402715444, "8805443.0--8807288.0": 0.7546700158867353, "8673661.0--8807288.0": 0.7741760876006034, "8805419.0--8807288.0": 0.7322826091201293, "8451903.0--8807288.0": 0.7506798150021924, "8805429.0--8807288.0": 0.78051096684037, "8807288.0--8809846.0": 0.752932220635903, "8807288.0--8809832.0": 0.7553311983838076, "8413174.0--8807288.0": 0.759689383120717, "8494817.0--8807288.0": 0.7511997677611372, "8637778.0--8807288.0": 0.74929251944624, "8807288.0--8809742.0": 0.749853984880307, "8807280.0--8807288.0": 0.7826137233507362, "8807274.0--8807288.0": 0.7727904012322127, "8807288.0--9216586.0": 0.7514050119069327, "8807288.0--9237132.0": 0.7762180475031396, "8807288.0--9216572.0": 0.7769248288070754, "8807288.0--9217952.0": 0.7614849147887788, "8807288.0--9217931.0": 0.7828409095849362, "8807288.0--9216507.0": 0.7626159042919674, "8807288.0--9222368.0": 0.7761854985885004, "8807288.0--9220137.0": 0.7543919763638016, "8807288.0--9233460.0": 0.7419218478769009, "8807288.0--9222263.0": 0.7700471990299915, "8807288.0--9293003.0": 0.7269073413820123, "8807288.0--9222102.0": 0.7930824157665052, "8807288.0--9222323.0": 0.756132787925629, "8807288.0--9222287.0": 0.7522826412706747, "8807288.0--9223736.0": 0.7663132713556533, "8807288.0--9224191.0": 0.7675104177469678, "8807288.0--9222251.0": 0.7779843004438445, "8807288.0--9229242.0": 0.7586581008713206, "8807288.0--9282195.0": 0.7647993075401363, "8807288.0--9222098.0": 0.7608278982136426, "8807288.0--9234027.0": 0.779152316309121, "8807288.0--9246308.0": 0.7685849421255004, "8807288.0--9240072.0": 0.8005494274640478, "8807288.0--9222353.0": 0.7618383979519442, "8807288.0--9222293.0": 0.765985909400328, "8807288.0--9222089.0": 0.7815022978613222, "8807288.0--9228893.0": 0.741969333888483, "8807288.0--9224192.0": 0.759028958988802, "8807288.0--9222289.0": 0.8173198204085103, "8807288.0--9222038.0": 0.7497899325728721, "8807288.0--9229072.0": 0.7809518697030807, "8807288.0--9222295.0": 0.7442312372672558, "8807288.0--9222342.0": 0.771998930416683, "8807288.0--9241407.0": 0.7276820315496683, "8807288.0--9288884.0": 0.7553346449138285, "8807288.0--9222351.0": 0.7677904210887594, "8807288.0--9223669.0": 0.7631832079839617, "8807288.0--9222315.0": 0.7655458375799323, "8807288.0--9222335.0": 0.7899795024522751, "8807288.0--9222327.0": 0.772771191147374, "8807288.0--9233469.0": 0.7646363319197484, "8807288.0--9226461.0": 0.7475451504505858, "8807288.0--9238508.0": 0.7657654046612299, "8807288.0--9222266.0": 0.7735201138684723, "8807288.0--9225008.0": 0.7820729930567509, "8807288.0--9290431.0": 0.765134545780777, "8807288.0--9239918.0": 0.7558765143369524, "8807288.0--9231271.0": 0.7408636462402429, "8807288.0--9222313.0": 0.7632650818673923, "8807288.0--9231268.0": 0.7468834583117692, "8807288.0--9222035.0": 0.753378384963606, "8807288.0--9222091.0": 0.7964407352987933, "8807288.0--9229515.0": 0.7152051077085348, "8807288.0--9222301.0": 0.7510710639588464, "8807288.0--9222358.0": 0.7689248081680379, "8807288.0--9229135.0": 0.8001774630598241, "8807288.0--9222047.0": 0.7262315701136249, "8807288.0--9222272.0": 0.7885031320393707, "8807288.0--9222110.0": 0.7590841628395194, "8807288.0--9222364.0": 0.7516338967744578, "8807288.0--9222088.0": 0.7614578787612579, "8807288.0--9216518.0": 0.7542297057464341, "8807288.0--9222309.0": 0.7508335186633369, "8807288.0--9216595.0": 0.7692450310001216, "8807288.0--9216538.0": 0.7480617211866577, "8807288.0--9216549.0": 0.7997435635899516, "8807288.0--9216559.0": 0.7652125958083117, "8807288.0--9222376.0": 0.7565586355584667, "8807288.0--9222374.0": 0.7828504674774717, "8807288.0--9224194.0": 0.7633119472199894, "8807288.0--9222254.0": 0.7792359309332939, "8807288.0--9222049.0": 0.7335955569824368, "8807288.0--9222562.0": 0.7473009164075453, "8807288.0--9226126.0": 0.7746568506032011, "8807288.0--9240062.0": 0.770112098180767, "8807288.0--9226101.0": 0.7570338693961474, "8807288.0--9222377.0": 0.7605478620340123, "8807288.0--9233392.0": 0.7907301717181281, "8807288.0--9222093.0": 0.7449225100767856, "8807288.0--9224154.0": 0.7239374669454449, "8807288.0--9240061.0": 0.7589901112101278, "8807288.0--9222512.0": 0.7584486097126166, "8807288.0--9241413.0": 0.7739674096793356, "8807288.0--9224646.0": 0.7622646989746928, "8807288.0--9222372.0": 0.7529060658296527, "8807288.0--9222253.0": 0.7498802627974599, "8807288.0--9222092.0": 0.7711741060122342, "8807288.0--9222271.0": 0.748065625815983, "8807288.0--9230431.0": 0.7708725811736711, "8807288.0--9222076.0": 0.7535457012525185, "8807288.0--9222053.0": 0.762733887023548, "8807288.0--9216532.0": 0.7570558050283445, "8807288.0--9222085.0": 0.770801330715436, "8807288.0--9216629.0": 0.7644016625555334, "8807288.0--9308630.0": 0.7437643009718685,