{"8805466.0--8807302.0": 0.7790121062388357, "8807302.0--8807351.0": 0.7647257734974154, "8805420.0--8807302.0": 0.7949144106863241, "8807299.0--8807302.0": 0.777160452292993, "8807302.0--8812988.0": 0.7770519732251011, "8807294.0--8807302.0": 0.7766408290410538, "8805434.0--8807302.0": 0.772285900161169, "8732351.0--8807302.0": 0.747373030167838, "8807232.0--8807302.0": 0.7491310042349533, "8419271.0--8807302.0": 0.7413720030945152, "8625484.0--8807302.0": 0.7574897768760648, "8807302.0--8807349.0": 0.7819711978186535, "8807302.0--8809730.0": 0.7616566099875854, "8730513.0--8807302.0": 0.7718711768697963, "8807302.0--8809833.0": 0.7529741005979805, "8523628.0--8807302.0": 0.7456598492437985, "8434356.0--8807302.0": 0.7636625316389748, "8807302.0--8807303.0": 0.77434413004171, "8807302.0--8811606.0": 0.7455976776009807, "8807244.0--8807302.0": 0.7490501288157756, "8490694.0--8807302.0": 0.7570996981898267, "8807302.0--8809844.0": 0.7556569181059662, "8807302.0--8809850.0": 0.7711843347031877, "8805445.0--8807302.0": 0.7279644535588559, "8412138.0--8807302.0": 0.7592975913029578, "8807247.0--8807302.0": 0.7515804305365738, "8807302.0--8848845.0": 0.7520647204993995, "8695851.0--8807302.0": 0.7523652305251951, "8713907.0--8807302.0": 0.7897893602904591, "8807302.0--8809847.0": 0.7611256302454568, "8727480.0--8807302.0": 0.7672356886926872, "8706590.0--8807302.0": 0.7834009713315591, "8735916.0--8807302.0": 0.7803682023640397, "8474512.0--8807302.0": 0.7873469538503028, "8807302.0--8809845.0": 0.7346009576274903, "8540796.0--8807302.0": 0.7942877226232445, "8807233.0--8807302.0": 0.7748647351791506, "8617747.0--8807302.0": 0.7352759803673131, "8474486.0--8807302.0": 0.7578253868096337, "8474516.0--8807302.0": 0.7857045238439535, "8663650.0--8807302.0": 0.7592602109530393, "8663646.0--8807302.0": 0.7507138819115, "8794553.0--8807302.0": 0.7637744165387977, "8807302.0--8863966.0": 0.7922067171781888, "8525340.0--8807302.0": 0.753441089383049, "8805448.0--8807302.0": 0.7625433238646011, "8405549.0--8807302.0": 0.7810141878830699, "8611178.0--8807302.0": 0.7691401227273759, "8807302.0--8827593.0": 0.75330903410306, "8805463.0--8807302.0": 0.7534222019623394, "8805457.0--8807302.0": 0.7651801563776527, "8805442.0--8807302.0": 0.7947172039323136, "8807266.0--8807302.0": 0.7717875752771559, "8807302.0--8813126.0": 0.7677599678617454, "8585103.0--8807302.0": 0.7789817232739632, "8807235.0--8807302.0": 0.7782903719209057, "8585048.0--8807302.0": 0.8002463644445097, "8807302.0--8809843.0": 0.7291721476775608, "8807302.0--8809842.0": 0.7515674951144571, "8807302.0--8842614.0": 0.7198774510702831, "8805441.0--8807302.0": 0.7290529419830538, "8807302.0--8809920.0": 0.7322880768808694, "8663312.0--8807302.0": 0.7560538939178489, "8477126.0--8807302.0": 0.7884065310578419, "8807224.0--8807302.0": 0.7728240471508993, "8807302.0--8807355.0": 0.7354001241397238, "8807302.0--8807320.0": 0.7551986064152891, "8665933.0--8807302.0": 0.7581402862225876, "8807302.0--8845772.0": 0.7418554346890943, "8807302.0--8812989.0": 0.7782777012373634, "8636969.0--8807302.0": 0.7404025826683326, "8805450.0--8807302.0": 0.75611142332192, "8807243.0--8807302.0": 0.7831343133061549, "8805443.0--8807302.0": 0.8004358153343398, "8673661.0--8807302.0": 0.7830700454933778, "8805419.0--8807302.0": 0.7541429996060022, "8451903.0--8807302.0": 0.7688520720608263, "8805429.0--8807302.0": 0.7641228055120407, "8807302.0--8809846.0": 0.7472020232668282, "8807302.0--8809832.0": 0.7687737710942992, "8413174.0--8807302.0": 0.7432061797469783, "8494817.0--8807302.0": 0.7489772191858127, "8637778.0--8807302.0": 0.7441731324968135, "8807302.0--8809742.0": 0.7620540601049792, "8807280.0--8807302.0": 0.7962653681718924, "8807274.0--8807302.0": 0.7791613100709206, "8807302.0--9216586.0": 0.7436710882722553, "8807302.0--9237132.0": 0.7721378987409598, "8807302.0--9216572.0": 0.7678491008566233, "8807302.0--9217952.0": 0.772839327120677, "8807302.0--9217931.0": 0.7942838750840576, "8807302.0--9216507.0": 0.7694130879607123, "8807302.0--9222368.0": 0.7851937011516665, "8807302.0--9220137.0": 0.7440840588606519, "8807302.0--9233460.0": 0.7369306311095881, "8807302.0--9222263.0": 0.7198656501386462, "8807302.0--9293003.0": 0.7449453085877314, "8807302.0--9222102.0": 0.7657278347758832, "8807302.0--9222323.0": 0.7673976810675615, "8807302.0--9222287.0": 0.754584435346241, "8807302.0--9223736.0": 0.7548002782498404, "8807302.0--9224191.0": 0.745156805526581, "8807302.0--9222251.0": 0.7582905703194722, "8807302.0--9229242.0": 0.7875397249944128, "8807302.0--9282195.0": 0.7265849261883369, "8807302.0--9222098.0": 0.7864697905319477, "8807302.0--9234027.0": 0.7448124849209958, "8807302.0--9246308.0": 0.7692895438620229, "8807302.0--9240072.0": 0.7402163842956362, "8807302.0--9222353.0": 0.7710035517397404, "8807302.0--9222293.0": 0.7855450777045344, "8807302.0--9222089.0": 0.7731462663572272, "8807302.0--9228893.0": 0.7708264020196798, "8807302.0--9224192.0": 0.751542407006078, "8807302.0--9222289.0": 0.7549147375385898, "8807302.0--9222038.0": 0.7712430491851885, "8807302.0--9229072.0": 0.7694956438019146, "8807302.0--9222295.0": 0.7790244909849091, "8807302.0--9222342.0": 0.7398492658145903, "8807302.0--9241407.0": 0.7524884689098517, "8807302.0--9288884.0": 0.7650959440526373, "8807302.0--9222351.0": 0.7566914108010716, "8807302.0--9223669.0": 0.775525041868198, "8807302.0--9222315.0": 0.782305913850869, "8807302.0--9222335.0": 0.7736798912511293, "8807302.0--9222327.0": 0.7584655888782832, "8807302.0--9233469.0": 0.7682125891765319, "8807302.0--9226461.0": 0.7696794997443839, "8807302.0--9238508.0": 0.771513252094033, "8807302.0--9222266.0": 0.7709029158936185, "8807302.0--9225008.0": 0.7666049827425656, "8807302.0--9290431.0": 0.753798671422394, "8807302.0--9239918.0": 0.7525425158385068, "8807302.0--9231271.0": 0.7472546536705882, "8807302.0--9222313.0": 0.7796218807211056, "8807302.0--9231268.0": 0.7523506010022936, "8807302.0--9222035.0": 0.7424420279138076, "8807302.0--9222091.0": 0.7793370193686526, "8807302.0--9229515.0": 0.7419304868352327, "8807302.0--9222301.0": 0.7739813312900319, "8807302.0--9222358.0": 0.7585350606769176, "8807302.0--9229135.0": 0.7850433441706948, "8807302.0--9222047.0": 0.7653554581150079, "8807302.0--9222272.0": 0.76548100683128, "8807302.0--9222110.0": 0.7521118560311384, "8807302.0--9222364.0": 0.7871208796443925, "8807302.0--9222088.0": 0.7608305984203485, "8807302.0--9216518.0": 0.7540658828810564, "8807302.0--9222309.0": 0.7560218594776287, "8807302.0--9216595.0": 0.7484958182503125, "8807302.0--9216538.0": 0.7542684770036567, "8807302.0--9216549.0": 0.7327816249461162, "8807302.0--9216559.0": 0.7657570818206672, "8807302.0--9222376.0": 0.721796265694764, "8807302.0--9222374.0": 0.7731032118075981, "8807302.0--9224194.0": 0.7808625961813125, "8807302.0--9222254.0": 0.7587111773800908, "8807302.0--9222049.0": 0.7440076350953356, "8807302.0--9222562.0": 0.7416975954462004, "8807302.0--9226126.0": 0.7284235062394822, "8807302.0--9240062.0": 0.7820323575607198, "8807302.0--9226101.0": 0.7425955321780873, "8807302.0--9222377.0": 0.7576212061645085, "8807302.0--9233392.0": 0.7845462663242624, "8807302.0--9222093.0": 0.7440104177408084, "8807302.0--9224154.0": 0.7383997909007278, "8807302.0--9240061.0": 0.7613621045928607, "8807302.0--9222512.0": 0.7506900573702817, "8807302.0--9241413.0": 0.7585858600444291, "8807302.0--9224646.0": 0.7385462977337676, "8807302.0--9222372.0": 0.7219940242800513, "8807302.0--9222253.0": 0.7784728428223884, "8807302.0--9222092.0": 0.7939127422742964, "8807302.0--9222271.0": 0.7712859270092073, "8807302.0--9230431.0": 0.7663853767195635, "8807302.0--9222076.0": 0.7778693415202249, "8807302.0--9222053.0": 0.751388623497905, "8807302.0--9216532.0": 0.7835033399017896, "8807302.0--9222085.0": 0.7593503140661448, "8807302.0--9216629.0": 0.7908173609604678, "8807302.0--9308630.0": 0.7491752861097254, "8807302.0--9308624.0": 0.7339014069725213,