{"8419271.0--8625484.0": 0.8121202989087037, "8419271.0--8807349.0": 0.7865170502312271, "8419271.0--8809730.0": 0.7924892872130539, "8419271.0--8730513.0": 0.816575192255974, "8419271.0--8809833.0": 0.7950677230727585, "8419271.0--8523628.0": 0.7850663443899091, "8419271.0--8434356.0": 0.7500885412453961, "8419271.0--8807303.0": 0.7687707007781289, "8419271.0--8811606.0": 0.7560266485362025, "8419271.0--8807244.0": 0.7554127806538846, "8419271.0--8490694.0": 0.7695790011995334, "8419271.0--8809844.0": 0.7464633726824192, "8419271.0--8809850.0": 0.7606985442378692, "8419271.0--8805445.0": 0.7294615408686425, "8412138.0--8419271.0": 0.7402162448511392, "8419271.0--8807247.0": 0.744822578091132, "8419271.0--8848845.0": 0.7424294422791169, "8419271.0--8695851.0": 0.7685276459803589, "8419271.0--8713907.0": 0.7843996386318828, "8419271.0--8809847.0": 0.7915141424893031, "8419271.0--8727480.0": 0.7814297265078176, "8419271.0--8706590.0": 0.746376904698792, "8419271.0--8735916.0": 0.752343713568298, "8419271.0--8474512.0": 0.7782655953020425, "8419271.0--8809845.0": 0.745552933533148, "8419271.0--8540796.0": 0.7698008012927471, "8419271.0--8807233.0": 0.788634264481282, "8419271.0--8617747.0": 0.7547040922197779, "8419271.0--8474486.0": 0.7747229275695668, "8419271.0--8474516.0": 0.7705036864919746, "8419271.0--8663650.0": 0.781324891863103, "8419271.0--8663646.0": 0.7954234756153854, "8419271.0--8794553.0": 0.7630477892814825, "8419271.0--8863966.0": 0.7422318704822314, "8419271.0--8525340.0": 0.7307604654378166, "8419271.0--8805448.0": 0.7718448610497448, "8405549.0--8419271.0": 0.7500906541321437, "8419271.0--8611178.0": 0.7557192722318069, "8419271.0--8827593.0": 0.7661525784865064, "8419271.0--8805463.0": 0.7635793146593202, "8419271.0--8805457.0": 0.7895162740493393, "8419271.0--8805442.0": 0.7639545862668681, "8419271.0--8807266.0": 0.7777059793859445, "8419271.0--8813126.0": 0.7867537387604024, "8419271.0--8585103.0": 0.7459976584389831, "8419271.0--8807235.0": 0.7572574099833271, "8419271.0--8585048.0": 0.7889496676980745, "8419271.0--8809843.0": 0.7113411112797946, "8419271.0--8809842.0": 0.7587487708254831, "8419271.0--8842614.0": 0.7426310053022639, "8419271.0--8805441.0": 0.7040280612343739, "8419271.0--8809920.0": 0.7405419596978872, "8419271.0--8663312.0": 0.7527925642293429, "8419271.0--8477126.0": 0.7769497569820233, "8419271.0--8807224.0": 0.7801874647165542, "8419271.0--8807355.0": 0.7467648274118798, "8419271.0--8807320.0": 0.7627078435289967, "8419271.0--8665933.0": 0.7607509810333795, "8419271.0--8845772.0": 0.7697070850370235, "8419271.0--8812989.0": 0.7708280004373453, "8419271.0--8636969.0": 0.7818869721628481, "8419271.0--8805450.0": 0.7359927455337218, "8419271.0--8807243.0": 0.7647206881856281, "8419271.0--8805443.0": 0.7725438054072336, "8419271.0--8673661.0": 0.7798165580874721, "8419271.0--8805419.0": 0.766197491293853, "8419271.0--8451903.0": 0.7414143153961936, "8419271.0--8805429.0": 0.7713598321366888, "8419271.0--8809846.0": 0.7522195573697371, "8419271.0--8809832.0": 0.7719564489460713, "8413174.0--8419271.0": 0.7397247770862247, "8419271.0--8494817.0": 0.7290682713199668, "8419271.0--8637778.0": 0.7202544902420519, "8419271.0--8809742.0": 0.7657547782489669, "8419271.0--8807280.0": 0.787828803142141, "8419271.0--8807274.0": 0.7857265785372327, "8419271.0--9216586.0": 0.7847690510072511, "8419271.0--9237132.0": 0.768886720098337, "8419271.0--9216572.0": 0.7673984412507302, "8419271.0--9217952.0": 0.7630665681210411, "8419271.0--9217931.0": 0.8093562978126824, "8419271.0--9216507.0": 0.7576074278144623, "8419271.0--9222368.0": 0.7877979112337415, "8419271.0--9220137.0": 0.757583029456953, "8419271.0--9233460.0": 0.7540179847438566, "8419271.0--9222263.0": 0.7221805342444312, "8419271.0--9293003.0": 0.761011419716352, "8419271.0--9222102.0": 0.7850899255744426, "8419271.0--9222323.0": 0.7707969129757267, "8419271.0--9222287.0": 0.7619149741358056, "8419271.0--9223736.0": 0.7632371688066037, "8419271.0--9224191.0": 0.7638978531251254, "8419271.0--9222251.0": 0.7588742083977942, "8419271.0--9229242.0": 0.751138026979973, "8419271.0--9282195.0": 0.7708205238495305, "8419271.0--9222098.0": 0.7809962345067473, "8419271.0--9234027.0": 0.7874310184636593, "8419271.0--9246308.0": 0.7638284768359203, "8419271.0--9240072.0": 0.7704126750205409, "8419271.0--9222353.0": 0.7597730878448299, "8419271.0--9222293.0": 0.7519532186846516, "8419271.0--9222089.0": 0.7544040383494838, "8419271.0--9228893.0": 0.7617861829570437, "8419271.0--9224192.0": 0.7826063379799734, "8419271.0--9222289.0": 0.7903823862564001, "8419271.0--9222038.0": 0.7802130543530238, "8419271.0--9229072.0": 0.7742168239089975, "8419271.0--9222295.0": 0.7976637242194633, "8419271.0--9222342.0": 0.7752016195059769, "8419271.0--9241407.0": 0.7452617700823772, "8419271.0--9288884.0": 0.7602895044437167, "8419271.0--9222351.0": 0.7703160179216462, "8419271.0--9223669.0": 0.7711715877901455, "8419271.0--9222315.0": 0.7565612616917682, "8419271.0--9222335.0": 0.783416389206753, "8419271.0--9222327.0": 0.743454782250311, "8419271.0--9233469.0": 0.7826201008138416, "8419271.0--9226461.0": 0.7662541707194077, "8419271.0--9238508.0": 0.7779328940992439, "8419271.0--9222266.0": 0.7591095307429634, "8419271.0--9225008.0": 0.76935022020962, "8419271.0--9290431.0": 0.7823070265365664, "8419271.0--9239918.0": 0.7663290608453421, "8419271.0--9231271.0": 0.75173183376133, "8419271.0--9222313.0": 0.7721194786042159, "8419271.0--9231268.0": 0.7555771541978832, "8419271.0--9222035.0": 0.7463348195319516, "8419271.0--9222091.0": 0.8107966725698245, "8419271.0--9229515.0": 0.7525410767687535, "8419271.0--9222301.0": 0.7768727639198743, "8419271.0--9222358.0": 0.7728385157029445, "8419271.0--9229135.0": 0.7936744314224536, "8419271.0--9222047.0": 0.7551194339763361, "8419271.0--9222272.0": 0.7536412862412974, "8419271.0--9222110.0": 0.7863324255492794, "8419271.0--9222364.0": 0.770430751225108, "8419271.0--9222088.0": 0.7722648236765014, "8419271.0--9216518.0": 0.7584622548078739, "8419271.0--9222309.0": 0.7491424294928766, "8419271.0--9216595.0": 0.7903297949392519, "8419271.0--9216538.0": 0.7244816871870318, "8419271.0--9216549.0": 0.7524469502961686, "8419271.0--9216559.0": 0.7791225663140103, "8419271.0--9222376.0": 0.7171726543710929, "8419271.0--9222374.0": 0.7848323433756557, "8419271.0--9224194.0": 0.7362049489779717, "8419271.0--9222254.0": 0.7989020772616843, "8419271.0--9222049.0": 0.7489846944843999, "8419271.0--9222562.0": 0.7430324944646511, "8419271.0--9226126.0": 0.7493716249569937, "8419271.0--9240062.0": 0.7771086384525898, "8419271.0--9226101.0": 0.7573197572877247, "8419271.0--9222377.0": 0.7524513927922754, "8419271.0--9233392.0": 0.7725358044392839, "8419271.0--9222093.0": 0.736575198558316, "8419271.0--9224154.0": 0.7287094478012689, "8419271.0--9240061.0": 0.7596098290577217, "8419271.0--9222512.0": 0.7461815055543543, "8419271.0--9241413.0": 0.7674696284037814, "8419271.0--9224646.0": 0.7688515300865607, "8419271.0--9222372.0": 0.719809455618085, "8419271.0--9222253.0": 0.7469157094920976, "8419271.0--9222092.0": 0.7697877206426722, "8419271.0--9222271.0": 0.7639709331790765, "8419271.0--9230431.0": 0.7381376625889617, "8419271.0--9222076.0": 0.7803007799863874, "8419271.0--9222053.0": 0.7361706789007679, "8419271.0--9216532.0": 0.783903159728803, "8419271.0--9222085.0": 0.7783436156182624, "8419271.0--9216629.0": 0.7894844801263088, "8419271.0--9308630.0": 0.7773134596192448, "8419271.0--9308624.0": 0.7485888716191222, "8419271.0--9219240.0": 0.7590514920123939, "8419271.0--9216630.0": 0.730770471922228, "8419271.0--9217981.0": 0.764555716643875, "8419271.0--9224153.0": 0.7469221761493154, "8419271.0--9286505.0": 0.7531331785035266, "8419271.0--9216512.0": 0.7837085943311137, "8419271.0--9216579.0": 0.7579207776608228, "8419271.0--9222249.0": 0.7789699070990057, "8419271.0--9222367.0": 0.8114179333921048, "8419271.0--9222325.0": 0.7473652537454321,