{"9222266.0--9238508.0": 0.77820559164545, "9225008.0--9238508.0": 0.8408529004299302, "9238508.0--9290431.0": 0.8207625174876135, "9238508.0--9239918.0": 0.8489861510927761, "9231271.0--9238508.0": 0.7805279773995374, "9222313.0--9238508.0": 0.8099532255454363, "9231268.0--9238508.0": 0.7827911398500048, "9222035.0--9238508.0": 0.7863530390554706, "9222091.0--9238508.0": 0.8257184142943845, "9229515.0--9238508.0": 0.7857493033106657, "9222301.0--9238508.0": 0.813936553206688, "9222358.0--9238508.0": 0.8296440248652929, "9229135.0--9238508.0": 0.8474717850517792, "9222047.0--9238508.0": 0.8733500902306873, "9222272.0--9238508.0": 0.8313791324385714, "9222110.0--9238508.0": 0.810471859103951, "9222364.0--9238508.0": 0.8729295201122363, "9222088.0--9238508.0": 0.8146456264223472, "9216518.0--9238508.0": 0.8289396359528689, "9222309.0--9238508.0": 0.8180344158746677, "9216595.0--9238508.0": 0.7874129024017664, "9216538.0--9238508.0": 0.7756218816609082, "9216549.0--9238508.0": 0.7964630352884752, "9216559.0--9238508.0": 0.8355133834399822, "9222376.0--9238508.0": 0.7905860544763631, "9222374.0--9238508.0": 0.8364810843116359, "9224194.0--9238508.0": 0.8233364542613577, "9222254.0--9238508.0": 0.7915928010820885, "9222049.0--9238508.0": 0.7951479772141266, "9222562.0--9238508.0": 0.8174735425571887, "9226126.0--9238508.0": 0.7937568836355727, "9238508.0--9240062.0": 0.8278736035083754, "9226101.0--9238508.0": 0.79471190357434, "9222377.0--9238508.0": 0.7778443560572205, "9233392.0--9238508.0": 0.8279781081820232, "9222093.0--9238508.0": 0.7691275661761667, "9224154.0--9238508.0": 0.7739231711797503, "9238508.0--9240061.0": 0.78445283023688, "9222512.0--9238508.0": 0.810756886502716, "9238508.0--9241413.0": 0.8055026160948118, "9224646.0--9238508.0": 0.7997411262288582, "9222372.0--9238508.0": 0.7615150930312073, "9222253.0--9238508.0": 0.8149456031009634, "9222092.0--9238508.0": 0.8456467358310823, "9222271.0--9238508.0": 0.824465735195171, "9230431.0--9238508.0": 0.8140056284832934, "9222076.0--9238508.0": 0.8443118437427877, "9222053.0--9238508.0": 0.8067129831691401, "9216532.0--9238508.0": 0.8244639786920053, "9222085.0--9238508.0": 0.80182880451435, "9216629.0--9238508.0": 0.8322662051710253, "9238508.0--9308630.0": 0.7868721613955354, "9238508.0--9308624.0": 0.8056580177488251, "9219240.0--9238508.0": 0.814457615722767, "9216630.0--9238508.0": 0.8085813146761254, "9217981.0--9238508.0": 0.8170496929205289, "9224153.0--9238508.0": 0.7827003848756662, "9238508.0--9286505.0": 0.8263131122071493, "9216512.0--9238508.0": 0.8345365494726638, "9216579.0--9238508.0": 0.8065721366167949, "9222249.0--9238508.0": 0.8300196981810868, "9222367.0--9238508.0": 0.7950056068404983, "9222325.0--9238508.0": 0.8018929806210864, "9222510.0--9238508.0": 0.7956703989660122, "9238508.0--9246250.0": 0.8165587016001171, "9238508.0--9308627.0": 0.8224777216589192, "9224186.0--9238508.0": 0.8578505336222443, "9229232.0--9238508.0": 0.809897348473064, "9226404.0--9238508.0": 0.8172679073110889, "9238508.0--9308631.0": 0.8126327974409017, "9222255.0--9238508.0": 0.8335833698510675, "9222261.0--9238508.0": 0.7960392878222451, "9222338.0--9238508.0": 0.8021822116371399, "9222284.0--9238508.0": 0.8348956769482723, "9230430.0--9238508.0": 0.8238996418158153, "9238508.0--9308622.0": 0.7706126857804756, "9238508.0--9286903.0": 0.7518384898552988, "9234473.0--9238508.0": 0.7875979074966788, "9238508.0--9241426.0": 0.8379399890758912, "9222269.0--9238508.0": 0.8478259867772918, "9237999.0--9238508.0": 0.8351128333173865, "9222072.0--9238508.0": 0.8128537934824748, "9224197.0--9238508.0": 0.7926053279403769, "9238508.0--9246282.0": 0.8132760747810657, "9222314.0--9238508.0": 0.7941303773232523, "9222357.0--9238508.0": 0.8181530386774375, "9222086.0--9238508.0": 0.7961202937202084, "9222360.0--9238508.0": 0.820562819034655, "9222065.0--9238508.0": 0.7944317821507939, "9228894.0--9238508.0": 0.8531735158974563, "9233264.0--9238508.0": 0.8392796675979974, "9222343.0--9238508.0": 0.7944390096208326, "9238508.0--9308621.0": 0.7908320205104034, "9238508.0--9308625.0": 0.8261293742267493, "9238508.0--9241744.0": 0.8036011376172923, "9238508.0--9308629.0": 0.8171344693762432, "9222068.0--9238508.0": 0.7855798857887795, "9222248.0--9238508.0": 0.8159223721513057, "9222274.0--9238508.0": 0.7932936291000239, "9229116.0--9238508.0": 0.8299219627924971, "9233993.0--9238508.0": 0.8186866231878648, "9238508.0--9308623.0": 0.8452845199702583, "9222553.0--9238508.0": 0.8055522513186842, "9222341.0--9238508.0": 0.8292199654967942, "9222346.0--9238508.0": 0.8057620655488952, "9238508.0--9308628.0": 0.831248560898528, "9222294.0--9238508.0": 0.804925181666718, "9238508.0--9241732.0": 0.8033654134490149, "9222060.0--9238508.0": 0.8594272972384502, "9222280.0--9238508.0": 0.8415071559711162}