{"8440818.0--8440835.0": 0.802213640427396, "8440835.0--8440853.0": 0.7807886224725029, "8440835.0--8440840.0": 0.8068043249159517, "8440835.0--8440857.0": 0.7824977559235479, "8440835.0--8449328.0": 0.7767257256772461, "8440829.0--8440835.0": 0.7895563437733268, "8440807.0--8440835.0": 0.7571184365211029, "8440831.0--8440835.0": 0.7810249930426753, "8440835.0--8440852.0": 0.7884583001112508, "8440835.0--8440841.0": 0.7732405466611839, "8440835.0--8440859.0": 0.7816733777607732, "8440821.0--8440835.0": 0.8031455402071535, "8440835.0--8440842.0": 0.7671764805709791, "8440835.0--8443131.0": 0.7548478607047946, "8440815.0--8440835.0": 0.7565752280536134, "8440835.0--8500765.0": 0.7902714188341599, "8440804.0--8440835.0": 0.7781225429529753, "8440835.0--8454276.0": 0.8078598607701974, "8440835.0--8464305.0": 0.7689801508531379, "8440835.0--8494828.0": 0.7721047578114759, "8440825.0--8440835.0": 0.7721735350068425, "8440814.0--8440835.0": 0.8042706889250649, "8440835.0--8440838.0": 0.7913317791905118, "8440835.0--8440855.0": 0.7739947486697106, "8440835.0--8454489.0": 0.7850855111901864, "8440834.0--8440835.0": 0.719773521946649, "8440826.0--8440835.0": 0.8008687197044713, "8440823.0--8440835.0": 0.7947812733015337, "8440835.0--8440845.0": 0.810435044541365, "8440810.0--8440835.0": 0.7817179628222743, "8440806.0--8440835.0": 0.7951598522124689, "8440817.0--8440835.0": 0.7562518788919128, "8440813.0--8440835.0": 0.8371182513003572, "8440835.0--8443125.0": 0.7572650161669893, "8440835.0--8456575.0": 0.7960865443075387, "8440835.0--8440860.0": 0.7723616618377325, "8440835.0--8454343.0": 0.7670852703111259, "8440803.0--8440835.0": 0.7825484107253003, "8440835.0--8454344.0": 0.8144469559143357, "8440835.0--8440854.0": 0.8196963131220232, "8440835.0--8454346.0": 0.7703620880006392, "8440827.0--8440835.0": 0.7518772914688128, "8440835.0--8440836.0": 0.7838313522791005, "8440835.0--8440844.0": 0.820959410556497, "8440808.0--8440835.0": 0.830165565898574, "8440835.0--8440837.0": 0.7839777338149454, "8440835.0--8440858.0": 0.7923136678963768, "8440820.0--8440835.0": 0.7979834961003729, "8440833.0--8440835.0": 0.7708785762094669, "8440835.0--8444072.0": 0.7667620650977939, "8440812.0--8440835.0": 0.799886192610469, "8440809.0--8440835.0": 0.798485850371649, "8440835.0--8454904.0": 0.788713495080421, "8440835.0--8440846.0": 0.7870699084320996, "8440830.0--8440835.0": 0.7827804324831107, "8440835.0--8444077.0": 0.7643878677318491, "8440835.0--8440847.0": 0.8141765755483175, "8440835.0--8440849.0": 0.7887091165430016, "8440835.0--8443124.0": 0.8009847992450863, "8440835.0--8440843.0": 0.8027595506653595, "8440835.0--8807265.0": 0.7930913664425567, "8440835.0--8816695.0": 0.7684816064407042, "8440835.0--8805426.0": 0.783680079404428, "8440835.0--8805421.0": 0.8026396200627519, "8440835.0--8812684.0": 0.7690172915579142, "8440835.0--8805461.0": 0.7738440787219363, "8440835.0--8807255.0": 0.7549903191361317, "8440835.0--8805460.0": 0.744585263010305, "8440835.0--8807292.0": 0.758731725504718, "8440835.0--8807354.0": 0.7709466333341796, "8440835.0--8809711.0": 0.7909938067178106, "8440835.0--8805422.0": 0.745959959868094, "8440835.0--8805424.0": 0.73981984549247, "8440835.0--8794517.0": 0.7842904503309553, "8440835.0--8805451.0": 0.8049719793247069, "8440835.0--8807223.0": 0.7855405430231487, "8440835.0--8794560.0": 0.8183859648002015, "8440835.0--8481543.0": 0.8053811263206602, "8440835.0--8802285.0": 0.7666305202202333, "8440835.0--8807245.0": 0.8046963416312896, "8440835.0--8805456.0": 0.7910628481977636, "8440835.0--8827944.0": 0.7756826834411726, "8440835.0--8807296.0": 0.7759780925301414, "8440835.0--8827951.0": 0.7809384243672493, "8440835.0--8854335.0": 0.8059335262712597, "8440835.0--8805446.0": 0.806150177458425, "8440835.0--8805436.0": 0.8298223988511664, "8440835.0--8805433.0": 0.7542658141145684, "8440835.0--8546802.0": 0.8094935028693593, "8440835.0--8805427.0": 0.7709844747116585, "8440835.0--8836120.0": 0.7702215303377669, "8440835.0--8794768.0": 0.8013855738380611, "8440835.0--8809750.0": 0.798034097286797, "8440835.0--8820172.0": 0.8387174093893757, "8440835.0--8476234.0": 0.7992322219703136, "8440835.0--8807314.0": 0.7879244253795664, "8440835.0--8794520.0": 0.8123879775941951, "8440835.0--8805452.0": 0.8125207221009324, "8440835.0--8805462.0": 0.7909019232325752, "8440835.0--8807275.0": 0.8108781582225151, "8419285.0--8440835.0": 0.8095716314509181, "8440835.0--8807379.0": 0.819706238220078, "8440835.0--8807234.0": 0.8442859510249501, "8423100.0--8440835.0": 0.7995332205235809, "8440835.0--8805455.0": 0.8027111902854602, "8440835.0--8727493.0": 0.747979131229097, "8440835.0--8807369.0": 0.7509826750683031, "8440835.0--8532319.0": 0.8032064414336694, "8419325.0--8440835.0": 0.8106925631815742, "8440835.0--8805430.0": 0.779701300885948, "8440835.0--8807301.0": 0.7574458810138827, "8440835.0--8713940.0": 0.7826755160071519, "8440835.0--8637795.0": 0.8165918613082556, "7999244.0--8440835.0": 0.77394447476495, "8440835.0--8805439.0": 0.7658091754587434, "8440835.0--8805428.0": 0.7841642605048744, "8440835.0--8809223.0": 0.7671190103391654, "8440835.0--8795584.0": 0.7710399923076936, "8440835.0--8807264.0": 0.7442678125513238, "8440835.0--8805431.0": 0.7855913529334797, "8440835.0--8453863.0": 0.7919602759106656, "8400404.0--8440835.0": 0.7568757592956696, "8440835.0--8809834.0": 0.7875958275480651, "8440835.0--8663447.0": 0.7963933912693061, "8440835.0--8807213.0": 0.807967866860303, "8440835.0--8640251.0": 0.7962348949957516, "8440835.0--8807220.0": 0.8007672481860348, "8440835.0--8617736.0": 0.7928254879232133, "8440835.0--8617746.0": 0.7840112993809236, "8440835.0--8640072.0": 0.7863281312266321, "8440835.0--8636208.0": 0.820565058148957, "8440835.0--8805458.0": 0.7662220603316496, "8440835.0--8807271.0": 0.7891864599193245, "8440835.0--8809678.0": 0.7604840893519116, "8440835.0--8807226.0": 0.7937599450617528, "8440835.0--8805467.0": 0.8032416558966516, "8440835.0--8611113.0": 0.7751885476775507, "8440835.0--8854316.0": 0.8097633418983082, "8440835.0--8794607.0": 0.7853570828277292, "8440835.0--8805418.0": 0.8093857022737188, "8440835.0--8836087.0": 0.8114532999339608, "8440835.0--8807283.0": 0.7675073397676851, "8440835.0--8820171.0": 0.7979665578817337, "8440835.0--8807288.0": 0.7717840058327198, "8440835.0--8807302.0": 0.7559274199046198, "8440835.0--8805466.0": 0.7682930644009123, "8440835.0--8807351.0": 0.7780269960927955, "8440835.0--8805420.0": 0.792311535062811, "8440835.0--8807299.0": 0.7857362358906813, "8440835.0--8812988.0": 0.7778670806438114, "8440835.0--8807294.0": 0.7939980430012014, "8440835.0--8805434.0": 0.8144159190014367, "8440835.0--8732351.0": 0.7863881660126206, "8440835.0--8807232.0": 0.7545670593514687, "8419271.0--8440835.0": 0.7599209387203847, "8440835.0--8625484.0": 0.7873768786817769, "8440835.0--8807349.0": 0.7658472453319779, "8440835.0--8809730.0": 0.7913994790853004, "8440835.0--8730513.0": 0.7988753554326031, "8440835.0--8809833.0": 0.7778252198422024, "8440835.0--8523628.0": 0.7776422271592854, "8434356.0--8440835.0": 0.8176459786560624, "8440835.0--8807303.0": 0.7929426147282288, "8440835.0--8811606.0": 0.7997988698891655, "8440835.0--8807244.0": 0.7947620699284832, "8440835.0--8490694.0": 0.7895525248309587, "8440835.0--8809844.0": 0.7895529419764252, "8440835.0--8809850.0": 0.7861589546115093, "8440835.0--8805445.0": 0.7774401924494077, "8412138.0--8440835.0": 0.8092593515603165, "8440835.0--8807247.0": 0.77760383341701, "8440835.0--8848845.0": 0.778193633652344, "8440835.0--8695851.0": 0.8341827655851487, "8440835.0--8713907.0": 0.8463185817771792, "8440835.0--8809847.0": 0.8191736588655381, "8440835.0--8727480.0": 0.8130742899544054, "8440835.0--8706590.0": 0.7866376710160993, "8440835.0--8735916.0": 0.8129938558186337, "8440835.0--8474512.0": 0.7864228327693601, "8440835.0--8809845.0": 0.7916977625065714, "8440835.0--8540796.0": 0.8012926254481378, "8440835.0--8807233.0": 0.7962812512953533,