{"9308624.0--9308630.0": 0.7800272034063328, "9219240.0--9308630.0": 0.7807061091361369, "9216630.0--9308630.0": 0.7824594387274456, "9217981.0--9308630.0": 0.7812819525461356, "9224153.0--9308630.0": 0.7601165688484134, "9286505.0--9308630.0": 0.7741267471462339, "9216512.0--9308630.0": 0.7706302250349806, "9216579.0--9308630.0": 0.8279960384328884, "9222249.0--9308630.0": 0.799348975685861, "9222367.0--9308630.0": 0.771194500899264, "9222325.0--9308630.0": 0.7485559375655784, "9222510.0--9308630.0": 0.7726776031889112, "9246250.0--9308630.0": 0.7811311199953687, "9308627.0--9308630.0": 0.8112695374987253, "9224186.0--9308630.0": 0.7984759011192184, "9229232.0--9308630.0": 0.7629309186544622, "9226404.0--9308630.0": 0.7504329972830155, "9308630.0--9308631.0": 0.7771122258527935, "9222255.0--9308630.0": 0.7901709444611849, "9222261.0--9308630.0": 0.7693853887305026, "9222338.0--9308630.0": 0.7852033610411575, "9222284.0--9308630.0": 0.7953062664459907, "9230430.0--9308630.0": 0.8252343671253285, "9308622.0--9308630.0": 0.7624304825591176, "9286903.0--9308630.0": 0.7669984401805418, "9234473.0--9308630.0": 0.7932723828608886, "9241426.0--9308630.0": 0.7733148760707167, "9222269.0--9308630.0": 0.7631664187188952, "9237999.0--9308630.0": 0.7975018637133846, "9222072.0--9308630.0": 0.816443727366611, "9224197.0--9308630.0": 0.8032956190265113, "9246282.0--9308630.0": 0.7969647136648066, "9222314.0--9308630.0": 0.7818491838189902, "9222357.0--9308630.0": 0.7934492736854435, "9222086.0--9308630.0": 0.784395669654978, "9222360.0--9308630.0": 0.8072372623881838, "9222065.0--9308630.0": 0.7671772201431103, "9228894.0--9308630.0": 0.8199554631999126, "9233264.0--9308630.0": 0.7809399501894929, "9222343.0--9308630.0": 0.7682759828732275, "9308621.0--9308630.0": 0.7818856836353966, "9308625.0--9308630.0": 0.8036503980617821, "9241744.0--9308630.0": 0.812415716525518, "9308629.0--9308630.0": 0.7811092327331618, "9222068.0--9308630.0": 0.7540327238929345, "9222248.0--9308630.0": 0.754936057185404, "9222274.0--9308630.0": 0.8086377232514098, "9229116.0--9308630.0": 0.8108688714724765, "9233993.0--9308630.0": 0.8050948900973293, "9308623.0--9308630.0": 0.769612437616431, "9222553.0--9308630.0": 0.7774338189596829, "9222341.0--9308630.0": 0.8123501293260805, "9222346.0--9308630.0": 0.8297535248137536, "9308628.0--9308630.0": 0.8085506197271625, "9222294.0--9308630.0": 0.8000815727187531, "9241732.0--9308630.0": 0.7869530548101308, "9222060.0--9308630.0": 0.7841783519472084, "9222280.0--9308630.0": 0.7948477842662386}