{"9222092.0--9222253.0": 0.8556028426441058, "9222253.0--9222271.0": 0.7902732520142312, "9222253.0--9230431.0": 0.7938573739508954, "9222076.0--9222253.0": 0.8687406710968727, "9222053.0--9222253.0": 0.7719830030257984, "9216532.0--9222253.0": 0.7925729422408933, "9222085.0--9222253.0": 0.7965652304500188, "9216629.0--9222253.0": 0.7923766329092555, "9222253.0--9308630.0": 0.7578780467948754, "9222253.0--9308624.0": 0.7666204391990141, "9219240.0--9222253.0": 0.7753687731283544, "9216630.0--9222253.0": 0.8045604139635963, "9217981.0--9222253.0": 0.7869115817101391, "9222253.0--9224153.0": 0.7534278302060844, "9222253.0--9286505.0": 0.7859710633232041, "9216512.0--9222253.0": 0.7919394210477445, "9216579.0--9222253.0": 0.7982484905365321, "9222249.0--9222253.0": 0.785145095054976, "9222253.0--9222367.0": 0.7434576801512951, "9222253.0--9222325.0": 0.734660810051138, "9222253.0--9222510.0": 0.7560573239507132, "9222253.0--9246250.0": 0.7911662346057138, "9222253.0--9308627.0": 0.8051890705172411, "9222253.0--9224186.0": 0.8074456614428542, "9222253.0--9229232.0": 0.7743791513367442, "9222253.0--9226404.0": 0.8324815959107107, "9222253.0--9308631.0": 0.8029236244514575, "9222253.0--9222255.0": 0.7969940504538926, "9222253.0--9222261.0": 0.7691383478783667, "9222253.0--9222338.0": 0.7805501182904833, "9222253.0--9222284.0": 0.8001087863447723, "9222253.0--9230430.0": 0.7757888221432131, "9222253.0--9308622.0": 0.7797371485863135, "9222253.0--9286903.0": 0.736138830565021, "9222253.0--9234473.0": 0.768830839300825, "9222253.0--9241426.0": 0.7801913078182998, "9222253.0--9222269.0": 0.8113557705270681, "9222253.0--9237999.0": 0.8071547211880472, "9222072.0--9222253.0": 0.8076746449331093, "9222253.0--9224197.0": 0.7796513993499847, "9222253.0--9246282.0": 0.7783319017594315, "9222253.0--9222314.0": 0.749383729400735, "9222253.0--9222357.0": 0.7952500452773759, "9222086.0--9222253.0": 0.7503613100761408, "9222253.0--9222360.0": 0.7846433135259341, "9222065.0--9222253.0": 0.7782762011758078, "9222253.0--9228894.0": 0.8216361786914712, "9222253.0--9233264.0": 0.7805407640685043, "9222253.0--9222343.0": 0.7628129033267319, "9222253.0--9308621.0": 0.7530492539043657, "9222253.0--9308625.0": 0.8145100417091209, "9222253.0--9241744.0": 0.7689961028805891, "9222253.0--9308629.0": 0.816840040666758, "9222068.0--9222253.0": 0.7377920309107566, "9222248.0--9222253.0": 0.803648957424526, "9222253.0--9222274.0": 0.7766276292901523, "9222253.0--9229116.0": 0.7983846614529471, "9222253.0--9233993.0": 0.7601228589068187, "9222253.0--9308623.0": 0.8369707198998115, "9222253.0--9222553.0": 0.7843764849617654, "9222253.0--9222341.0": 0.8164382312321223, "9222253.0--9222346.0": 0.7792669653989601, "9222253.0--9308628.0": 0.8034106621607422, "9222253.0--9222294.0": 0.8024436454200088, "9222253.0--9241732.0": 0.7916046873398676, "9222060.0--9222253.0": 0.8159875357071034, "9222253.0--9222280.0": 0.7924215957576377}