{"9226461.0--9233469.0": 0.8143374817768444, "9233469.0--9238508.0": 0.8393865701934222, "9222266.0--9233469.0": 0.7591627555469024, "9225008.0--9233469.0": 0.8133454397624117, "9233469.0--9290431.0": 0.7937809090766387, "9233469.0--9239918.0": 0.7976298932609875, "9231271.0--9233469.0": 0.7733148704491614, "9222313.0--9233469.0": 0.7794206839001689, "9231268.0--9233469.0": 0.7983987878521281, "9222035.0--9233469.0": 0.7467458180119879, "9222091.0--9233469.0": 0.8436877475311562, "9229515.0--9233469.0": 0.777998949755876, "9222301.0--9233469.0": 0.8045871148754564, "9222358.0--9233469.0": 0.8367137318737334, "9229135.0--9233469.0": 0.8360038721386636, "9222047.0--9233469.0": 0.8111972323699712, "9222272.0--9233469.0": 0.7987070778756649, "9222110.0--9233469.0": 0.7977363664370366, "9222364.0--9233469.0": 0.7944137708869665, "9222088.0--9233469.0": 0.800852793332359, "9216518.0--9233469.0": 0.8139414157717088, "9222309.0--9233469.0": 0.8374438739798126, "9216595.0--9233469.0": 0.770494635824087, "9216538.0--9233469.0": 0.7570977333748788, "9216549.0--9233469.0": 0.7576840961222303, "9216559.0--9233469.0": 0.7969791828787052, "9222376.0--9233469.0": 0.7525234289041846, "9222374.0--9233469.0": 0.7927034990976138, "9224194.0--9233469.0": 0.762868687215479, "9222254.0--9233469.0": 0.773198099979538, "9222049.0--9233469.0": 0.7616499267896202, "9222562.0--9233469.0": 0.7679508661139164, "9226126.0--9233469.0": 0.7652451235072241, "9233469.0--9240062.0": 0.8023866104166081, "9226101.0--9233469.0": 0.7995125196508722, "9222377.0--9233469.0": 0.7513151711906539, "9233392.0--9233469.0": 0.8047871632915256, "9222093.0--9233469.0": 0.7494565683775805, "9224154.0--9233469.0": 0.7263041633991347, "9233469.0--9240061.0": 0.7651205058186384, "9222512.0--9233469.0": 0.7530557031793511, "9233469.0--9241413.0": 0.8169595202040303, "9224646.0--9233469.0": 0.7858939672741947, "9222372.0--9233469.0": 0.7468019621540982, "9222253.0--9233469.0": 0.7746105563593356, "9222092.0--9233469.0": 0.8000121112621472, "9222271.0--9233469.0": 0.7919506457792356, "9230431.0--9233469.0": 0.7906571486356466, "9222076.0--9233469.0": 0.8118690956109034, "9222053.0--9233469.0": 0.7936362672771411, "9216532.0--9233469.0": 0.8043500107452153, "9222085.0--9233469.0": 0.7827981612416218, "9216629.0--9233469.0": 0.8149679913392163, "9233469.0--9308630.0": 0.7768484017141601, "9233469.0--9308624.0": 0.7827416275248873, "9219240.0--9233469.0": 0.8144402154272328, "9216630.0--9233469.0": 0.7895004344753749, "9217981.0--9233469.0": 0.778994791316922, "9224153.0--9233469.0": 0.7783728563629954, "9233469.0--9286505.0": 0.780443769556121, "9216512.0--9233469.0": 0.8065361168361422, "9216579.0--9233469.0": 0.775772017670813, "9222249.0--9233469.0": 0.8135464795741764, "9222367.0--9233469.0": 0.7799052430185547, "9222325.0--9233469.0": 0.8080467448117143, "9222510.0--9233469.0": 0.7812367262465822, "9233469.0--9246250.0": 0.7915347757839217, "9233469.0--9308627.0": 0.8065004218307381, "9224186.0--9233469.0": 0.8513292847621104, "9229232.0--9233469.0": 0.790347549714991, "9226404.0--9233469.0": 0.7932311008655214, "9233469.0--9308631.0": 0.7901077212852441, "9222255.0--9233469.0": 0.8181538266494023, "9222261.0--9233469.0": 0.7966181577262931, "9222338.0--9233469.0": 0.8025929861694238, "9222284.0--9233469.0": 0.8141098507276173, "9230430.0--9233469.0": 0.8373501374113458, "9233469.0--9308622.0": 0.7713125096408536, "9233469.0--9286903.0": 0.7475942514734445, "9233469.0--9234473.0": 0.7682066793144771, "9233469.0--9241426.0": 0.8120157092798503, "9222269.0--9233469.0": 0.8055069477657179, "9233469.0--9237999.0": 0.8335282513741266, "9222072.0--9233469.0": 0.8217360964719511, "9224197.0--9233469.0": 0.7803474999100096, "9233469.0--9246282.0": 0.7972208677548475, "9222314.0--9233469.0": 0.7823985632150096, "9222357.0--9233469.0": 0.7993839902165358, "9222086.0--9233469.0": 0.7824829480985758, "9222360.0--9233469.0": 0.8004019022735829, "9222065.0--9233469.0": 0.7962733089819549, "9228894.0--9233469.0": 0.8179827040721523, "9233264.0--9233469.0": 0.8138218611918728, "9222343.0--9233469.0": 0.7999974964656688, "9233469.0--9308621.0": 0.7804509522440402, "9233469.0--9308625.0": 0.7933215993696152, "9233469.0--9241744.0": 0.8044207600850783, "9233469.0--9308629.0": 0.813646472165333, "9222068.0--9233469.0": 0.7595995003202625, "9222248.0--9233469.0": 0.7922154340908398, "9222274.0--9233469.0": 0.7924305974700124, "9229116.0--9233469.0": 0.8252483417755486, "9233469.0--9233993.0": 0.7901546633570175, "9233469.0--9308623.0": 0.8105562928364552, "9222553.0--9233469.0": 0.796477641796659, "9222341.0--9233469.0": 0.8362142879402138, "9222346.0--9233469.0": 0.8022982619384056, "9233469.0--9308628.0": 0.7968691414956378, "9222294.0--9233469.0": 0.7897852447589577, "9233469.0--9241732.0": 0.7899882635742166, "9222060.0--9233469.0": 0.8155769599399764, "9222280.0--9233469.0": 0.824382806869128}