{"8440847.0--8440849.0": 0.7916663230976623, "8440847.0--8443124.0": 0.8058508377152113, "8440843.0--8440847.0": 0.8007108167310405, "8440847.0--8807265.0": 0.8242316317492153, "8440847.0--8816695.0": 0.8597063301109502, "8440847.0--8805426.0": 0.8222625894358844, "8440847.0--8805421.0": 0.8184444543354267, "8440847.0--8812684.0": 0.8261662458301432, "8440847.0--8805461.0": 0.8057088678808471, "8440847.0--8807255.0": 0.810015604849474, "8440847.0--8805460.0": 0.7946520595285178, "8440847.0--8807292.0": 0.8470025590959509, "8440847.0--8807354.0": 0.8069135317832575, "8440847.0--8809711.0": 0.8690555245575577, "8440847.0--8805422.0": 0.80751215655179, "8440847.0--8805424.0": 0.8062894225841846, "8440847.0--8794517.0": 0.7916258260253742, "8440847.0--8805451.0": 0.7809368636669624, "8440847.0--8807223.0": 0.7757595476510424, "8440847.0--8794560.0": 0.7879618069353984, "8440847.0--8481543.0": 0.7792866227260836, "8440847.0--8802285.0": 0.7784382822194207, "8440847.0--8807245.0": 0.8267158621906585, "8440847.0--8805456.0": 0.8001694306903719, "8440847.0--8827944.0": 0.8050491556425327, "8440847.0--8807296.0": 0.7936837602129502, "8440847.0--8827951.0": 0.7674306152768071, "8440847.0--8854335.0": 0.8131169848824633, "8440847.0--8805446.0": 0.7882896001096942, "8440847.0--8805436.0": 0.811073573385658, "8440847.0--8805433.0": 0.7600054115537775, "8440847.0--8546802.0": 0.8283031363104014, "8440847.0--8805427.0": 0.8062719409228324, "8440847.0--8836120.0": 0.8164562143431404, "8440847.0--8794768.0": 0.8027864550599305, "8440847.0--8809750.0": 0.7898083054294184, "8440847.0--8820172.0": 0.846812989568063, "8440847.0--8476234.0": 0.8618127074214688, "8440847.0--8807314.0": 0.7845687515566759, "8440847.0--8794520.0": 0.8187321380414088, "8440847.0--8805452.0": 0.8478089032112875, "8440847.0--8805462.0": 0.8093224520836542, "8440847.0--8807275.0": 0.8293079645476479, "8419285.0--8440847.0": 0.8268054725664222, "8440847.0--8807379.0": 0.8217210178932526, "8440847.0--8807234.0": 0.8347527744471772, "8423100.0--8440847.0": 0.8024907225982323, "8440847.0--8805455.0": 0.7603473993113574, "8440847.0--8727493.0": 0.7511541760588372, "8440847.0--8807369.0": 0.7558535182942104, "8440847.0--8532319.0": 0.7957820867459581, "8419325.0--8440847.0": 0.773068579865706, "8440847.0--8805430.0": 0.8269966585756683, "8440847.0--8807301.0": 0.8234423427909466, "8440847.0--8713940.0": 0.8407840218012241, "8440847.0--8637795.0": 0.8213305838811995, "7999244.0--8440847.0": 0.8111721801793782, "8440847.0--8805439.0": 0.8194345225488305, "8440847.0--8805428.0": 0.8124935718118138, "8440847.0--8809223.0": 0.8097979608927564, "8440847.0--8795584.0": 0.8011715735349991, "8440847.0--8807264.0": 0.788684410630307, "8440847.0--8805431.0": 0.7945075085682707, "8440847.0--8453863.0": 0.792240223401032, "8400404.0--8440847.0": 0.7757417658264156, "8440847.0--8809834.0": 0.8050732213204588, "8440847.0--8663447.0": 0.8082693165000844, "8440847.0--8807213.0": 0.8304363486247075, "8440847.0--8640251.0": 0.8203834277429872, "8440847.0--8807220.0": 0.8156120942575006, "8440847.0--8617736.0": 0.8270631330387104, "8440847.0--8617746.0": 0.8009159884921934, "8440847.0--8640072.0": 0.8299664932577695, "8440847.0--8636208.0": 0.8392075320778593, "8440847.0--8805458.0": 0.804240140518293, "8440847.0--8807271.0": 0.8495127833180239, "8440847.0--8809678.0": 0.833823655931289, "8440847.0--8807226.0": 0.86804238677647, "8440847.0--8805467.0": 0.8317695281681826, "8440847.0--8611113.0": 0.8336050887463591, "8440847.0--8854316.0": 0.8013314333422472, "8440847.0--8794607.0": 0.8332687779762836, "8440847.0--8805418.0": 0.7862884648065378, "8440847.0--8836087.0": 0.8237742778417704, "8440847.0--8807283.0": 0.8025995140469206, "8440847.0--8820171.0": 0.8106460634364377, "8440847.0--8807288.0": 0.8084369129996631, "8440847.0--8807302.0": 0.7651601626062845, "8440847.0--8805466.0": 0.799772998009033, "8440847.0--8807351.0": 0.8017131479815658, "8440847.0--8805420.0": 0.8267471377891471, "8440847.0--8807299.0": 0.8229636392871527, "8440847.0--8812988.0": 0.8233403835558163, "8440847.0--8807294.0": 0.8119796633834975, "8440847.0--8805434.0": 0.8588806862993374, "8440847.0--8732351.0": 0.8122589301925226, "8440847.0--8807232.0": 0.7805060471528508, "8419271.0--8440847.0": 0.7990769331682834, "8440847.0--8625484.0": 0.8820170834001845, "8440847.0--8807349.0": 0.8351585908930863, "8440847.0--8809730.0": 0.811210125056651, "8440847.0--8730513.0": 0.8428801538749011, "8440847.0--8809833.0": 0.8409845071621733, "8440847.0--8523628.0": 0.803496939055092, "8434356.0--8440847.0": 0.8068304402718964, "8440847.0--8807303.0": 0.8158616183557637, "8440847.0--8811606.0": 0.7841738231802384, "8440847.0--8807244.0": 0.8077727767365604, "8440847.0--8490694.0": 0.8157156193622919, "8440847.0--8809844.0": 0.7950871623232884, "8440847.0--8809850.0": 0.8174664109113796, "8440847.0--8805445.0": 0.7864072892604539, "8412138.0--8440847.0": 0.8197514927197227, "8440847.0--8807247.0": 0.7773954526479194, "8440847.0--8848845.0": 0.8117385446294014, "8440847.0--8695851.0": 0.8163547746678402, "8440847.0--8713907.0": 0.8282207034176201, "8440847.0--8809847.0": 0.8306024899329844, "8440847.0--8727480.0": 0.8158619134858204, "8440847.0--8706590.0": 0.8029885108909889, "8440847.0--8735916.0": 0.8370043965487728, "8440847.0--8474512.0": 0.810866286640203, "8440847.0--8809845.0": 0.7749250177954085, "8440847.0--8540796.0": 0.8254933562451232, "8440847.0--8807233.0": 0.8231301128676156, "8440847.0--8617747.0": 0.7803729082679577, "8440847.0--8474486.0": 0.8320256884491657, "8440847.0--8474516.0": 0.8350743609106552, "8440847.0--8663650.0": 0.7902665543721001, "8440847.0--8663646.0": 0.8086008152866806, "8440847.0--8794553.0": 0.8106949099437238, "8440847.0--8863966.0": 0.7899295666292252, "8440847.0--8525340.0": 0.7818800123920342, "8440847.0--8805448.0": 0.8133614197236134, "8405549.0--8440847.0": 0.8302393678300435, "8440847.0--8611178.0": 0.788852769489727, "8440847.0--8827593.0": 0.8165619611880055, "8440847.0--8805463.0": 0.8007192193030389, "8440847.0--8805457.0": 0.863521074014596, "8440847.0--8805442.0": 0.8169958263318103, "8440847.0--8807266.0": 0.8177985134462897, "8440847.0--8813126.0": 0.8365848709447167, "8440847.0--8585103.0": 0.813316124093423, "8440847.0--8807235.0": 0.8029544293127712, "8440847.0--8585048.0": 0.8489277177548522, "8440847.0--8809843.0": 0.7848557934216602, "8440847.0--8809842.0": 0.8008363938643952, "8440847.0--8842614.0": 0.7829389530884185, "8440847.0--8805441.0": 0.7408644938557611, "8440847.0--8809920.0": 0.7612562564273379, "8440847.0--8663312.0": 0.8076871569657142, "8440847.0--8477126.0": 0.8566958239591408, "8440847.0--8807224.0": 0.8480202290715084, "8440847.0--8807355.0": 0.800817369640712, "8440847.0--8807320.0": 0.8109630737548752, "8440847.0--8665933.0": 0.8126503133501682, "8440847.0--8845772.0": 0.7856619766874153, "8440847.0--8812989.0": 0.8413481439584474, "8440847.0--8636969.0": 0.8252023887714041, "8440847.0--8805450.0": 0.7745954973513686, "8440847.0--8807243.0": 0.8094829790705247, "8440847.0--8805443.0": 0.8161970167230175, "8440847.0--8673661.0": 0.8299928835180497, "8440847.0--8805419.0": 0.7870435504240967, "8440847.0--8451903.0": 0.786055902549638, "8440847.0--8805429.0": 0.8428209831239641, "8440847.0--8809846.0": 0.8206181616133408, "8440847.0--8809832.0": 0.8367752680382423, "8413174.0--8440847.0": 0.7870579658727463, "8440847.0--8494817.0": 0.7727568998464864, "8440847.0--8637778.0": 0.7866328551092274, "8440847.0--8809742.0": 0.8041228228505142, "8440847.0--8807280.0": 0.8584401574877699, "8440847.0--8807274.0": 0.84278809639187, "8440847.0--9216586.0": 0.7928652904671462, "8440847.0--9237132.0": 0.8621420022649222, "8440847.0--9216572.0": 0.79465295906527, "8440847.0--9217952.0": 0.828494068412543, "8440847.0--9217931.0": 0.8561594352297046, "8440847.0--9216507.0": 0.8272729245670295, "8440847.0--9222368.0": 0.8401284779570872, "8440847.0--9220137.0": 0.7980583371911832,