{"8807354.0--8809711.0": 0.7925072357220306, "8805422.0--8807354.0": 0.7745026989854622, "8805424.0--8807354.0": 0.8032427633329624, "8794517.0--8807354.0": 0.7616388477173455, "8805451.0--8807354.0": 0.7712458636081365, "8807223.0--8807354.0": 0.7380162557154024, "8794560.0--8807354.0": 0.7742987847775435, "8481543.0--8807354.0": 0.7589722598257606, "8802285.0--8807354.0": 0.7411085818723395, "8807245.0--8807354.0": 0.7935070063242349, "8805456.0--8807354.0": 0.7591943074342102, "8807354.0--8827944.0": 0.770351379768233, "8807296.0--8807354.0": 0.7621494206876207, "8807354.0--8827951.0": 0.7703330642174776, "8807354.0--8854335.0": 0.8151129305936287, "8805446.0--8807354.0": 0.7740386650923767, "8805436.0--8807354.0": 0.7693285405908467, "8805433.0--8807354.0": 0.7552951900461407, "8546802.0--8807354.0": 0.7957130175265552, "8805427.0--8807354.0": 0.7773719088849664, "8807354.0--8836120.0": 0.7799574805332423, "8794768.0--8807354.0": 0.7666905906231151, "8807354.0--8809750.0": 0.7642493511270051, "8807354.0--8820172.0": 0.8280619900495698, "8476234.0--8807354.0": 0.8244249715913154, "8807314.0--8807354.0": 0.7770963070646888, "8794520.0--8807354.0": 0.8095166218832132, "8805452.0--8807354.0": 0.8020191417107152, "8805462.0--8807354.0": 0.7731736286884574, "8807275.0--8807354.0": 0.7873692403383675, "8419285.0--8807354.0": 0.7497113902595584, "8807354.0--8807379.0": 0.7907520464908925, "8807234.0--8807354.0": 0.8385696299296655, "8423100.0--8807354.0": 0.8065662462608931, "8805455.0--8807354.0": 0.7354301263464839, "8727493.0--8807354.0": 0.7318726364445095, "8807354.0--8807369.0": 0.7361328212330542, "8532319.0--8807354.0": 0.7685665479171452, "8419325.0--8807354.0": 0.7622493782747101, "8805430.0--8807354.0": 0.781048313036691, "8807301.0--8807354.0": 0.8320197472523407, "8713940.0--8807354.0": 0.7963835229847336, "8637795.0--8807354.0": 0.8200364220473848, "7999244.0--8807354.0": 0.8052550187265266, "8805439.0--8807354.0": 0.8250357042373632, "8805428.0--8807354.0": 0.7989024866161178, "8807354.0--8809223.0": 0.8011062071347133, "8795584.0--8807354.0": 0.7992779019204269, "8807264.0--8807354.0": 0.7862462634835189, "8805431.0--8807354.0": 0.7737139772461028, "8453863.0--8807354.0": 0.7773428370074211, "8400404.0--8807354.0": 0.7773791788285175, "8807354.0--8809834.0": 0.7825304169398307, "8663447.0--8807354.0": 0.7609938788889367, "8807213.0--8807354.0": 0.8401232906546876, "8640251.0--8807354.0": 0.8181028527221014, "8807220.0--8807354.0": 0.8466892350070014, "8617736.0--8807354.0": 0.7964713707408703, "8617746.0--8807354.0": 0.7723600951323495, "8640072.0--8807354.0": 0.8045510968971159, "8636208.0--8807354.0": 0.8010267405646772, "8805458.0--8807354.0": 0.800777985712728, "8807271.0--8807354.0": 0.8012332580605646, "8807354.0--8809678.0": 0.7865729271052386, "8807226.0--8807354.0": 0.8312088940891239, "8805467.0--8807354.0": 0.8317175382467941, "8611113.0--8807354.0": 0.7976765074194532, "8807354.0--8854316.0": 0.812011521451632, "8794607.0--8807354.0": 0.8299975932011354, "8805418.0--8807354.0": 0.7691020349933932, "8807354.0--8836087.0": 0.8007972255047722, "8807283.0--8807354.0": 0.8090969064209438, "8807354.0--8820171.0": 0.815083807027438, "8807288.0--8807354.0": 0.7590782512145686, "8807302.0--8807354.0": 0.7723965476907735, "8805466.0--8807354.0": 0.7921958625457478, "8807351.0--8807354.0": 0.7969990473876757, "8805420.0--8807354.0": 0.802948714311604, "8807299.0--8807354.0": 0.8278300506290525, "8807354.0--8812988.0": 0.8226111103907434, "8807294.0--8807354.0": 0.7958938420673027, "8805434.0--8807354.0": 0.8198222352751878, "8732351.0--8807354.0": 0.7899400787466179, "8807232.0--8807354.0": 0.8227115565617424, "8419271.0--8807354.0": 0.7621633177891135, "8625484.0--8807354.0": 0.7829348552027806, "8807349.0--8807354.0": 0.8021301666378156, "8807354.0--8809730.0": 0.8014867010322695, "8730513.0--8807354.0": 0.8233511695527681, "8807354.0--8809833.0": 0.8088328372905719, "8523628.0--8807354.0": 0.765371622239506, "8434356.0--8807354.0": 0.7566424224000257, "8807303.0--8807354.0": 0.8235112296703399, "8807354.0--8811606.0": 0.7459356291132044, "8807244.0--8807354.0": 0.7441679874380329, "8490694.0--8807354.0": 0.7927531959453952, "8807354.0--8809844.0": 0.7778496818939689, "8807354.0--8809850.0": 0.7795044060735096, "8805445.0--8807354.0": 0.7630604273835859, "8412138.0--8807354.0": 0.7922893446683505, "8807247.0--8807354.0": 0.7721505848755136, "8807354.0--8848845.0": 0.7675353760486925, "8695851.0--8807354.0": 0.7749605182981308, "8713907.0--8807354.0": 0.8030070294182908, "8807354.0--8809847.0": 0.812526705226851, "8727480.0--8807354.0": 0.7919892938217192, "8706590.0--8807354.0": 0.7854366192224553, "8735916.0--8807354.0": 0.8113018439155462, "8474512.0--8807354.0": 0.8199482455682868, "8807354.0--8809845.0": 0.7792606050096436, "8540796.0--8807354.0": 0.8308686892095076, "8807233.0--8807354.0": 0.7968689287979633, "8617747.0--8807354.0": 0.771776695932743, "8474486.0--8807354.0": 0.7943561154571241, "8474516.0--8807354.0": 0.8171283541213471, "8663650.0--8807354.0": 0.7577293352705148, "8663646.0--8807354.0": 0.7760270662525445, "8794553.0--8807354.0": 0.7856700279695714, "8807354.0--8863966.0": 0.7770515326053049, "8525340.0--8807354.0": 0.7358322203040608, "8805448.0--8807354.0": 0.7942870796763544, "8405549.0--8807354.0": 0.8162347995437838, "8611178.0--8807354.0": 0.778214355653297, "8807354.0--8827593.0": 0.7804244927486381, "8805463.0--8807354.0": 0.8159549147385688, "8805457.0--8807354.0": 0.810903345011027, "8805442.0--8807354.0": 0.785143608579312, "8807266.0--8807354.0": 0.8120208142794291, "8807354.0--8813126.0": 0.7973959639352942, "8585103.0--8807354.0": 0.8094691143416268, "8807235.0--8807354.0": 0.8030490753729093, "8585048.0--8807354.0": 0.8481224508479576, "8807354.0--8809843.0": 0.755854338027099, "8807354.0--8809842.0": 0.7568582782550622, "8807354.0--8842614.0": 0.7872111791410628, "8805441.0--8807354.0": 0.7455508440023281, "8807354.0--8809920.0": 0.7788542554831083, "8663312.0--8807354.0": 0.8481079491355955, "8477126.0--8807354.0": 0.8175150491114658, "8807224.0--8807354.0": 0.821922446830932, "8807354.0--8807355.0": 0.7562464539562258, "8807320.0--8807354.0": 0.7877703425174474, "8665933.0--8807354.0": 0.7834722198262549, "8807354.0--8845772.0": 0.799281239811731, "8807354.0--8812989.0": 0.7996768430133485, "8636969.0--8807354.0": 0.8072197804914975, "8805450.0--8807354.0": 0.7952532372451151, "8807243.0--8807354.0": 0.8038153348058636, "8805443.0--8807354.0": 0.8220912383349008, "8673661.0--8807354.0": 0.8023384372250664, "8805419.0--8807354.0": 0.7739143932293215, "8451903.0--8807354.0": 0.7944688634260441, "8805429.0--8807354.0": 0.7787753668931559, "8807354.0--8809846.0": 0.7805856960400095, "8807354.0--8809832.0": 0.8196676917168978, "8413174.0--8807354.0": 0.7580877712069244, "8494817.0--8807354.0": 0.7562486162223193, "8637778.0--8807354.0": 0.7589096159972293, "8807354.0--8809742.0": 0.8127649946743063, "8807280.0--8807354.0": 0.8334416903327941, "8807274.0--8807354.0": 0.8308046185769433, "8807354.0--9216586.0": 0.7571448310616294, "8807354.0--9237132.0": 0.8027081865954725, "8807354.0--9216572.0": 0.7708691143798942, "8807354.0--9217952.0": 0.8032515175531418, "8807354.0--9217931.0": 0.8329642369573212, "8807354.0--9216507.0": 0.8261165003188563, "8807354.0--9222368.0": 0.8065899358320887, "8807354.0--9220137.0": 0.7767958658524967, "8807354.0--9233460.0": 0.7814210758123791, "8807354.0--9222263.0": 0.7394223336430108, "8807354.0--9293003.0": 0.7855418535535094, "8807354.0--9222102.0": 0.8063382132123214, "8807354.0--9222323.0": 0.8047497674991642, "8807354.0--9222287.0": 0.800118767717767, "8807354.0--9223736.0": 0.7908194637167177, "8807354.0--9224191.0": 0.7811198058443469, "8807354.0--9222251.0": 0.7950998323807499, "8807354.0--9229242.0": 0.8010553888382755, "8807354.0--9282195.0": 0.7427106239954946, "8807354.0--9222098.0": 0.8289213757217478, "8807354.0--9234027.0": 0.787972431415848,