{"8807265.0--8816695.0": 0.8035591898124828, "8805426.0--8807265.0": 0.7990712360883316, "8805421.0--8807265.0": 0.7996933443759031, "8807265.0--8812684.0": 0.7820723765461539, "8805461.0--8807265.0": 0.7592467490273362, "8807255.0--8807265.0": 0.8036862549338054, "8805460.0--8807265.0": 0.7791629280455015, "8807265.0--8807292.0": 0.7927251044777099, "8807265.0--8807354.0": 0.8013616513003456, "8807265.0--8809711.0": 0.7838722382516645, "8805422.0--8807265.0": 0.7609862601962368, "8805424.0--8807265.0": 0.7721002813388933, "8794517.0--8807265.0": 0.7603276832877343, "8805451.0--8807265.0": 0.7975583418738439, "8807223.0--8807265.0": 0.7546555441496653, "8794560.0--8807265.0": 0.7987238439924202, "8481543.0--8807265.0": 0.7704058162711206, "8802285.0--8807265.0": 0.7583570039652283, "8807245.0--8807265.0": 0.7743031221149989, "8805456.0--8807265.0": 0.7664571340503588, "8807265.0--8827944.0": 0.7924175724055068, "8807265.0--8807296.0": 0.7917015782985615, "8807265.0--8827951.0": 0.7816632052680145, "8807265.0--8854335.0": 0.8029385704612826, "8805446.0--8807265.0": 0.8022699126465119, "8805436.0--8807265.0": 0.7913515257308934, "8805433.0--8807265.0": 0.74759321534756, "8546802.0--8807265.0": 0.7932428120913303, "8805427.0--8807265.0": 0.7521971146440333, "8807265.0--8836120.0": 0.784290572103541, "8794768.0--8807265.0": 0.7533733633226873, "8807265.0--8809750.0": 0.7761712986826292, "8807265.0--8820172.0": 0.833182507483777, "8476234.0--8807265.0": 0.8020558423796632, "8807265.0--8807314.0": 0.7486026386321257, "8794520.0--8807265.0": 0.7964913351707692, "8805452.0--8807265.0": 0.8006377625688417, "8805462.0--8807265.0": 0.7937618307309011, "8807265.0--8807275.0": 0.8154399704038553, "8419285.0--8807265.0": 0.7739320991563369, "8807265.0--8807379.0": 0.8009586151798028, "8807234.0--8807265.0": 0.817948013297659, "8423100.0--8807265.0": 0.7854567347061616, "8805455.0--8807265.0": 0.7617893130044686, "8727493.0--8807265.0": 0.7571418470055682, "8807265.0--8807369.0": 0.7711483796309777, "8532319.0--8807265.0": 0.8316068620593107, "8419325.0--8807265.0": 0.8149688074338169, "8805430.0--8807265.0": 0.7702589389274861, "8807265.0--8807301.0": 0.821273988590347, "8713940.0--8807265.0": 0.7921957956472798, "8637795.0--8807265.0": 0.7858814766450298, "7999244.0--8807265.0": 0.7884834403925943, "8805439.0--8807265.0": 0.7775099176929589, "8805428.0--8807265.0": 0.7785897295374848, "8807265.0--8809223.0": 0.7706635626111424, "8795584.0--8807265.0": 0.7976266666216417, "8807264.0--8807265.0": 0.7724672418408888, "8805431.0--8807265.0": 0.7683172443616421, "8453863.0--8807265.0": 0.7688128058114239, "8400404.0--8807265.0": 0.7742515639897464, "8807265.0--8809834.0": 0.7682877500017882, "8663447.0--8807265.0": 0.776655920608189, "8807213.0--8807265.0": 0.8007194411186992, "8640251.0--8807265.0": 0.7928860015676987, "8807220.0--8807265.0": 0.8017167091658228, "8617736.0--8807265.0": 0.8029686495923776, "8617746.0--8807265.0": 0.7784843681686057, "8640072.0--8807265.0": 0.8105458980412868, "8636208.0--8807265.0": 0.8200127922011429, "8805458.0--8807265.0": 0.7907147016865803, "8807265.0--8807271.0": 0.8123537738733365, "8807265.0--8809678.0": 0.7750825857327499, "8807226.0--8807265.0": 0.8393892213126262, "8805467.0--8807265.0": 0.8263936998290078, "8611113.0--8807265.0": 0.7840320382419038, "8807265.0--8854316.0": 0.7858098293052542, "8794607.0--8807265.0": 0.781517387060831, "8805418.0--8807265.0": 0.7541863137901139, "8807265.0--8836087.0": 0.7901133605180413, "8807265.0--8807283.0": 0.8195163386627565, "8807265.0--8820171.0": 0.7932270800835344, "8807265.0--8807288.0": 0.7622672595828057, "8807265.0--8807302.0": 0.7572951620300542, "8805466.0--8807265.0": 0.8044425990563278, "8807265.0--8807351.0": 0.8027212839143181, "8805420.0--8807265.0": 0.8224986770747786, "8807265.0--8807299.0": 0.8223902866796218, "8807265.0--8812988.0": 0.7979714891585741, "8807265.0--8807294.0": 0.813326138836966, "8805434.0--8807265.0": 0.8262277266736003, "8732351.0--8807265.0": 0.8076741638225231, "8807232.0--8807265.0": 0.8063525970727572, "8419271.0--8807265.0": 0.7780926082582382, "8625484.0--8807265.0": 0.8171166573917843, "8807265.0--8807349.0": 0.8109384470056669, "8807265.0--8809730.0": 0.8056160443147747, "8730513.0--8807265.0": 0.831868986055754, "8807265.0--8809833.0": 0.8070413003512186, "8523628.0--8807265.0": 0.7855695745933057, "8434356.0--8807265.0": 0.7700345913570167, "8807265.0--8807303.0": 0.801063933642064, "8807265.0--8811606.0": 0.7672171954550242, "8807244.0--8807265.0": 0.7434100835969994, "8490694.0--8807265.0": 0.8063671206057281, "8807265.0--8809844.0": 0.7604739073559178, "8807265.0--8809850.0": 0.7870597123200909, "8805445.0--8807265.0": 0.7606641122665034, "8412138.0--8807265.0": 0.7888356805911746, "8807247.0--8807265.0": 0.7582669945599454, "8807265.0--8848845.0": 0.776467200965838, "8695851.0--8807265.0": 0.798994497132667, "8713907.0--8807265.0": 0.7987060211275319, "8807265.0--8809847.0": 0.8144001202954804, "8727480.0--8807265.0": 0.8057892092455171, "8706590.0--8807265.0": 0.7915546018176978, "8735916.0--8807265.0": 0.8445828957759219, "8474512.0--8807265.0": 0.807051330990777, "8807265.0--8809845.0": 0.7701694760684616, "8540796.0--8807265.0": 0.8064827572393529, "8807233.0--8807265.0": 0.8159012280814419, "8617747.0--8807265.0": 0.7906478301649729, "8474486.0--8807265.0": 0.7939698142762173, "8474516.0--8807265.0": 0.8262000519551401, "8663650.0--8807265.0": 0.7646601670737775, "8663646.0--8807265.0": 0.8063451953832338, "8794553.0--8807265.0": 0.7795645925808617, "8807265.0--8863966.0": 0.754561105411319, "8525340.0--8807265.0": 0.7740453293191698, "8805448.0--8807265.0": 0.762114506246821, "8405549.0--8807265.0": 0.787651299769693, "8611178.0--8807265.0": 0.7605990728779071, "8807265.0--8827593.0": 0.7781774233024845, "8805463.0--8807265.0": 0.8056869639670285, "8805457.0--8807265.0": 0.830325696088217, "8805442.0--8807265.0": 0.8065238764160547, "8807265.0--8807266.0": 0.8051379579837425, "8807265.0--8813126.0": 0.81143995094388, "8585103.0--8807265.0": 0.7873198398272611, "8807235.0--8807265.0": 0.8073752466145019, "8585048.0--8807265.0": 0.8300700128282845, "8807265.0--8809843.0": 0.7722431846599458, "8807265.0--8809842.0": 0.7595620586217809, "8807265.0--8842614.0": 0.7913460940638364, "8805441.0--8807265.0": 0.7494092833832805, "8807265.0--8809920.0": 0.7658792792565521, "8663312.0--8807265.0": 0.7746476101855901, "8477126.0--8807265.0": 0.8596932806832525, "8807224.0--8807265.0": 0.8237076122002082, "8807265.0--8807355.0": 0.7852133773112425, "8807265.0--8807320.0": 0.7636810839380681, "8665933.0--8807265.0": 0.800169052811572, "8807265.0--8845772.0": 0.7803943470922877, "8807265.0--8812989.0": 0.7923373597410862, "8636969.0--8807265.0": 0.7891947191174489, "8805450.0--8807265.0": 0.7772559412151175, "8807243.0--8807265.0": 0.783101900963973, "8805443.0--8807265.0": 0.7769224723124711, "8673661.0--8807265.0": 0.8285988331410519, "8805419.0--8807265.0": 0.7803240736773347, "8451903.0--8807265.0": 0.7848491060381141, "8805429.0--8807265.0": 0.7793760603712894, "8807265.0--8809846.0": 0.7616724128085712, "8807265.0--8809832.0": 0.8079119117070455, "8413174.0--8807265.0": 0.7428869337880355, "8494817.0--8807265.0": 0.7494775834813264, "8637778.0--8807265.0": 0.7461995214128192, "8807265.0--8809742.0": 0.788826047465013, "8807265.0--8807280.0": 0.8464062948593545, "8807265.0--8807274.0": 0.836102653059154, "8807265.0--9216586.0": 0.7780955942926959, "8807265.0--9237132.0": 0.800769773563485, "8807265.0--9216572.0": 0.7729191681430648, "8807265.0--9217952.0": 0.77152388729469, "8807265.0--9217931.0": 0.8140972798829865, "8807265.0--9216507.0": 0.7877353473390025, "8807265.0--9222368.0": 0.8216401633883333, "8807265.0--9220137.0": 0.7790377086133509, "8807265.0--9233460.0": 0.8093072613010284, "8807265.0--9222263.0": 0.7406803930515293, "8807265.0--9293003.0": 0.7959906364820655, "8807265.0--9222102.0": 0.8154666464766778,