{"9222251.0--9224191.0": 0.7739698010924173, "9224191.0--9229242.0": 0.7868451838304132, "9224191.0--9282195.0": 0.8434196739054614, "9222098.0--9224191.0": 0.8066990739725957, "9224191.0--9234027.0": 0.773049477711561, "9224191.0--9246308.0": 0.8175003341073316, "9224191.0--9240072.0": 0.8618551488561451, "9222353.0--9224191.0": 0.8026470071522257, "9222293.0--9224191.0": 0.7813970174282056, "9222089.0--9224191.0": 0.7885862336167189, "9224191.0--9228893.0": 0.8035320003468629, "9224191.0--9224192.0": 0.8101917585579322, "9222289.0--9224191.0": 0.7797087704248487, "9222038.0--9224191.0": 0.8060581800975537, "9224191.0--9229072.0": 0.7998584736816269, "9222295.0--9224191.0": 0.8136833597587968, "9222342.0--9224191.0": 0.7753502535932997, "9224191.0--9241407.0": 0.7860324582481628, "9224191.0--9288884.0": 0.7916850422854167, "9222351.0--9224191.0": 0.7925396167983711, "9223669.0--9224191.0": 0.7763463985710682, "9222315.0--9224191.0": 0.7694933415717802, "9222335.0--9224191.0": 0.8018498475561429, "9222327.0--9224191.0": 0.7925309755063574, "9224191.0--9233469.0": 0.8094333070783337, "9224191.0--9226461.0": 0.8181971629533097, "9224191.0--9238508.0": 0.8046418940280641, "9222266.0--9224191.0": 0.7563608767880934, "9224191.0--9225008.0": 0.8007455382885089, "9224191.0--9290431.0": 0.8395075607338659, "9224191.0--9239918.0": 0.7906014459852623, "9224191.0--9231271.0": 0.800843141907562, "9222313.0--9224191.0": 0.777979711578163, "9224191.0--9231268.0": 0.814499564633065, "9222035.0--9224191.0": 0.8216869583980405, "9222091.0--9224191.0": 0.8271315817102599, "9224191.0--9229515.0": 0.7554092390877303, "9222301.0--9224191.0": 0.8200211425053733, "9222358.0--9224191.0": 0.8051682688089907, "9224191.0--9229135.0": 0.8146764428976824, "9222047.0--9224191.0": 0.7846757280920755, "9222272.0--9224191.0": 0.786115686751846, "9222110.0--9224191.0": 0.7937495329488224, "9222364.0--9224191.0": 0.7891559327082794, "9222088.0--9224191.0": 0.820855910440972, "9216518.0--9224191.0": 0.8073947706865718, "9222309.0--9224191.0": 0.7766306726931056, "9216595.0--9224191.0": 0.7847560462197465, "9216538.0--9224191.0": 0.7791157589248189, "9216549.0--9224191.0": 0.7913227347395183, "9216559.0--9224191.0": 0.7970664575024283, "9222376.0--9224191.0": 0.7916186954504307, "9222374.0--9224191.0": 0.8262382619413013, "9224191.0--9224194.0": 0.7872988608318571, "9222254.0--9224191.0": 0.8054894036907773, "9222049.0--9224191.0": 0.7945420615534486, "9222562.0--9224191.0": 0.7763342217764948, "9224191.0--9226126.0": 0.7943796707025157, "9224191.0--9240062.0": 0.8013784737529001, "9224191.0--9226101.0": 0.8245767141912366, "9222377.0--9224191.0": 0.7565795386608233, "9224191.0--9233392.0": 0.7895781122692777, "9222093.0--9224191.0": 0.8086272879775791, "9224154.0--9224191.0": 0.7670533088675531, "9224191.0--9240061.0": 0.7686960603788191, "9222512.0--9224191.0": 0.7859701818538289, "9224191.0--9241413.0": 0.789354626098221, "9224191.0--9224646.0": 0.8310882069123704, "9222372.0--9224191.0": 0.7829459563643257, "9222253.0--9224191.0": 0.8204616534910749, "9222092.0--9224191.0": 0.8125512460187776, "9222271.0--9224191.0": 0.8107418178175633, "9224191.0--9230431.0": 0.8030822632904392, "9222076.0--9224191.0": 0.8417354981980638, "9222053.0--9224191.0": 0.8164336058139525, "9216532.0--9224191.0": 0.8078096650162427, "9222085.0--9224191.0": 0.7857158429939957, "9216629.0--9224191.0": 0.7988248122192152, "9224191.0--9308630.0": 0.781150725598702, "9224191.0--9308624.0": 0.8047094504723217, "9219240.0--9224191.0": 0.8072515727393754, "9216630.0--9224191.0": 0.78045372903773, "9217981.0--9224191.0": 0.8005604581549226, "9224153.0--9224191.0": 0.7966725041465356, "9224191.0--9286505.0": 0.7830687823133337, "9216512.0--9224191.0": 0.8276513468280038, "9216579.0--9224191.0": 0.7821862663454231, "9222249.0--9224191.0": 0.8062428325964301, "9222367.0--9224191.0": 0.7564722010523965, "9222325.0--9224191.0": 0.786533235417278, "9222510.0--9224191.0": 0.8247621933716935, "9224191.0--9246250.0": 0.794648498461625, "9224191.0--9308627.0": 0.8185122824620171, "9224186.0--9224191.0": 0.8137821626563313, "9224191.0--9229232.0": 0.7574528737843416, "9224191.0--9226404.0": 0.8696136834606045, "9224191.0--9308631.0": 0.7964850586896348, "9222255.0--9224191.0": 0.7979697178626883, "9222261.0--9224191.0": 0.8047087800711411, "9222338.0--9224191.0": 0.7772529989946899, "9222284.0--9224191.0": 0.7991504779538843, "9224191.0--9230430.0": 0.8017514052730687, "9224191.0--9308622.0": 0.7898878348102722, "9224191.0--9286903.0": 0.7406918224998205, "9224191.0--9234473.0": 0.7700114557564611, "9224191.0--9241426.0": 0.7978481105801343, "9222269.0--9224191.0": 0.8297966661425719, "9224191.0--9237999.0": 0.8345098219755757, "9222072.0--9224191.0": 0.8542382973740457, "9224191.0--9224197.0": 0.7787622639383333, "9224191.0--9246282.0": 0.7756395252474153, "9222314.0--9224191.0": 0.7570275817697376, "9222357.0--9224191.0": 0.7942965215095005, "9222086.0--9224191.0": 0.7590674399424205, "9222360.0--9224191.0": 0.801875568381949, "9222065.0--9224191.0": 0.8902812477025457, "9224191.0--9228894.0": 0.8433604966033037, "9224191.0--9233264.0": 0.8169654383723902, "9222343.0--9224191.0": 0.7880784319612509, "9224191.0--9308621.0": 0.7732886026588079, "9224191.0--9308625.0": 0.8269767929121951, "9224191.0--9241744.0": 0.7866183579041212, "9224191.0--9308629.0": 0.8518488760650853, "9222068.0--9224191.0": 0.7589656889158638, "9222248.0--9224191.0": 0.8267009880702518, "9222274.0--9224191.0": 0.8105660628674234, "9224191.0--9229116.0": 0.8020950505840037, "9224191.0--9233993.0": 0.801277229730905, "9224191.0--9308623.0": 0.8435773525992519, "9222553.0--9224191.0": 0.800267402042221, "9222341.0--9224191.0": 0.8536350302036413, "9222346.0--9224191.0": 0.7695547630232401, "9224191.0--9308628.0": 0.7937678308682604, "9222294.0--9224191.0": 0.7968129528564468, "9224191.0--9241732.0": 0.7894851309297155, "9222060.0--9224191.0": 0.8051605439780454, "9222280.0--9224191.0": 0.807769930743219}