{"9216549.0--9216559.0": 0.7887467857618579, "9216549.0--9222376.0": 0.8351060049447138, "9216549.0--9222374.0": 0.8426785403334989, "9216549.0--9224194.0": 0.7823961375739608, "9216549.0--9222254.0": 0.7905090442458913, "9216549.0--9222049.0": 0.780229026592388, "9216549.0--9222562.0": 0.8189387035944564, "9216549.0--9226126.0": 0.8275898056557689, "9216549.0--9240062.0": 0.7969574764294273, "9216549.0--9226101.0": 0.7962764052017308, "9216549.0--9222377.0": 0.7783209857893789, "9216549.0--9233392.0": 0.7891080053116504, "9216549.0--9222093.0": 0.7857267659945149, "9216549.0--9224154.0": 0.7859188939082078, "9216549.0--9240061.0": 0.7546314606924307, "9216549.0--9222512.0": 0.8042617356353725, "9216549.0--9241413.0": 0.7596560775575344, "9216549.0--9224646.0": 0.8284802444987587, "9216549.0--9222372.0": 0.8122065519933969, "9216549.0--9222253.0": 0.7902046638314524, "9216549.0--9222092.0": 0.7814222456765141, "9216549.0--9222271.0": 0.8119555158893702, "9216549.0--9230431.0": 0.7758344822282601, "9216549.0--9222076.0": 0.8177076877500228, "9216549.0--9222053.0": 0.8170824883866704, "9216532.0--9216549.0": 0.7735925724997134, "9216549.0--9222085.0": 0.7841402289206978, "9216549.0--9216629.0": 0.7639492866610467, "9216549.0--9308630.0": 0.7571471712396584, "9216549.0--9308624.0": 0.7555640128551716, "9216549.0--9219240.0": 0.7669221910583919, "9216549.0--9216630.0": 0.7815853107002841, "9216549.0--9217981.0": 0.7811299051141775, "9216549.0--9224153.0": 0.7617897586538663, "9216549.0--9286505.0": 0.7358937467067134, "9216512.0--9216549.0": 0.7722279166594209, "9216549.0--9216579.0": 0.7643720306995789, "9216549.0--9222249.0": 0.7679407693173542, "9216549.0--9222367.0": 0.754593508738411, "9216549.0--9222325.0": 0.7456450804756253, "9216549.0--9222510.0": 0.7657760288805264, "9216549.0--9246250.0": 0.7707048544862576, "9216549.0--9308627.0": 0.7810175083403795, "9216549.0--9224186.0": 0.7901854754415953, "9216549.0--9229232.0": 0.7397790758794466, "9216549.0--9226404.0": 0.763204500878331, "9216549.0--9308631.0": 0.774195362005811, "9216549.0--9222255.0": 0.7695741315772843, "9216549.0--9222261.0": 0.774250557519052, "9216549.0--9222338.0": 0.7643706619979118, "9216549.0--9222284.0": 0.770346966245185, "9216549.0--9230430.0": 0.7766726310135148, "9216549.0--9308622.0": 0.7349000993124242, "9216549.0--9286903.0": 0.7247200973050064, "9216549.0--9234473.0": 0.779720423120275, "9216549.0--9241426.0": 0.7867386312080804, "9216549.0--9222269.0": 0.8140859198175159, "9216549.0--9237999.0": 0.7722990155190176, "9216549.0--9222072.0": 0.7756225715299495, "9216549.0--9224197.0": 0.762933822504738, "9216549.0--9246282.0": 0.7785993011802617, "9216549.0--9222314.0": 0.7556577054663148, "9216549.0--9222357.0": 0.7628272828459539, "9216549.0--9222086.0": 0.763179747163387, "9216549.0--9222360.0": 0.7887791561552426, "9216549.0--9222065.0": 0.7685589641149307, "9216549.0--9228894.0": 0.805880316815142, "9216549.0--9233264.0": 0.7872135577750679, "9216549.0--9222343.0": 0.7437895901309126, "9216549.0--9308621.0": 0.766199675450218, "9216549.0--9308625.0": 0.7865792139281589, "9216549.0--9241744.0": 0.7745793942483232, "9216549.0--9308629.0": 0.7865016929770511, "9216549.0--9222068.0": 0.7474433911310783, "9216549.0--9222248.0": 0.8232999832365238, "9216549.0--9222274.0": 0.7663652739337089, "9216549.0--9229116.0": 0.782373470808315, "9216549.0--9233993.0": 0.7932713226835282, "9216549.0--9308623.0": 0.7981454828471787, "9216549.0--9222553.0": 0.7834311401007626, "9216549.0--9222341.0": 0.7962894246342698, "9216549.0--9222346.0": 0.8012761076132683, "9216549.0--9308628.0": 0.7720200805250523, "9216549.0--9222294.0": 0.7617962607328473, "9216549.0--9241732.0": 0.7795286551214382, "9216549.0--9222060.0": 0.7801475475201998, "9216549.0--9222280.0": 0.7750775744520485}