{"8713907.0--8809847.0": 0.8441461492761362, "8713907.0--8727480.0": 0.8895396667692324, "8706590.0--8713907.0": 0.8281647515323973, "8713907.0--8735916.0": 0.8244647397309816, "8474512.0--8713907.0": 0.8194988477159191, "8713907.0--8809845.0": 0.8057112208678123, "8540796.0--8713907.0": 0.8431300466853078, "8713907.0--8807233.0": 0.8281100998446971, "8617747.0--8713907.0": 0.7876434764680108, "8474486.0--8713907.0": 0.8049339181820894, "8474516.0--8713907.0": 0.8392437508913462, "8663650.0--8713907.0": 0.8520206770264777, "8663646.0--8713907.0": 0.8297647885311449, "8713907.0--8794553.0": 0.833258518254075, "8713907.0--8863966.0": 0.8066365168618476, "8525340.0--8713907.0": 0.8040432627880619, "8713907.0--8805448.0": 0.8052498059700368, "8405549.0--8713907.0": 0.8539785684307327, "8611178.0--8713907.0": 0.8099381298288102, "8713907.0--8827593.0": 0.7910061140440843, "8713907.0--8805463.0": 0.7540650892692969, "8713907.0--8805457.0": 0.8216473135148603, "8713907.0--8805442.0": 0.8061182181421661, "8713907.0--8807266.0": 0.8206998869479035, "8713907.0--8813126.0": 0.7998577753848846, "8585103.0--8713907.0": 0.8013528273739875, "8713907.0--8807235.0": 0.8136066809858155, "8585048.0--8713907.0": 0.863870717857217, "8713907.0--8809843.0": 0.817011552671717, "8713907.0--8809842.0": 0.8192577094614385, "8713907.0--8842614.0": 0.7950055890220658, "8713907.0--8805441.0": 0.7540324357886462, "8713907.0--8809920.0": 0.7514538851169541, "8663312.0--8713907.0": 0.7694850019493523, "8477126.0--8713907.0": 0.8220264374227733, "8713907.0--8807224.0": 0.7986325190916772, "8713907.0--8807355.0": 0.7763877925485443, "8713907.0--8807320.0": 0.8298063509525748, "8665933.0--8713907.0": 0.8039253090631505, "8713907.0--8845772.0": 0.800865536322686, "8713907.0--8812989.0": 0.8319446635146053, "8636969.0--8713907.0": 0.8250396580413276, "8713907.0--8805450.0": 0.7983318997657628, "8713907.0--8807243.0": 0.8381906370314287, "8713907.0--8805443.0": 0.8153343805541614, "8673661.0--8713907.0": 0.8302167422596228, "8713907.0--8805419.0": 0.7836716863315134, "8451903.0--8713907.0": 0.7755137651469088, "8713907.0--8805429.0": 0.8166969867628056, "8713907.0--8809846.0": 0.8022926104209482, "8713907.0--8809832.0": 0.829531029866672, "8413174.0--8713907.0": 0.8094650195988601, "8494817.0--8713907.0": 0.8023938181768042, "8637778.0--8713907.0": 0.8182429546285629, "8713907.0--8809742.0": 0.8237910518558904, "8713907.0--8807280.0": 0.8395032875304843, "8713907.0--8807274.0": 0.8586363024483938, "8713907.0--9216586.0": 0.809565432674411, "8713907.0--9237132.0": 0.8539667286848167, "8713907.0--9216572.0": 0.8135869084108053, "8713907.0--9217952.0": 0.8133303498338503, "8713907.0--9217931.0": 0.8635136476165379, "8713907.0--9216507.0": 0.8247737786305602, "8713907.0--9222368.0": 0.8509805885323433, "8713907.0--9220137.0": 0.7955815604661627, "8713907.0--9233460.0": 0.8191420960314169, "8713907.0--9222263.0": 0.7738646133218842, "8713907.0--9293003.0": 0.8123428895857947, "8713907.0--9222102.0": 0.8313228458550563, "8713907.0--9222323.0": 0.8236021389418916, "8713907.0--9222287.0": 0.8170535602124186, "8713907.0--9223736.0": 0.8152466819624529, "8713907.0--9224191.0": 0.8095118165956061, "8713907.0--9222251.0": 0.7927150089568364, "8713907.0--9229242.0": 0.8522138262481997, "8713907.0--9282195.0": 0.8081268255378218, "8713907.0--9222098.0": 0.874528189957094, "8713907.0--9234027.0": 0.820079843586055, "8713907.0--9246308.0": 0.8356177042889649, "8713907.0--9240072.0": 0.8067111641199012, "8713907.0--9222353.0": 0.8328649571840792, "8713907.0--9222293.0": 0.8277191803081352, "8713907.0--9222089.0": 0.8150880677129664, "8713907.0--9228893.0": 0.8312506022666386, "8713907.0--9224192.0": 0.7938078247893001, "8713907.0--9222289.0": 0.8256366384108709, "8713907.0--9222038.0": 0.829048917471964, "8713907.0--9229072.0": 0.8260035452690885, "8713907.0--9222295.0": 0.8464174927698858, "8713907.0--9222342.0": 0.8049088730928896, "8713907.0--9241407.0": 0.7886466753844243, "8713907.0--9288884.0": 0.8350789060574849, "8713907.0--9222351.0": 0.8110896270441613, "8713907.0--9223669.0": 0.8483222636551642, "8713907.0--9222315.0": 0.8007125497689098, "8713907.0--9222335.0": 0.8211372146144946, "8713907.0--9222327.0": 0.8202993056110522, "8713907.0--9233469.0": 0.8087841484955449, "8713907.0--9226461.0": 0.8272865033637264, "8713907.0--9238508.0": 0.8469602776443311, "8713907.0--9222266.0": 0.7976333271343004, "8713907.0--9225008.0": 0.8314559860856037, "8713907.0--9290431.0": 0.8264349456503383, "8713907.0--9239918.0": 0.8305509893134009, "8713907.0--9231271.0": 0.7973070021446711, "8713907.0--9222313.0": 0.820954787685611, "8713907.0--9231268.0": 0.8136429342328804, "8713907.0--9222035.0": 0.7978180029325307, "8713907.0--9222091.0": 0.843095318682774, "8713907.0--9229515.0": 0.7891571744211678, "8713907.0--9222301.0": 0.8443846356240177, "8713907.0--9222358.0": 0.8262600047857434, "8713907.0--9229135.0": 0.8335529179929518, "8713907.0--9222047.0": 0.8088476793852406, "8713907.0--9222272.0": 0.8053241652304604, "8713907.0--9222110.0": 0.8365158211626603, "8713907.0--9222364.0": 0.8187842448418614, "8713907.0--9222088.0": 0.8342447558485508, "8713907.0--9216518.0": 0.852047527136601, "8713907.0--9222309.0": 0.8248219434642701, "8713907.0--9216595.0": 0.7918449317842682, "8713907.0--9216538.0": 0.818638455983715, "8713907.0--9216549.0": 0.8671285263709503, "8713907.0--9216559.0": 0.8300344823511208, "8713907.0--9222376.0": 0.8252070584757969, "8713907.0--9222374.0": 0.8620282881093492, "8713907.0--9224194.0": 0.8291841807973817, "8713907.0--9222254.0": 0.8267012299700591, "8713907.0--9222049.0": 0.8179430808659309, "8713907.0--9222562.0": 0.8524798224429385, "8713907.0--9226126.0": 0.8434799016857054, "8713907.0--9240062.0": 0.8456258669453951, "8713907.0--9226101.0": 0.814761459168922, "8713907.0--9222377.0": 0.8283774376706878, "8713907.0--9233392.0": 0.8330971607668145, "8713907.0--9222093.0": 0.8011308671153958, "8713907.0--9224154.0": 0.7984204388190953, "8713907.0--9240061.0": 0.8152239126634976, "8713907.0--9222512.0": 0.8383905910003555, "8713907.0--9241413.0": 0.8210784849131297, "8713907.0--9224646.0": 0.833223111748753, "8713907.0--9222372.0": 0.8079458358095593, "8713907.0--9222253.0": 0.8213084141857204, "8713907.0--9222092.0": 0.8508029935424002, "8713907.0--9222271.0": 0.835040345672412, "8713907.0--9230431.0": 0.8100673368450183, "8713907.0--9222076.0": 0.8660408986656856, "8713907.0--9222053.0": 0.8248920612820457, "8713907.0--9216532.0": 0.8289408832161451, "8713907.0--9222085.0": 0.8223596766520749, "8713907.0--9216629.0": 0.8149050289430092, "8713907.0--9308630.0": 0.7904222569152082, "8713907.0--9308624.0": 0.7764303800001303, "8713907.0--9219240.0": 0.810683602041152, "8713907.0--9216630.0": 0.8147059641279809, "8713907.0--9217981.0": 0.8259865099427144, "8713907.0--9224153.0": 0.787425666127064, "8713907.0--9286505.0": 0.7992506992514115, "8713907.0--9216512.0": 0.808984553288673, "8713907.0--9216579.0": 0.8150932729070128, "8713907.0--9222249.0": 0.8290193724387672, "8713907.0--9222367.0": 0.7961988573351125, "8713907.0--9222325.0": 0.7853825671158726, "8713907.0--9222510.0": 0.7862437429988751, "8713907.0--9246250.0": 0.8002317772633613, "8713907.0--9308627.0": 0.8268608452463324, "8713907.0--9224186.0": 0.8504821519029985, "8713907.0--9229232.0": 0.786095472225916, "8713907.0--9226404.0": 0.7903058831926086, "8713907.0--9308631.0": 0.8026562914036156, "8713907.0--9222255.0": 0.8146192363050064, "8713907.0--9222261.0": 0.8117597589154597, "8713907.0--9222338.0": 0.790320999180613, "8713907.0--9222284.0": 0.8112681221422746, "8713907.0--9230430.0": 0.8139563397678918, "8713907.0--9308622.0": 0.7663732752865255, "8713907.0--9286903.0": 0.7566390095530358, "8713907.0--9234473.0": 0.8154949384421735, "8713907.0--9241426.0": 0.8506163099061056, "8713907.0--9222269.0": 0.8270210878408963, "8713907.0--9237999.0": 0.8060747811711738, "8713907.0--9222072.0": 0.8404153377844092,