{"8440854.0--8454344.0": 0.8982273742192584, "8454344.0--8454346.0": 0.78301535333017, "8440827.0--8454344.0": 0.7971044327369663, "8440836.0--8454344.0": 0.8006824014527534, "8440844.0--8454344.0": 0.7997527807347508, "8440808.0--8454344.0": 0.8225088636972632, "8440837.0--8454344.0": 0.8073399061531819, "8440858.0--8454344.0": 0.7849494141661181, "8440820.0--8454344.0": 0.802839604511674, "8440833.0--8454344.0": 0.7836031532372337, "8444072.0--8454344.0": 0.8209671786977377, "8440812.0--8454344.0": 0.8257856771086632, "8440809.0--8454344.0": 0.8057101274162651, "8454344.0--8454904.0": 0.8062937719437823, "8440846.0--8454344.0": 0.8330176260593342, "8440830.0--8454344.0": 0.7813030829859449, "8444077.0--8454344.0": 0.7744418232033448, "8440847.0--8454344.0": 0.8194631180954578, "8440849.0--8454344.0": 0.7957105054145925, "8443124.0--8454344.0": 0.8680166329786214, "8440843.0--8454344.0": 0.8068379902218101, "8454344.0--8807265.0": 0.7993164418018411, "8454344.0--8816695.0": 0.8085756345874799, "8454344.0--8805426.0": 0.7979615142371255, "8454344.0--8805421.0": 0.8093647894348297, "8454344.0--8812684.0": 0.7741507732949813, "8454344.0--8805461.0": 0.800353914781682, "8454344.0--8807255.0": 0.7957139024154924, "8454344.0--8805460.0": 0.7648582546490343, "8454344.0--8807292.0": 0.7980684279106068, "8454344.0--8807354.0": 0.8092685648445016, "8454344.0--8809711.0": 0.7821158869604309, "8454344.0--8805422.0": 0.767094732626308, "8454344.0--8805424.0": 0.7766572982770868, "8454344.0--8794517.0": 0.8039890706026245, "8454344.0--8805451.0": 0.7875346078663086, "8454344.0--8807223.0": 0.7675197212024527, "8454344.0--8794560.0": 0.8606269377420727, "8454344.0--8481543.0": 0.8427306119940036, "8454344.0--8802285.0": 0.7834970733658118, "8454344.0--8807245.0": 0.8486980030559514, "8454344.0--8805456.0": 0.7908918242587203, "8454344.0--8827944.0": 0.7573309695002222, "8454344.0--8807296.0": 0.7973470167666603, "8454344.0--8827951.0": 0.7839202597909207, "8454344.0--8854335.0": 0.8347683347142603, "8454344.0--8805446.0": 0.8163470020936294, "8454344.0--8805436.0": 0.8268455110612283, "8454344.0--8805433.0": 0.774200637727359, "8454344.0--8546802.0": 0.8463766437825138, "8454344.0--8805427.0": 0.7761379109297355, "8454344.0--8836120.0": 0.8035595543616578, "8454344.0--8794768.0": 0.8090445063036029, "8454344.0--8809750.0": 0.8161559460764165, "8454344.0--8820172.0": 0.8630036607490958, "8454344.0--8476234.0": 0.812146066308123, "8454344.0--8807314.0": 0.7871901847549935, "8454344.0--8794520.0": 0.8418091498120029, "8454344.0--8805452.0": 0.8335129470202931, "8454344.0--8805462.0": 0.7848402728324098, "8454344.0--8807275.0": 0.8414506842274062, "8419285.0--8454344.0": 0.8288783778024138, "8454344.0--8807379.0": 0.8378553893916278, "8454344.0--8807234.0": 0.8529287791301722, "8423100.0--8454344.0": 0.8306412821498887, "8454344.0--8805455.0": 0.7711221409387783, "8454344.0--8727493.0": 0.7488551973588224, "8454344.0--8807369.0": 0.7539667534587494, "8454344.0--8532319.0": 0.7917238278923588, "8419325.0--8454344.0": 0.8027199499807658, "8454344.0--8805430.0": 0.7804896651732691, "8454344.0--8807301.0": 0.7885757677442086, "8454344.0--8713940.0": 0.8078328670660455, "8454344.0--8637795.0": 0.8197165670500295, "7999244.0--8454344.0": 0.8182816561788547, "8454344.0--8805439.0": 0.8126393219084007, "8454344.0--8805428.0": 0.8338736186042732, "8454344.0--8809223.0": 0.851034456084957, "8454344.0--8795584.0": 0.8167149043660774, "8454344.0--8807264.0": 0.8014291424071318, "8454344.0--8805431.0": 0.7685905982337528, "8453863.0--8454344.0": 0.8158256059986954, "8400404.0--8454344.0": 0.7948050995401859, "8454344.0--8809834.0": 0.8031441040731696, "8454344.0--8663447.0": 0.8264176236001721, "8454344.0--8807213.0": 0.8444394156467383, "8454344.0--8640251.0": 0.8050962914161448, "8454344.0--8807220.0": 0.8432839845478117, "8454344.0--8617736.0": 0.8016689505644388, "8454344.0--8617746.0": 0.799958925488555, "8454344.0--8640072.0": 0.8184128992215273, "8454344.0--8636208.0": 0.8551842846967928, "8454344.0--8805458.0": 0.784571198499412, "8454344.0--8807271.0": 0.8166314362413853, "8454344.0--8809678.0": 0.7775453245808372, "8454344.0--8807226.0": 0.8367192697906969, "8454344.0--8805467.0": 0.8224847991905675, "8454344.0--8611113.0": 0.8067810000345161, "8454344.0--8854316.0": 0.8150068288454195, "8454344.0--8794607.0": 0.7998955631123823, "8454344.0--8805418.0": 0.7661252458405016, "8454344.0--8836087.0": 0.8084314245518878, "8454344.0--8807283.0": 0.7865799917346687, "8454344.0--8820171.0": 0.8017173663836213, "8454344.0--8807288.0": 0.7588227916882174, "8454344.0--8807302.0": 0.7836704750985068, "8454344.0--8805466.0": 0.7883369160893032, "8454344.0--8807351.0": 0.7804996125712906, "8454344.0--8805420.0": 0.7815470101743793, "8454344.0--8807299.0": 0.805422574170076, "8454344.0--8812988.0": 0.8070593689693843, "8454344.0--8807294.0": 0.8173683252721032, "8454344.0--8805434.0": 0.8365339819504631, "8454344.0--8732351.0": 0.8251049535192058, "8454344.0--8807232.0": 0.7922277720874149, "8419271.0--8454344.0": 0.7916275236239619, "8454344.0--8625484.0": 0.8004017306665774, "8454344.0--8807349.0": 0.8141957427734562, "8454344.0--8809730.0": 0.8200960825321736, "8454344.0--8730513.0": 0.8200842543539494, "8454344.0--8809833.0": 0.8315694939595806, "8454344.0--8523628.0": 0.8079923109358481, "8434356.0--8454344.0": 0.8031939207664016, "8454344.0--8807303.0": 0.8687669093587057, "8454344.0--8811606.0": 0.8145352893406748, "8454344.0--8807244.0": 0.8117164521111908, "8454344.0--8490694.0": 0.829377569196471, "8454344.0--8809844.0": 0.8526999286294714, "8454344.0--8809850.0": 0.81989346924157, "8454344.0--8805445.0": 0.8012324608889502, "8412138.0--8454344.0": 0.8181002317259206, "8454344.0--8807247.0": 0.7926872931708406, "8454344.0--8848845.0": 0.795852135467499, "8454344.0--8695851.0": 0.8318076379589148, "8454344.0--8713907.0": 0.8319949722429634, "8454344.0--8809847.0": 0.845896434272416, "8454344.0--8727480.0": 0.830430634806263, "8454344.0--8706590.0": 0.8157651435772031, "8454344.0--8735916.0": 0.8159899282037977, "8454344.0--8474512.0": 0.8066774717529923, "8454344.0--8809845.0": 0.7676239300615758, "8454344.0--8540796.0": 0.8470208189959103, "8454344.0--8807233.0": 0.8207722223437413, "8454344.0--8617747.0": 0.786014781529875, "8454344.0--8474486.0": 0.7769371487564757, "8454344.0--8474516.0": 0.8150467398956798, "8454344.0--8663650.0": 0.7997189855595748, "8454344.0--8663646.0": 0.8152078914078846, "8454344.0--8794553.0": 0.8508586505926466, "8454344.0--8863966.0": 0.818502889656236, "8454344.0--8525340.0": 0.7698641681189069, "8454344.0--8805448.0": 0.7911827898709105, "8405549.0--8454344.0": 0.8186639157866489, "8454344.0--8611178.0": 0.8175761472321392, "8454344.0--8827593.0": 0.787285715159548, "8454344.0--8805463.0": 0.7766956705501138, "8454344.0--8805457.0": 0.7868795698078521, "8454344.0--8805442.0": 0.7911584158736302, "8454344.0--8807266.0": 0.812517626603013, "8454344.0--8813126.0": 0.8077197020912612, "8454344.0--8585103.0": 0.8106290147408274, "8454344.0--8807235.0": 0.78632948598155, "8454344.0--8585048.0": 0.8388262450371017, "8454344.0--8809843.0": 0.780603316060734, "8454344.0--8809842.0": 0.7880201805016831, "8454344.0--8842614.0": 0.7831946177043049, "8454344.0--8805441.0": 0.7531674230956033, "8454344.0--8809920.0": 0.7587693128619657, "8454344.0--8663312.0": 0.7749839647932841, "8454344.0--8477126.0": 0.830182261118542, "8454344.0--8807224.0": 0.8133187033218565, "8454344.0--8807355.0": 0.7779286786764734, "8454344.0--8807320.0": 0.8127568914146461, "8454344.0--8665933.0": 0.8011671474655321, "8454344.0--8845772.0": 0.8612779707077514, "8454344.0--8812989.0": 0.8054933143625012, "8454344.0--8636969.0": 0.8683689865210327, "8454344.0--8805450.0": 0.7912140739775302, "8454344.0--8807243.0": 0.8182339514456565, "8454344.0--8805443.0": 0.8150085368912274, "8454344.0--8673661.0": 0.8523086234087248, "8454344.0--8805419.0": 0.821226647323804,