{"8807280.0--8809742.0": 0.8250512079992114, "8807274.0--8809742.0": 0.8277250605162881, "8809742.0--9216586.0": 0.7538087208717946, "8809742.0--9237132.0": 0.8373448222698179, "8809742.0--9216572.0": 0.7742809111525913, "8809742.0--9217952.0": 0.8139064931360518, "8809742.0--9217931.0": 0.842482578618227, "8809742.0--9216507.0": 0.807324522424678, "8809742.0--9222368.0": 0.7832362880981584, "8809742.0--9220137.0": 0.7881418351667575, "8809742.0--9233460.0": 0.7693802013088524, "8809742.0--9222263.0": 0.7319044327165412, "8809742.0--9293003.0": 0.7697673354130691, "8809742.0--9222102.0": 0.8209383140426801, "8809742.0--9222323.0": 0.7819800021474425, "8809742.0--9222287.0": 0.7693317276446654, "8809742.0--9223736.0": 0.7951420203530397, "8809742.0--9224191.0": 0.7735812180504913, "8809742.0--9222251.0": 0.794435926574621, "8809742.0--9229242.0": 0.8082686436627577, "8809742.0--9282195.0": 0.7407662389887597, "8809742.0--9222098.0": 0.8268855279544848, "8809742.0--9234027.0": 0.7827352656495298, "8809742.0--9246308.0": 0.834837480008241, "8809742.0--9240072.0": 0.7825850171967963, "8809742.0--9222353.0": 0.7899685588097932, "8809742.0--9222293.0": 0.80936791234566, "8809742.0--9222089.0": 0.8012758750110437, "8809742.0--9228893.0": 0.7954534852720807, "8809742.0--9224192.0": 0.765607367914682, "8809742.0--9222289.0": 0.8188944251774876, "8809742.0--9222038.0": 0.7882892439690905, "8809742.0--9229072.0": 0.7785567521809381, "8809742.0--9222295.0": 0.8094101024700687, "8809742.0--9222342.0": 0.7903140299731151, "8809742.0--9241407.0": 0.7411072260901314, "8809742.0--9288884.0": 0.8059485694673044, "8809742.0--9222351.0": 0.7813007941047905, "8809742.0--9223669.0": 0.7974816888008271, "8809742.0--9222315.0": 0.7769590456700577, "8809742.0--9222335.0": 0.7971372274660729, "8809742.0--9222327.0": 0.8199241446634994, "8809742.0--9233469.0": 0.7790029394964172, "8809742.0--9226461.0": 0.7816460510494072, "8809742.0--9238508.0": 0.8242266954722118, "8809742.0--9222266.0": 0.7903346648146246, "8809742.0--9225008.0": 0.8187079584209948, "8809742.0--9290431.0": 0.8297715136208033, "8809742.0--9239918.0": 0.8301838036908427, "8809742.0--9231271.0": 0.7808451657021055, "8809742.0--9222313.0": 0.7986819332052271, "8809742.0--9231268.0": 0.795909894640697, "8809742.0--9222035.0": 0.7617936242311714, "8809742.0--9222091.0": 0.7970021418517982, "8809742.0--9229515.0": 0.7616170443798655, "8809742.0--9222301.0": 0.8211532459661803, "8809742.0--9222358.0": 0.7788825095373937, "8809742.0--9229135.0": 0.8419780376276214, "8809742.0--9222047.0": 0.799658961897998, "8809742.0--9222272.0": 0.8044423647466886, "8809742.0--9222110.0": 0.8053456955019643, "8809742.0--9222364.0": 0.8241411174672015, "8809742.0--9222088.0": 0.8036628725020726, "8809742.0--9216518.0": 0.8005568672702735, "8809742.0--9222309.0": 0.7964311392944319, "8809742.0--9216595.0": 0.7564722185785914, "8809742.0--9216538.0": 0.7491951579158338, "8809742.0--9216549.0": 0.7757579983927478, "8809742.0--9216559.0": 0.8001065081378662, "8809742.0--9222376.0": 0.7479732985242121, "8809742.0--9222374.0": 0.7818650369332907, "8809742.0--9224194.0": 0.7507196882069149, "8809742.0--9222254.0": 0.7618466286679533, "8809742.0--9222049.0": 0.749746700767624, "8809742.0--9222562.0": 0.7555820264666971, "8809742.0--9226126.0": 0.7659234832783808, "8809742.0--9240062.0": 0.8058431766630072, "8809742.0--9226101.0": 0.781459115756011, "8809742.0--9222377.0": 0.7673330304272755, "8809742.0--9233392.0": 0.7924254331531178, "8809742.0--9222093.0": 0.7717010479412042, "8809742.0--9224154.0": 0.7309978037234861, "8809742.0--9240061.0": 0.7499178601419029, "8809742.0--9222512.0": 0.7648985430019278, "8809742.0--9241413.0": 0.777072540837485, "8809742.0--9224646.0": 0.7474458735080082, "8809742.0--9222372.0": 0.7236850674360615, "8809742.0--9222253.0": 0.7594338320130596, "8809742.0--9222092.0": 0.7927487842178614, "8809742.0--9222271.0": 0.7761783708317938, "8809742.0--9230431.0": 0.7712893498442311, "8809742.0--9222076.0": 0.779688805225166, "8809742.0--9222053.0": 0.7591889151057444, "8809742.0--9216532.0": 0.8088631164549527, "8809742.0--9222085.0": 0.7857031818006357, "8809742.0--9216629.0": 0.8171405285827474, "8809742.0--9308630.0": 0.7750316094605695, "8809742.0--9308624.0": 0.7501849109979183, "8809742.0--9219240.0": 0.7921471567348781, "8809742.0--9216630.0": 0.781279737217276, "8809742.0--9217981.0": 0.806036296257215, "8809742.0--9224153.0": 0.801565781517159, "8809742.0--9286505.0": 0.7902269791198907, "8809742.0--9216512.0": 0.8213077449018771, "8809742.0--9216579.0": 0.7807318471209634, "8809742.0--9222249.0": 0.8186189684557984, "8809742.0--9222367.0": 0.7771330265034304, "8809742.0--9222325.0": 0.7610542308579716, "8809742.0--9222510.0": 0.7581837772017935, "8809742.0--9246250.0": 0.7784349489943342, "8809742.0--9308627.0": 0.81821162741404, "8809742.0--9224186.0": 0.8544781066403776, "8809742.0--9229232.0": 0.769340351225439, "8809742.0--9226404.0": 0.7655907062223989, "8809742.0--9308631.0": 0.7996704703994724, "8809742.0--9222255.0": 0.7777277418699364, "8809742.0--9222261.0": 0.7788437957143324, "8809742.0--9222338.0": 0.7976243714434306, "8809742.0--9222284.0": 0.809739703574011, "8809742.0--9230430.0": 0.8038787993433832, "8809742.0--9308622.0": 0.7656139825747903, "8809742.0--9286903.0": 0.7562372069454127, "8809742.0--9234473.0": 0.7481043206370768, "8809742.0--9241426.0": 0.8269605476269182, "8809742.0--9222269.0": 0.8079371180246926, "8809742.0--9237999.0": 0.7948105526189273, "8809742.0--9222072.0": 0.7988086665748787, "8809742.0--9224197.0": 0.78721891492527, "8809742.0--9246282.0": 0.7912547539255846, "8809742.0--9222314.0": 0.7962395095637602, "8809742.0--9222357.0": 0.8161812082632314, "8809742.0--9222086.0": 0.7776050770096861, "8809742.0--9222360.0": 0.8319649771087472, "8809742.0--9222065.0": 0.7563531905929124, "8809742.0--9228894.0": 0.8110352004242751, "8809742.0--9233264.0": 0.8085442839401916, "8809742.0--9222343.0": 0.745975480636944, "8809742.0--9308621.0": 0.7992632544505148, "8809742.0--9308625.0": 0.7823034055575226, "8809742.0--9241744.0": 0.8023024003538, "8809742.0--9308629.0": 0.8157158032607379, "8809742.0--9222068.0": 0.7646747428612091, "8809742.0--9222248.0": 0.7675677111534627, "8809742.0--9222274.0": 0.79359650658101, "8809742.0--9229116.0": 0.8085628307460495, "8809742.0--9233993.0": 0.7943524438407445, "8809742.0--9308623.0": 0.7819989123504233, "8809742.0--9222553.0": 0.7695024957560728, "8809742.0--9222341.0": 0.8202599015320386, "8809742.0--9222346.0": 0.8044802292517869, "8809742.0--9308628.0": 0.7940043254152168, "8809742.0--9222294.0": 0.8042638401894371, "8809742.0--9241732.0": 0.7808006076398473, "8809742.0--9222060.0": 0.8082772460816088, "8809742.0--9222280.0": 0.8197201900922849}