{"9224197.0--9246282.0": 0.7855257093320416, "9222314.0--9224197.0": 0.7725284820555434, "9222357.0--9224197.0": 0.7881071304438183, "9222086.0--9224197.0": 0.7812213645939503, "9222360.0--9224197.0": 0.8097929500723144, "9222065.0--9224197.0": 0.7555681710489083, "9224197.0--9228894.0": 0.8424014705730523, "9224197.0--9233264.0": 0.8044667672882932, "9222343.0--9224197.0": 0.7939630895474273, "9224197.0--9308621.0": 0.7745617128465407, "9224197.0--9308625.0": 0.8159270626079955, "9224197.0--9241744.0": 0.7904518603670562, "9224197.0--9308629.0": 0.8258006503944282, "9222068.0--9224197.0": 0.748204584195862, "9222248.0--9224197.0": 0.7754340096924129, "9222274.0--9224197.0": 0.7801321286372868, "9224197.0--9229116.0": 0.804914664084982, "9224197.0--9233993.0": 0.7994001058547939, "9224197.0--9308623.0": 0.772283144708404, "9222553.0--9224197.0": 0.7752060267295549, "9222341.0--9224197.0": 0.8291048152504816, "9222346.0--9224197.0": 0.811508372610247, "9224197.0--9308628.0": 0.8135958756373691, "9222294.0--9224197.0": 0.793380713472285, "9224197.0--9241732.0": 0.8037341249102264, "9222060.0--9224197.0": 0.8063004612178508, "9222280.0--9224197.0": 0.7873096595710924}