{"8440034.0--8454905.0": 0.7137203006541617, "8440034.0--8440039.0": 0.7766575327921462, "8440034.0--8440086.0": 0.7327446085449772, "8440034.0--8445644.0": 0.7777833838089576, "8440034.0--8494830.0": 0.7235261320042051, "8440034.0--8440038.0": 0.7904975783473521, "8440034.0--8440110.0": 0.7709092042994694, "8440034.0--8440109.0": 0.7354561982595653, "8440034.0--8453873.0": 0.7999271893632157, "8440034.0--8440115.0": 0.776762539335156, "8440034.0--8467383.0": 0.76443319032721, "8440034.0--8440120.0": 0.8060702400321595, "8440034.0--8440076.0": 0.7453249623976868, "8440034.0--8440043.0": 0.7756062900853733, "8440034.0--8467535.0": 0.7908286798338938, "8440034.0--8440121.0": 0.7901771857015243, "8440034.0--8440044.0": 0.7256183302238561, "8440034.0--8440089.0": 0.8028272707107273, "8440034.0--8440052.0": 0.8257760775464971, "8440034.0--8440085.0": 0.7748905246356627, "8440034.0--8440070.0": 0.7505026702816033, "8440034.0--8440048.0": 0.7856724626362794, "8440034.0--8440118.0": 0.794242121719207, "8440034.0--8440081.0": 0.7828309985740339, "8440034.0--8440102.0": 0.784772105120503, "8440034.0--8440080.0": 0.7428276867793363, "8440034.0--8440096.0": 0.7657424550624268, "8440034.0--8440124.0": 0.73113440005025, "8440034.0--8440063.0": 0.7406338715704569, "8440034.0--8440037.0": 0.7629074976448792, "8440034.0--8440040.0": 0.7750040743056643, "8440034.0--8440056.0": 0.7736567907819959, "8440034.0--8440116.0": 0.775137486108525, "8440034.0--8444102.0": 0.7894055958620374, "8440034.0--8440824.0": 0.8036807396015229, "8440034.0--8493612.0": 0.8032823042088861, "8440034.0--8440850.0": 0.7705794883396088, "8440034.0--8456856.0": 0.7643794715016883, "8440034.0--8447439.0": 0.7970430109971522, "8440034.0--8440805.0": 0.7607586523125676, "8440034.0--8440811.0": 0.7470105688440734, "8440034.0--8440856.0": 0.7902215368962863, "8440034.0--8440822.0": 0.7814208594177405, "8440034.0--8440828.0": 0.739287833294934, "8440034.0--8440851.0": 0.7639610480091871, "8440034.0--8457476.0": 0.7849577726617959, "8440034.0--8440848.0": 0.7008736116300469, "8440034.0--8440839.0": 0.7856418374717835, "8440034.0--8443395.0": 0.7141795792174421, "8440034.0--8440832.0": 0.7262849108514249, "8440034.0--8440816.0": 0.8130623078694738, "8440034.0--8440835.0": 0.7699348675316047, "8440034.0--8440818.0": 0.7818577583763067, "8440034.0--8440853.0": 0.7752659205168198, "8440034.0--8440840.0": 0.793053647593801, "8440034.0--8440857.0": 0.7886349799475327, "8440034.0--8449328.0": 0.7770173683768646, "8440034.0--8440829.0": 0.7724358582223866, "8440034.0--8440807.0": 0.73999199153407, "8440034.0--8440831.0": 0.7542987323750487, "8440034.0--8440852.0": 0.7368671897463748, "8440034.0--8440841.0": 0.7409964636855875, "8440034.0--8440859.0": 0.7683573999533799, "8440034.0--8440821.0": 0.7256654046689703, "8440034.0--8440842.0": 0.7459690872972609, "8440034.0--8443131.0": 0.7401401132831896, "8440034.0--8440815.0": 0.7527148079962296, "8440034.0--8500765.0": 0.7665093575942749, "8440034.0--8440804.0": 0.7530188485350896, "8440034.0--8454276.0": 0.750920336612706, "8440034.0--8464305.0": 0.7630952837725447, "8440034.0--8494828.0": 0.7737518858892962, "8440034.0--8440825.0": 0.7859269614997691, "8440034.0--8440814.0": 0.7598759470008667, "8440034.0--8440838.0": 0.7894695205189188, "8440034.0--8440855.0": 0.7723603140967914, "8440034.0--8454489.0": 0.7486382512158847, "8440034.0--8440834.0": 0.7397356766750923, "8440034.0--8440826.0": 0.7621201212657667, "8440034.0--8440823.0": 0.7640417684096992, "8440034.0--8440845.0": 0.7779691833550496, "8440034.0--8440810.0": 0.7415133849706378, "8440034.0--8440806.0": 0.7286304961414447, "8440034.0--8440817.0": 0.774793671944382, "8440034.0--8440813.0": 0.7573234268255615, "8440034.0--8443125.0": 0.7369431370254268, "8440034.0--8456575.0": 0.7815514520486637, "8440034.0--8440860.0": 0.7211173051227585, "8440034.0--8454343.0": 0.760474832623186, "8440034.0--8440803.0": 0.7349277710656226, "8440034.0--8454344.0": 0.7773819032173162, "8440034.0--8440854.0": 0.7564078105860388, "8440034.0--8454346.0": 0.762649449737461, "8440034.0--8440827.0": 0.7388466891893927, "8440034.0--8440836.0": 0.7460060791758233, "8440034.0--8440844.0": 0.7767266613416343, "8440034.0--8440808.0": 0.7567076002707014, "8440034.0--8440837.0": 0.8141741554722534, "8440034.0--8440858.0": 0.7137953496423168, "8440034.0--8440820.0": 0.7703031053256129, "8440034.0--8440833.0": 0.7527921501588423, "8440034.0--8444072.0": 0.7146072593206065, "8440034.0--8440812.0": 0.77314734630056, "8440034.0--8440809.0": 0.7734600708763576, "8440034.0--8454904.0": 0.768626171896382, "8440034.0--8440846.0": 0.7577639297190191, "8440034.0--8440830.0": 0.7233355862788642, "8440034.0--8444077.0": 0.7367487843324657, "8440034.0--8440847.0": 0.7778740848901681, "8440034.0--8440849.0": 0.7690122954579792, "8440034.0--8443124.0": 0.7590834695652452, "8440034.0--8440843.0": 0.795525213530951, "8440034.0--8807265.0": 0.7381230971667323, "8440034.0--8816695.0": 0.7363334167725785, "8440034.0--8805426.0": 0.781412751798899, "8440034.0--8805421.0": 0.7944087599530549, "8440034.0--8812684.0": 0.7337984848495968, "8440034.0--8805461.0": 0.7484852836425104, "8440034.0--8807255.0": 0.7571807235639085, "8440034.0--8805460.0": 0.7393789611524034, "8440034.0--8807292.0": 0.7501184094846426, "8440034.0--8807354.0": 0.7445451724041827, "8440034.0--8809711.0": 0.7464920248589392, "8440034.0--8805422.0": 0.7784680858771192, "8440034.0--8805424.0": 0.7179334146916448, "8440034.0--8794517.0": 0.8153944862519129, "8440034.0--8805451.0": 0.7989181612574406, "8440034.0--8807223.0": 0.77686818762293, "8440034.0--8794560.0": 0.7872019987932124, "8440034.0--8481543.0": 0.7780037814837144, "8440034.0--8802285.0": 0.7363074411563468, "8440034.0--8807245.0": 0.7798666108612895, "8440034.0--8805456.0": 0.7799934454740741, "8440034.0--8827944.0": 0.750891244358981, "8440034.0--8807296.0": 0.7808082711800135, "8440034.0--8827951.0": 0.7606055797050947, "8440034.0--8854335.0": 0.7690826226510774, "8440034.0--8805446.0": 0.8287744924146239, "8440034.0--8805436.0": 0.8045156490257377, "8440034.0--8805433.0": 0.7589881092629019, "8440034.0--8546802.0": 0.7831894772895476, "8440034.0--8805427.0": 0.7760297068704455, "8440034.0--8836120.0": 0.7749631665684678, "8440034.0--8794768.0": 0.7783304359911306, "8440034.0--8809750.0": 0.7766084367874202, "8440034.0--8820172.0": 0.7951701844345846, "8440034.0--8476234.0": 0.7528155004837616, "8440034.0--8807314.0": 0.7607420755155229, "8440034.0--8794520.0": 0.7964376958233017, "8440034.0--8805452.0": 0.7602758105614171, "8440034.0--8805462.0": 0.7526025942385246, "8440034.0--8807275.0": 0.7540822870619515, "8419285.0--8440034.0": 0.7848715621055387, "8440034.0--8807379.0": 0.766765558394933, "8440034.0--8807234.0": 0.7928616145022442, "8423100.0--8440034.0": 0.768926675730913, "8440034.0--8805455.0": 0.7868144527030152, "8440034.0--8727493.0": 0.7755181217097555, "8440034.0--8807369.0": 0.7467246552287418, "8440034.0--8532319.0": 0.7706955456137328, "8419325.0--8440034.0": 0.8189629065843583, "8440034.0--8805430.0": 0.7411565027088916, "8440034.0--8807301.0": 0.7451196133194018, "8440034.0--8713940.0": 0.7564838169251455, "8440034.0--8637795.0": 0.7626566333812137, "7999244.0--8440034.0": 0.7606185776716885, "8440034.0--8805439.0": 0.7519959748749264, "8440034.0--8805428.0": 0.7699822139747794, "8440034.0--8809223.0": 0.7543150989014498, "8440034.0--8795584.0": 0.7626535190582351, "8440034.0--8807264.0": 0.7686275981134035, "8440034.0--8805431.0": 0.7417570052643734, "8440034.0--8453863.0": 0.7850100987755434, "8400404.0--8440034.0": 0.7430336352829587, "8440034.0--8809834.0": 0.7489153845214434, "8440034.0--8663447.0": 0.7884541883621348, "8440034.0--8807213.0": 0.7656065645264835, "8440034.0--8640251.0": 0.7342141131317803, "8440034.0--8807220.0": 0.7573393098365738, "8440034.0--8617736.0": 0.7307524931017327, "8440034.0--8617746.0": 0.7309977843218116, "8440034.0--8640072.0": 0.7584278651164107,