{"8585658.0--8585669.0": 0.823552501632796, "8585658.0--8585665.0": 0.7867710069307017, "8585658.0--8585720.0": 0.8097647485340972, "8585658.0--8585733.0": 0.800365142973223, "8585658.0--8585721.0": 0.8127333683578125, "8454906.0--8585658.0": 0.7899103265957617, "8457259.0--8585658.0": 0.7954145443944458, "8440091.0--8585658.0": 0.7973138600520019, "8440097.0--8585658.0": 0.7747927282643534, "8440049.0--8585658.0": 0.7838210411795258, "8440034.0--8585658.0": 0.7587502073293068, "8454905.0--8585658.0": 0.7654833244129856, "8440039.0--8585658.0": 0.7823552049892931, "8440086.0--8585658.0": 0.7819039440641353, "8445644.0--8585658.0": 0.7846789322232411, "8494830.0--8585658.0": 0.773968464693489, "8440038.0--8585658.0": 0.7864124343588895, "8440110.0--8585658.0": 0.7922512027385991, "8440109.0--8585658.0": 0.7915237566790044, "8453873.0--8585658.0": 0.7535772785978491, "8440115.0--8585658.0": 0.790231868709881, "8467383.0--8585658.0": 0.7763001051549439, "8440120.0--8585658.0": 0.7831736627173661, "8440076.0--8585658.0": 0.767432319851808, "8440043.0--8585658.0": 0.7810354490512428, "8467535.0--8585658.0": 0.8332492349160381, "8440121.0--8585658.0": 0.8164637511852455, "8440044.0--8585658.0": 0.8003472064469432, "8440089.0--8585658.0": 0.7692533185601722, "8440052.0--8585658.0": 0.7785168860669858, "8440085.0--8585658.0": 0.8262581141294203, "8440070.0--8585658.0": 0.7822113295252686, "8440048.0--8585658.0": 0.8022603623683734, "8440118.0--8585658.0": 0.7818355767056422, "8440081.0--8585658.0": 0.7455180520026748, "8440102.0--8585658.0": 0.814388998411828, "8440080.0--8585658.0": 0.8001119176309669, "8440096.0--8585658.0": 0.7619563286466238, "8440124.0--8585658.0": 0.7698221439970112, "8440063.0--8585658.0": 0.795999019491761, "8440037.0--8585658.0": 0.7794673456439658, "8440040.0--8585658.0": 0.8087924514078627, "8440056.0--8585658.0": 0.777688066739494, "8440116.0--8585658.0": 0.8073700460734118, "8444102.0--8585658.0": 0.7710424255534125, "8440824.0--8585658.0": 0.7605400148563016, "8493612.0--8585658.0": 0.7517130313721788, "8440850.0--8585658.0": 0.815098284785881, "8456856.0--8585658.0": 0.8068814507968329, "8447439.0--8585658.0": 0.7813533535214994, "8440805.0--8585658.0": 0.770434849953867, "8440811.0--8585658.0": 0.8305206925696456, "8440856.0--8585658.0": 0.8071841527768155, "8440822.0--8585658.0": 0.7837566884469555, "8440828.0--8585658.0": 0.789907100834998, "8440851.0--8585658.0": 0.812662085506299, "8457476.0--8585658.0": 0.8119681621853508, "8440848.0--8585658.0": 0.7556276057232116, "8440839.0--8585658.0": 0.8075998602308105, "8443395.0--8585658.0": 0.7930662724165067, "8440832.0--8585658.0": 0.8080764913656397, "8440816.0--8585658.0": 0.8093152801831521, "8440835.0--8585658.0": 0.7819470878482375, "8440818.0--8585658.0": 0.8257460716239381, "8440853.0--8585658.0": 0.7780529104904205, "8440840.0--8585658.0": 0.7995701213499564, "8440857.0--8585658.0": 0.8267674818598303, "8449328.0--8585658.0": 0.8010367991132297, "8440829.0--8585658.0": 0.8026555550650601, "8440807.0--8585658.0": 0.7921966941339849, "8440831.0--8585658.0": 0.8162549082806722, "8440852.0--8585658.0": 0.8208943125721959, "8440841.0--8585658.0": 0.8243803606192622, "8440859.0--8585658.0": 0.7837487964593021, "8440821.0--8585658.0": 0.7946747820571609, "8440842.0--8585658.0": 0.8169203263600602, "8443131.0--8585658.0": 0.7842424846417766, "8440815.0--8585658.0": 0.8030779968998725, "8500765.0--8585658.0": 0.8228068683630804, "8440804.0--8585658.0": 0.7965308596430272, "8454276.0--8585658.0": 0.8093470241600679, "8464305.0--8585658.0": 0.7953708625762188, "8494828.0--8585658.0": 0.7993228396916615, "8440825.0--8585658.0": 0.8188802039598844, "8440814.0--8585658.0": 0.8074343018423826, "8440838.0--8585658.0": 0.8026826138389234, "8440855.0--8585658.0": 0.7940894187143249, "8454489.0--8585658.0": 0.8198015706210982, "8440834.0--8585658.0": 0.781426028519717, "8440826.0--8585658.0": 0.8104131263628535, "8440823.0--8585658.0": 0.8109626616107275, "8440845.0--8585658.0": 0.7611059309357014, "8440810.0--8585658.0": 0.8268568088024266, "8440806.0--8585658.0": 0.790180556648325, "8440817.0--8585658.0": 0.767013451577109, "8440813.0--8585658.0": 0.8014436902847787, "8443125.0--8585658.0": 0.7847533853057598, "8456575.0--8585658.0": 0.8063555009483012, "8440860.0--8585658.0": 0.8262790799822928, "8454343.0--8585658.0": 0.8124441404640316, "8440803.0--8585658.0": 0.7953894829983307, "8454344.0--8585658.0": 0.808319294634217, "8440854.0--8585658.0": 0.827472173966019, "8454346.0--8585658.0": 0.7650944318416919, "8440827.0--8585658.0": 0.7857016380514272, "8440836.0--8585658.0": 0.8065878554981198, "8440844.0--8585658.0": 0.7966477858467287, "8440808.0--8585658.0": 0.8251035701595266, "8440837.0--8585658.0": 0.8223756311174041, "8440858.0--8585658.0": 0.783575735913149, "8440820.0--8585658.0": 0.7778103502275664, "8440833.0--8585658.0": 0.7851478710051989, "8444072.0--8585658.0": 0.7992131242389157, "8440812.0--8585658.0": 0.8174278334020803, "8440809.0--8585658.0": 0.8060204430617612, "8454904.0--8585658.0": 0.8140302449634791, "8440846.0--8585658.0": 0.8122623848971791, "8440830.0--8585658.0": 0.8001958294225087, "8444077.0--8585658.0": 0.7969591275345919, "8440847.0--8585658.0": 0.8054055601334208, "8440849.0--8585658.0": 0.7869185544592523, "8443124.0--8585658.0": 0.8004232139458589, "8440843.0--8585658.0": 0.7662814877953662, "8585658.0--8807265.0": 0.8069038651656772, "8585658.0--8816695.0": 0.8066400498117514, "8585658.0--8805426.0": 0.795566262613119, "8585658.0--8805421.0": 0.8215590103824431, "8585658.0--8812684.0": 0.7787293352978584, "8585658.0--8805461.0": 0.7843452848998523, "8585658.0--8807255.0": 0.8059025741932959, "8585658.0--8805460.0": 0.7807060881314464, "8585658.0--8807292.0": 0.8054611115116231, "8585658.0--8807354.0": 0.8122130221344784, "8585658.0--8809711.0": 0.7974577451995677, "8585658.0--8805422.0": 0.8040464468898444, "8585658.0--8805424.0": 0.7923803067618502, "8585658.0--8794517.0": 0.7670355181404587, "8585658.0--8805451.0": 0.7731178381596904, "8585658.0--8807223.0": 0.7695901873862407, "8585658.0--8794560.0": 0.7819785597891891, "8481543.0--8585658.0": 0.768895823989077, "8585658.0--8802285.0": 0.7784142497516737, "8585658.0--8807245.0": 0.7799834520823807, "8585658.0--8805456.0": 0.7685031035556154, "8585658.0--8827944.0": 0.7755369665084896, "8585658.0--8807296.0": 0.7908165776447145, "8585658.0--8827951.0": 0.7698742923787534, "8585658.0--8854335.0": 0.8021320104392109, "8585658.0--8805446.0": 0.7781547552145702, "8585658.0--8805436.0": 0.7955842971759238, "8585658.0--8805433.0": 0.7891765760035706, "8546802.0--8585658.0": 0.8371779468052062, "8585658.0--8805427.0": 0.7668206625204546, "8585658.0--8836120.0": 0.7768573232455915, "8585658.0--8794768.0": 0.773211882951568, "8585658.0--8809750.0": 0.765980017785426, "8585658.0--8820172.0": 0.8263152418957724, "8476234.0--8585658.0": 0.8143224116214575, "8585658.0--8807314.0": 0.7751802802888602, "8585658.0--8794520.0": 0.8242329543996415, "8585658.0--8805452.0": 0.7848872646909103, "8585658.0--8805462.0": 0.8033005462274723, "8585658.0--8807275.0": 0.7882872764716595, "8419285.0--8585658.0": 0.7758546494605663, "8585658.0--8807379.0": 0.7712970492194792, "8585658.0--8807234.0": 0.8052481050000846, "8423100.0--8585658.0": 0.7936413615259278, "8585658.0--8805455.0": 0.7604614176525182, "8585658.0--8727493.0": 0.7717333835833544, "8585658.0--8807369.0": 0.7640733685407162, "8532319.0--8585658.0": 0.7754817586977678, "8419325.0--8585658.0": 0.7909002715532913, "8585658.0--8805430.0": 0.7945523723731995, "8585658.0--8807301.0": 0.8012391008875653, "8585658.0--8713940.0": 0.8018425867241386, "8585658.0--8637795.0": 0.8114711020567416, "7999244.0--8585658.0": 0.8091400932002756, "8585658.0--8805439.0": 0.7984082057802367, "8585658.0--8805428.0": 0.8169101955883415, "8585658.0--8809223.0": 0.8208915272244112, "8585658.0--8795584.0": 0.8400965610204931, "8585658.0--8807264.0": 0.8102557253338589,