{"9222263.0--9233460.0": 0.7417403832549548, "9233460.0--9293003.0": 0.7873249402096976, "9222102.0--9233460.0": 0.7992878861234669, "9222323.0--9233460.0": 0.7694273130796018, "9222287.0--9233460.0": 0.7975430476902785, "9223736.0--9233460.0": 0.7698132155154308, "9224191.0--9233460.0": 0.7838258273468989, "9222251.0--9233460.0": 0.7788686247656448, "9229242.0--9233460.0": 0.8000095589460843, "9233460.0--9282195.0": 0.7448144873374484, "9222098.0--9233460.0": 0.8039464908642482, "9233460.0--9234027.0": 0.7640843532496804, "9233460.0--9246308.0": 0.8164780932151675, "9233460.0--9240072.0": 0.7788148551638989, "9222353.0--9233460.0": 0.7683693833411191, "9222293.0--9233460.0": 0.7933111361516737, "9222089.0--9233460.0": 0.8012511337376709, "9228893.0--9233460.0": 0.787091442234922, "9224192.0--9233460.0": 0.7736252673881658, "9222289.0--9233460.0": 0.7832420415537645, "9222038.0--9233460.0": 0.7729788040269726, "9229072.0--9233460.0": 0.7768454934207298, "9222295.0--9233460.0": 0.7894208488185895, "9222342.0--9233460.0": 0.7810281091203093, "9233460.0--9241407.0": 0.7516970024399491, "9233460.0--9288884.0": 0.7884072196551152, "9222351.0--9233460.0": 0.7635676061844021, "9223669.0--9233460.0": 0.7896029683470255, "9222315.0--9233460.0": 0.7725995772524428, "9222335.0--9233460.0": 0.7680211547894222, "9222327.0--9233460.0": 0.7651573798690887, "9233460.0--9233469.0": 0.7699993374621766, "9226461.0--9233460.0": 0.7736938597740048, "9233460.0--9238508.0": 0.7959331951743117, "9222266.0--9233460.0": 0.7696300688882443, "9225008.0--9233460.0": 0.8215449108723705, "9233460.0--9290431.0": 0.7725040221222972, "9233460.0--9239918.0": 0.7829050075606162, "9231271.0--9233460.0": 0.7698886279813653, "9222313.0--9233460.0": 0.786192941711267, "9231268.0--9233460.0": 0.7814033714214761, "9222035.0--9233460.0": 0.7539187969540646, "9222091.0--9233460.0": 0.7967813286846989, "9229515.0--9233460.0": 0.7828367305087383, "9222301.0--9233460.0": 0.7702193782912825, "9222358.0--9233460.0": 0.7847545343127138, "9229135.0--9233460.0": 0.7954332999969738, "9222047.0--9233460.0": 0.7582773160367745, "9222272.0--9233460.0": 0.784022041779594, "9222110.0--9233460.0": 0.8020169772815822, "9222364.0--9233460.0": 0.7865045403628397, "9222088.0--9233460.0": 0.791040805766905, "9216518.0--9233460.0": 0.8057163038536602, "9222309.0--9233460.0": 0.7878276251531109, "9216595.0--9233460.0": 0.7574771799804019, "9216538.0--9233460.0": 0.7758306564578588, "9216549.0--9233460.0": 0.7582049471861794, "9216559.0--9233460.0": 0.7841609553768455, "9222376.0--9233460.0": 0.7556559296087569, "9222374.0--9233460.0": 0.8006497236260487, "9224194.0--9233460.0": 0.7662105753702086, "9222254.0--9233460.0": 0.7772866229410219, "9222049.0--9233460.0": 0.7561349192072804, "9222562.0--9233460.0": 0.7767957758283929, "9226126.0--9233460.0": 0.7524406263477501, "9233460.0--9240062.0": 0.7783049556962103, "9226101.0--9233460.0": 0.7616448522426869, "9222377.0--9233460.0": 0.7732983924613179, "9233392.0--9233460.0": 0.7843229032011791, "9222093.0--9233460.0": 0.7649562739594309, "9224154.0--9233460.0": 0.7341657385631155, "9233460.0--9240061.0": 0.779616586637903, "9222512.0--9233460.0": 0.7663033032995824, "9233460.0--9241413.0": 0.8192960297336868, "9224646.0--9233460.0": 0.7599330424957845, "9222372.0--9233460.0": 0.7316843768726545, "9222253.0--9233460.0": 0.7680544093624949, "9222092.0--9233460.0": 0.7989168174780079, "9222271.0--9233460.0": 0.7588926439387483, "9230431.0--9233460.0": 0.765642860142134, "9222076.0--9233460.0": 0.7899237637364313, "9222053.0--9233460.0": 0.7811417454989014, "9216532.0--9233460.0": 0.8235886844906711, "9222085.0--9233460.0": 0.7658181728955892, "9216629.0--9233460.0": 0.7918650059110366, "9233460.0--9308630.0": 0.7595669171829276, "9233460.0--9308624.0": 0.7537746747054038, "9219240.0--9233460.0": 0.758644896653734, "9216630.0--9233460.0": 0.7470085200560718, "9217981.0--9233460.0": 0.7812764043250047, "9224153.0--9233460.0": 0.7553497972540174, "9233460.0--9286505.0": 0.7811294357017999, "9216512.0--9233460.0": 0.7725910930344376, "9216579.0--9233460.0": 0.7597500295261297, "9222249.0--9233460.0": 0.7986310871957288, "9222367.0--9233460.0": 0.7602660757681277, "9222325.0--9233460.0": 0.7464274208225175, "9222510.0--9233460.0": 0.732273200703574, "9233460.0--9246250.0": 0.7989942281300066, "9233460.0--9308627.0": 0.8114054775178885, "9224186.0--9233460.0": 0.8067925487327481, "9229232.0--9233460.0": 0.7665322588281192, "9226404.0--9233460.0": 0.7642509480160977, "9233460.0--9308631.0": 0.7880721769117184, "9222255.0--9233460.0": 0.7500035189399916, "9222261.0--9233460.0": 0.794359376910383, "9222338.0--9233460.0": 0.7551556093552595, "9222284.0--9233460.0": 0.7698391082155988, "9230430.0--9233460.0": 0.7767171890732887, "9233460.0--9308622.0": 0.7550111563065587, "9233460.0--9286903.0": 0.7509612843793408, "9233460.0--9234473.0": 0.7812351180592416, "9233460.0--9241426.0": 0.7969003473200419, "9222269.0--9233460.0": 0.7596930420350783, "9233460.0--9237999.0": 0.7879147831756964, "9222072.0--9233460.0": 0.7796266846528825, "9224197.0--9233460.0": 0.7703454256658602, "9233460.0--9246282.0": 0.7817412892997564, "9222314.0--9233460.0": 0.7682646950962859, "9222357.0--9233460.0": 0.8006617198257069, "9222086.0--9233460.0": 0.7617997856623074, "9222360.0--9233460.0": 0.7922447628600631, "9222065.0--9233460.0": 0.7530693247542615, "9228894.0--9233460.0": 0.8044256026681254, "9233264.0--9233460.0": 0.7849323158627638, "9222343.0--9233460.0": 0.7323249404080956, "9233460.0--9308621.0": 0.7848871115927212, "9233460.0--9308625.0": 0.8039133838980875, "9233460.0--9241744.0": 0.7701554130466636, "9233460.0--9308629.0": 0.7891445366770882, "9222068.0--9233460.0": 0.787928724488982, "9222248.0--9233460.0": 0.7880138504724201, "9222274.0--9233460.0": 0.7657204092074124, "9229116.0--9233460.0": 0.8229425199100252, "9233460.0--9233993.0": 0.7838547310726796, "9233460.0--9308623.0": 0.7872191370528405, "9222553.0--9233460.0": 0.7752890882365842, "9222341.0--9233460.0": 0.790080805145995, "9222346.0--9233460.0": 0.8006949634937262, "9233460.0--9308628.0": 0.7699789714848786, "9222294.0--9233460.0": 0.8018876561127324, "9233460.0--9241732.0": 0.8005681021134607, "9222060.0--9233460.0": 0.7805181947228913, "9222280.0--9233460.0": 0.7921908786527423}