{"9222110.0--9222272.0": 0.7852199014644905, "9222272.0--9222364.0": 0.8077013575699827, "9222088.0--9222272.0": 0.7978221899885722, "9216518.0--9222272.0": 0.822355501559689, "9222272.0--9222309.0": 0.7698118121431836, "9216595.0--9222272.0": 0.7733945146919999, "9216538.0--9222272.0": 0.7554076324753677, "9216549.0--9222272.0": 0.786739239437585, "9216559.0--9222272.0": 0.8242792639729976, "9222272.0--9222376.0": 0.7779265913571723, "9222272.0--9222374.0": 0.7987736936567829, "9222272.0--9224194.0": 0.7889465279950111, "9222254.0--9222272.0": 0.7813203449750626, "9222049.0--9222272.0": 0.7637263384200187, "9222272.0--9222562.0": 0.777997631099439, "9222272.0--9226126.0": 0.7827766068662708, "9222272.0--9240062.0": 0.8382812387494434, "9222272.0--9226101.0": 0.7744385319032621, "9222272.0--9222377.0": 0.7564233733677557, "9222272.0--9233392.0": 0.791610568740099, "9222093.0--9222272.0": 0.7778838911411634, "9222272.0--9224154.0": 0.7446382351934964, "9222272.0--9240061.0": 0.7675728940409471, "9222272.0--9222512.0": 0.7827351707150016, "9222272.0--9241413.0": 0.7819400966556638, "9222272.0--9224646.0": 0.7813156887952716, "9222272.0--9222372.0": 0.7561330621016914, "9222253.0--9222272.0": 0.7802329458825801, "9222092.0--9222272.0": 0.8105866150569081, "9222271.0--9222272.0": 0.7997007495406877, "9222272.0--9230431.0": 0.7972385164604945, "9222076.0--9222272.0": 0.8077449981064517, "9222053.0--9222272.0": 0.7977129182020799, "9216532.0--9222272.0": 0.7986829486001817, "9222085.0--9222272.0": 0.7794338818303163, "9216629.0--9222272.0": 0.8339289973204118, "9222272.0--9308630.0": 0.7875371277803445, "9222272.0--9308624.0": 0.7931930131081475, "9219240.0--9222272.0": 0.8324725018837434, "9216630.0--9222272.0": 0.8278734250964739, "9217981.0--9222272.0": 0.7885522871973311, "9222272.0--9224153.0": 0.7974920680208519, "9222272.0--9286505.0": 0.7818850722750654, "9216512.0--9222272.0": 0.8265585104635239, "9216579.0--9222272.0": 0.7985033637769934, "9222249.0--9222272.0": 0.7984208564353068, "9222272.0--9222367.0": 0.7670344944205032, "9222272.0--9222325.0": 0.8023255930552518, "9222272.0--9222510.0": 0.8033621010624483, "9222272.0--9246250.0": 0.7853794368172443, "9222272.0--9308627.0": 0.8141036226671736, "9222272.0--9224186.0": 0.8385243386084562, "9222272.0--9229232.0": 0.827068106408337, "9222272.0--9226404.0": 0.7730583968904075, "9222272.0--9308631.0": 0.8081628579007962, "9222255.0--9222272.0": 0.8357146420693573, "9222261.0--9222272.0": 0.7782092261917497, "9222272.0--9222338.0": 0.8215137746309171, "9222272.0--9222284.0": 0.8478287265847044, "9222272.0--9230430.0": 0.8297044117855785, "9222272.0--9308622.0": 0.7626809876463776, "9222272.0--9286903.0": 0.7242071083606617, "9222272.0--9234473.0": 0.7655391625923432, "9222272.0--9241426.0": 0.8140518535185733, "9222269.0--9222272.0": 0.811952889811203, "9222272.0--9237999.0": 0.8232535679151647, "9222072.0--9222272.0": 0.7909623083790179, "9222272.0--9224197.0": 0.7792031039462559, "9222272.0--9246282.0": 0.8215029209825122, "9222272.0--9222314.0": 0.7611325486469599, "9222272.0--9222357.0": 0.793832645716222, "9222086.0--9222272.0": 0.8084151598351322, "9222272.0--9222360.0": 0.8458886799513988, "9222065.0--9222272.0": 0.7915561279100852, "9222272.0--9228894.0": 0.8291839414663862, "9222272.0--9233264.0": 0.8496002470256969, "9222272.0--9222343.0": 0.7989057702107274, "9222272.0--9308621.0": 0.7762172636574682, "9222272.0--9308625.0": 0.8047871769038728, "9222272.0--9241744.0": 0.7994460859697856, "9222272.0--9308629.0": 0.8081793674179766, "9222068.0--9222272.0": 0.7716154233248476, "9222248.0--9222272.0": 0.7801742303588701, "9222272.0--9222274.0": 0.7877511134723213, "9222272.0--9229116.0": 0.8225415310650691, "9222272.0--9233993.0": 0.8398172232153636, "9222272.0--9308623.0": 0.7879365907228101, "9222272.0--9222553.0": 0.7840150432949717, "9222272.0--9222341.0": 0.8199502202207505, "9222272.0--9222346.0": 0.7941623482974833, "9222272.0--9308628.0": 0.8060680371139621, "9222272.0--9222294.0": 0.7991009011543008, "9222272.0--9241732.0": 0.7884910197294397, "9222060.0--9222272.0": 0.8178550283855011, "9222272.0--9222280.0": 0.8237162774713133}