{"9222035.0--9222091.0": 0.7907540998877212, "9222035.0--9229515.0": 0.727272116210186, "9222035.0--9222301.0": 0.7952046778303001, "9222035.0--9222358.0": 0.7847826386643941, "9222035.0--9229135.0": 0.7773454082647824, "9222035.0--9222047.0": 0.7848113962240901, "9222035.0--9222272.0": 0.7656271408313086, "9222035.0--9222110.0": 0.7933294266699896, "9222035.0--9222364.0": 0.7715663720416561, "9222035.0--9222088.0": 0.7803447917539743, "9216518.0--9222035.0": 0.7711859877456502, "9222035.0--9222309.0": 0.7553410995791573, "9216595.0--9222035.0": 0.7932063235029373, "9216538.0--9222035.0": 0.7736858160351286, "9216549.0--9222035.0": 0.7998377403183882, "9216559.0--9222035.0": 0.7721187299524271, "9222035.0--9222376.0": 0.7340554143107265, "9222035.0--9222374.0": 0.8187770533970409, "9222035.0--9224194.0": 0.7681883754379042, "9222035.0--9222254.0": 0.78855317998914, "9222035.0--9222049.0": 0.7784565414538722, "9222035.0--9222562.0": 0.7571250066076386, "9222035.0--9226126.0": 0.7836742768870065, "9222035.0--9240062.0": 0.7623283527324336, "9222035.0--9226101.0": 0.7810498484846733, "9222035.0--9222377.0": 0.7473785229512055, "9222035.0--9233392.0": 0.7743917179223279, "9222035.0--9222093.0": 0.7941187141288123, "9222035.0--9224154.0": 0.7654358120865201, "9222035.0--9240061.0": 0.7616195075598968, "9222035.0--9222512.0": 0.7835133710375743, "9222035.0--9241413.0": 0.7524908358805187, "9222035.0--9224646.0": 0.7997589948122354, "9222035.0--9222372.0": 0.7362818674585967, "9222035.0--9222253.0": 0.8074031924371724, "9222035.0--9222092.0": 0.7705976851622941, "9222035.0--9222271.0": 0.7820309802139416, "9222035.0--9230431.0": 0.7790379687831215, "9222035.0--9222076.0": 0.7839583746872716, "9222035.0--9222053.0": 0.7712295022407826, "9216532.0--9222035.0": 0.7736463996432585, "9222035.0--9222085.0": 0.7761811822721492, "9216629.0--9222035.0": 0.7581154224125323, "9222035.0--9308630.0": 0.7409402747303764, "9222035.0--9308624.0": 0.7579935302838929, "9219240.0--9222035.0": 0.7521389105390632, "9216630.0--9222035.0": 0.7628603930340099, "9217981.0--9222035.0": 0.7639211104890571, "9222035.0--9224153.0": 0.7661666109915121, "9222035.0--9286505.0": 0.7517249896512009, "9216512.0--9222035.0": 0.798730057319743, "9216579.0--9222035.0": 0.744919151398875, "9222035.0--9222249.0": 0.7520758620913868, "9222035.0--9222367.0": 0.7378096762996587, "9222035.0--9222325.0": 0.7389002329427973, "9222035.0--9222510.0": 0.7755216765696363, "9222035.0--9246250.0": 0.8072592289705913, "9222035.0--9308627.0": 0.7856208176942373, "9222035.0--9224186.0": 0.7700392246134954, "9222035.0--9229232.0": 0.734546527278995, "9222035.0--9226404.0": 0.7705736025845648, "9222035.0--9308631.0": 0.7878775986344827, "9222035.0--9222255.0": 0.7525374792131051, "9222035.0--9222261.0": 0.7783448173455664, "9222035.0--9222338.0": 0.7574528090620689, "9222035.0--9222284.0": 0.7717042518658177, "9222035.0--9230430.0": 0.7591330563920212, "9222035.0--9308622.0": 0.7593170613883036, "9222035.0--9286903.0": 0.7251757225943727, "9222035.0--9234473.0": 0.7474605512171375, "9222035.0--9241426.0": 0.765743037123819, "9222035.0--9222269.0": 0.8232577514660578, "9222035.0--9237999.0": 0.7877167520728785, "9222035.0--9222072.0": 0.8033238424147539, "9222035.0--9224197.0": 0.7568316954080669, "9222035.0--9246282.0": 0.7610533872815087, "9222035.0--9222314.0": 0.7267234629462209, "9222035.0--9222357.0": 0.7737365171602449, "9222035.0--9222086.0": 0.7388280028425459, "9222035.0--9222360.0": 0.7968822373206405, "9222035.0--9222065.0": 0.8041792475405221, "9222035.0--9228894.0": 0.7920057663483265, "9222035.0--9233264.0": 0.7847605959794649, "9222035.0--9222343.0": 0.7557500867511522, "9222035.0--9308621.0": 0.771846764067894, "9222035.0--9308625.0": 0.8028087436283226, "9222035.0--9241744.0": 0.7581454497065553, "9222035.0--9308629.0": 0.7893996756313457, "9222035.0--9222068.0": 0.7406885811819219, "9222035.0--9222248.0": 0.796651780655151, "9222035.0--9222274.0": 0.7672003394369564, "9222035.0--9229116.0": 0.7683227695636121, "9222035.0--9233993.0": 0.7478750653751692, "9222035.0--9308623.0": 0.7756808399653967, "9222035.0--9222553.0": 0.7833260241873262, "9222035.0--9222341.0": 0.805142204449776, "9222035.0--9222346.0": 0.7643713338245295, "9222035.0--9308628.0": 0.7739392186558262, "9222035.0--9222294.0": 0.7688738951871363, "9222035.0--9241732.0": 0.7392679690383634, "9222035.0--9222060.0": 0.7834990731615811, "9222035.0--9222280.0": 0.7735716714276843}