{"9222327.0--9233469.0": 0.8061485808809987, "9222327.0--9226461.0": 0.7975377217305716, "9222327.0--9238508.0": 0.8484542866516795, "9222266.0--9222327.0": 0.7657353685222913, "9222327.0--9225008.0": 0.8173295259644546, "9222327.0--9290431.0": 0.8069668890123788, "9222327.0--9239918.0": 0.8800392901464862, "9222327.0--9231271.0": 0.7605984457554283, "9222313.0--9222327.0": 0.7756719187097341, "9222327.0--9231268.0": 0.7641813774046735, "9222035.0--9222327.0": 0.7677235478314892, "9222091.0--9222327.0": 0.802144505508368, "9222327.0--9229515.0": 0.7561554554009275, "9222301.0--9222327.0": 0.7871259513152344, "9222327.0--9222358.0": 0.8062512451104328, "9222327.0--9229135.0": 0.8418026382248796, "9222047.0--9222327.0": 0.8321438025444512, "9222272.0--9222327.0": 0.8145040535082821, "9222110.0--9222327.0": 0.7668844814736446, "9222327.0--9222364.0": 0.8260310168182627, "9222088.0--9222327.0": 0.8129767229073803, "9216518.0--9222327.0": 0.8072162318887119, "9222309.0--9222327.0": 0.7845529281765083, "9216595.0--9222327.0": 0.7560111184109435, "9216538.0--9222327.0": 0.7605789315694812, "9216549.0--9222327.0": 0.7857299226775742, "9216559.0--9222327.0": 0.8890205637463086, "9222327.0--9222376.0": 0.764357447024915, "9222327.0--9222374.0": 0.80713893272947, "9222327.0--9224194.0": 0.7738705377192713, "9222254.0--9222327.0": 0.7847264706214652, "9222049.0--9222327.0": 0.7910976269165166, "9222327.0--9222562.0": 0.7807843865970912, "9222327.0--9226126.0": 0.7667353888692469, "9222327.0--9240062.0": 0.800133936529278, "9222327.0--9226101.0": 0.7989564977288405, "9222327.0--9222377.0": 0.7752366132617299, "9222327.0--9233392.0": 0.8183607487698756, "9222093.0--9222327.0": 0.768704376183608, "9222327.0--9224154.0": 0.7698213678920325, "9222327.0--9240061.0": 0.7611852735445348, "9222327.0--9222512.0": 0.7811610346492042, "9222327.0--9241413.0": 0.7855627845794348, "9222327.0--9224646.0": 0.7890228102953398, "9222327.0--9222372.0": 0.7431773134070065, "9222253.0--9222327.0": 0.7995990776404813, "9222092.0--9222327.0": 0.8089593768714528, "9222271.0--9222327.0": 0.8309364849399116, "9222327.0--9230431.0": 0.7739163560051789, "9222076.0--9222327.0": 0.8139999974424507, "9222053.0--9222327.0": 0.7889528638381851, "9216532.0--9222327.0": 0.7930407408976011, "9222085.0--9222327.0": 0.771780677987249, "9216629.0--9222327.0": 0.796764643778105, "9222327.0--9308630.0": 0.7657212235878379, "9222327.0--9308624.0": 0.7754798019047777, "9219240.0--9222327.0": 0.8007942469091343, "9216630.0--9222327.0": 0.7831100198395367, "9217981.0--9222327.0": 0.811634954676075, "9222327.0--9224153.0": 0.7854948183523303, "9222327.0--9286505.0": 0.7895201001770168, "9216512.0--9222327.0": 0.7960509197994532, "9216579.0--9222327.0": 0.7772695139853963, "9222249.0--9222327.0": 0.800094399298816, "9222327.0--9222367.0": 0.7724136367301939, "9222325.0--9222327.0": 0.7605377380888568, "9222327.0--9222510.0": 0.7665516927215805, "9222327.0--9246250.0": 0.7857591812655452, "9222327.0--9308627.0": 0.7991236908093029, "9222327.0--9224186.0": 0.8294737194344338, "9222327.0--9229232.0": 0.768648966295992, "9222327.0--9226404.0": 0.8068282061265023, "9222327.0--9308631.0": 0.7890351153222919, "9222255.0--9222327.0": 0.8160444828787963, "9222261.0--9222327.0": 0.771310270750998, "9222327.0--9222338.0": 0.7799076090400772, "9222284.0--9222327.0": 0.8222581154411874, "9222327.0--9230430.0": 0.8205767726963132, "9222327.0--9308622.0": 0.733655264700892, "9222327.0--9286903.0": 0.7187350387890968, "9222327.0--9234473.0": 0.7640044973467317, "9222327.0--9241426.0": 0.8284184071731491, "9222269.0--9222327.0": 0.807834277188314, "9222327.0--9237999.0": 0.7944494957561933, "9222072.0--9222327.0": 0.7799233056985182, "9222327.0--9224197.0": 0.7733089761574955, "9222327.0--9246282.0": 0.7822663331699065, "9222314.0--9222327.0": 0.775652229569041, "9222327.0--9222357.0": 0.7831925344122341, "9222086.0--9222327.0": 0.7616411432496962, "9222327.0--9222360.0": 0.8011916915784385, "9222065.0--9222327.0": 0.7854366690612109, "9222327.0--9228894.0": 0.8243677331922289, "9222327.0--9233264.0": 0.8138785137142559, "9222327.0--9222343.0": 0.7720295514807937, "9222327.0--9308621.0": 0.7550592994648722, "9222327.0--9308625.0": 0.7956710556625064, "9222327.0--9241744.0": 0.7737563735513657, "9222327.0--9308629.0": 0.8028712349888294, "9222068.0--9222327.0": 0.7349152747342789, "9222248.0--9222327.0": 0.8241741754210129, "9222274.0--9222327.0": 0.7660892550296924, "9222327.0--9229116.0": 0.8068511748425001, "9222327.0--9233993.0": 0.7952431132832236, "9222327.0--9308623.0": 0.8083416039079153, "9222327.0--9222553.0": 0.7797066461984143, "9222327.0--9222341.0": 0.8035417440925554, "9222327.0--9222346.0": 0.7907548616056579, "9222327.0--9308628.0": 0.7921876841302999, "9222294.0--9222327.0": 0.7682541234181343, "9222327.0--9241732.0": 0.7954498784495985, "9222060.0--9222327.0": 0.8077550955249786, "9222280.0--9222327.0": 0.8110145182664182}