{"8464305.0--8494828.0": 0.8032896735963837, "8440825.0--8464305.0": 0.7830249317771563, "8440814.0--8464305.0": 0.8039336065230078, "8440838.0--8464305.0": 0.827870893602287, "8440855.0--8464305.0": 0.7999052024886474, "8454489.0--8464305.0": 0.8130140296106504, "8440834.0--8464305.0": 0.7921602252594866, "8440826.0--8464305.0": 0.8028772999215092, "8440823.0--8464305.0": 0.7778067730939129, "8440845.0--8464305.0": 0.7716503204940379, "8440810.0--8464305.0": 0.7803567706289899, "8440806.0--8464305.0": 0.774805461111153, "8440817.0--8464305.0": 0.7812759389628476, "8440813.0--8464305.0": 0.8171738214207509, "8443125.0--8464305.0": 0.7605773299773797, "8456575.0--8464305.0": 0.7958383714858274, "8440860.0--8464305.0": 0.8104156898444341, "8454343.0--8464305.0": 0.7976597432785022, "8440803.0--8464305.0": 0.8079090195757682, "8454344.0--8464305.0": 0.8072027941932214, "8440854.0--8464305.0": 0.8245405687337456, "8454346.0--8464305.0": 0.7844000285139389, "8440827.0--8464305.0": 0.7867080213949441, "8440836.0--8464305.0": 0.7622314392919414, "8440844.0--8464305.0": 0.7772906557954893, "8440808.0--8464305.0": 0.795323396645141, "8440837.0--8464305.0": 0.8005339568029208, "8440858.0--8464305.0": 0.7887322259061467, "8440820.0--8464305.0": 0.8016140093532946, "8440833.0--8464305.0": 0.7667829840385362, "8444072.0--8464305.0": 0.7976568412984807, "8440812.0--8464305.0": 0.8186977266121356, "8440809.0--8464305.0": 0.8081803683201145, "8454904.0--8464305.0": 0.8149527720845768, "8440846.0--8464305.0": 0.7883548916302645, "8440830.0--8464305.0": 0.805549394160055, "8444077.0--8464305.0": 0.7645877213356134, "8440847.0--8464305.0": 0.8141582847058143, "8440849.0--8464305.0": 0.8002140328898478, "8443124.0--8464305.0": 0.7796278314121647, "8440843.0--8464305.0": 0.7845640512719023, "8464305.0--8807265.0": 0.7908731840615597, "8464305.0--8816695.0": 0.8066700077551606, "8464305.0--8805426.0": 0.8143998176811373, "8464305.0--8805421.0": 0.8399062658353733, "8464305.0--8812684.0": 0.7841733198373882, "8464305.0--8805461.0": 0.8070764930573546, "8464305.0--8807255.0": 0.8209644906966523, "8464305.0--8805460.0": 0.7936825472277097, "8464305.0--8807292.0": 0.7782794401656362, "8464305.0--8807354.0": 0.8108579850037274, "8464305.0--8809711.0": 0.7905515608509591, "8464305.0--8805422.0": 0.7641308505785664, "8464305.0--8805424.0": 0.7687534554915505, "8464305.0--8794517.0": 0.763964426042905, "8464305.0--8805451.0": 0.7682955688380695, "8464305.0--8807223.0": 0.7539117914796304, "8464305.0--8794560.0": 0.7705489580178193, "8464305.0--8481543.0": 0.7636684506789433, "8464305.0--8802285.0": 0.7580479019905941, "8464305.0--8807245.0": 0.8072275976085576, "8464305.0--8805456.0": 0.7922511808990574, "8464305.0--8827944.0": 0.8059532528080876, "8464305.0--8807296.0": 0.7986427813614497, "8464305.0--8827951.0": 0.7869790375835941, "8464305.0--8854335.0": 0.778942247753599, "8464305.0--8805446.0": 0.7730964418424259, "8464305.0--8805436.0": 0.7791213092858686, "8464305.0--8805433.0": 0.758599701998371, "8464305.0--8546802.0": 0.8057468394265898, "8464305.0--8805427.0": 0.7575368036453021, "8464305.0--8836120.0": 0.8000070683513942, "8464305.0--8794768.0": 0.7775992845265016, "8464305.0--8809750.0": 0.7924626904136076, "8464305.0--8820172.0": 0.8289932190591347, "8464305.0--8476234.0": 0.804783017084209, "8464305.0--8807314.0": 0.745027857478118, "8464305.0--8794520.0": 0.8085010797517294, "8464305.0--8805452.0": 0.8117878282067751, "8464305.0--8805462.0": 0.772084663598817, "8464305.0--8807275.0": 0.8003333372026904, "8419285.0--8464305.0": 0.7691096182096325, "8464305.0--8807379.0": 0.7727477438152424, "8464305.0--8807234.0": 0.7940575372007477, "8423100.0--8464305.0": 0.7833324285607423, "8464305.0--8805455.0": 0.75955337132711, "8464305.0--8727493.0": 0.7250040944378716, "8464305.0--8807369.0": 0.7360863522039728, "8464305.0--8532319.0": 0.7902389780966068, "8419325.0--8464305.0": 0.7624704221687968, "8464305.0--8805430.0": 0.7739642739181195, "8464305.0--8807301.0": 0.790467297266979, "8464305.0--8713940.0": 0.7895951507773429, "8464305.0--8637795.0": 0.8150882493322331, "7999244.0--8464305.0": 0.8476866119138569, "8464305.0--8805439.0": 0.7962427306496362, "8464305.0--8805428.0": 0.8019764517470325, "8464305.0--8809223.0": 0.8091163294632331, "8464305.0--8795584.0": 0.7995760602062603, "8464305.0--8807264.0": 0.7854588834006921, "8464305.0--8805431.0": 0.7532178986681708, "8453863.0--8464305.0": 0.7765085820259263, "8400404.0--8464305.0": 0.7932134337373474, "8464305.0--8809834.0": 0.7938440076306408, "8464305.0--8663447.0": 0.7778841564647855, "8464305.0--8807213.0": 0.8308917379702392, "8464305.0--8640251.0": 0.8003026107619593, "8464305.0--8807220.0": 0.8102554632210125, "8464305.0--8617736.0": 0.7812634591076594, "8464305.0--8617746.0": 0.772225133160234, "8464305.0--8640072.0": 0.8028854079460624, "8464305.0--8636208.0": 0.798730184326225, "8464305.0--8805458.0": 0.7791306947609455, "8464305.0--8807271.0": 0.7939861858801176, "8464305.0--8809678.0": 0.7764707735573404, "8464305.0--8807226.0": 0.8189959736746423, "8464305.0--8805467.0": 0.8171912024732196, "8464305.0--8611113.0": 0.784131204460104, "8464305.0--8854316.0": 0.7962650193363352, "8464305.0--8794607.0": 0.796558653916675, "8464305.0--8805418.0": 0.7643161886409608, "8464305.0--8836087.0": 0.8036173307021268, "8464305.0--8807283.0": 0.7940946025708582, "8464305.0--8820171.0": 0.807426591409567, "8464305.0--8807288.0": 0.7746522118617588, "8464305.0--8807302.0": 0.774763100923137, "8464305.0--8805466.0": 0.79246253374031, "8464305.0--8807351.0": 0.7826693801066988, "8464305.0--8805420.0": 0.7930958124297482, "8464305.0--8807299.0": 0.8372340696267417, "8464305.0--8812988.0": 0.8307268718822266, "8464305.0--8807294.0": 0.814836202572442, "8464305.0--8805434.0": 0.8108446603334499, "8464305.0--8732351.0": 0.8032209995480901, "8464305.0--8807232.0": 0.7842209709361551, "8419271.0--8464305.0": 0.7604790432134491, "8464305.0--8625484.0": 0.7927034695052046, "8464305.0--8807349.0": 0.8240646528178995, "8464305.0--8809730.0": 0.7960028989666812, "8464305.0--8730513.0": 0.7862201862113181, "8464305.0--8809833.0": 0.8065522226599342, "8464305.0--8523628.0": 0.7682325428201074, "8434356.0--8464305.0": 0.7713814832568082, "8464305.0--8807303.0": 0.8100290071625571, "8464305.0--8811606.0": 0.7723858461260369, "8464305.0--8807244.0": 0.7837615930667523, "8464305.0--8490694.0": 0.8041915474181099, "8464305.0--8809844.0": 0.7974108803291036, "8464305.0--8809850.0": 0.7908238681379425, "8464305.0--8805445.0": 0.7599492218804167, "8412138.0--8464305.0": 0.8114438511210738, "8464305.0--8807247.0": 0.7753715891473655, "8464305.0--8848845.0": 0.7779205645879369, "8464305.0--8695851.0": 0.7801183721238507, "8464305.0--8713907.0": 0.8094006157445242, "8464305.0--8809847.0": 0.789939252698519, "8464305.0--8727480.0": 0.8008280949814153, "8464305.0--8706590.0": 0.7792542208645528, "8464305.0--8735916.0": 0.8231542762628296, "8464305.0--8474512.0": 0.7873466599823549, "8464305.0--8809845.0": 0.7610475785445856, "8464305.0--8540796.0": 0.788245733026307, "8464305.0--8807233.0": 0.8074895231712731, "8464305.0--8617747.0": 0.8088439117019721, "8464305.0--8474486.0": 0.7920287096178492, "8464305.0--8474516.0": 0.8133978539051419, "8464305.0--8663650.0": 0.7693514241361092, "8464305.0--8663646.0": 0.7946666007551288, "8464305.0--8794553.0": 0.7778404445631337, "8464305.0--8863966.0": 0.7816135898020771, "8464305.0--8525340.0": 0.7715743312913699, "8464305.0--8805448.0": 0.7736914864920834, "8405549.0--8464305.0": 0.8029541392278146, "8464305.0--8611178.0": 0.7924492781790551, "8464305.0--8827593.0": 0.8307031957307754, "8464305.0--8805463.0": 0.7860172375688635, "8464305.0--8805457.0": 0.8047302119842326, "8464305.0--8805442.0": 0.7789018983612424, "8464305.0--8807266.0": 0.7918762709735477, "8464305.0--8813126.0": 0.7886087113207569, "8464305.0--8585103.0": 0.7745297633078446, "8464305.0--8807235.0": 0.7910227083244317,