{"9222110.0--9222364.0": 0.792207677549191, "9222088.0--9222110.0": 0.8153719192734046, "9216518.0--9222110.0": 0.8124380529004285, "9222110.0--9222309.0": 0.7889969490263191, "9216595.0--9222110.0": 0.79148059990831, "9216538.0--9222110.0": 0.7736776507489059, "9216549.0--9222110.0": 0.7867005151664545, "9216559.0--9222110.0": 0.8092543740029331, "9222110.0--9222376.0": 0.759391637375507, "9222110.0--9222374.0": 0.8255678952841728, "9222110.0--9224194.0": 0.758463876672437, "9222110.0--9222254.0": 0.7751568542316984, "9222049.0--9222110.0": 0.7452053394751206, "9222110.0--9222562.0": 0.7912522757577595, "9222110.0--9226126.0": 0.7687290133966387, "9222110.0--9240062.0": 0.8166604117521683, "9222110.0--9226101.0": 0.8007288838240965, "9222110.0--9222377.0": 0.7578455247595056, "9222110.0--9233392.0": 0.7816999870735079, "9222093.0--9222110.0": 0.7719196584018355, "9222110.0--9224154.0": 0.7342675513327537, "9222110.0--9240061.0": 0.7865953726794449, "9222110.0--9222512.0": 0.7707376295307209, "9222110.0--9241413.0": 0.802945294347326, "9222110.0--9224646.0": 0.7752363759097224, "9222110.0--9222372.0": 0.740289829241775, "9222110.0--9222253.0": 0.7938247255014556, "9222092.0--9222110.0": 0.8149633055465, "9222110.0--9222271.0": 0.7893253385049788, "9222110.0--9230431.0": 0.8007881541916133, "9222076.0--9222110.0": 0.812511376407144, "9222053.0--9222110.0": 0.8024136781030363, "9216532.0--9222110.0": 0.8068968769184339, "9222085.0--9222110.0": 0.8021284242959428, "9216629.0--9222110.0": 0.8077696946578159, "9222110.0--9308630.0": 0.811235804462804, "9222110.0--9308624.0": 0.7848059940872092, "9219240.0--9222110.0": 0.7907858039873593, "9216630.0--9222110.0": 0.7738132427108343, "9217981.0--9222110.0": 0.7705739235263852, "9222110.0--9224153.0": 0.7443221751555154, "9222110.0--9286505.0": 0.7702727509132282, "9216512.0--9222110.0": 0.7857256223287893, "9216579.0--9222110.0": 0.7752120430311351, "9222110.0--9222249.0": 0.810811827211122, "9222110.0--9222367.0": 0.7829215681958845, "9222110.0--9222325.0": 0.7673096002003064, "9222110.0--9222510.0": 0.7387231643438463, "9222110.0--9246250.0": 0.8207090682329703, "9222110.0--9308627.0": 0.8166025496770024, "9222110.0--9224186.0": 0.8112354190841022, "9222110.0--9229232.0": 0.7564097563034163, "9222110.0--9226404.0": 0.7541570652214171, "9222110.0--9308631.0": 0.7926414580994254, "9222110.0--9222255.0": 0.7746632798282587, "9222110.0--9222261.0": 0.8200125266062951, "9222110.0--9222338.0": 0.798605800657776, "9222110.0--9222284.0": 0.7959884787805881, "9222110.0--9230430.0": 0.7889376531654062, "9222110.0--9308622.0": 0.7940811302356041, "9222110.0--9286903.0": 0.7480808433793529, "9222110.0--9234473.0": 0.7863202135850874, "9222110.0--9241426.0": 0.8049859956909209, "9222110.0--9222269.0": 0.7966902025654494, "9222110.0--9237999.0": 0.8164156492774783, "9222072.0--9222110.0": 0.8142074999237143, "9222110.0--9224197.0": 0.795809808379374, "9222110.0--9246282.0": 0.8214467747977714, "9222110.0--9222314.0": 0.7757883944153818, "9222110.0--9222357.0": 0.8178986302546148, "9222086.0--9222110.0": 0.7725804698269257, "9222110.0--9222360.0": 0.8193324927515946, "9222065.0--9222110.0": 0.7506764256182952, "9222110.0--9228894.0": 0.8076889685932964, "9222110.0--9233264.0": 0.8031975985795748, "9222110.0--9222343.0": 0.7653382775245235, "9222110.0--9308621.0": 0.8296639210340516, "9222110.0--9308625.0": 0.8392124949153633, "9222110.0--9241744.0": 0.8046239860626041, "9222110.0--9308629.0": 0.7968039439648764, "9222068.0--9222110.0": 0.7584608331800784, "9222110.0--9222248.0": 0.7959573799178863, "9222110.0--9222274.0": 0.7843267329172625, "9222110.0--9229116.0": 0.861587005589569, "9222110.0--9233993.0": 0.7733126244218865, "9222110.0--9308623.0": 0.7974106683574524, "9222110.0--9222553.0": 0.7817084222222509, "9222110.0--9222341.0": 0.8301187733133395, "9222110.0--9222346.0": 0.8492200634270928, "9222110.0--9308628.0": 0.7881438340540011, "9222110.0--9222294.0": 0.7953654214159785, "9222110.0--9241732.0": 0.7926464489457379, "9222060.0--9222110.0": 0.8023627402824243, "9222110.0--9222280.0": 0.8254200158644396}