{"9222035.0--9231268.0": 0.7695086712803154, "9222091.0--9231268.0": 0.7960862984737144, "9229515.0--9231268.0": 0.7772557172996959, "9222301.0--9231268.0": 0.885376510172016, "9222358.0--9231268.0": 0.7793380661032895, "9229135.0--9231268.0": 0.8339442760545938, "9222047.0--9231268.0": 0.7609558139444922, "9222272.0--9231268.0": 0.7470843813464351, "9222110.0--9231268.0": 0.8143682662350336, "9222364.0--9231268.0": 0.7695854090425681, "9222088.0--9231268.0": 0.8046068622966291, "9216518.0--9231268.0": 0.7995616976171156, "9222309.0--9231268.0": 0.8007199729493523, "9216595.0--9231268.0": 0.7582192564542571, "9216538.0--9231268.0": 0.7585718180715044, "9216549.0--9231268.0": 0.7751300961795229, "9216559.0--9231268.0": 0.7684578372305523, "9222376.0--9231268.0": 0.7723105542372858, "9222374.0--9231268.0": 0.7810846884395432, "9224194.0--9231268.0": 0.7721587606105471, "9222254.0--9231268.0": 0.7942337760341243, "9222049.0--9231268.0": 0.753046692885609, "9222562.0--9231268.0": 0.7763621356700561, "9226126.0--9231268.0": 0.7645449307235455, "9231268.0--9240062.0": 0.7844814470996111, "9226101.0--9231268.0": 0.7984448671178611, "9222377.0--9231268.0": 0.7490431590446389, "9231268.0--9233392.0": 0.7818358531142753, "9222093.0--9231268.0": 0.7630551194191768, "9224154.0--9231268.0": 0.74128110431137, "9231268.0--9240061.0": 0.761158351966184, "9222512.0--9231268.0": 0.7599038112916883, "9231268.0--9241413.0": 0.7999234780258039, "9224646.0--9231268.0": 0.7888986657708303, "9222372.0--9231268.0": 0.7495860664614538, "9222253.0--9231268.0": 0.7704110946905061, "9222092.0--9231268.0": 0.7906727811880683, "9222271.0--9231268.0": 0.7773763402718077, "9230431.0--9231268.0": 0.7941578882742197, "9222076.0--9231268.0": 0.7879097541853439, "9222053.0--9231268.0": 0.7751312666199124, "9216532.0--9231268.0": 0.8329509854667656, "9222085.0--9231268.0": 0.7914533667753891, "9216629.0--9231268.0": 0.786969609631117, "9231268.0--9308630.0": 0.7890463835238632, "9231268.0--9308624.0": 0.7995437362953777, "9219240.0--9231268.0": 0.789629963560677, "9216630.0--9231268.0": 0.77272742353808, "9217981.0--9231268.0": 0.7751917539382482, "9224153.0--9231268.0": 0.7852383231847465, "9231268.0--9286505.0": 0.7574714619031551, "9216512.0--9231268.0": 0.8022805655392613, "9216579.0--9231268.0": 0.7737852184026697, "9222249.0--9231268.0": 0.7867466782967254, "9222367.0--9231268.0": 0.780686950817792, "9222325.0--9231268.0": 0.7805592257303624, "9222510.0--9231268.0": 0.7910143308971259, "9231268.0--9246250.0": 0.8103049181668774, "9231268.0--9308627.0": 0.813505699043082, "9224186.0--9231268.0": 0.8168535820178571, "9229232.0--9231268.0": 0.7654587147177475, "9226404.0--9231268.0": 0.766345714871816, "9231268.0--9308631.0": 0.78235688237667, "9222255.0--9231268.0": 0.7568697303108172, "9222261.0--9231268.0": 0.763137887912197, "9222338.0--9231268.0": 0.7759839295834783, "9222284.0--9231268.0": 0.7795474792417376, "9230430.0--9231268.0": 0.8116810050737783, "9231268.0--9308622.0": 0.7890411007056133, "9231268.0--9286903.0": 0.7586359326769381, "9231268.0--9234473.0": 0.7591480353108788, "9231268.0--9241426.0": 0.795494229484401, "9222269.0--9231268.0": 0.7842025046354497, "9231268.0--9237999.0": 0.7958491553987934, "9222072.0--9231268.0": 0.8373580647027792, "9224197.0--9231268.0": 0.7798124711613674, "9231268.0--9246282.0": 0.7757268152605945, "9222314.0--9231268.0": 0.8012389202587699, "9222357.0--9231268.0": 0.8123812921762362, "9222086.0--9231268.0": 0.746787755890298, "9222360.0--9231268.0": 0.8157582263666894, "9222065.0--9231268.0": 0.761714870273145, "9228894.0--9231268.0": 0.8084750773365322, "9231268.0--9233264.0": 0.7983882137213067, "9222343.0--9231268.0": 0.7691709205290903, "9231268.0--9308621.0": 0.7790468322229844, "9231268.0--9308625.0": 0.8003199312769886, "9231268.0--9241744.0": 0.7901317949504187, "9231268.0--9308629.0": 0.8016540704764616, "9222068.0--9231268.0": 0.7566016405692962, "9222248.0--9231268.0": 0.7887628921447838, "9222274.0--9231268.0": 0.8131374000645087, "9229116.0--9231268.0": 0.8052312636799946, "9231268.0--9233993.0": 0.7905978100980782, "9231268.0--9308623.0": 0.7647179367119441, "9222553.0--9231268.0": 0.7681936994743236, "9222341.0--9231268.0": 0.8389046303618235, "9222346.0--9231268.0": 0.8014067793314726, "9231268.0--9308628.0": 0.7968292368033645, "9222294.0--9231268.0": 0.8103073312817044, "9231268.0--9241732.0": 0.7746714655049596, "9222060.0--9231268.0": 0.7823400959473069, "9222280.0--9231268.0": 0.7946250092404252}