{"9222289.0--9224192.0": 0.8065729870714577, "9222038.0--9224192.0": 0.8022486156496202, "9224192.0--9229072.0": 0.805875467943369, "9222295.0--9224192.0": 0.7933933030369075, "9222342.0--9224192.0": 0.7734418785118891, "9224192.0--9241407.0": 0.8059736088411098, "9224192.0--9288884.0": 0.7789289081182127, "9222351.0--9224192.0": 0.7852468269161735, "9223669.0--9224192.0": 0.7763416779971124, "9222315.0--9224192.0": 0.7922189773007368, "9222335.0--9224192.0": 0.7994060660872391, "9222327.0--9224192.0": 0.7744272874280136, "9224192.0--9233469.0": 0.785257614343416, "9224192.0--9226461.0": 0.8028077027736176, "9224192.0--9238508.0": 0.7999360607146783, "9222266.0--9224192.0": 0.7713156633812615, "9224192.0--9225008.0": 0.7904774791032456, "9224192.0--9290431.0": 0.8058709264894058, "9224192.0--9239918.0": 0.7721265255563454, "9224192.0--9231271.0": 0.7678768131643594, "9222313.0--9224192.0": 0.785300797568147, "9224192.0--9231268.0": 0.7847669793794295, "9222035.0--9224192.0": 0.8210117283532596, "9222091.0--9224192.0": 0.8105563747695932, "9224192.0--9229515.0": 0.7294243622336343, "9222301.0--9224192.0": 0.8024636690925286, "9222358.0--9224192.0": 0.7921255600702248, "9224192.0--9229135.0": 0.7967899136451992, "9222047.0--9224192.0": 0.785770040179502, "9222272.0--9224192.0": 0.7672181621531121, "9222110.0--9224192.0": 0.8076120453013774, "9222364.0--9224192.0": 0.7768872075371005, "9222088.0--9224192.0": 0.8148933820531357, "9216518.0--9224192.0": 0.7767371450178445, "9222309.0--9224192.0": 0.7425567188336128, "9216595.0--9224192.0": 0.7940170087841518, "9216538.0--9224192.0": 0.7720140435168342, "9216549.0--9224192.0": 0.7842346810329854, "9216559.0--9224192.0": 0.8001719778138388, "9222376.0--9224192.0": 0.7389156208516272, "9222374.0--9224192.0": 0.8180666911402362, "9224192.0--9224194.0": 0.7507218371809363, "9222254.0--9224192.0": 0.7984305493629664, "9222049.0--9224192.0": 0.7629877331497156, "9222562.0--9224192.0": 0.7559581294585931, "9224192.0--9226126.0": 0.7729659623187101, "9224192.0--9240062.0": 0.7850467275424985, "9224192.0--9226101.0": 0.7966623111726296, "9222377.0--9224192.0": 0.7679019081225272, "9224192.0--9233392.0": 0.7853496935002655, "9222093.0--9224192.0": 0.796636513011695, "9224154.0--9224192.0": 0.7726496092509278, "9224192.0--9240061.0": 0.7830889777274981, "9222512.0--9224192.0": 0.7699753530343275, "9224192.0--9241413.0": 0.7900544992812794, "9224192.0--9224646.0": 0.7983846064055925, "9222372.0--9224192.0": 0.7598224089213674, "9222253.0--9224192.0": 0.7775238957586755, "9222092.0--9224192.0": 0.7877570492362991, "9222271.0--9224192.0": 0.8032862017536665, "9224192.0--9230431.0": 0.7908335568250946, "9222076.0--9224192.0": 0.7935467116975373, "9222053.0--9224192.0": 0.7836890287215926, "9216532.0--9224192.0": 0.8007715432720598, "9222085.0--9224192.0": 0.7719095563331433, "9216629.0--9224192.0": 0.7758420611793507, "9224192.0--9308630.0": 0.7985747543171988, "9224192.0--9308624.0": 0.7578528555002979, "9219240.0--9224192.0": 0.7585768014427035, "9216630.0--9224192.0": 0.757720784523833, "9217981.0--9224192.0": 0.7692059533821167, "9224153.0--9224192.0": 0.7612666050039845, "9224192.0--9286505.0": 0.7617717870678966, "9216512.0--9224192.0": 0.8044291064548695, "9216579.0--9224192.0": 0.7827348549656052, "9222249.0--9224192.0": 0.781030945906711, "9222367.0--9224192.0": 0.747468959819041, "9222325.0--9224192.0": 0.7465442610610935, "9222510.0--9224192.0": 0.7492563826121239, "9224192.0--9246250.0": 0.7883112669795829, "9224192.0--9308627.0": 0.7774982749150203, "9224186.0--9224192.0": 0.7874974166634318, "9224192.0--9229232.0": 0.7504717334974771, "9224192.0--9226404.0": 0.7633866923429853, "9224192.0--9308631.0": 0.749911152251548, "9222255.0--9224192.0": 0.78550990613214, "9222261.0--9224192.0": 0.7900192663702688, "9222338.0--9224192.0": 0.7786523738715097, "9222284.0--9224192.0": 0.8088732319635057, "9224192.0--9230430.0": 0.797689188313687, "9224192.0--9308622.0": 0.7629165879152614, "9224192.0--9286903.0": 0.748411225898573, "9224192.0--9234473.0": 0.765556426988852, "9224192.0--9241426.0": 0.7638667563612238, "9222269.0--9224192.0": 0.8036924196982761, "9224192.0--9237999.0": 0.7935810358482767, "9222072.0--9224192.0": 0.8111870503535161, "9224192.0--9224197.0": 0.7843701504139317, "9224192.0--9246282.0": 0.7752393376360748, "9222314.0--9224192.0": 0.7588614055714146, "9222357.0--9224192.0": 0.772697973034657, "9222086.0--9224192.0": 0.7828262291671138, "9222360.0--9224192.0": 0.8045052227959738, "9222065.0--9224192.0": 0.7949730444148708, "9224192.0--9228894.0": 0.8189163036149922, "9224192.0--9233264.0": 0.7677366178380485, "9222343.0--9224192.0": 0.7807844077569536, "9224192.0--9308621.0": 0.777821020910552, "9224192.0--9308625.0": 0.8070197094155732, "9224192.0--9241744.0": 0.8067487292217939, "9224192.0--9308629.0": 0.7810248288752384, "9222068.0--9224192.0": 0.758810834345508, "9222248.0--9224192.0": 0.8090933582614639, "9222274.0--9224192.0": 0.8106655428958515, "9224192.0--9229116.0": 0.795322128545334, "9224192.0--9233993.0": 0.7730174158363383, "9224192.0--9308623.0": 0.7828205988004802, "9222553.0--9224192.0": 0.7995869918187348, "9222341.0--9224192.0": 0.8501464452118556, "9222346.0--9224192.0": 0.7844573333809208, "9224192.0--9308628.0": 0.7945213116299091, "9222294.0--9224192.0": 0.7609162176677623, "9224192.0--9241732.0": 0.7542465591455689, "9222060.0--9224192.0": 0.7856945833085281, "9222280.0--9224192.0": 0.7841714832232682}