{"8440809.0--8440812.0": 0.8320549851516199, "8440812.0--8454904.0": 0.7932043366065925, "8440812.0--8440846.0": 0.8517591734013664, "8440812.0--8440830.0": 0.8092882024577076, "8440812.0--8444077.0": 0.8032026890980741, "8440812.0--8440847.0": 0.8155624825458339, "8440812.0--8440849.0": 0.8306058083272577, "8440812.0--8443124.0": 0.8420015777411557, "8440812.0--8440843.0": 0.8338057242826826, "8440812.0--8807265.0": 0.7930092243298112, "8440812.0--8816695.0": 0.8247337428874677, "8440812.0--8805426.0": 0.7910102229741134, "8440812.0--8805421.0": 0.8037019659254355, "8440812.0--8812684.0": 0.7852625820572354, "8440812.0--8805461.0": 0.8138207167899697, "8440812.0--8807255.0": 0.7824621518499129, "8440812.0--8805460.0": 0.7926922460429581, "8440812.0--8807292.0": 0.8168975829660852, "8440812.0--8807354.0": 0.7970980394142273, "8440812.0--8809711.0": 0.8163329238525463, "8440812.0--8805422.0": 0.8039236096393945, "8440812.0--8805424.0": 0.7990360402091591, "8440812.0--8794517.0": 0.7950084543603404, "8440812.0--8805451.0": 0.7766710909443627, "8440812.0--8807223.0": 0.7712255354822463, "8440812.0--8794560.0": 0.7976884802712028, "8440812.0--8481543.0": 0.8102159027179294, "8440812.0--8802285.0": 0.7764393195148098, "8440812.0--8807245.0": 0.8115359300894993, "8440812.0--8805456.0": 0.7957370206458717, "8440812.0--8827944.0": 0.770800346580347, "8440812.0--8807296.0": 0.8130735935690895, "8440812.0--8827951.0": 0.7621903031187856, "8440812.0--8854335.0": 0.7938947740526551, "8440812.0--8805446.0": 0.8057921262127882, "8440812.0--8805436.0": 0.8130232233422595, "8440812.0--8805433.0": 0.7872140688301422, "8440812.0--8546802.0": 0.8208704097020338, "8440812.0--8805427.0": 0.8585609577983978, "8440812.0--8836120.0": 0.8613810727942637, "8440812.0--8794768.0": 0.8570686820724549, "8440812.0--8809750.0": 0.8277655456412427, "8440812.0--8820172.0": 0.8265468173261135, "8440812.0--8476234.0": 0.8302637701112481, "8440812.0--8807314.0": 0.7766002765857576, "8440812.0--8794520.0": 0.8430383248220801, "8440812.0--8805452.0": 0.8331302213484779, "8440812.0--8805462.0": 0.7873302001136164, "8440812.0--8807275.0": 0.8257579897552237, "8419285.0--8440812.0": 0.8059303524491873, "8440812.0--8807379.0": 0.8163568743396012, "8440812.0--8807234.0": 0.8156689318906251, "8423100.0--8440812.0": 0.8051368201309422, "8440812.0--8805455.0": 0.7841797273072479, "8440812.0--8727493.0": 0.7643285749729134, "8440812.0--8807369.0": 0.7513005326538572, "8440812.0--8532319.0": 0.7852306126546532, "8419325.0--8440812.0": 0.7874638847321196, "8440812.0--8805430.0": 0.8263627419907811, "8440812.0--8807301.0": 0.7960711748277276, "8440812.0--8713940.0": 0.8051852971417759, "8440812.0--8637795.0": 0.8541036548903097, "7999244.0--8440812.0": 0.8102822422965482, "8440812.0--8805439.0": 0.806572473446682, "8440812.0--8805428.0": 0.8941359065574549, "8440812.0--8809223.0": 0.8540868651130331, "8440812.0--8795584.0": 0.8313204586047594, "8440812.0--8807264.0": 0.7811911093583639, "8440812.0--8805431.0": 0.8175705580308578, "8440812.0--8453863.0": 0.7961463040666159, "8400404.0--8440812.0": 0.8140704629827653, "8440812.0--8809834.0": 0.8112203950220653, "8440812.0--8663447.0": 0.7997621792802214, "8440812.0--8807213.0": 0.8432399028568718, "8440812.0--8640251.0": 0.8129644107580306, "8440812.0--8807220.0": 0.8370123315622097, "8440812.0--8617736.0": 0.8101774434771274, "8440812.0--8617746.0": 0.7944796068369412, "8440812.0--8640072.0": 0.8122534745727553, "8440812.0--8636208.0": 0.8170340702849099, "8440812.0--8805458.0": 0.8221022271376773, "8440812.0--8807271.0": 0.8228354737002196, "8440812.0--8809678.0": 0.8054272542830728, "8440812.0--8807226.0": 0.8367731869278365, "8440812.0--8805467.0": 0.8469385077281445, "8440812.0--8611113.0": 0.822059012655293, "8440812.0--8854316.0": 0.830003812715462, "8440812.0--8794607.0": 0.8124127328983485, "8440812.0--8805418.0": 0.7855012182238634, "8440812.0--8836087.0": 0.8437169553782896, "8440812.0--8807283.0": 0.8008480776517177, "8440812.0--8820171.0": 0.8283483339103239, "8440812.0--8807288.0": 0.7575176434904116, "8440812.0--8807302.0": 0.7688085190297145, "8440812.0--8805466.0": 0.7908991475643069, "8440812.0--8807351.0": 0.8081280887469573, "8440812.0--8805420.0": 0.7821876842455127, "8440812.0--8807299.0": 0.7814498534124212, "8440812.0--8812988.0": 0.7807726929140857, "8440812.0--8807294.0": 0.7934440553234012, "8440812.0--8805434.0": 0.8241727590181213, "8440812.0--8732351.0": 0.790105272097424, "8440812.0--8807232.0": 0.785353856560704, "8419271.0--8440812.0": 0.7698438259322632, "8440812.0--8625484.0": 0.8022677693996932, "8440812.0--8807349.0": 0.803480817946872, "8440812.0--8809730.0": 0.7981744523604878, "8440812.0--8730513.0": 0.8027815236765938, "8440812.0--8809833.0": 0.7896646551371732, "8440812.0--8523628.0": 0.7692627713634509, "8434356.0--8440812.0": 0.8121590411524151, "8440812.0--8807303.0": 0.8375966706331377, "8440812.0--8811606.0": 0.7970224741359149, "8440812.0--8807244.0": 0.8030370304043541, "8440812.0--8490694.0": 0.8407931100393691, "8440812.0--8809844.0": 0.8164127042823843, "8440812.0--8809850.0": 0.8284000159171089, "8440812.0--8805445.0": 0.8009172819448753, "8412138.0--8440812.0": 0.7883730259825469, "8440812.0--8807247.0": 0.8061580981587342, "8440812.0--8848845.0": 0.8102264734092463, "8440812.0--8695851.0": 0.8162679770318675, "8440812.0--8713907.0": 0.8410438199247315, "8440812.0--8809847.0": 0.8149482453459028, "8440812.0--8727480.0": 0.8329367664780472, "8440812.0--8706590.0": 0.7970916144831551, "8440812.0--8735916.0": 0.829046980142986, "8440812.0--8474512.0": 0.8096262265354235, "8440812.0--8809845.0": 0.7628758338243924, "8440812.0--8540796.0": 0.8364626818537431, "8440812.0--8807233.0": 0.8134857021103519, "8440812.0--8617747.0": 0.7988576882050681, "8440812.0--8474486.0": 0.7907128198869962, "8440812.0--8474516.0": 0.820576230960588, "8440812.0--8663650.0": 0.7758951467823517, "8440812.0--8663646.0": 0.8046574685445941, "8440812.0--8794553.0": 0.8211049743475062, "8440812.0--8863966.0": 0.7774532088025293, "8440812.0--8525340.0": 0.7654297905513109, "8440812.0--8805448.0": 0.8337551934041094, "8405549.0--8440812.0": 0.8292318793855591, "8440812.0--8611178.0": 0.8282877816736874, "8440812.0--8827593.0": 0.7980783904814075, "8440812.0--8805463.0": 0.7644474124986025, "8440812.0--8805457.0": 0.7934507737004058, "8440812.0--8805442.0": 0.8058668031783451, "8440812.0--8807266.0": 0.8358000565025263, "8440812.0--8813126.0": 0.8004538500364069, "8440812.0--8585103.0": 0.8034320645715453, "8440812.0--8807235.0": 0.7940566125505693, "8440812.0--8585048.0": 0.8385755360406502, "8440812.0--8809843.0": 0.7657820070543867, "8440812.0--8809842.0": 0.8085475671642205, "8440812.0--8842614.0": 0.7956329018698386, "8440812.0--8805441.0": 0.7512788828406207, "8440812.0--8809920.0": 0.7642115977433886, "8440812.0--8663312.0": 0.7845314295793735, "8440812.0--8477126.0": 0.8305207783193018, "8440812.0--8807224.0": 0.7937001427686687, "8440812.0--8807355.0": 0.8024280420720957, "8440812.0--8807320.0": 0.8770943897533002, "8440812.0--8665933.0": 0.8456413712382046, "8440812.0--8845772.0": 0.8161876484538485, "8440812.0--8812989.0": 0.8294859890672595, "8440812.0--8636969.0": 0.8161773945649999, "8440812.0--8805450.0": 0.8242098733304191, "8440812.0--8807243.0": 0.8002418221976183, "8440812.0--8805443.0": 0.8255286582207477, "8440812.0--8673661.0": 0.828012217592258, "8440812.0--8805419.0": 0.8088911431802507, "8440812.0--8451903.0": 0.7865171777943762, "8440812.0--8805429.0": 0.8479541303767126, "8440812.0--8809846.0": 0.8220614080428644, "8440812.0--8809832.0": 0.8289300194070355, "8413174.0--8440812.0": 0.8037195389461286, "8440812.0--8494817.0": 0.8590220262416991, "8440812.0--8637778.0": 0.8187671356396463, "8440812.0--8809742.0": 0.8295224109004337, "8440812.0--8807280.0": 0.8395668400274753, "8440812.0--8807274.0": 0.8531707101140542, "8440812.0--9216586.0": 0.8197601614511979, "8440812.0--9237132.0": 0.8417004443380849,