{"8805421.0--8812684.0": 0.7959765079329609, "8805421.0--8805461.0": 0.8091785111673626, "8805421.0--8807255.0": 0.8171896567524394, "8805421.0--8805460.0": 0.7877604970822522, "8805421.0--8807292.0": 0.7987345438577662, "8805421.0--8807354.0": 0.797802276404191, "8805421.0--8809711.0": 0.8014140179335262, "8805421.0--8805422.0": 0.7816194002527761, "8805421.0--8805424.0": 0.7779952742413803, "8794517.0--8805421.0": 0.8003491828999509, "8805421.0--8805451.0": 0.8135965453188667, "8805421.0--8807223.0": 0.7954442316292698, "8794560.0--8805421.0": 0.7889363527790781, "8481543.0--8805421.0": 0.7726325523844734, "8802285.0--8805421.0": 0.7865739414920605, "8805421.0--8807245.0": 0.8027577805518809, "8805421.0--8805456.0": 0.802034913813153, "8805421.0--8827944.0": 0.809803050434868, "8805421.0--8807296.0": 0.8270732592320685, "8805421.0--8827951.0": 0.8126294614638098, "8805421.0--8854335.0": 0.8203638097548867, "8805421.0--8805446.0": 0.7956440343475586, "8805421.0--8805436.0": 0.8166440905714079, "8805421.0--8805433.0": 0.7827034175221195, "8546802.0--8805421.0": 0.7979800000214663, "8805421.0--8805427.0": 0.7613448165153177, "8805421.0--8836120.0": 0.7866727633021564, "8794768.0--8805421.0": 0.7936620676670818, "8805421.0--8809750.0": 0.7862861250556554, "8805421.0--8820172.0": 0.8630436878519356, "8476234.0--8805421.0": 0.8101082332816585, "8805421.0--8807314.0": 0.8218048684241723, "8794520.0--8805421.0": 0.8370079903559189, "8805421.0--8805452.0": 0.8286478907316543, "8805421.0--8805462.0": 0.8067741472972938, "8805421.0--8807275.0": 0.8278707805014911, "8419285.0--8805421.0": 0.793882666516692, "8805421.0--8807379.0": 0.8014606155625745, "8805421.0--8807234.0": 0.8079838421832625, "8423100.0--8805421.0": 0.7949613773199329, "8805421.0--8805455.0": 0.784368111240798, "8727493.0--8805421.0": 0.7540203104160743, "8805421.0--8807369.0": 0.7822620755972687, "8532319.0--8805421.0": 0.816404574973031, "8419325.0--8805421.0": 0.8202888341303813, "8805421.0--8805430.0": 0.7997512492746416, "8805421.0--8807301.0": 0.7958106991865606, "8713940.0--8805421.0": 0.8063029381707041, "8637795.0--8805421.0": 0.8379117691633032, "7999244.0--8805421.0": 0.8152530337104776, "8805421.0--8805439.0": 0.7948126447422655, "8805421.0--8805428.0": 0.8113280907279916, "8805421.0--8809223.0": 0.787547783959255, "8795584.0--8805421.0": 0.7902338927417585, "8805421.0--8807264.0": 0.839998740441509, "8805421.0--8805431.0": 0.7610902635990819, "8453863.0--8805421.0": 0.777458519383314, "8400404.0--8805421.0": 0.7703321462324326, "8805421.0--8809834.0": 0.7984702312070144, "8663447.0--8805421.0": 0.7996245792748595, "8805421.0--8807213.0": 0.8282292882944189, "8640251.0--8805421.0": 0.8134044846165339, "8805421.0--8807220.0": 0.8109164767742295, "8617736.0--8805421.0": 0.7941496772863057, "8617746.0--8805421.0": 0.7660979669581462, "8640072.0--8805421.0": 0.813107199845714, "8636208.0--8805421.0": 0.8069161125797991, "8805421.0--8805458.0": 0.7931874717008693, "8805421.0--8807271.0": 0.7994702938924998, "8805421.0--8809678.0": 0.7762411433927174, "8805421.0--8807226.0": 0.8187976871847047, "8805421.0--8805467.0": 0.8260007070411596, "8611113.0--8805421.0": 0.7782869348979394, "8805421.0--8854316.0": 0.8180910906537734, "8794607.0--8805421.0": 0.8041766164730373, "8805418.0--8805421.0": 0.776842770662409, "8805421.0--8836087.0": 0.8184962345569374, "8805421.0--8807283.0": 0.8104385316375313, "8805421.0--8820171.0": 0.8197488255067297, "8805421.0--8807288.0": 0.7763773804367207, "8805421.0--8807302.0": 0.78883635133655, "8805421.0--8805466.0": 0.8124118823789528, "8805421.0--8807351.0": 0.8076693951105846, "8805420.0--8805421.0": 0.8002153901138027, "8805421.0--8807299.0": 0.8188541596430666, "8805421.0--8812988.0": 0.8412261372280362, "8805421.0--8807294.0": 0.8482620299756477, "8805421.0--8805434.0": 0.8165322050596757, "8732351.0--8805421.0": 0.8193457729823261, "8805421.0--8807232.0": 0.8073785716528277, "8419271.0--8805421.0": 0.7732003786606908, "8625484.0--8805421.0": 0.8122438031428256, "8805421.0--8807349.0": 0.8057657195213052, "8805421.0--8809730.0": 0.7978248311780543, "8730513.0--8805421.0": 0.8147281259522136, "8805421.0--8809833.0": 0.7979682941084543, "8523628.0--8805421.0": 0.7818354979269166, "8434356.0--8805421.0": 0.7970074404151685, "8805421.0--8807303.0": 0.7937813572736394, "8805421.0--8811606.0": 0.8109185672214856, "8805421.0--8807244.0": 0.78470670603076, "8490694.0--8805421.0": 0.8322939254575603, "8805421.0--8809844.0": 0.7862341770115345, "8805421.0--8809850.0": 0.8186857456072019, "8805421.0--8805445.0": 0.7731891253962596, "8412138.0--8805421.0": 0.8055047301746121, "8805421.0--8807247.0": 0.7894280804422764, "8805421.0--8848845.0": 0.7862958509212475, "8695851.0--8805421.0": 0.8221355122289576, "8713907.0--8805421.0": 0.8428054532954077, "8805421.0--8809847.0": 0.8098729508658926, "8727480.0--8805421.0": 0.8496408145190871, "8706590.0--8805421.0": 0.7894638060812467, "8735916.0--8805421.0": 0.833230527851062, "8474512.0--8805421.0": 0.7935786122264075, "8805421.0--8809845.0": 0.7733068380112726, "8540796.0--8805421.0": 0.808884699724571, "8805421.0--8807233.0": 0.8174799306320253, "8617747.0--8805421.0": 0.7954411264450124, "8474486.0--8805421.0": 0.7831552646628208, "8474516.0--8805421.0": 0.8335939403781497, "8663650.0--8805421.0": 0.7801467566892826, "8663646.0--8805421.0": 0.8025538719168679, "8794553.0--8805421.0": 0.8108496124137288, "8805421.0--8863966.0": 0.8081995756062986, "8525340.0--8805421.0": 0.7968005141047051, "8805421.0--8805448.0": 0.7730201836530342, "8405549.0--8805421.0": 0.8119984634266106, "8611178.0--8805421.0": 0.7937567607511511, "8805421.0--8827593.0": 0.8424105583516295, "8805421.0--8805463.0": 0.8018469136897753, "8805421.0--8805457.0": 0.8489751741839718, "8805421.0--8805442.0": 0.7741096728429373, "8805421.0--8807266.0": 0.8036235063302596, "8805421.0--8813126.0": 0.7819304007597032, "8585103.0--8805421.0": 0.7892632763230416, "8805421.0--8807235.0": 0.8139463156890121, "8585048.0--8805421.0": 0.8342476785663046, "8805421.0--8809843.0": 0.8212826586260695, "8805421.0--8809842.0": 0.8083029972815594, "8805421.0--8842614.0": 0.8045619140155582, "8805421.0--8805441.0": 0.7693598348538226, "8805421.0--8809920.0": 0.7792439827226869, "8663312.0--8805421.0": 0.7733000627426766, "8477126.0--8805421.0": 0.8072456057927898, "8805421.0--8807224.0": 0.808217969733082, "8805421.0--8807355.0": 0.7707576910645523, "8805421.0--8807320.0": 0.8008972464320863, "8665933.0--8805421.0": 0.7815605621239561, "8805421.0--8845772.0": 0.7832598302218898, "8805421.0--8812989.0": 0.8499588295205684, "8636969.0--8805421.0": 0.801643575673689, "8805421.0--8805450.0": 0.771210719570032, "8805421.0--8807243.0": 0.8083455522975382, "8805421.0--8805443.0": 0.79326314986159, "8673661.0--8805421.0": 0.8295382843534007, "8805419.0--8805421.0": 0.7729021090203452, "8451903.0--8805421.0": 0.8022598473132885, "8805421.0--8805429.0": 0.7978528578014037, "8805421.0--8809846.0": 0.7925325092024582, "8805421.0--8809832.0": 0.7844978826253837, "8413174.0--8805421.0": 0.7915057599463204, "8494817.0--8805421.0": 0.7832695851231593, "8637778.0--8805421.0": 0.7893818454467499, "8805421.0--8809742.0": 0.7931154842916635, "8805421.0--8807280.0": 0.8164724360759184, "8805421.0--8807274.0": 0.8221666025103537, "8805421.0--9216586.0": 0.7792929447776142, "8805421.0--9237132.0": 0.818352797806797, "8805421.0--9216572.0": 0.8006198939216392, "8805421.0--9217952.0": 0.8088404034922403, "8805421.0--9217931.0": 0.8126264695198437, "8805421.0--9216507.0": 0.8283864002384864, "8805421.0--9222368.0": 0.8139881866746403, "8805421.0--9220137.0": 0.7769206246041461, "8805421.0--9233460.0": 0.783241857755679, "8805421.0--9222263.0": 0.7915821320967562, "8805421.0--9293003.0": 0.7911573947910545, "8805421.0--9222102.0": 0.8077728762343708, "8805421.0--9222323.0": 0.7837017661591611, "8805421.0--9222287.0": 0.7851168858744484, "8805421.0--9223736.0": 0.7793492299189619,