{"8611113.0--8805467.0": 0.8398317315608975, "8805467.0--8854316.0": 0.8466080536218381, "8794607.0--8805467.0": 0.8255134918891982, "8805418.0--8805467.0": 0.7851593773920964, "8805467.0--8836087.0": 0.8458977215082988, "8805467.0--8807283.0": 0.8173778061015291, "8805467.0--8820171.0": 0.8594385238733069, "8805467.0--8807288.0": 0.7543730252354329, "8805467.0--8807302.0": 0.7865227459866673, "8805466.0--8805467.0": 0.8324377329757132, "8805467.0--8807351.0": 0.8545754777641661, "8805420.0--8805467.0": 0.8270382089388952, "8805467.0--8807299.0": 0.8210430335317203, "8805467.0--8812988.0": 0.837541460887284, "8805467.0--8807294.0": 0.8045296447867902, "8805434.0--8805467.0": 0.861547680941048, "8732351.0--8805467.0": 0.7849851635021362, "8805467.0--8807232.0": 0.8375859303702806, "8419271.0--8805467.0": 0.7807972931628081, "8625484.0--8805467.0": 0.8178825360867261, "8805467.0--8807349.0": 0.8131993909216054, "8805467.0--8809730.0": 0.8219311837798592, "8730513.0--8805467.0": 0.8270674958365993, "8805467.0--8809833.0": 0.8057259324574757, "8523628.0--8805467.0": 0.8096107744592529, "8434356.0--8805467.0": 0.7894274297605129, "8805467.0--8807303.0": 0.8326419953322887, "8805467.0--8811606.0": 0.7854754155476648, "8805467.0--8807244.0": 0.7840840101879762, "8490694.0--8805467.0": 0.816660191935135, "8805467.0--8809844.0": 0.7928922508015662, "8805467.0--8809850.0": 0.8039326413748652, "8805445.0--8805467.0": 0.8016422718767641, "8412138.0--8805467.0": 0.7953161495682478, "8805467.0--8807247.0": 0.7905308103031399, "8805467.0--8848845.0": 0.7794284383693226, "8695851.0--8805467.0": 0.8435499916136422, "8713907.0--8805467.0": 0.8606537841166613, "8805467.0--8809847.0": 0.827629273679908, "8727480.0--8805467.0": 0.8477943019757362, "8706590.0--8805467.0": 0.8029354717617363, "8735916.0--8805467.0": 0.8429549892546855, "8474512.0--8805467.0": 0.8419139349540894, "8805467.0--8809845.0": 0.7819368949585919, "8540796.0--8805467.0": 0.8449642249774612, "8805467.0--8807233.0": 0.846032533877553, "8617747.0--8805467.0": 0.7757249081797112, "8474486.0--8805467.0": 0.8373930381601719, "8474516.0--8805467.0": 0.8409047216245101, "8663650.0--8805467.0": 0.8005904676415947, "8663646.0--8805467.0": 0.8166852111072569, "8794553.0--8805467.0": 0.8155970567378765, "8805467.0--8863966.0": 0.7829284522750533, "8525340.0--8805467.0": 0.7790100325876321, "8805448.0--8805467.0": 0.7935072393089657, "8405549.0--8805467.0": 0.8502272353627469, "8611178.0--8805467.0": 0.8101153406621643, "8805467.0--8827593.0": 0.7967824098085283, "8805463.0--8805467.0": 0.7968519741496549, "8805457.0--8805467.0": 0.8333676768220578, "8805442.0--8805467.0": 0.8159293556074608, "8805467.0--8807266.0": 0.8181421170656857, "8805467.0--8813126.0": 0.82370984340257, "8585103.0--8805467.0": 0.8283330691142873, "8805467.0--8807235.0": 0.818324675837148, "8585048.0--8805467.0": 0.8754445563185862, "8805467.0--8809843.0": 0.7767027276710652, "8805467.0--8809842.0": 0.7917059437118465, "8805467.0--8842614.0": 0.7838256549680018, "8805441.0--8805467.0": 0.7481361155562353, "8805467.0--8809920.0": 0.7743301146605817, "8663312.0--8805467.0": 0.7988566903397132, "8477126.0--8805467.0": 0.8457417597335849, "8805467.0--8807224.0": 0.8224003181854402, "8805467.0--8807355.0": 0.7852450325095913, "8805467.0--8807320.0": 0.8113623807527366, "8665933.0--8805467.0": 0.8133995888198724, "8805467.0--8845772.0": 0.7873102405005749, "8805467.0--8812989.0": 0.8344935323638079, "8636969.0--8805467.0": 0.8004272678146085, "8805450.0--8805467.0": 0.7962944773147146, "8805467.0--8807243.0": 0.8359730494882065, "8805443.0--8805467.0": 0.8389919463990086, "8673661.0--8805467.0": 0.8163992449066808, "8805419.0--8805467.0": 0.7796345753961398, "8451903.0--8805467.0": 0.7874244114095106, "8805429.0--8805467.0": 0.8010257380354651, "8805467.0--8809846.0": 0.8060988957173684, "8805467.0--8809832.0": 0.8111039926103367, "8413174.0--8805467.0": 0.7996378437790956, "8494817.0--8805467.0": 0.7971758235242636, "8637778.0--8805467.0": 0.7868079480203061, "8805467.0--8809742.0": 0.827691984622126, "8805467.0--8807280.0": 0.847538601091583, "8805467.0--8807274.0": 0.8811272147303009, "8805467.0--9216586.0": 0.8051636823062163, "8805467.0--9237132.0": 0.8569589714117851, "8805467.0--9216572.0": 0.8039926003521949, "8805467.0--9217952.0": 0.8016555921365455, "8805467.0--9217931.0": 0.8624791681841077, "8805467.0--9216507.0": 0.8075811282569998, "8805467.0--9222368.0": 0.8487986963134029, "8805467.0--9220137.0": 0.8164717130845853, "8805467.0--9233460.0": 0.832716704436841, "8805467.0--9222263.0": 0.7601636384718498, "8805467.0--9293003.0": 0.8120534828863873, "8805467.0--9222102.0": 0.8328113213986783, "8805467.0--9222323.0": 0.8186438459074062, "8805467.0--9222287.0": 0.8286125600076213, "8805467.0--9223736.0": 0.8068710568565379, "8805467.0--9224191.0": 0.7986330312033032, "8805467.0--9222251.0": 0.8108252666815086, "8805467.0--9229242.0": 0.8447226578181126, "8805467.0--9282195.0": 0.7689076613019827, "8805467.0--9222098.0": 0.8609921865878082, "8805467.0--9234027.0": 0.7883067180116443, "8805467.0--9246308.0": 0.8460813086802821, "8805467.0--9240072.0": 0.7905860704518348, "8805467.0--9222353.0": 0.8031570593326535, "8805467.0--9222293.0": 0.8528878062394428, "8805467.0--9222089.0": 0.831021832409591, "8805467.0--9228893.0": 0.820564764831749, "8805467.0--9224192.0": 0.7847912389097254, "8805467.0--9222289.0": 0.8195034041385281, "8805467.0--9222038.0": 0.806477499539514, "8805467.0--9229072.0": 0.8343583918589708, "8805467.0--9222295.0": 0.8196409595833097, "8805467.0--9222342.0": 0.8164693796824437, "8805467.0--9241407.0": 0.7617534894749265, "8805467.0--9288884.0": 0.8087980116507398, "8805467.0--9222351.0": 0.8025226464423925, "8805467.0--9223669.0": 0.8566439506333843, "8805467.0--9222315.0": 0.8179877025263625, "8805467.0--9222335.0": 0.8180383855102348, "8805467.0--9222327.0": 0.8172749912878814, "8805467.0--9233469.0": 0.8062129493438446, "8805467.0--9226461.0": 0.8210592609600842, "8805467.0--9238508.0": 0.8334411811498409, "8805467.0--9222266.0": 0.8185179716517553, "8805467.0--9225008.0": 0.8593516607295376, "8805467.0--9290431.0": 0.8070964475090909, "8805467.0--9239918.0": 0.8090327242083983, "8805467.0--9231271.0": 0.7977859158495415, "8805467.0--9222313.0": 0.8473454767358783, "8805467.0--9231268.0": 0.8025295643517688, "8805467.0--9222035.0": 0.7633594348116367, "8805467.0--9222091.0": 0.8316508153784226, "8805467.0--9229515.0": 0.813566746183992, "8805467.0--9222301.0": 0.8260611297758651, "8805467.0--9222358.0": 0.8173757851200872, "8805467.0--9229135.0": 0.8503616538034743, "8805467.0--9222047.0": 0.7897091833965364, "8805467.0--9222272.0": 0.8136471601475446, "8805467.0--9222110.0": 0.8412390474718116, "8805467.0--9222364.0": 0.8017673742640917, "8805467.0--9222088.0": 0.8380155715777616, "8805467.0--9216518.0": 0.8350534351521367, "8805467.0--9222309.0": 0.8054518742286533, "8805467.0--9216595.0": 0.7630653839597067, "8805467.0--9216538.0": 0.7799730475830833, "8805467.0--9216549.0": 0.7982028708754366, "8805467.0--9216559.0": 0.8330399590193664, "8805467.0--9222376.0": 0.7832157327681395, "8805467.0--9222374.0": 0.8260243072474727, "8805467.0--9224194.0": 0.8020667205277606, "8805467.0--9222254.0": 0.8063400978886889, "8805467.0--9222049.0": 0.7891552873849662, "8805467.0--9222562.0": 0.7992761849793524, "8805467.0--9226126.0": 0.7890083957515684, "8805467.0--9240062.0": 0.8466586363847975, "8805467.0--9226101.0": 0.8017388630856269, "8805467.0--9222377.0": 0.7992811166341443, "8805467.0--9233392.0": 0.8210530089013776, "8805467.0--9222093.0": 0.7886390502921541, "8805467.0--9224154.0": 0.7793378796209895, "8805467.0--9240061.0": 0.7900441278043915, "8805467.0--9222512.0": 0.8076769228627679, "8805467.0--9241413.0": 0.8195196600835764, "8805467.0--9224646.0": 0.7746779214343933, "8805467.0--9222372.0": 0.7630192962963694, "8805467.0--9222253.0": 0.793397875023586, "8805467.0--9222092.0": 0.8391616576579742,