{"8805450.0--8807243.0": 0.7824873604884695, "8805443.0--8805450.0": 0.7875269920138235, "8673661.0--8805450.0": 0.7850256225171551, "8805419.0--8805450.0": 0.7651864375992365, "8451903.0--8805450.0": 0.7522593464286769, "8805429.0--8805450.0": 0.7692759968772989, "8805450.0--8809846.0": 0.7623627776249465, "8805450.0--8809832.0": 0.7775887313028095, "8413174.0--8805450.0": 0.7512208656815863, "8494817.0--8805450.0": 0.781392906508438, "8637778.0--8805450.0": 0.7525536606970099, "8805450.0--8809742.0": 0.7873545706627618, "8805450.0--8807280.0": 0.7947144480995407, "8805450.0--8807274.0": 0.8140687605585365, "8805450.0--9216586.0": 0.7769861287326065, "8805450.0--9237132.0": 0.7961644408769188, "8805450.0--9216572.0": 0.7754368372640279, "8805450.0--9217952.0": 0.7813652328873761, "8805450.0--9217931.0": 0.7975449154709829, "8805450.0--9216507.0": 0.7997583080751665, "8805450.0--9222368.0": 0.8024777736320049, "8805450.0--9220137.0": 0.793282220955503, "8805450.0--9233460.0": 0.756632792608021, "8805450.0--9222263.0": 0.7204320943408891, "8805450.0--9293003.0": 0.7708486840189398, "8805450.0--9222102.0": 0.7744183716141559, "8805450.0--9222323.0": 0.7948415281072119, "8805450.0--9222287.0": 0.7801987331258433, "8805450.0--9223736.0": 0.8006147376031593, "8805450.0--9224191.0": 0.7715839801140353, "8805450.0--9222251.0": 0.7538510990805842, "8805450.0--9229242.0": 0.7727352850775641, "8805450.0--9282195.0": 0.731786939103396, "8805450.0--9222098.0": 0.8033142405242968, "8805450.0--9234027.0": 0.7955360699765346, "8805450.0--9246308.0": 0.77772391636994, "8805450.0--9240072.0": 0.7820842729030403, "8805450.0--9222353.0": 0.777080603678586, "8805450.0--9222293.0": 0.7706110529943542, "8805450.0--9222089.0": 0.7860793516373428, "8805450.0--9228893.0": 0.7865955464890652, "8805450.0--9224192.0": 0.7719021644375743, "8805450.0--9222289.0": 0.757518048703046, "8805450.0--9222038.0": 0.7874663098892504, "8805450.0--9229072.0": 0.7673443045529406, "8805450.0--9222295.0": 0.7958893738716468, "8805450.0--9222342.0": 0.7610160621787541, "8805450.0--9241407.0": 0.781956915744533, "8805450.0--9288884.0": 0.7998498052344962, "8805450.0--9222351.0": 0.7851924162291907, "8805450.0--9223669.0": 0.7729749738157727, "8805450.0--9222315.0": 0.7534735511382505, "8805450.0--9222335.0": 0.7852367453988742, "8805450.0--9222327.0": 0.7701701528920377, "8805450.0--9233469.0": 0.775006872508339, "8805450.0--9226461.0": 0.7719716319062777, "8805450.0--9238508.0": 0.792375244597143, "8805450.0--9222266.0": 0.7574793847916335, "8805450.0--9225008.0": 0.7722566991889751, "8805450.0--9290431.0": 0.7617095510637139, "8805450.0--9239918.0": 0.7874598929297162, "8805450.0--9231271.0": 0.8511334916357234, "8805450.0--9222313.0": 0.7977663654027144, "8805450.0--9231268.0": 0.793877440580893, "8805450.0--9222035.0": 0.7939862406105086, "8805450.0--9222091.0": 0.7896832698138085, "8805450.0--9229515.0": 0.751723965903735, "8805450.0--9222301.0": 0.8254890766061264, "8805450.0--9222358.0": 0.7808581260183319, "8805450.0--9229135.0": 0.7941977504088918, "8805450.0--9222047.0": 0.7988909226722757, "8805450.0--9222272.0": 0.774808679913993, "8805450.0--9222110.0": 0.7767389104655503, "8805450.0--9222364.0": 0.7700836106586223, "8805450.0--9222088.0": 0.7734614231328628, "8805450.0--9216518.0": 0.7701364123468719, "8805450.0--9222309.0": 0.7991194929123571, "8805450.0--9216595.0": 0.7440200217227301, "8805450.0--9216538.0": 0.7486533736865054, "8805450.0--9216549.0": 0.7561619654902669, "8805450.0--9216559.0": 0.7867075186237897, "8805450.0--9222376.0": 0.7221669848580863, "8805450.0--9222374.0": 0.8013043686272174, "8805450.0--9224194.0": 0.759368764469202, "8805450.0--9222254.0": 0.7635783274912101, "8805450.0--9222049.0": 0.7621926479253871, "8805450.0--9222562.0": 0.7309154514193187, "8805450.0--9226126.0": 0.7583250803242203, "8805450.0--9240062.0": 0.771342591317717, "8805450.0--9226101.0": 0.7582793105989963, "8805450.0--9222377.0": 0.7351467236150646, "8805450.0--9233392.0": 0.7747336115909302, "8805450.0--9222093.0": 0.7616531660336523, "8805450.0--9224154.0": 0.7172031114599158, "8805450.0--9240061.0": 0.7506591432508525, "8805450.0--9222512.0": 0.7598435501663566, "8805450.0--9241413.0": 0.7805539290408327, "8805450.0--9224646.0": 0.7739096468594229, "8805450.0--9222372.0": 0.7319888076032105, "8805450.0--9222253.0": 0.781304651516128, "8805450.0--9222092.0": 0.789464969032676, "8805450.0--9222271.0": 0.7749513199482985, "8805450.0--9230431.0": 0.7867793948519141, "8805450.0--9222076.0": 0.7928161040617577, "8805450.0--9222053.0": 0.763518387100058, "8805450.0--9216532.0": 0.802659448433226, "8805450.0--9222085.0": 0.787502526507426, "8805450.0--9216629.0": 0.7577741655094246, "8805450.0--9308630.0": 0.7692327403913599, "8805450.0--9308624.0": 0.765661255735636, "8805450.0--9219240.0": 0.7732976445413309, "8805450.0--9216630.0": 0.7934244510652597, "8805450.0--9217981.0": 0.7919824528086977, "8805450.0--9224153.0": 0.7670643231773996, "8805450.0--9286505.0": 0.751623865947564, "8805450.0--9216512.0": 0.781599793565322, "8805450.0--9216579.0": 0.7702434843855557, "8805450.0--9222249.0": 0.7639422300385365, "8805450.0--9222367.0": 0.7701521569562532, "8805450.0--9222325.0": 0.7442035479405368, "8805450.0--9222510.0": 0.7521784161691591, "8805450.0--9246250.0": 0.8514989859523562, "8805450.0--9308627.0": 0.8346224441881257, "8805450.0--9224186.0": 0.8072261911754219, "8805450.0--9229232.0": 0.7357332777095966, "8805450.0--9226404.0": 0.7781240390783516, "8805450.0--9308631.0": 0.7871900039418326, "8805450.0--9222255.0": 0.7611670973817738, "8805450.0--9222261.0": 0.7701817417732676, "8805450.0--9222338.0": 0.7450880132644386, "8805450.0--9222284.0": 0.7826719270103456, "8805450.0--9230430.0": 0.7962773789307462, "8805450.0--9308622.0": 0.7314421874351211, "8805450.0--9286903.0": 0.7384307869057483, "8805450.0--9234473.0": 0.7494457305001865, "8805450.0--9241426.0": 0.7829147242353502, "8805450.0--9222269.0": 0.8055309305210353, "8805450.0--9237999.0": 0.7917456888659926, "8805450.0--9222072.0": 0.832660691048388, "8805450.0--9224197.0": 0.8088328462828984, "8805450.0--9246282.0": 0.7667184407286526, "8805450.0--9222314.0": 0.7559440520858445, "8805450.0--9222357.0": 0.7878724351122967, "8805450.0--9222086.0": 0.7592280467092677, "8805450.0--9222360.0": 0.8188920311677556, "8805450.0--9222065.0": 0.7747343226736765, "8805450.0--9228894.0": 0.795228540043373, "8805450.0--9233264.0": 0.7998555483007624, "8805450.0--9222343.0": 0.7906716671567235, "8805450.0--9308621.0": 0.7807316440749734, "8805450.0--9308625.0": 0.7958781615557178, "8805450.0--9241744.0": 0.7568428670382901, "8805450.0--9308629.0": 0.8075272345522734, "8805450.0--9222068.0": 0.7570342164358019, "8805450.0--9222248.0": 0.7509337797769108, "8805450.0--9222274.0": 0.7699278651371819, "8805450.0--9229116.0": 0.7663523640696834, "8805450.0--9233993.0": 0.7662315023316597, "8805450.0--9308623.0": 0.7774830286562897, "8805450.0--9222553.0": 0.7938568765753138, "8805450.0--9222341.0": 0.7960354596064836, "8805450.0--9222346.0": 0.7835735059873886, "8805450.0--9308628.0": 0.816511112157605, "8805450.0--9222294.0": 0.8074628453111525, "8805450.0--9241732.0": 0.796472272713193, "8805450.0--9222060.0": 0.7791850418453412, "8805450.0--9222280.0": 0.8097762285721054}