{"9246250.0--9308627.0": 0.842811003311175, "9224186.0--9246250.0": 0.8134899765785715, "9229232.0--9246250.0": 0.7658742224598987, "9226404.0--9246250.0": 0.7620495815552757, "9246250.0--9308631.0": 0.8223548082006045, "9222255.0--9246250.0": 0.7766032957672556, "9222261.0--9246250.0": 0.7858059861936327, "9222338.0--9246250.0": 0.7532807958586917, "9222284.0--9246250.0": 0.7994418359776386, "9230430.0--9246250.0": 0.8045891777715419, "9246250.0--9308622.0": 0.7779890533291074, "9246250.0--9286903.0": 0.7594787745200994, "9234473.0--9246250.0": 0.7830552672753894, "9241426.0--9246250.0": 0.8054878616389877, "9222269.0--9246250.0": 0.8091438123154402, "9237999.0--9246250.0": 0.8092431394830198, "9222072.0--9246250.0": 0.8214363481558861, "9224197.0--9246250.0": 0.7963539353991181, "9246250.0--9246282.0": 0.7798522817716654, "9222314.0--9246250.0": 0.7902745050083528, "9222357.0--9246250.0": 0.8147460780972531, "9222086.0--9246250.0": 0.7785653378002911, "9222360.0--9246250.0": 0.8275934095061932, "9222065.0--9246250.0": 0.780104951372272, "9228894.0--9246250.0": 0.8116734421366303, "9233264.0--9246250.0": 0.8004879721532548, "9222343.0--9246250.0": 0.7690106809690054, "9246250.0--9308621.0": 0.7968950931217612, "9246250.0--9308625.0": 0.8038360758886547, "9241744.0--9246250.0": 0.7768304244996576, "9246250.0--9308629.0": 0.7847852958284874, "9222068.0--9246250.0": 0.7649418508356468, "9222248.0--9246250.0": 0.7945446409609458, "9222274.0--9246250.0": 0.7985250779133384, "9229116.0--9246250.0": 0.811496744761584, "9233993.0--9246250.0": 0.760637818072676, "9246250.0--9308623.0": 0.7877664363115304, "9222553.0--9246250.0": 0.808258734342673, "9222341.0--9246250.0": 0.8221198730611083, "9222346.0--9246250.0": 0.7929075238218453, "9246250.0--9308628.0": 0.8123157695406393, "9222294.0--9246250.0": 0.8141236519399483, "9241732.0--9246250.0": 0.8253121506349592, "9222060.0--9246250.0": 0.8059721874883988, "9222280.0--9246250.0": 0.8418187193527098}