{"9222295.0--9229072.0": 0.8047168419869817, "9222342.0--9229072.0": 0.8155048210475291, "9229072.0--9241407.0": 0.7823374662677629, "9229072.0--9288884.0": 0.8050768479734323, "9222351.0--9229072.0": 0.8118361195361299, "9223669.0--9229072.0": 0.8125798008031683, "9222315.0--9229072.0": 0.8203880495534558, "9222335.0--9229072.0": 0.8215491115235587, "9222327.0--9229072.0": 0.7851101802896597, "9229072.0--9233469.0": 0.8189525951401728, "9226461.0--9229072.0": 0.8310406914334503, "9229072.0--9238508.0": 0.823234130699386, "9222266.0--9229072.0": 0.7883027176658768, "9225008.0--9229072.0": 0.8175584732011986, "9229072.0--9290431.0": 0.7915657703779067, "9229072.0--9239918.0": 0.793967591229746, "9229072.0--9231271.0": 0.7700180355044123, "9222313.0--9229072.0": 0.7886680072138126, "9229072.0--9231268.0": 0.7759111199905326, "9222035.0--9229072.0": 0.7799020477828178, "9222091.0--9229072.0": 0.8202519413987932, "9229072.0--9229515.0": 0.7501243159920135, "9222301.0--9229072.0": 0.8024442206873393, "9222358.0--9229072.0": 0.8408788081442453, "9229072.0--9229135.0": 0.8156537472646461, "9222047.0--9229072.0": 0.808040686721455, "9222272.0--9229072.0": 0.8209879015819693, "9222110.0--9229072.0": 0.8343911906703503, "9222364.0--9229072.0": 0.8088364093384569, "9222088.0--9229072.0": 0.8325913767675639, "9216518.0--9229072.0": 0.8077929584823736, "9222309.0--9229072.0": 0.7987486951428491, "9216595.0--9229072.0": 0.7999109801110107, "9216538.0--9229072.0": 0.7596724141954316, "9216549.0--9229072.0": 0.7675468023885667, "9216559.0--9229072.0": 0.811211293496542, "9222376.0--9229072.0": 0.7584500768844926, "9222374.0--9229072.0": 0.8235930709441717, "9224194.0--9229072.0": 0.7789675625258436, "9222254.0--9229072.0": 0.798389254072587, "9222049.0--9229072.0": 0.7617474468040948, "9222562.0--9229072.0": 0.7728489873823513, "9226126.0--9229072.0": 0.8027717479788005, "9229072.0--9240062.0": 0.8083985504345688, "9226101.0--9229072.0": 0.7818776183111038, "9222377.0--9229072.0": 0.7568807586790408, "9229072.0--9233392.0": 0.7915732900773292, "9222093.0--9229072.0": 0.774315173630262, "9224154.0--9229072.0": 0.7464392976974595, "9229072.0--9240061.0": 0.7815483961598392, "9222512.0--9229072.0": 0.7810895998782849, "9229072.0--9241413.0": 0.7937906626276943, "9224646.0--9229072.0": 0.7817388619942621, "9222372.0--9229072.0": 0.7493424374047375, "9222253.0--9229072.0": 0.7837751600240809, "9222092.0--9229072.0": 0.8086632611936466, "9222271.0--9229072.0": 0.7813310691978851, "9229072.0--9230431.0": 0.802694850337618, "9222076.0--9229072.0": 0.8015096815960148, "9222053.0--9229072.0": 0.8015477750289766, "9216532.0--9229072.0": 0.791052749539741, "9222085.0--9229072.0": 0.7812943386843791, "9216629.0--9229072.0": 0.8009778082890333, "9229072.0--9308630.0": 0.8040375566580199, "9229072.0--9308624.0": 0.7647796472840342, "9219240.0--9229072.0": 0.7982388644359844, "9216630.0--9229072.0": 0.784535755039453, "9217981.0--9229072.0": 0.7606658846073626, "9224153.0--9229072.0": 0.7792067967377514, "9229072.0--9286505.0": 0.7604391137776119, "9216512.0--9229072.0": 0.8042316526431929, "9216579.0--9229072.0": 0.785090288010711, "9222249.0--9229072.0": 0.7984538824166391, "9222367.0--9229072.0": 0.7782583452072891, "9222325.0--9229072.0": 0.7945704097482112, "9222510.0--9229072.0": 0.7959031220420685, "9229072.0--9246250.0": 0.7650528711376687, "9229072.0--9308627.0": 0.8045686429812015, "9224186.0--9229072.0": 0.8160870683012172, "9229072.0--9229232.0": 0.7770998345367228, "9226404.0--9229072.0": 0.7746518010178434, "9229072.0--9308631.0": 0.7852495561413704, "9222255.0--9229072.0": 0.810644481436547, "9222261.0--9229072.0": 0.8000574528024721, "9222338.0--9229072.0": 0.8003883184458142, "9222284.0--9229072.0": 0.813819760744658, "9229072.0--9230430.0": 0.8050260996309816, "9229072.0--9308622.0": 0.7544153495495127, "9229072.0--9286903.0": 0.7302499788633343, "9229072.0--9234473.0": 0.7683741229854355, "9229072.0--9241426.0": 0.7965732311193433, "9222269.0--9229072.0": 0.8116204401792355, "9229072.0--9237999.0": 0.8000485906430176, "9222072.0--9229072.0": 0.8146587064610179, "9224197.0--9229072.0": 0.8024440184598493, "9229072.0--9246282.0": 0.800931119139956, "9222314.0--9229072.0": 0.7594083659962443, "9222357.0--9229072.0": 0.7960221227775017, "9222086.0--9229072.0": 0.8007090232339865, "9222360.0--9229072.0": 0.8204415952074128, "9222065.0--9229072.0": 0.7817095650996309, "9228894.0--9229072.0": 0.8266897144886773, "9229072.0--9233264.0": 0.8136809467288506, "9222343.0--9229072.0": 0.792765610129224, "9229072.0--9308621.0": 0.8134348935043068, "9229072.0--9308625.0": 0.80150410052851, "9229072.0--9241744.0": 0.8091571658428585, "9229072.0--9308629.0": 0.7978586334491383, "9222068.0--9229072.0": 0.7412778683688135, "9222248.0--9229072.0": 0.7858154915281883, "9222274.0--9229072.0": 0.8071329217887323, "9229072.0--9229116.0": 0.8033306674028545, "9229072.0--9233993.0": 0.7979562358300141, "9229072.0--9308623.0": 0.7861400426038773, "9222553.0--9229072.0": 0.7777409017546377, "9222341.0--9229072.0": 0.8160487849272435, "9222346.0--9229072.0": 0.8100668495921945, "9229072.0--9308628.0": 0.794103362248519, "9222294.0--9229072.0": 0.7847867651494516, "9229072.0--9241732.0": 0.7888428521644202, "9222060.0--9229072.0": 0.8090668613297518, "9222280.0--9229072.0": 0.807414361897115}