{"8546802.0--8805427.0": 0.7816491521645033, "8546802.0--8836120.0": 0.7979838569396975, "8546802.0--8794768.0": 0.8077120591907241, "8546802.0--8809750.0": 0.7977971834206091, "8546802.0--8820172.0": 0.8414030863014588, "8476234.0--8546802.0": 0.7969762338297957, "8546802.0--8807314.0": 0.7754716417293467, "8546802.0--8794520.0": 0.8641406454534838, "8546802.0--8805452.0": 0.811777945897002, "8546802.0--8805462.0": 0.7926902884344932, "8546802.0--8807275.0": 0.8133444559213046, "8419285.0--8546802.0": 0.8154549581624443, "8546802.0--8807379.0": 0.8342772930656981, "8546802.0--8807234.0": 0.834933111963403, "8423100.0--8546802.0": 0.8170841421393787, "8546802.0--8805455.0": 0.8168497315599546, "8546802.0--8727493.0": 0.8037130422296948, "8546802.0--8807369.0": 0.7791986597900407, "8532319.0--8546802.0": 0.8163446319681429, "8419325.0--8546802.0": 0.8182541697230769, "8546802.0--8805430.0": 0.80715726685472, "8546802.0--8807301.0": 0.794587584769946, "8546802.0--8713940.0": 0.8170771555521477, "8546802.0--8637795.0": 0.822673644386567, "7999244.0--8546802.0": 0.8055150588469346, "8546802.0--8805439.0": 0.8026121727089162, "8546802.0--8805428.0": 0.8106870992254656, "8546802.0--8809223.0": 0.8575360102540701, "8546802.0--8795584.0": 0.8507309358864156, "8546802.0--8807264.0": 0.79873454606887, "8546802.0--8805431.0": 0.799879140553001, "8453863.0--8546802.0": 0.8157471978017072, "8400404.0--8546802.0": 0.853373433279768, "8546802.0--8809834.0": 0.8180980756381392, "8546802.0--8663447.0": 0.8149036082425858, "8546802.0--8807213.0": 0.8314900229122059, "8546802.0--8640251.0": 0.8018246336179656, "8546802.0--8807220.0": 0.865703948386041, "8546802.0--8617736.0": 0.8034619797627434, "8546802.0--8617746.0": 0.7712658115478146, "8546802.0--8640072.0": 0.7999543976714987, "8546802.0--8636208.0": 0.8170048715610746, "8546802.0--8805458.0": 0.7851962293636959, "8546802.0--8807271.0": 0.7919968424328121, "8546802.0--8809678.0": 0.7622630907898984, "8546802.0--8807226.0": 0.808778624242813, "8546802.0--8805467.0": 0.8177432440621285, "8546802.0--8611113.0": 0.786584071559619, "8546802.0--8854316.0": 0.8404080086528783, "8546802.0--8794607.0": 0.7865115894569901, "8546802.0--8805418.0": 0.7805893002815961, "8546802.0--8836087.0": 0.8046888514405324, "8546802.0--8807283.0": 0.8162076579211206, "8546802.0--8820171.0": 0.7978586970056862, "8546802.0--8807288.0": 0.7521954764786699, "8546802.0--8807302.0": 0.7682870201327789, "8546802.0--8805466.0": 0.7860211400376415, "8546802.0--8807351.0": 0.8023269821240074, "8546802.0--8805420.0": 0.7745026943164413, "8546802.0--8807299.0": 0.7916162690732081, "8546802.0--8812988.0": 0.7970336221091132, "8546802.0--8807294.0": 0.7977802151096995, "8546802.0--8805434.0": 0.8262772200003289, "8546802.0--8732351.0": 0.7938266824860432, "8546802.0--8807232.0": 0.8053388419505407, "8419271.0--8546802.0": 0.7608960083662579, "8546802.0--8625484.0": 0.8083868215338064, "8546802.0--8807349.0": 0.7980867787588729, "8546802.0--8809730.0": 0.792748833951805, "8546802.0--8730513.0": 0.7834667181065861, "8546802.0--8809833.0": 0.8106652754241287, "8523628.0--8546802.0": 0.7723894147843666, "8434356.0--8546802.0": 0.8074574139117958, "8546802.0--8807303.0": 0.8245930721318494, "8546802.0--8811606.0": 0.8144370359915247, "8546802.0--8807244.0": 0.8288692505610651, "8490694.0--8546802.0": 0.8198741474836837, "8546802.0--8809844.0": 0.8234508772352369, "8546802.0--8809850.0": 0.7978557969765048, "8546802.0--8805445.0": 0.8397495137106498, "8412138.0--8546802.0": 0.840528413273208, "8546802.0--8807247.0": 0.7975123265441949, "8546802.0--8848845.0": 0.8150925463354302, "8546802.0--8695851.0": 0.8192168517444098, "8546802.0--8713907.0": 0.8368394968865068, "8546802.0--8809847.0": 0.842010688212654, "8546802.0--8727480.0": 0.8544354711973203, "8546802.0--8706590.0": 0.8023142360020529, "8546802.0--8735916.0": 0.8401809739278522, "8474512.0--8546802.0": 0.8042923868585437, "8546802.0--8809845.0": 0.8025141797099467, "8540796.0--8546802.0": 0.8615805806875657, "8546802.0--8807233.0": 0.8324347907847451, "8546802.0--8617747.0": 0.7776972696151643, "8474486.0--8546802.0": 0.7993077728744343, "8474516.0--8546802.0": 0.811056003882878, "8546802.0--8663650.0": 0.7832437824036207, "8546802.0--8663646.0": 0.8042259791336377, "8546802.0--8794553.0": 0.8316222031863287, "8546802.0--8863966.0": 0.8123190673976959, "8525340.0--8546802.0": 0.8124613218989083, "8546802.0--8805448.0": 0.7754666939012297, "8405549.0--8546802.0": 0.80957895716998, "8546802.0--8611178.0": 0.7985400194715163, "8546802.0--8827593.0": 0.7773029061726443, "8546802.0--8805463.0": 0.7918515656264111, "8546802.0--8805457.0": 0.7952886952792597, "8546802.0--8805442.0": 0.7834055628887422, "8546802.0--8807266.0": 0.8196445743775275, "8546802.0--8813126.0": 0.7863798082133124, "8546802.0--8585103.0": 0.7926127152086414, "8546802.0--8807235.0": 0.7926558121183771, "8546802.0--8585048.0": 0.819912883411003, "8546802.0--8809843.0": 0.7835956871834654, "8546802.0--8809842.0": 0.8025931862706631, "8546802.0--8842614.0": 0.7765634452411015, "8546802.0--8805441.0": 0.7721657548219635, "8546802.0--8809920.0": 0.7404113641447797, "8546802.0--8663312.0": 0.7988430520680458, "8477126.0--8546802.0": 0.8185907403792846, "8546802.0--8807224.0": 0.8370635230393653, "8546802.0--8807355.0": 0.8079870583190384, "8546802.0--8807320.0": 0.8157295762127932, "8546802.0--8665933.0": 0.8038433182792558, "8546802.0--8845772.0": 0.7930796376375588, "8546802.0--8812989.0": 0.8144311389598311, "8546802.0--8636969.0": 0.8186338888276895, "8546802.0--8805450.0": 0.8065269938093322, "8546802.0--8807243.0": 0.815587372197156, "8546802.0--8805443.0": 0.798488605254352, "8546802.0--8673661.0": 0.8240882071396245, "8546802.0--8805419.0": 0.7897703430094376, "8451903.0--8546802.0": 0.7907078692810814, "8546802.0--8805429.0": 0.7906780800102157, "8546802.0--8809846.0": 0.7873123046160448, "8546802.0--8809832.0": 0.7896531323999415, "8413174.0--8546802.0": 0.7983428341371579, "8494817.0--8546802.0": 0.7684882810039732, "8546802.0--8637778.0": 0.7801122767632246, "8546802.0--8809742.0": 0.793889152552635, "8546802.0--8807280.0": 0.8160310015098108, "8546802.0--8807274.0": 0.8651869329991091, "8546802.0--9216586.0": 0.8070921059879339, "8546802.0--9237132.0": 0.8031485956286337, "8546802.0--9216572.0": 0.7749971999383065, "8546802.0--9217952.0": 0.7978059886561135, "8546802.0--9217931.0": 0.8262044443104667, "8546802.0--9216507.0": 0.7999987685014965, "8546802.0--9222368.0": 0.8206374256567637, "8546802.0--9220137.0": 0.7950702079450782, "8546802.0--9233460.0": 0.7777906814108677, "8546802.0--9222263.0": 0.7438735323146042, "8546802.0--9293003.0": 0.7940849378825665, "8546802.0--9222102.0": 0.7953962619597601, "8546802.0--9222323.0": 0.8110031964181015, "8546802.0--9222287.0": 0.7744129464051112, "8546802.0--9223736.0": 0.7949722336570577, "8546802.0--9224191.0": 0.8269466629889701, "8546802.0--9222251.0": 0.7737597411443904, "8546802.0--9229242.0": 0.8023950873004895, "8546802.0--9282195.0": 0.8063858203073113, "8546802.0--9222098.0": 0.8142022165488314, "8546802.0--9234027.0": 0.797152748093426, "8546802.0--9246308.0": 0.8003588282729814, "8546802.0--9240072.0": 0.817122042369419, "8546802.0--9222353.0": 0.818172989001418, "8546802.0--9222293.0": 0.7959257924954195, "8546802.0--9222089.0": 0.7787611485763132, "8546802.0--9228893.0": 0.8063395066232348, "8546802.0--9224192.0": 0.8070336579032888, "8546802.0--9222289.0": 0.8035147262412413, "8546802.0--9222038.0": 0.8136918514591944, "8546802.0--9229072.0": 0.7952782510335115, "8546802.0--9222295.0": 0.8192384729201142, "8546802.0--9222342.0": 0.7773823945740362, "8546802.0--9241407.0": 0.8148558815006941, "8546802.0--9288884.0": 0.8041270470279288, "8546802.0--9222351.0": 0.7982798340222136, "8546802.0--9223669.0": 0.7980308840183754, "8546802.0--9222315.0": 0.7798133772663891, "8546802.0--9222335.0": 0.8160273497407755, "8546802.0--9222327.0": 0.7883348385460555,