{"8451903.0--8805429.0": 0.7524096170656579, "8451903.0--8809846.0": 0.7594839975512, "8451903.0--8809832.0": 0.7786739542222831, "8413174.0--8451903.0": 0.7405535716146256, "8451903.0--8494817.0": 0.7394158548704389, "8451903.0--8637778.0": 0.7351597551274327, "8451903.0--8809742.0": 0.7898331858365825, "8451903.0--8807280.0": 0.7971001348687132, "8451903.0--8807274.0": 0.8043231901956469, "8451903.0--9216586.0": 0.7610180708590146, "8451903.0--9237132.0": 0.7827722398718007, "8451903.0--9216572.0": 0.756044809107361, "8451903.0--9217952.0": 0.7912384281707315, "8451903.0--9217931.0": 0.7985476490668312, "8451903.0--9216507.0": 0.7929811440326141, "8451903.0--9222368.0": 0.7964136023185213, "8451903.0--9220137.0": 0.7767586480385987, "8451903.0--9233460.0": 0.7660996315965077, "8451903.0--9222263.0": 0.7363837338770964, "8451903.0--9293003.0": 0.7894648391610196, "8451903.0--9222102.0": 0.7993819399574078, "8451903.0--9222323.0": 0.7702713895174866, "8451903.0--9222287.0": 0.7839923561991848, "8451903.0--9223736.0": 0.7598651320164389, "8451903.0--9224191.0": 0.7905547540265923, "8451903.0--9222251.0": 0.7734844530181992, "8451903.0--9229242.0": 0.7670317846538769, "8451903.0--9282195.0": 0.7453600531096866, "8451903.0--9222098.0": 0.7699766449336295, "8451903.0--9234027.0": 0.7623620915654804, "8451903.0--9246308.0": 0.7832419681855811, "8451903.0--9240072.0": 0.7844739533452927, "8451903.0--9222353.0": 0.7623783083632537, "8451903.0--9222293.0": 0.7894348321210721, "8451903.0--9222089.0": 0.7523474987507602, "8451903.0--9228893.0": 0.781555595734482, "8451903.0--9224192.0": 0.7698396487521633, "8451903.0--9222289.0": 0.7726069280678401, "8451903.0--9222038.0": 0.7532669443307585, "8451903.0--9229072.0": 0.7780423956048677, "8451903.0--9222295.0": 0.7871672188334081, "8451903.0--9222342.0": 0.7619457109246552, "8451903.0--9241407.0": 0.7589194194422808, "8451903.0--9288884.0": 0.7697425709657293, "8451903.0--9222351.0": 0.7653705817495512, "8451903.0--9223669.0": 0.7728101058570462, "8451903.0--9222315.0": 0.7641180473243486, "8451903.0--9222335.0": 0.7936122244276214, "8451903.0--9222327.0": 0.7548848335491474, "8451903.0--9233469.0": 0.8062963172479187, "8451903.0--9226461.0": 0.77690979561842, "8451903.0--9238508.0": 0.801131062932244, "8451903.0--9222266.0": 0.7511061381620083, "8451903.0--9225008.0": 0.7808380563687006, "8451903.0--9290431.0": 0.784413625728319, "8451903.0--9239918.0": 0.7578864149182778, "8451903.0--9231271.0": 0.7563972027810077, "8451903.0--9222313.0": 0.785751467648734, "8451903.0--9231268.0": 0.7927414893623137, "8451903.0--9222035.0": 0.7643869568941472, "8451903.0--9222091.0": 0.7645950186712003, "8451903.0--9229515.0": 0.7803125925002884, "8451903.0--9222301.0": 0.7761482101210264, "8451903.0--9222358.0": 0.7992865000101652, "8451903.0--9229135.0": 0.8115472022225414, "8451903.0--9222047.0": 0.7783611745547239, "8451903.0--9222272.0": 0.7804498848201256, "8451903.0--9222110.0": 0.7628539010438923, "8451903.0--9222364.0": 0.7782289360144471, "8451903.0--9222088.0": 0.7837003701796719, "8451903.0--9216518.0": 0.7855126198066066, "8451903.0--9222309.0": 0.7998100951941525, "8451903.0--9216595.0": 0.7484018422138137, "8451903.0--9216538.0": 0.7548214361079189, "8451903.0--9216549.0": 0.7435948833442318, "8451903.0--9216559.0": 0.7620075538328528, "8451903.0--9222376.0": 0.7494873304506131, "8451903.0--9222374.0": 0.7736254160598592, "8451903.0--9224194.0": 0.7552804257327413, "8451903.0--9222254.0": 0.7662249665279157, "8451903.0--9222049.0": 0.7531762121781586, "8451903.0--9222562.0": 0.7465954620042619, "8451903.0--9226126.0": 0.7489761287288597, "8451903.0--9240062.0": 0.7836558779306139, "8451903.0--9226101.0": 0.757700678008992, "8451903.0--9222377.0": 0.7546046858098518, "8451903.0--9233392.0": 0.7976798658600652, "8451903.0--9222093.0": 0.7630917935267757, "8451903.0--9224154.0": 0.7471142131824557, "8451903.0--9240061.0": 0.7778298269489197, "8451903.0--9222512.0": 0.7472203494659144, "8451903.0--9241413.0": 0.7875221852884042, "8451903.0--9224646.0": 0.7596660164696292, "8451903.0--9222372.0": 0.7213273063379858, "8451903.0--9222253.0": 0.7652364777419958, "8451903.0--9222092.0": 0.7788962058883381, "8451903.0--9222271.0": 0.765455789101177, "8451903.0--9230431.0": 0.7818334326258815, "8451903.0--9222076.0": 0.7806011115284059, "8451903.0--9222053.0": 0.7683941549030399, "8451903.0--9216532.0": 0.7983347475297504, "8451903.0--9222085.0": 0.771690231467301, "8451903.0--9216629.0": 0.8006052248546919, "8451903.0--9308630.0": 0.7643843752102425, "8451903.0--9308624.0": 0.7566220465155364, "8451903.0--9219240.0": 0.7885598210895246, "8451903.0--9216630.0": 0.769114174274014, "8451903.0--9217981.0": 0.7595886443791492, "8451903.0--9224153.0": 0.8084450032764511, "8451903.0--9286505.0": 0.7841887766171326, "8451903.0--9216512.0": 0.8104663051456394, "8451903.0--9216579.0": 0.776729619987707, "8451903.0--9222249.0": 0.7906718475319338, "8451903.0--9222367.0": 0.755103291750058, "8451903.0--9222325.0": 0.7843074750211991, "8451903.0--9222510.0": 0.7906198419098946, "8451903.0--9246250.0": 0.7849496514261889, "8451903.0--9308627.0": 0.820886284405456, "8451903.0--9224186.0": 0.8198191115411342, "8451903.0--9229232.0": 0.785811304192682, "8451903.0--9226404.0": 0.7628248325242275, "8451903.0--9308631.0": 0.7919297969770194, "8451903.0--9222255.0": 0.7948182871196061, "8451903.0--9222261.0": 0.772372071988083, "8451903.0--9222338.0": 0.7927494005483479, "8451903.0--9222284.0": 0.7962635987764123, "8451903.0--9230430.0": 0.8245258865081324, "8451903.0--9308622.0": 0.78458850186766, "8451903.0--9286903.0": 0.7523031636467641, "8451903.0--9234473.0": 0.744251930566715, "8451903.0--9241426.0": 0.7847714693654773, "8451903.0--9222269.0": 0.7841717121991432, "8451903.0--9237999.0": 0.8225110822559402, "8451903.0--9222072.0": 0.7960327740588649, "8451903.0--9224197.0": 0.763949761699333, "8451903.0--9246282.0": 0.7688595509450272, "8451903.0--9222314.0": 0.8023360874755624, "8451903.0--9222357.0": 0.8006203070824327, "8451903.0--9222086.0": 0.7597204350177615, "8451903.0--9222360.0": 0.7951120092426708, "8451903.0--9222065.0": 0.7830865750721551, "8451903.0--9228894.0": 0.8271819392218631, "8451903.0--9233264.0": 0.7894520153103286, "8451903.0--9222343.0": 0.7767496007917534, "8451903.0--9308621.0": 0.7804872670251979, "8451903.0--9308625.0": 0.7949493842128406, "8451903.0--9241744.0": 0.7828577554935314, "8451903.0--9308629.0": 0.7864019768349014, "8451903.0--9222068.0": 0.7743976816609877, "8451903.0--9222248.0": 0.7608282819114381, "8451903.0--9222274.0": 0.7837662554668506, "8451903.0--9229116.0": 0.8087925476439138, "8451903.0--9233993.0": 0.7840840205360522, "8451903.0--9308623.0": 0.7706634696294812, "8451903.0--9222553.0": 0.7791295086920924, "8451903.0--9222341.0": 0.8374165350053668, "8451903.0--9222346.0": 0.77044607709977, "8451903.0--9308628.0": 0.7999787928034154, "8451903.0--9222294.0": 0.8009665108357811, "8451903.0--9241732.0": 0.7601933058997967, "8451903.0--9222060.0": 0.7974617240495493, "8451903.0--9222280.0": 0.8208830798243116}