{"8585048.0--8807235.0": 0.839899367267313, "8807235.0--8809843.0": 0.7800070688538447, "8807235.0--8809842.0": 0.777626088654847, "8807235.0--8842614.0": 0.7710920148622866, "8805441.0--8807235.0": 0.7498128421849763, "8807235.0--8809920.0": 0.7859844830686034, "8663312.0--8807235.0": 0.8121390194149265, "8477126.0--8807235.0": 0.838086659498218, "8807224.0--8807235.0": 0.835864287533443, "8807235.0--8807355.0": 0.7701650706883202, "8807235.0--8807320.0": 0.7785123980333699, "8665933.0--8807235.0": 0.8137276653975523, "8807235.0--8845772.0": 0.7778629430186886, "8807235.0--8812989.0": 0.8112371815716539, "8636969.0--8807235.0": 0.7816093675468687, "8805450.0--8807235.0": 0.7802127509010496, "8807235.0--8807243.0": 0.8074249741085266, "8805443.0--8807235.0": 0.8041494366170681, "8673661.0--8807235.0": 0.8210381035630807, "8805419.0--8807235.0": 0.7876001268701869, "8451903.0--8807235.0": 0.8123250116280987, "8805429.0--8807235.0": 0.7887697195133311, "8807235.0--8809846.0": 0.8054719546116901, "8807235.0--8809832.0": 0.7918035568475497, "8413174.0--8807235.0": 0.779814864181267, "8494817.0--8807235.0": 0.7776914360519269, "8637778.0--8807235.0": 0.7928270470650807, "8807235.0--8809742.0": 0.7924149024058711, "8807235.0--8807280.0": 0.8065133109999371, "8807235.0--8807274.0": 0.8335807447299336, "8807235.0--9216586.0": 0.7832928389231263, "8807235.0--9237132.0": 0.8022068879048412, "8807235.0--9216572.0": 0.7741167219080467, "8807235.0--9217952.0": 0.8047697992115156, "8807235.0--9217931.0": 0.8204102430575474, "8807235.0--9216507.0": 0.7876383343555404, "8807235.0--9222368.0": 0.8278103663444835, "8807235.0--9220137.0": 0.8012886445661757, "8807235.0--9233460.0": 0.777189902429015, "8807235.0--9222263.0": 0.7378480930893037, "8807235.0--9293003.0": 0.8163822961400825, "8807235.0--9222102.0": 0.8348537873167247, "8807235.0--9222323.0": 0.8139884079552107, "8807235.0--9222287.0": 0.8063454690356942, "8807235.0--9223736.0": 0.8023705327496464, "8807235.0--9224191.0": 0.7683029996269337, "8807235.0--9222251.0": 0.7842411100786132, "8807235.0--9229242.0": 0.7912650726904302, "8807235.0--9282195.0": 0.741788333162757, "8807235.0--9222098.0": 0.8106382711852133, "8807235.0--9234027.0": 0.8012514560134822, "8807235.0--9246308.0": 0.7810639643674152, "8807235.0--9240072.0": 0.7991836205953403, "8807235.0--9222353.0": 0.7905629160921716, "8807235.0--9222293.0": 0.8204109677261857, "8807235.0--9222089.0": 0.7784462974029664, "8807235.0--9228893.0": 0.7583244464700614, "8807235.0--9224192.0": 0.7724755482495611, "8807235.0--9222289.0": 0.8216559492541832, "8807235.0--9222038.0": 0.7795410288877901, "8807235.0--9229072.0": 0.7831299372349456, "8807235.0--9222295.0": 0.7961131804807833, "8807235.0--9222342.0": 0.7973912701549822, "8807235.0--9241407.0": 0.7935577511475185, "8807235.0--9288884.0": 0.7871603205432715, "8807235.0--9222351.0": 0.7933205461952612, "8807235.0--9223669.0": 0.8043883799151874, "8807235.0--9222315.0": 0.7742714196969502, "8807235.0--9222335.0": 0.8096264814482309, "8807235.0--9222327.0": 0.7945704146747817, "8807235.0--9233469.0": 0.7996080244279895, "8807235.0--9226461.0": 0.7994341510717127, "8807235.0--9238508.0": 0.8059049210491046, "8807235.0--9222266.0": 0.7714897007748284, "8807235.0--9225008.0": 0.8033590108494144, "8807235.0--9290431.0": 0.7870574748687835, "8807235.0--9239918.0": 0.7967673626138437, "8807235.0--9231271.0": 0.8055990292397637, "8807235.0--9222313.0": 0.8089886058778674, "8807235.0--9231268.0": 0.7915326788892125, "8807235.0--9222035.0": 0.7497572331619465, "8807235.0--9222091.0": 0.7897030078774931, "8807235.0--9229515.0": 0.759163121330949, "8807235.0--9222301.0": 0.8136506977930797, "8807235.0--9222358.0": 0.8181517387949025, "8807235.0--9229135.0": 0.8160264592546256, "8807235.0--9222047.0": 0.7717536689938718, "8807235.0--9222272.0": 0.7897294718183391, "8807235.0--9222110.0": 0.8111280001190498, "8807235.0--9222364.0": 0.7852269283780752, "8807235.0--9222088.0": 0.7930687608049043, "8807235.0--9216518.0": 0.7979622683918148, "8807235.0--9222309.0": 0.7983777986475439, "8807235.0--9216595.0": 0.7807078052340908, "8807235.0--9216538.0": 0.7756987860094251, "8807235.0--9216549.0": 0.7590648833559017, "8807235.0--9216559.0": 0.8064504743181917, "8807235.0--9222376.0": 0.7743217426905179, "8807235.0--9222374.0": 0.8167102926651755, "8807235.0--9224194.0": 0.7654807294126529, "8807235.0--9222254.0": 0.7841434346573483, "8807235.0--9222049.0": 0.754070029706551, "8807235.0--9222562.0": 0.7630055120885542, "8807235.0--9226126.0": 0.7610734904998102, "8807235.0--9240062.0": 0.8128282950390724, "8807235.0--9226101.0": 0.787695337080254, "8807235.0--9222377.0": 0.768606841055691, "8807235.0--9233392.0": 0.8075440484573968, "8807235.0--9222093.0": 0.7584886851716868, "8807235.0--9224154.0": 0.7762144509137677, "8807235.0--9240061.0": 0.7783762843323323, "8807235.0--9222512.0": 0.7685857872730456, "8807235.0--9241413.0": 0.8249897237029825, "8807235.0--9224646.0": 0.765973630787743, "8807235.0--9222372.0": 0.7411409254383794, "8807235.0--9222253.0": 0.7780157127284888, "8807235.0--9222092.0": 0.8133243265367066, "8807235.0--9222271.0": 0.7915974892547147, "8807235.0--9230431.0": 0.7924839210401978, "8807235.0--9222076.0": 0.7959795135823858, "8807235.0--9222053.0": 0.799388345129231, "8807235.0--9216532.0": 0.8214887103162893, "8807235.0--9222085.0": 0.8018506945182238, "8807235.0--9216629.0": 0.7939089268457917, "8807235.0--9308630.0": 0.8101473422046899, "8807235.0--9308624.0": 0.7714968126442394, "8807235.0--9219240.0": 0.7936246356900252, "8807235.0--9216630.0": 0.7858680304998862, "8807235.0--9217981.0": 0.7619985727760002, "8807235.0--9224153.0": 0.795204518232103, "8807235.0--9286505.0": 0.7676700618169651, "8807235.0--9216512.0": 0.772761234779064, "8807235.0--9216579.0": 0.7976408839917228, "8807235.0--9222249.0": 0.7868089529534451, "8807235.0--9222367.0": 0.7653419560342114, "8807235.0--9222325.0": 0.7918164856301827, "8807235.0--9222510.0": 0.7695927551434909, "8807235.0--9246250.0": 0.814253609891274, "8807235.0--9308627.0": 0.832312273970638, "8807235.0--9224186.0": 0.8241507758391141, "8807235.0--9229232.0": 0.7827061426157865, "8807235.0--9226404.0": 0.7514489835527474, "8807235.0--9308631.0": 0.7862737588458767, "8807235.0--9222255.0": 0.7970897626360278, "8807235.0--9222261.0": 0.7878730725016235, "8807235.0--9222338.0": 0.7928421556247001, "8807235.0--9222284.0": 0.8114453292069436, "8807235.0--9230430.0": 0.8243163375827197, "8807235.0--9308622.0": 0.7740412712042997, "8807235.0--9286903.0": 0.7518997742894629, "8807235.0--9234473.0": 0.7883153846702216, "8807235.0--9241426.0": 0.8055500831696458, "8807235.0--9222269.0": 0.7806115833378888, "8807235.0--9237999.0": 0.8027192931342788, "8807235.0--9222072.0": 0.8276539991030623, "8807235.0--9224197.0": 0.8156598567133155, "8807235.0--9246282.0": 0.7986727628913527, "8807235.0--9222314.0": 0.7891253266276516, "8807235.0--9222357.0": 0.827689927574019, "8807235.0--9222086.0": 0.7707572660810519, "8807235.0--9222360.0": 0.8075447112747174, "8807235.0--9222065.0": 0.7532464432378968, "8807235.0--9228894.0": 0.8196592928824418, "8807235.0--9233264.0": 0.7919844052099922, "8807235.0--9222343.0": 0.7701826739010013, "8807235.0--9308621.0": 0.795098291584167, "8807235.0--9308625.0": 0.8073720812318124, "8807235.0--9241744.0": 0.7915615393163584, "8807235.0--9308629.0": 0.7837405862005786, "8807235.0--9222068.0": 0.7709320246079785, "8807235.0--9222248.0": 0.7774007925783757, "8807235.0--9222274.0": 0.7716856914720949, "8807235.0--9229116.0": 0.8217566739895682, "8807235.0--9233993.0": 0.7979066969098568, "8807235.0--9308623.0": 0.7641173898453693, "8807235.0--9222553.0": 0.8094662655545387, "8807235.0--9222341.0": 0.8167190872095186, "8807235.0--9222346.0": 0.8188652939781029, "8807235.0--9308628.0": 0.8070484470741353, "8807235.0--9222294.0": 0.8224986554666341, "8807235.0--9241732.0": 0.8058641718054127, "8807235.0--9222060.0": 0.8039464238921439,