{"8440091.0--8440097.0": 0.7632052428243836, "8440049.0--8440091.0": 0.8375102970089789, "8440034.0--8440091.0": 0.7764875205737733, "8440091.0--8454905.0": 0.8098409651582477, "8440039.0--8440091.0": 0.8142274148213825, "8440086.0--8440091.0": 0.7715951207714122, "8440091.0--8445644.0": 0.7649015023338068, "8440091.0--8494830.0": 0.7628356863337259, "8440038.0--8440091.0": 0.8152685282032144, "8440091.0--8440110.0": 0.8135225580067303, "8440091.0--8440109.0": 0.7869947138995173, "8440091.0--8453873.0": 0.786188884022205, "8440091.0--8440115.0": 0.8182357916629368, "8440091.0--8467383.0": 0.7911720895018471, "8440091.0--8440120.0": 0.8273771879249551, "8440076.0--8440091.0": 0.7868316920960507, "8440043.0--8440091.0": 0.7932199286481201, "8440091.0--8467535.0": 0.8559597470473372, "8440091.0--8440121.0": 0.8148646090800593, "8440044.0--8440091.0": 0.7565048594193046, "8440089.0--8440091.0": 0.805643318236754, "8440052.0--8440091.0": 0.8101725899415441, "8440085.0--8440091.0": 0.8822956861046556, "8440070.0--8440091.0": 0.8029122492678414, "8440048.0--8440091.0": 0.8193772820963628, "8440091.0--8440118.0": 0.8019810787753829, "8440081.0--8440091.0": 0.7708959020184142, "8440091.0--8440102.0": 0.8372306038108891, "8440080.0--8440091.0": 0.8236719189152529, "8440091.0--8440096.0": 0.7658322103127067, "8440091.0--8440124.0": 0.8358317225924401, "8440063.0--8440091.0": 0.8030961111766675, "8440037.0--8440091.0": 0.7843128240281144, "8440040.0--8440091.0": 0.7794539365917426, "8440056.0--8440091.0": 0.805163838147429, "8440091.0--8440116.0": 0.8170041644864404, "8440091.0--8444102.0": 0.7797793126295584, "8440091.0--8440824.0": 0.8106901080827658, "8440091.0--8493612.0": 0.784953491235722, "8440091.0--8440850.0": 0.8347913404617435, "8440091.0--8456856.0": 0.8125869080698722, "8440091.0--8447439.0": 0.8236864267963342, "8440091.0--8440805.0": 0.8046951283427328, "8440091.0--8440811.0": 0.7732098043615001, "8440091.0--8440856.0": 0.8050390084604799, "8440091.0--8440822.0": 0.7816647611044206, "8440091.0--8440828.0": 0.8120165260672328, "8440091.0--8440851.0": 0.7982667045307289, "8440091.0--8457476.0": 0.7963595855004257, "8440091.0--8440848.0": 0.7749159931585023, "8440091.0--8440839.0": 0.7846542904896145, "8440091.0--8443395.0": 0.811796829304894, "8440091.0--8440832.0": 0.7948919608437475, "8440091.0--8440816.0": 0.8042818887516756, "8440091.0--8440835.0": 0.7901399485322382, "8440091.0--8440818.0": 0.83606347899241, "8440091.0--8440853.0": 0.7881759387089056, "8440091.0--8440840.0": 0.8318972196103985, "8440091.0--8440857.0": 0.8186564392280705, "8440091.0--8449328.0": 0.8125269198940245, "8440091.0--8440829.0": 0.8239579093925469, "8440091.0--8440807.0": 0.767110906027052, "8440091.0--8440831.0": 0.8170388391305605, "8440091.0--8440852.0": 0.816155027917528, "8440091.0--8440841.0": 0.78414150024337, "8440091.0--8440859.0": 0.7772107975793019, "8440091.0--8440821.0": 0.7945303359313394, "8440091.0--8440842.0": 0.8361298402959327, "8440091.0--8443131.0": 0.7862420144535934, "8440091.0--8440815.0": 0.7971879239511359, "8440091.0--8500765.0": 0.842316282065593, "8440091.0--8440804.0": 0.7983922594012686, "8440091.0--8454276.0": 0.7841680605465443, "8440091.0--8464305.0": 0.8323822333621772, "8440091.0--8494828.0": 0.829220808602883, "8440091.0--8440825.0": 0.7954623810438836, "8440091.0--8440814.0": 0.828445297274052, "8440091.0--8440838.0": 0.8447348987944703, "8440091.0--8440855.0": 0.8034374083015083, "8440091.0--8454489.0": 0.8043381316091429, "8440091.0--8440834.0": 0.794895278538999, "8440091.0--8440826.0": 0.8185713326308623, "8440091.0--8440823.0": 0.7797090198354368, "8440091.0--8440845.0": 0.7863964089253689, "8440091.0--8440810.0": 0.8033841459490346, "8440091.0--8440806.0": 0.8067142827760674, "8440091.0--8440817.0": 0.8115357993232883, "8440091.0--8440813.0": 0.8120085291947704, "8440091.0--8443125.0": 0.7468642807112431, "8440091.0--8456575.0": 0.7932666732339718, "8440091.0--8440860.0": 0.82203106617111, "8440091.0--8454343.0": 0.7988439886663864, "8440091.0--8440803.0": 0.8287717203436238, "8440091.0--8454344.0": 0.8224994711000564, "8440091.0--8440854.0": 0.8338534146560223, "8440091.0--8454346.0": 0.8036953428834731, "8440091.0--8440827.0": 0.7890171813744506, "8440091.0--8440836.0": 0.8035867751415506, "8440091.0--8440844.0": 0.8066146511690224, "8440091.0--8440808.0": 0.8232562596611603, "8440091.0--8440837.0": 0.8108764165559761, "8440091.0--8440858.0": 0.7917670562848791, "8440091.0--8440820.0": 0.8022355342697585, "8440091.0--8440833.0": 0.7828056855696264, "8440091.0--8444072.0": 0.8009743822803788, "8440091.0--8440812.0": 0.7978815310644279, "8440091.0--8440809.0": 0.8153703186789764, "8440091.0--8454904.0": 0.8567372366334518, "8440091.0--8440846.0": 0.8062851121845371, "8440091.0--8440830.0": 0.7944218601348171, "8440091.0--8444077.0": 0.78596684904026, "8440091.0--8440847.0": 0.8228217612925978, "8440091.0--8440849.0": 0.7724181384211319, "8440091.0--8443124.0": 0.7986553768219515, "8440091.0--8440843.0": 0.7855048706667201, "8440091.0--8807265.0": 0.8261284941753761, "8440091.0--8816695.0": 0.8125114713404722, "8440091.0--8805426.0": 0.8225271609703477, "8440091.0--8805421.0": 0.8365851170444568, "8440091.0--8812684.0": 0.793708415556174, "8440091.0--8805461.0": 0.8121019044061666, "8440091.0--8807255.0": 0.8508351772653706, "8440091.0--8805460.0": 0.7940236519937931, "8440091.0--8807292.0": 0.8131498334615134, "8440091.0--8807354.0": 0.7996896481112039, "8440091.0--8809711.0": 0.7976740062814967, "8440091.0--8805422.0": 0.7730345889546094, "8440091.0--8805424.0": 0.7840435444584541, "8440091.0--8794517.0": 0.7824889602760298, "8440091.0--8805451.0": 0.7867881043254474, "8440091.0--8807223.0": 0.7879552820648579, "8440091.0--8794560.0": 0.7973456686876017, "8440091.0--8481543.0": 0.790167707276393, "8440091.0--8802285.0": 0.7701993670027318, "8440091.0--8807245.0": 0.8147099831550076, "8440091.0--8805456.0": 0.8088356055555118, "8440091.0--8827944.0": 0.8038959234355721, "8440091.0--8807296.0": 0.8198350376219191, "8440091.0--8827951.0": 0.8106295250639106, "8440091.0--8854335.0": 0.7942310625235554, "8440091.0--8805446.0": 0.7982569441389913, "8440091.0--8805436.0": 0.8165042242334285, "8440091.0--8805433.0": 0.7717925417543284, "8440091.0--8546802.0": 0.8079705915147128, "8440091.0--8805427.0": 0.7478313583360979, "8440091.0--8836120.0": 0.7742706871523184, "8440091.0--8794768.0": 0.7897422382091984, "8440091.0--8809750.0": 0.7985539440402101, "8440091.0--8820172.0": 0.8584535337329454, "8440091.0--8476234.0": 0.8078285992924421, "8440091.0--8807314.0": 0.7720089629410236, "8440091.0--8794520.0": 0.8108106254490871, "8440091.0--8805452.0": 0.8349230845834934, "8440091.0--8805462.0": 0.8041302610985912, "8440091.0--8807275.0": 0.8232648543407912, "8419285.0--8440091.0": 0.7829412625835295, "8440091.0--8807379.0": 0.799100494763628, "8440091.0--8807234.0": 0.8174443207239035, "8423100.0--8440091.0": 0.7775691269207662, "8440091.0--8805455.0": 0.767917637579849, "8440091.0--8727493.0": 0.756989746097045, "8440091.0--8807369.0": 0.7579286234584476, "8440091.0--8532319.0": 0.8285728687832369, "8419325.0--8440091.0": 0.79833274062496, "8440091.0--8805430.0": 0.7795626194437175, "8440091.0--8807301.0": 0.8086747512826998, "8440091.0--8713940.0": 0.8256240607371643, "8440091.0--8637795.0": 0.8077265937080612, "7999244.0--8440091.0": 0.824731299878555, "8440091.0--8805439.0": 0.8024047694125607, "8440091.0--8805428.0": 0.80451844788855, "8440091.0--8809223.0": 0.7959572618563163, "8440091.0--8795584.0": 0.7961985306360619, "8440091.0--8807264.0": 0.7827416000928382, "8440091.0--8805431.0": 0.7705547843258154, "8440091.0--8453863.0": 0.8096199552427237, "8400404.0--8440091.0": 0.7585214660349611, "8440091.0--8809834.0": 0.8062126338659786, "8440091.0--8663447.0": 0.795523064594063, "8440091.0--8807213.0": 0.8285483251575456, "8440091.0--8640251.0": 0.806664889626766, "8440091.0--8807220.0": 0.8078628230288128,