{"8805458.0--8807271.0": 0.8319169929064967, "8805458.0--8809678.0": 0.8339689165733324, "8805458.0--8807226.0": 0.8123018766391648, "8805458.0--8805467.0": 0.8145695826334015, "8611113.0--8805458.0": 0.795916580827922, "8805458.0--8854316.0": 0.8277726822112824, "8794607.0--8805458.0": 0.7954236942317405, "8805418.0--8805458.0": 0.8005239481979984, "8805458.0--8836087.0": 0.8347414349667338, "8805458.0--8807283.0": 0.7818967187494419, "8805458.0--8820171.0": 0.8247053488436094, "8805458.0--8807288.0": 0.7464745224392472, "8805458.0--8807302.0": 0.7551001205449823, "8805458.0--8805466.0": 0.7746767607071069, "8805458.0--8807351.0": 0.7856871616100671, "8805420.0--8805458.0": 0.7917226728355339, "8805458.0--8807299.0": 0.7855109469669208, "8805458.0--8812988.0": 0.7856399857861163, "8805458.0--8807294.0": 0.7878177787456386, "8805434.0--8805458.0": 0.8202117189223129, "8732351.0--8805458.0": 0.7662566331856292, "8805458.0--8807232.0": 0.7774953738468305, "8419271.0--8805458.0": 0.7486602094972187, "8625484.0--8805458.0": 0.7971817549054947, "8805458.0--8807349.0": 0.7899501901851678, "8805458.0--8809730.0": 0.7953914389144395, "8730513.0--8805458.0": 0.7935646817481705, "8805458.0--8809833.0": 0.7946112908724924, "8523628.0--8805458.0": 0.7738318300184965, "8434356.0--8805458.0": 0.7689519247883672, "8805458.0--8807303.0": 0.7993687101178235, "8805458.0--8811606.0": 0.76445125545346, "8805458.0--8807244.0": 0.7423141604174845, "8490694.0--8805458.0": 0.7926679714892612, "8805458.0--8809844.0": 0.7600000438336771, "8805458.0--8809850.0": 0.809498592615637, "8805445.0--8805458.0": 0.7499361529959517, "8412138.0--8805458.0": 0.780861325357746, "8805458.0--8807247.0": 0.7541149615497366, "8805458.0--8848845.0": 0.7832617998110977, "8695851.0--8805458.0": 0.7979759392406429, "8713907.0--8805458.0": 0.8332373943139887, "8805458.0--8809847.0": 0.8020925058930037, "8727480.0--8805458.0": 0.8155796723536411, "8706590.0--8805458.0": 0.7963591630474305, "8735916.0--8805458.0": 0.8109046005050394, "8474512.0--8805458.0": 0.7904815551187451, "8805458.0--8809845.0": 0.758674619119934, "8540796.0--8805458.0": 0.8253891691196625, "8805458.0--8807233.0": 0.7867047431767018, "8617747.0--8805458.0": 0.7507748886162086, "8474486.0--8805458.0": 0.7761620650203278, "8474516.0--8805458.0": 0.8211612712817198, "8663650.0--8805458.0": 0.7672290558664006, "8663646.0--8805458.0": 0.7912460090896928, "8794553.0--8805458.0": 0.7748074868675748, "8805458.0--8863966.0": 0.7532693636127881, "8525340.0--8805458.0": 0.7414154302437542, "8805448.0--8805458.0": 0.8053810658051237, "8405549.0--8805458.0": 0.8048663162729627, "8611178.0--8805458.0": 0.7863162478694554, "8805458.0--8827593.0": 0.7812472605285927, "8805458.0--8805463.0": 0.7676285459482313, "8805457.0--8805458.0": 0.8054498078293344, "8805442.0--8805458.0": 0.7938681132459142, "8805458.0--8807266.0": 0.8229452414298741, "8805458.0--8813126.0": 0.8063931698662878, "8585103.0--8805458.0": 0.825512679144487, "8805458.0--8807235.0": 0.802076803638341, "8585048.0--8805458.0": 0.8439414143005952, "8805458.0--8809843.0": 0.7747114571711778, "8805458.0--8809842.0": 0.766115273909121, "8805458.0--8842614.0": 0.7767738299473033, "8805441.0--8805458.0": 0.7454961878101753, "8805458.0--8809920.0": 0.7331592448484058, "8663312.0--8805458.0": 0.785654651018669, "8477126.0--8805458.0": 0.8275412470876933, "8805458.0--8807224.0": 0.8021866237049912, "8805458.0--8807355.0": 0.7674988632889828, "8805458.0--8807320.0": 0.8185923637908783, "8665933.0--8805458.0": 0.8061184556183043, "8805458.0--8845772.0": 0.7851549084482339, "8805458.0--8812989.0": 0.7994469390388164, "8636969.0--8805458.0": 0.7919564078537545, "8805450.0--8805458.0": 0.7965857254651723, "8805458.0--8807243.0": 0.7889588554068308, "8805443.0--8805458.0": 0.7972523875803603, "8673661.0--8805458.0": 0.7950649473597904, "8805419.0--8805458.0": 0.7732459624404353, "8451903.0--8805458.0": 0.7649677337642169, "8805429.0--8805458.0": 0.8222205504371003, "8805458.0--8809846.0": 0.8298859230655096, "8805458.0--8809832.0": 0.8263208943060517, "8413174.0--8805458.0": 0.7652387685828181, "8494817.0--8805458.0": 0.7905495362884024, "8637778.0--8805458.0": 0.7913838308221136, "8805458.0--8809742.0": 0.840877365390631, "8805458.0--8807280.0": 0.8362536366127452, "8805458.0--8807274.0": 0.8298492107250173, "8805458.0--9216586.0": 0.7782328983754255, "8805458.0--9237132.0": 0.842973225369043, "8805458.0--9216572.0": 0.7914048101579367, "8805458.0--9217952.0": 0.8179749559346643, "8805458.0--9217931.0": 0.8314195143490936, "8805458.0--9216507.0": 0.82279127676342, "8805458.0--9222368.0": 0.8180699095583198, "8805458.0--9220137.0": 0.7818997378286239, "8805458.0--9233460.0": 0.7943763683655706, "8805458.0--9222263.0": 0.747709031276644, "8805458.0--9293003.0": 0.7919216393225466, "8805458.0--9222102.0": 0.8349288889094932, "8805458.0--9222323.0": 0.8091106390426673, "8805458.0--9222287.0": 0.8027475316086131, "8805458.0--9223736.0": 0.8086833765730191, "8805458.0--9224191.0": 0.7663597202256388, "8805458.0--9222251.0": 0.8083429106207902, "8805458.0--9229242.0": 0.8231080385503471, "8805458.0--9282195.0": 0.744656586569389, "8805458.0--9222098.0": 0.8351532094712281, "8805458.0--9234027.0": 0.800083981354864, "8805458.0--9246308.0": 0.8241114300886428, "8805458.0--9240072.0": 0.7918234242602302, "8805458.0--9222353.0": 0.7867319795232132, "8805458.0--9222293.0": 0.8236479563809388, "8805458.0--9222089.0": 0.8096804770658632, "8805458.0--9228893.0": 0.7832296036493325, "8805458.0--9224192.0": 0.7736518702441059, "8805458.0--9222289.0": 0.8122586395879374, "8805458.0--9222038.0": 0.7920293966427494, "8805458.0--9229072.0": 0.8051234191993755, "8805458.0--9222295.0": 0.8130284331748074, "8805458.0--9222342.0": 0.8020651844220131, "8805458.0--9241407.0": 0.7633949342117938, "8805458.0--9288884.0": 0.8324747772539518, "8805458.0--9222351.0": 0.7850291742608204, "8805458.0--9223669.0": 0.8124620180953642, "8805458.0--9222315.0": 0.7820165190384315, "8805458.0--9222335.0": 0.795500238225193, "8805458.0--9222327.0": 0.8158274983701056, "8805458.0--9233469.0": 0.8038908405897576, "8805458.0--9226461.0": 0.7819336913958373, "8805458.0--9238508.0": 0.8338398877864148, "8805458.0--9222266.0": 0.7539225585778571, "8805458.0--9225008.0": 0.8092871023321588, "8805458.0--9290431.0": 0.8183529761440433, "8805458.0--9239918.0": 0.8550293096145732, "8805458.0--9231271.0": 0.7872124029420798, "8805458.0--9222313.0": 0.7988579693123217, "8805458.0--9231268.0": 0.7855383014348402, "8805458.0--9222035.0": 0.7524057891030179, "8805458.0--9222091.0": 0.7960409041830723, "8805458.0--9229515.0": 0.7666269928488563, "8805458.0--9222301.0": 0.8111332504173876, "8805458.0--9222358.0": 0.8507491375865086, "8805458.0--9229135.0": 0.8347233099552231, "8805458.0--9222047.0": 0.8098845194711197, "8805458.0--9222272.0": 0.8012618801823266, "8805458.0--9222110.0": 0.7952928222587021, "8805458.0--9222364.0": 0.8143019765776042, "8805458.0--9222088.0": 0.8051059469259907, "8805458.0--9216518.0": 0.8012102687817664, "8805458.0--9222309.0": 0.8470266395858405, "8805458.0--9216595.0": 0.7863156515338516, "8805458.0--9216538.0": 0.7442176772821754, "8805458.0--9216549.0": 0.7578474689772674, "8805458.0--9216559.0": 0.7892576886213953, "8805458.0--9222376.0": 0.7562742143238007, "8805458.0--9222374.0": 0.7985363884598417, "8805458.0--9224194.0": 0.7652571752979875, "8805458.0--9222254.0": 0.7577756203797772, "8805458.0--9222049.0": 0.780200949368262, "8805458.0--9222562.0": 0.7647993973986167, "8805458.0--9226126.0": 0.772545276631298, "8805458.0--9240062.0": 0.8027745751519142, "8805458.0--9226101.0": 0.7953272045767024, "8805458.0--9222377.0": 0.7552836753774124, "8805458.0--9233392.0": 0.7868307752214303, "8805458.0--9222093.0": 0.7476441241972267, "8805458.0--9224154.0": 0.732540639153087, "8805458.0--9240061.0": 0.7713821652104218, "8805458.0--9222512.0": 0.7543913866534289, "8805458.0--9241413.0": 0.8381035706077147,