{"9222342.0--9241407.0": 0.7445142047996905, "9222342.0--9288884.0": 0.7800290179811575, "9222342.0--9222351.0": 0.7820643887496627, "9222342.0--9223669.0": 0.7940255568038401, "9222315.0--9222342.0": 0.7971937975392295, "9222335.0--9222342.0": 0.822797548392584, "9222327.0--9222342.0": 0.7683912157663491, "9222342.0--9233469.0": 0.8036465866379567, "9222342.0--9226461.0": 0.7924738358520254, "9222342.0--9238508.0": 0.8041257086178836, "9222266.0--9222342.0": 0.7623586343667731, "9222342.0--9225008.0": 0.7922176182147285, "9222342.0--9290431.0": 0.786571855777461, "9222342.0--9239918.0": 0.7831741998518844, "9222342.0--9231271.0": 0.7787307126121316, "9222313.0--9222342.0": 0.7875562816107626, "9222342.0--9231268.0": 0.7769488305338088, "9222035.0--9222342.0": 0.7381379334956417, "9222091.0--9222342.0": 0.8164825100512116, "9222342.0--9229515.0": 0.7761872882390581, "9222301.0--9222342.0": 0.8113717434364464, "9222342.0--9222358.0": 0.8202739170234994, "9222342.0--9229135.0": 0.8110676191147563, "9222047.0--9222342.0": 0.7482017668264247, "9222272.0--9222342.0": 0.8182639808478839, "9222110.0--9222342.0": 0.8161027800715581, "9222342.0--9222364.0": 0.7562776239771095, "9222088.0--9222342.0": 0.7985403448457797, "9216518.0--9222342.0": 0.8359138478543287, "9222309.0--9222342.0": 0.7819555216822708, "9216595.0--9222342.0": 0.7689692645502797, "9216538.0--9222342.0": 0.737352431943943, "9216549.0--9222342.0": 0.7743289760851528, "9216559.0--9222342.0": 0.7931588723389188, "9222342.0--9222376.0": 0.7782005571705631, "9222342.0--9222374.0": 0.7994930391854781, "9222342.0--9224194.0": 0.7792114725564464, "9222254.0--9222342.0": 0.7726582797113641, "9222049.0--9222342.0": 0.7566288432962132, "9222342.0--9222562.0": 0.771480587081914, "9222342.0--9226126.0": 0.761243240585179, "9222342.0--9240062.0": 0.8153185331088011, "9222342.0--9226101.0": 0.767537520437276, "9222342.0--9222377.0": 0.7629038372190389, "9222342.0--9233392.0": 0.7883097439199491, "9222093.0--9222342.0": 0.7697186497131889, "9222342.0--9224154.0": 0.7388239127252654, "9222342.0--9240061.0": 0.7645949277406625, "9222342.0--9222512.0": 0.7587419902435999, "9222342.0--9241413.0": 0.7949148975683203, "9222342.0--9224646.0": 0.761900645288558, "9222342.0--9222372.0": 0.7344716974689487, "9222253.0--9222342.0": 0.7430229685780457, "9222092.0--9222342.0": 0.7808038615851451, "9222271.0--9222342.0": 0.7603994927798206, "9222342.0--9230431.0": 0.8229850311558142, "9222076.0--9222342.0": 0.7830836982125284, "9222053.0--9222342.0": 0.7981418774897358, "9216532.0--9222342.0": 0.7948804330736238, "9222085.0--9222342.0": 0.7664295778799809, "9216629.0--9222342.0": 0.786648317603667, "9222342.0--9308630.0": 0.7710003555133972, "9222342.0--9308624.0": 0.7944227596178924, "9219240.0--9222342.0": 0.8129187169436519, "9216630.0--9222342.0": 0.7885385961449846, "9217981.0--9222342.0": 0.7590402793752506, "9222342.0--9224153.0": 0.8170749586676889, "9222342.0--9286505.0": 0.7568138666913669, "9216512.0--9222342.0": 0.7772331226949887, "9216579.0--9222342.0": 0.7910373990035034, "9222249.0--9222342.0": 0.819053799961181, "9222342.0--9222367.0": 0.7800865921250932, "9222325.0--9222342.0": 0.8087415836964146, "9222342.0--9222510.0": 0.7743960882210954, "9222342.0--9246250.0": 0.7886850024214785, "9222342.0--9308627.0": 0.8081670977904768, "9222342.0--9224186.0": 0.8296047839274068, "9222342.0--9229232.0": 0.7741368336995462, "9222342.0--9226404.0": 0.7404948579920658, "9222342.0--9308631.0": 0.7851718471275779, "9222255.0--9222342.0": 0.7878026875981318, "9222261.0--9222342.0": 0.7805839455882391, "9222338.0--9222342.0": 0.8004145498345604, "9222284.0--9222342.0": 0.8284208627235026, "9222342.0--9230430.0": 0.8048038559994475, "9222342.0--9308622.0": 0.728245511838025, "9222342.0--9286903.0": 0.709437462229879, "9222342.0--9234473.0": 0.7658382432088062, "9222342.0--9241426.0": 0.7926452687364749, "9222269.0--9222342.0": 0.7846337677709968, "9222342.0--9237999.0": 0.7907374409538623, "9222072.0--9222342.0": 0.7923249381377003, "9222342.0--9224197.0": 0.7892333598563569, "9222342.0--9246282.0": 0.8429459570839148, "9222314.0--9222342.0": 0.7743646902569444, "9222342.0--9222357.0": 0.7975562026752534, "9222086.0--9222342.0": 0.8084606624495796, "9222342.0--9222360.0": 0.8138541690271857, "9222065.0--9222342.0": 0.7293990291610644, "9222342.0--9228894.0": 0.8087784124144872, "9222342.0--9233264.0": 0.7863375919873159, "9222342.0--9222343.0": 0.7729467161859617, "9222342.0--9308621.0": 0.793797692559814, "9222342.0--9308625.0": 0.7882611590899098, "9222342.0--9241744.0": 0.7970993272555623, "9222342.0--9308629.0": 0.7778232675410222, "9222068.0--9222342.0": 0.749264205018261, "9222248.0--9222342.0": 0.7656711196661729, "9222274.0--9222342.0": 0.7642738410930787, "9222342.0--9229116.0": 0.8221862795649577, "9222342.0--9233993.0": 0.8232892950812776, "9222342.0--9308623.0": 0.760548747732811, "9222342.0--9222553.0": 0.7865251869588512, "9222341.0--9222342.0": 0.8086246796655893, "9222342.0--9222346.0": 0.8040251823577044, "9222342.0--9308628.0": 0.8035779469221113, "9222294.0--9222342.0": 0.7657003862238712, "9222342.0--9241732.0": 0.772053074882814, "9222060.0--9222342.0": 0.8129373334387018, "9222280.0--9222342.0": 0.8270774668612355}