{"9216518.0--9222088.0": 0.8072418119284476, "9222088.0--9222309.0": 0.7869099415928308, "9216595.0--9222088.0": 0.8092010064032275, "9216538.0--9222088.0": 0.790221710318213, "9216549.0--9222088.0": 0.797171862255225, "9216559.0--9222088.0": 0.8083384309399084, "9222088.0--9222376.0": 0.7629427504098434, "9222088.0--9222374.0": 0.8398074138684948, "9222088.0--9224194.0": 0.7690059345366225, "9222088.0--9222254.0": 0.8152612479370204, "9222049.0--9222088.0": 0.7996434412804969, "9222088.0--9222562.0": 0.7775097113995171, "9222088.0--9226126.0": 0.7954139537032445, "9222088.0--9240062.0": 0.8123464716017876, "9222088.0--9226101.0": 0.8197356115882681, "9222088.0--9222377.0": 0.7760018494454299, "9222088.0--9233392.0": 0.8015964180530785, "9222088.0--9222093.0": 0.8178434568571522, "9222088.0--9224154.0": 0.767922610375064, "9222088.0--9240061.0": 0.7890600640902812, "9222088.0--9222512.0": 0.7878062323372399, "9222088.0--9241413.0": 0.8088850670528193, "9222088.0--9224646.0": 0.8005475251968714, "9222088.0--9222372.0": 0.7577004203521954, "9222088.0--9222253.0": 0.7995834116700357, "9222088.0--9222092.0": 0.8164730310126838, "9222088.0--9222271.0": 0.8262898721796633, "9222088.0--9230431.0": 0.7756456637303467, "9222076.0--9222088.0": 0.8343460156984158, "9222053.0--9222088.0": 0.7988199971205969, "9216532.0--9222088.0": 0.7998897415898358, "9222085.0--9222088.0": 0.7797837315610863, "9216629.0--9222088.0": 0.7967653520023977, "9222088.0--9308630.0": 0.7965274211605717, "9222088.0--9308624.0": 0.7751028676435507, "9219240.0--9222088.0": 0.7956689230294686, "9216630.0--9222088.0": 0.7824034400502607, "9217981.0--9222088.0": 0.8336183713403733, "9222088.0--9224153.0": 0.7906645603295589, "9222088.0--9286505.0": 0.7764244647822225, "9216512.0--9222088.0": 0.8071157259113979, "9216579.0--9222088.0": 0.7694686538339092, "9222088.0--9222249.0": 0.8113159828007056, "9222088.0--9222367.0": 0.7757336125142776, "9222088.0--9222325.0": 0.7873777814912715, "9222088.0--9222510.0": 0.7887363472762186, "9222088.0--9246250.0": 0.78959205357455, "9222088.0--9308627.0": 0.8106795649867476, "9222088.0--9224186.0": 0.8351593917347363, "9222088.0--9229232.0": 0.7720367783034916, "9222088.0--9226404.0": 0.8102286907047705, "9222088.0--9308631.0": 0.789757639171145, "9222088.0--9222255.0": 0.8001355788919776, "9222088.0--9222261.0": 0.8025031124662991, "9222088.0--9222338.0": 0.7786506662177778, "9222088.0--9222284.0": 0.8002499092459647, "9222088.0--9230430.0": 0.8170204393398484, "9222088.0--9308622.0": 0.7511149686218592, "9222088.0--9286903.0": 0.7468916399259984, "9222088.0--9234473.0": 0.7975927017756119, "9222088.0--9241426.0": 0.8062069102969021, "9222088.0--9222269.0": 0.8179840786810123, "9222088.0--9237999.0": 0.8256234433419445, "9222072.0--9222088.0": 0.8195999461189634, "9222088.0--9224197.0": 0.8126735589281495, "9222088.0--9246282.0": 0.7991303844146354, "9222088.0--9222314.0": 0.7841282538923066, "9222088.0--9222357.0": 0.7946208651558305, "9222086.0--9222088.0": 0.7705763808246971, "9222088.0--9222360.0": 0.8236690753045782, "9222065.0--9222088.0": 0.7843868835695094, "9222088.0--9228894.0": 0.8352405237001832, "9222088.0--9233264.0": 0.7951543622271939, "9222088.0--9222343.0": 0.7856285640172317, "9222088.0--9308621.0": 0.7835049209415829, "9222088.0--9308625.0": 0.8275403784145012, "9222088.0--9241744.0": 0.8211649605669582, "9222088.0--9308629.0": 0.82098178801016, "9222068.0--9222088.0": 0.74823312991998, "9222088.0--9222248.0": 0.8279561580823761, "9222088.0--9222274.0": 0.8112873518370883, "9222088.0--9229116.0": 0.8200816705185852, "9222088.0--9233993.0": 0.7800904755714485, "9222088.0--9308623.0": 0.8408697718135365, "9222088.0--9222553.0": 0.7829600298019238, "9222088.0--9222341.0": 0.8254137351248836, "9222088.0--9222346.0": 0.8293983679847517, "9222088.0--9308628.0": 0.7917071407190965, "9222088.0--9222294.0": 0.7761887207333379, "9222088.0--9241732.0": 0.823707773335943, "9222060.0--9222088.0": 0.8102992003581749, "9222088.0--9222280.0": 0.827050918899773}