{"8585048.0--8809843.0": 0.7682601036583527, "8585048.0--8809842.0": 0.7857425215055737, "8585048.0--8842614.0": 0.795101023067164, "8585048.0--8805441.0": 0.7451378893224876, "8585048.0--8809920.0": 0.7633035287376987, "8585048.0--8663312.0": 0.8047969691851814, "8477126.0--8585048.0": 0.8673291498022693, "8585048.0--8807224.0": 0.8322365530049446, "8585048.0--8807355.0": 0.7965190643456406, "8585048.0--8807320.0": 0.8344297587851253, "8585048.0--8665933.0": 0.8338854334771287, "8585048.0--8845772.0": 0.7985364696734427, "8585048.0--8812989.0": 0.835574323456238, "8585048.0--8636969.0": 0.811163990421905, "8585048.0--8805450.0": 0.8129327990377035, "8585048.0--8807243.0": 0.8335018614372501, "8585048.0--8805443.0": 0.8489879290964804, "8585048.0--8673661.0": 0.8442141373580441, "8585048.0--8805419.0": 0.7992628304310054, "8451903.0--8585048.0": 0.7993887160118409, "8585048.0--8805429.0": 0.834165734108412, "8585048.0--8809846.0": 0.8165552179428521, "8585048.0--8809832.0": 0.842633193124398, "8413174.0--8585048.0": 0.7768102019354376, "8494817.0--8585048.0": 0.78280505372139, "8585048.0--8637778.0": 0.7711127640912225, "8585048.0--8809742.0": 0.825998238572878, "8585048.0--8807280.0": 0.8647692380792892, "8585048.0--8807274.0": 0.8583677091563118, "8585048.0--9216586.0": 0.8062075390832084, "8585048.0--9237132.0": 0.8533589199219586, "8585048.0--9216572.0": 0.8076241899164316, "8585048.0--9217952.0": 0.8285426848459044, "8585048.0--9217931.0": 0.8766290297274977, "8585048.0--9216507.0": 0.8200826536024347, "8585048.0--9222368.0": 0.887458873388618, "8585048.0--9220137.0": 0.8259123802834767, "8585048.0--9233460.0": 0.8005260352470727, "8585048.0--9222263.0": 0.7560044812657334, "8585048.0--9293003.0": 0.8274155188828392, "8585048.0--9222102.0": 0.8762118700261197, "8585048.0--9222323.0": 0.841397379157607, "8585048.0--9222287.0": 0.8529282291220659, "8585048.0--9223736.0": 0.8571883601050267, "8585048.0--9224191.0": 0.7972310084741299, "8585048.0--9222251.0": 0.8317036421787607, "8585048.0--9229242.0": 0.8506258819684865, "8585048.0--9282195.0": 0.7686193721133125, "8585048.0--9222098.0": 0.8573950369725362, "8585048.0--9234027.0": 0.8365272052849437, "8585048.0--9246308.0": 0.8453196901660136, "8585048.0--9240072.0": 0.8007922148656448, "8585048.0--9222353.0": 0.8073827819976006, "8585048.0--9222293.0": 0.8803955106633933, "8585048.0--9222089.0": 0.8508606535635824, "8585048.0--9228893.0": 0.8152958993453445, "8585048.0--9224192.0": 0.788177103063524, "8585048.0--9222289.0": 0.8443508521533297, "8585048.0--9222038.0": 0.8266976687706357, "8585048.0--9229072.0": 0.8218846615337303, "8585048.0--9222295.0": 0.836457808783442, "8585048.0--9222342.0": 0.8242326657575577, "8585048.0--9241407.0": 0.7609587898994724, "8585048.0--9288884.0": 0.827362580219015, "8585048.0--9222351.0": 0.8095723028642425, "8585048.0--9223669.0": 0.8495361896276219, "8585048.0--9222315.0": 0.8197244119441804, "8585048.0--9222335.0": 0.8619645058564032, "8585048.0--9222327.0": 0.8166921105788884, "8585048.0--9233469.0": 0.8516833326524078, "8585048.0--9226461.0": 0.8180278915555368, "8585048.0--9238508.0": 0.8501062310908695, "8585048.0--9222266.0": 0.802026651960788, "8585048.0--9225008.0": 0.8370090823897889, "8585048.0--9290431.0": 0.8336247597402435, "8585048.0--9239918.0": 0.840640251330182, "8585048.0--9231271.0": 0.8063247561135342, "8585048.0--9222313.0": 0.8180795470582432, "8585048.0--9231268.0": 0.8294839122186496, "8585048.0--9222035.0": 0.7787125142809462, "8585048.0--9222091.0": 0.8675174595211455, "8585048.0--9229515.0": 0.821462176069668, "8585048.0--9222301.0": 0.8533125525299914, "8585048.0--9222358.0": 0.8315007201754825, "8585048.0--9229135.0": 0.8683836249903987, "8585048.0--9222047.0": 0.8230456321903623, "8585048.0--9222272.0": 0.8185637032365651, "8585048.0--9222110.0": 0.8364342545695385, "8585048.0--9222364.0": 0.827574793720274, "8585048.0--9222088.0": 0.8215417008927344, "8585048.0--9216518.0": 0.838263639676073, "8585048.0--9222309.0": 0.8491612239872752, "8585048.0--9216595.0": 0.7844393276367786, "8585048.0--9216538.0": 0.7890426660632015, "8585048.0--9216549.0": 0.7819556845112196, "8585048.0--9216559.0": 0.8249570276388412, "8585048.0--9222376.0": 0.7622702959552579, "8585048.0--9222374.0": 0.8222524418762635, "8585048.0--9224194.0": 0.7845759351989008, "8585048.0--9222254.0": 0.7973517328503423, "8585048.0--9222049.0": 0.7695675909644313, "8585048.0--9222562.0": 0.7922624926657953, "8585048.0--9226126.0": 0.7681160448273419, "8585048.0--9240062.0": 0.8380320017331745, "8585048.0--9226101.0": 0.8023226819082191, "8585048.0--9222377.0": 0.7677149978109229, "8585048.0--9233392.0": 0.8089513945409483, "8585048.0--9222093.0": 0.7796892930968341, "8585048.0--9224154.0": 0.7506560533280198, "8585048.0--9240061.0": 0.7724821859512312, "8585048.0--9222512.0": 0.7834845473763286, "8585048.0--9241413.0": 0.840807124036969, "8585048.0--9224646.0": 0.7826512444557248, "8585048.0--9222372.0": 0.7489680065886037, "8585048.0--9222253.0": 0.7932051767380306, "8585048.0--9222092.0": 0.8435244575840962, "8585048.0--9222271.0": 0.8094313390792311, "8585048.0--9230431.0": 0.8116296666314661, "8585048.0--9222076.0": 0.8276360517974253, "8585048.0--9222053.0": 0.7943911914542311, "8585048.0--9216532.0": 0.8337833391931517, "8585048.0--9222085.0": 0.8109541066872114, "8585048.0--9216629.0": 0.8479268894590535, "8585048.0--9308630.0": 0.7983967136745665, "8585048.0--9308624.0": 0.8072851302887183, "8585048.0--9219240.0": 0.8424252806662311, "8585048.0--9216630.0": 0.8117123094588548, "8585048.0--9217981.0": 0.8330988628908239, "8585048.0--9224153.0": 0.7969999971494797, "8585048.0--9286505.0": 0.8001850371122265, "8585048.0--9216512.0": 0.8282908447533168, "8585048.0--9216579.0": 0.8302479358110528, "8585048.0--9222249.0": 0.8449145532474289, "8585048.0--9222367.0": 0.8109235046531962, "8585048.0--9222325.0": 0.8030121060127998, "8585048.0--9222510.0": 0.7735431042478526, "8585048.0--9246250.0": 0.8373078669024749, "8585048.0--9308627.0": 0.845681509647701, "8585048.0--9224186.0": 0.86268060076814, "8585048.0--9229232.0": 0.790766824679362, "8585048.0--9226404.0": 0.7763956371803835, "8585048.0--9308631.0": 0.814366418806485, "8585048.0--9222255.0": 0.8267755852812203, "8585048.0--9222261.0": 0.8098237713797523, "8585048.0--9222338.0": 0.8031142859331297, "8585048.0--9222284.0": 0.8492225256105738, "8585048.0--9230430.0": 0.8436787107112629, "8585048.0--9308622.0": 0.7749972648276271, "8585048.0--9286903.0": 0.7627229925188201, "8585048.0--9234473.0": 0.7708619098881965, "8585048.0--9241426.0": 0.8929682314673654, "8585048.0--9222269.0": 0.8248463101206306, "8585048.0--9237999.0": 0.8360128354714353, "8585048.0--9222072.0": 0.8485832696726817, "8585048.0--9224197.0": 0.8093825477251322, "8585048.0--9246282.0": 0.8555391496939543, "8585048.0--9222314.0": 0.8185166111492411, "8585048.0--9222357.0": 0.8621530609790142, "8585048.0--9222086.0": 0.7832742467016622, "8585048.0--9222360.0": 0.8504286114681026, "8585048.0--9222065.0": 0.7685899466425409, "8585048.0--9228894.0": 0.8341950238810864, "8585048.0--9233264.0": 0.8407811001397447, "8585048.0--9222343.0": 0.8125422092181138, "8585048.0--9308621.0": 0.8235610196103917, "8585048.0--9308625.0": 0.8400561340241618, "8585048.0--9241744.0": 0.8269945703661057, "8585048.0--9308629.0": 0.8000366307467286, "8585048.0--9222068.0": 0.7718912778889083, "8585048.0--9222248.0": 0.8047839509940845, "8585048.0--9222274.0": 0.8246327668262022, "8585048.0--9229116.0": 0.8692397125927589, "8585048.0--9233993.0": 0.8004204565413874, "8585048.0--9308623.0": 0.8062281726138996, "8585048.0--9222553.0": 0.8208838550191306, "8585048.0--9222341.0": 0.8476693739000232, "8585048.0--9222346.0": 0.8474463169689531, "8585048.0--9308628.0": 0.8298354907735337, "8585048.0--9222294.0": 0.8382813908811085, "8585048.0--9241732.0": 0.8334974678898678, "8585048.0--9222060.0": 0.8429716319845754, "8585048.0--9222280.0": 0.864746387199355}