{"8663312.0--8809920.0": 0.7636378565858294, "8477126.0--8809920.0": 0.7556352374534365, "8807224.0--8809920.0": 0.7533908035745481, "8807355.0--8809920.0": 0.7202626830805445, "8807320.0--8809920.0": 0.7516007885766707, "8665933.0--8809920.0": 0.7250446117057336, "8809920.0--8845772.0": 0.7654958006858825, "8809920.0--8812989.0": 0.7724954502952912, "8636969.0--8809920.0": 0.7612301868453534, "8805450.0--8809920.0": 0.7514132389046484, "8807243.0--8809920.0": 0.7583229436547488, "8805443.0--8809920.0": 0.7679094719548527, "8673661.0--8809920.0": 0.7508110064854268, "8805419.0--8809920.0": 0.741647922736197, "8451903.0--8809920.0": 0.7372695259792514, "8805429.0--8809920.0": 0.7230488930242274, "8809846.0--8809920.0": 0.738131557609856, "8809832.0--8809920.0": 0.7652624098190427, "8413174.0--8809920.0": 0.7263381359723614, "8494817.0--8809920.0": 0.7238288468896465, "8637778.0--8809920.0": 0.7434647189495729, "8809742.0--8809920.0": 0.7549580181847486, "8807280.0--8809920.0": 0.7621066652323927, "8807274.0--8809920.0": 0.7789803231303809, "8809920.0--9216586.0": 0.7255325973561494, "8809920.0--9237132.0": 0.7634853289716568, "8809920.0--9216572.0": 0.7560633403112681, "8809920.0--9217952.0": 0.7417164810220613, "8809920.0--9217931.0": 0.7677733776488369, "8809920.0--9216507.0": 0.7539761269798124, "8809920.0--9222368.0": 0.7397665115739249, "8809920.0--9220137.0": 0.7497453686412607, "8809920.0--9233460.0": 0.7441524468209411, "8809920.0--9222263.0": 0.7390248270641946, "8809920.0--9293003.0": 0.7481460987764514, "8809920.0--9222102.0": 0.7508535063023147, "8809920.0--9222323.0": 0.746372696451059, "8809920.0--9222287.0": 0.7344275627860414, "8809920.0--9223736.0": 0.7465690811064454, "8809920.0--9224191.0": 0.7469897248855129, "8809920.0--9222251.0": 0.7300316014587209, "8809920.0--9229242.0": 0.7601602100523414, "8809920.0--9282195.0": 0.7226161878539072, "8809920.0--9222098.0": 0.7747585368600601, "8809920.0--9234027.0": 0.7464681662945729, "8809920.0--9246308.0": 0.7574917703376336, "8809920.0--9240072.0": 0.7678080543401312, "8809920.0--9222353.0": 0.7663885510054815, "8809920.0--9222293.0": 0.7457226111064639, "8809920.0--9222089.0": 0.7438548781772973, "8809920.0--9228893.0": 0.7482671060168209, "8809920.0--9224192.0": 0.7397838953215701, "8809920.0--9222289.0": 0.7659508671797882, "8809920.0--9222038.0": 0.7403659570790905, "8809920.0--9229072.0": 0.7505230256772359, "8809920.0--9222295.0": 0.7440299235247544, "8809920.0--9222342.0": 0.7515845731047957, "8809920.0--9241407.0": 0.7445286744953405, "8809920.0--9288884.0": 0.7646276249201487, "8809920.0--9222351.0": 0.7437699918885977, "8809920.0--9223669.0": 0.7579423320859501, "8809920.0--9222315.0": 0.7548229814081219, "8809920.0--9222335.0": 0.749648257675343, "8809920.0--9222327.0": 0.7272668889362479, "8809920.0--9233469.0": 0.7500989492172845, "8809920.0--9226461.0": 0.7533286866903652, "8809920.0--9238508.0": 0.7824304178606851, "8809920.0--9222266.0": 0.7662577032035226, "8809920.0--9225008.0": 0.7646684054549918, "8809920.0--9290431.0": 0.7703348849918021, "8809920.0--9239918.0": 0.729471376230626, "8809920.0--9231271.0": 0.7685845760228971, "8809920.0--9222313.0": 0.7908082507523684, "8809920.0--9231268.0": 0.7582528827486764, "8809920.0--9222035.0": 0.7272309934110959, "8809920.0--9222091.0": 0.7538283670278422, "8809920.0--9229515.0": 0.7433755762190384, "8809920.0--9222301.0": 0.76614926647728, "8809920.0--9222358.0": 0.7376757960153922, "8809920.0--9229135.0": 0.774145810005248, "8809920.0--9222047.0": 0.7265749391459422, "8809920.0--9222272.0": 0.7414944622075891, "8809920.0--9222110.0": 0.7802527149063951, "8809920.0--9222364.0": 0.7360323222769667, "8809920.0--9222088.0": 0.7552324453489583, "8809920.0--9216518.0": 0.7539246487723793, "8809920.0--9222309.0": 0.7214754829043394, "8809920.0--9216595.0": 0.761174289322599, "8809920.0--9216538.0": 0.7341103089547099, "8809920.0--9216549.0": 0.7249750029797792, "8809920.0--9216559.0": 0.748434316824002, "8809920.0--9222376.0": 0.7216572148839466, "8809920.0--9222374.0": 0.7574875156200868, "8809920.0--9224194.0": 0.7350570519186186, "8809920.0--9222254.0": 0.7672565740319784, "8809920.0--9222049.0": 0.7230976370789183, "8809920.0--9222562.0": 0.7200846387304187, "8809920.0--9226126.0": 0.7327801194894019, "8809920.0--9240062.0": 0.7721577111475639, "8809920.0--9226101.0": 0.7937569993576599, "8809920.0--9222377.0": 0.7168954040008351, "8809920.0--9233392.0": 0.7661984942370538, "8809920.0--9222093.0": 0.7313397734125529, "8809920.0--9224154.0": 0.7373769135882147, "8809920.0--9240061.0": 0.7424018204443388, "8809920.0--9222512.0": 0.7455969540938099, "8809920.0--9241413.0": 0.754563852188871, "8809920.0--9224646.0": 0.7286205756462321, "8809920.0--9222372.0": 0.7125136311940673, "8809920.0--9222253.0": 0.7607238923951418, "8809920.0--9222092.0": 0.755640385405576, "8809920.0--9222271.0": 0.7369847900563264, "8809920.0--9230431.0": 0.749692372297176, "8809920.0--9222076.0": 0.7328886243982249, "8809920.0--9222053.0": 0.7805633949653148, "8809920.0--9216532.0": 0.7832833671255627, "8809920.0--9222085.0": 0.8175171472682758, "8809920.0--9216629.0": 0.767447582939636, "8809920.0--9308630.0": 0.7711847062448054, "8809920.0--9308624.0": 0.7752466050873716, "8809920.0--9219240.0": 0.7611973677227561, "8809920.0--9216630.0": 0.7524029714995901, "8809920.0--9217981.0": 0.7404290504388185, "8809920.0--9224153.0": 0.7424161380764416, "8809920.0--9286505.0": 0.7675083745846193, "8809920.0--9216512.0": 0.7521715109901301, "8809920.0--9216579.0": 0.7602100550752117, "8809920.0--9222249.0": 0.7572156505955333, "8809920.0--9222367.0": 0.7571397010718248, "8809920.0--9222325.0": 0.7461423296309234, "8809920.0--9222510.0": 0.7485118950043226, "8809920.0--9246250.0": 0.7685823047371518, "8809920.0--9308627.0": 0.7699892061789096, "8809920.0--9224186.0": 0.7818292431034394, "8809920.0--9229232.0": 0.7262958103604776, "8809920.0--9226404.0": 0.7177750111814306, "8809920.0--9308631.0": 0.7424165430692155, "8809920.0--9222255.0": 0.750596017367287, "8809920.0--9222261.0": 0.7438824719059467, "8809920.0--9222338.0": 0.7715182746655536, "8809920.0--9222284.0": 0.7620900207411065, "8809920.0--9230430.0": 0.75097935198423, "8809920.0--9308622.0": 0.7594779581556067, "8809920.0--9286903.0": 0.7614507177052785, "8809920.0--9234473.0": 0.7448403833273909, "8809920.0--9241426.0": 0.7478713435016221, "8809920.0--9222269.0": 0.7430902499471532, "8809920.0--9237999.0": 0.7589618999713106, "8809920.0--9222072.0": 0.7501123230482595, "8809920.0--9224197.0": 0.7570661100484927, "8809920.0--9246282.0": 0.7781300756534724, "8809920.0--9222314.0": 0.7624311424227647, "8809920.0--9222357.0": 0.7619769880861991, "8809920.0--9222086.0": 0.7573889833259808, "8809920.0--9222360.0": 0.774335483817521, "8809920.0--9222065.0": 0.7114294687281563, "8809920.0--9228894.0": 0.770728713932943, "8809920.0--9233264.0": 0.7705467899635976, "8809920.0--9222343.0": 0.7198552568729655, "8809920.0--9308621.0": 0.7465388444430261, "8809920.0--9308625.0": 0.7580263956183514, "8809920.0--9241744.0": 0.741272565096929, "8809920.0--9308629.0": 0.7304504181912699, "8809920.0--9222068.0": 0.7690570505346721, "8809920.0--9222248.0": 0.7320413203420403, "8809920.0--9222274.0": 0.7730336010246746, "8809920.0--9229116.0": 0.7685320502043329, "8809920.0--9233993.0": 0.753495231403369, "8809920.0--9308623.0": 0.7432008993624993, "8809920.0--9222553.0": 0.7546976451930721, "8809920.0--9222341.0": 0.7715777671196629, "8809920.0--9222346.0": 0.7507512829859586, "8809920.0--9308628.0": 0.7751227323791883, "8809920.0--9222294.0": 0.7850993508388477, "8809920.0--9241732.0": 0.7745601239641798, "8809920.0--9222060.0": 0.782823615190067, "8809920.0--9222280.0": 0.7711648143783154}