{"8809844.0--8809850.0": 0.8126269153776846, "8805445.0--8809844.0": 0.8723720747661688, "8412138.0--8809844.0": 0.8273252847510675, "8807247.0--8809844.0": 0.8463816947866922, "8809844.0--8848845.0": 0.8252218589260464, "8695851.0--8809844.0": 0.8162892291638553, "8713907.0--8809844.0": 0.8173803213996151, "8809844.0--8809847.0": 0.8183907301879676, "8727480.0--8809844.0": 0.8316677295850986, "8706590.0--8809844.0": 0.8207193030342208, "8735916.0--8809844.0": 0.7934983760524152, "8474512.0--8809844.0": 0.7699895986398273, "8809844.0--8809845.0": 0.7746519446002583, "8540796.0--8809844.0": 0.8039746541396581, "8807233.0--8809844.0": 0.7992099269880645, "8617747.0--8809844.0": 0.7769253047975663, "8474486.0--8809844.0": 0.7577702377622867, "8474516.0--8809844.0": 0.7943048591334902, "8663650.0--8809844.0": 0.7848875552857293, "8663646.0--8809844.0": 0.7869149780277581, "8794553.0--8809844.0": 0.8398726911498283, "8809844.0--8863966.0": 0.8271195452579188, "8525340.0--8809844.0": 0.8165632777815297, "8805448.0--8809844.0": 0.7561521372791439, "8405549.0--8809844.0": 0.8147243990267957, "8611178.0--8809844.0": 0.8108835679984844, "8809844.0--8827593.0": 0.7753306221178763, "8805463.0--8809844.0": 0.7481436795600626, "8805457.0--8809844.0": 0.77166798682662, "8805442.0--8809844.0": 0.7658995580503078, "8807266.0--8809844.0": 0.7843881414572615, "8809844.0--8813126.0": 0.7672047472386632, "8585103.0--8809844.0": 0.7867675040332159, "8807235.0--8809844.0": 0.7645164489129973, "8585048.0--8809844.0": 0.7813878261716617, "8809843.0--8809844.0": 0.7934602396367837, "8809842.0--8809844.0": 0.7981987975526246, "8809844.0--8842614.0": 0.7459364392172294, "8805441.0--8809844.0": 0.7400444220631055, "8809844.0--8809920.0": 0.7293242752112532, "8663312.0--8809844.0": 0.7670897219103207, "8477126.0--8809844.0": 0.7849699816085706, "8807224.0--8809844.0": 0.7910171306148575, "8807355.0--8809844.0": 0.7885739218186865, "8807320.0--8809844.0": 0.7827183330524261, "8665933.0--8809844.0": 0.7843914313396081, "8809844.0--8845772.0": 0.8265053472778747, "8809844.0--8812989.0": 0.8076330806547808, "8636969.0--8809844.0": 0.834641127806037, "8805450.0--8809844.0": 0.7857101268491409, "8807243.0--8809844.0": 0.7942353572638896, "8805443.0--8809844.0": 0.7688894035635425, "8673661.0--8809844.0": 0.7962964107204952, "8805419.0--8809844.0": 0.787342958114452, "8451903.0--8809844.0": 0.7583961821465124, "8805429.0--8809844.0": 0.7871488448461548, "8809844.0--8809846.0": 0.7749249528378899, "8809832.0--8809844.0": 0.7928167840049228, "8413174.0--8809844.0": 0.7959092337386304, "8494817.0--8809844.0": 0.7769936231741896, "8637778.0--8809844.0": 0.8056748527437874, "8809742.0--8809844.0": 0.7399722910470476, "8807280.0--8809844.0": 0.805287891430436, "8807274.0--8809844.0": 0.8138060255036766, "8809844.0--9216586.0": 0.8043808122116312, "8809844.0--9237132.0": 0.7732910813315521, "8809844.0--9216572.0": 0.7765176244580809, "8809844.0--9217952.0": 0.8046968441198448, "8809844.0--9217931.0": 0.8020037211581419, "8809844.0--9216507.0": 0.8041914258683032, "8809844.0--9222368.0": 0.7937286751408243, "8809844.0--9220137.0": 0.7417525488535164, "8809844.0--9233460.0": 0.7618540941704155, "8809844.0--9222263.0": 0.7737167930075922, "8809844.0--9293003.0": 0.7833185249021472, "8809844.0--9222102.0": 0.7741251229049649, "8809844.0--9222323.0": 0.7842661893265762, "8809844.0--9222287.0": 0.7627926148458454, "8809844.0--9223736.0": 0.7858756246251022, "8809844.0--9224191.0": 0.8479322360950122, "8809844.0--9222251.0": 0.7499285996838103, "8809844.0--9229242.0": 0.7737912535078014, "8809844.0--9282195.0": 0.8193545073652566, "8809844.0--9222098.0": 0.8244760527733199, "8809844.0--9234027.0": 0.7531127394975401, "8809844.0--9246308.0": 0.786699835609561, "8809844.0--9240072.0": 0.8321601359131208, "8809844.0--9222353.0": 0.8290442702734253, "8809844.0--9222293.0": 0.7675475465313571, "8809844.0--9222089.0": 0.7788907462525108, "8809844.0--9228893.0": 0.8172377272163084, "8809844.0--9224192.0": 0.7807843124897235, "8809844.0--9222289.0": 0.7720728008099588, "8809844.0--9222038.0": 0.8314821615050763, "8809844.0--9229072.0": 0.7979391703984338, "8809844.0--9222295.0": 0.8556440233656476, "8809844.0--9222342.0": 0.7614948535870765, "8809844.0--9241407.0": 0.7883072925340788, "8809844.0--9288884.0": 0.7948536986182568, "8809844.0--9222351.0": 0.8358587998747141, "8809844.0--9223669.0": 0.777227322851413, "8809844.0--9222315.0": 0.7772716191642163, "8809844.0--9222335.0": 0.7905018878042721, "8809844.0--9222327.0": 0.7854990677521073, "8809844.0--9233469.0": 0.79388288524174, "8809844.0--9226461.0": 0.8022831141555986, "8809844.0--9238508.0": 0.8095173090451887, "8809844.0--9222266.0": 0.7240371416540171, "8809844.0--9225008.0": 0.7828763451164183, "8809844.0--9290431.0": 0.7800686966371952, "8809844.0--9239918.0": 0.7743360987934134, "8809844.0--9231271.0": 0.7618558188261385, "8809844.0--9222313.0": 0.7893390611667717, "8809844.0--9231268.0": 0.7654279311658351, "8809844.0--9222035.0": 0.7851262092628972, "8809844.0--9222091.0": 0.7911838179424732, "8809844.0--9229515.0": 0.7443911238892541, "8809844.0--9222301.0": 0.8016072428103043, "8809844.0--9222358.0": 0.7819549588061532, "8809844.0--9229135.0": 0.7779238036930105, "8809844.0--9222047.0": 0.786706795949447, "8809844.0--9222272.0": 0.7969613937102948, "8809844.0--9222110.0": 0.7793299273389487, "8809844.0--9222364.0": 0.813968553181899, "8809844.0--9222088.0": 0.8217786403857044, "8809844.0--9216518.0": 0.7871887997313743, "8809844.0--9222309.0": 0.7437277786007483, "8809844.0--9216595.0": 0.7896060616384589, "8809844.0--9216538.0": 0.7862503025021422, "8809844.0--9216549.0": 0.7991677228458062, "8809844.0--9216559.0": 0.8037139301831784, "8809844.0--9222376.0": 0.7834835861579307, "8809844.0--9222374.0": 0.8501110030174555, "8809844.0--9224194.0": 0.8249904165983892, "8809844.0--9222254.0": 0.7984979635291727, "8809844.0--9222049.0": 0.8209425969591777, "8809844.0--9222562.0": 0.7842476656496098, "8809844.0--9226126.0": 0.8048140698912338, "8809844.0--9240062.0": 0.8159388838251802, "8809844.0--9226101.0": 0.7822697377755611, "8809844.0--9222377.0": 0.7766483933677172, "8809844.0--9233392.0": 0.8039154199113989, "8809844.0--9222093.0": 0.8056622108024263, "8809844.0--9224154.0": 0.7531853829218234, "8809844.0--9240061.0": 0.7749146012410053, "8809844.0--9222512.0": 0.7825561294382233, "8809844.0--9241413.0": 0.7746879366937469, "8809844.0--9224646.0": 0.8337879021696242, "8809844.0--9222372.0": 0.7853460693930019, "8809844.0--9222253.0": 0.8517016291441439, "8809844.0--9222092.0": 0.8327557524790072, "8809844.0--9222271.0": 0.8153666630650567, "8809844.0--9230431.0": 0.7933539450759223, "8809844.0--9222076.0": 0.871222962131125, "8809844.0--9222053.0": 0.788375690467761, "8809844.0--9216532.0": 0.7844999780091454, "8809844.0--9222085.0": 0.7813077226831061, "8809844.0--9216629.0": 0.7763484939517373, "8809844.0--9308630.0": 0.7668135060543864, "8809844.0--9308624.0": 0.7591108084461917, "8809844.0--9219240.0": 0.7898856047811049, "8809844.0--9216630.0": 0.797076402562169, "8809844.0--9217981.0": 0.7974800135998771, "8809844.0--9224153.0": 0.7522782759246285, "8809844.0--9286505.0": 0.7667332360585675, "8809844.0--9216512.0": 0.795046724602575, "8809844.0--9216579.0": 0.7801476480381032, "8809844.0--9222249.0": 0.7968059095836673, "8809844.0--9222367.0": 0.750302212941796, "8809844.0--9222325.0": 0.7541398931191715, "8809844.0--9222510.0": 0.7820207136518758, "8809844.0--9246250.0": 0.7714587272479041, "8809844.0--9308627.0": 0.8057231452769202, "8809844.0--9224186.0": 0.8015627469374611, "8809844.0--9229232.0": 0.751330843367481, "8809844.0--9226404.0": 0.8995449897585812, "8809844.0--9308631.0": 0.7923517948498018, "8809844.0--9222255.0": 0.8050615308849631, "8809844.0--9222261.0": 0.7845628620336818, "8809844.0--9222338.0": 0.7864367935831419, "8809844.0--9222284.0": 0.7985365832166164, "8809844.0--9230430.0": 0.7907293947934062,