{"9224153.0--9286505.0": 0.7630020785200473, "9216512.0--9224153.0": 0.792220014616621, "9216579.0--9224153.0": 0.7866102520601636, "9222249.0--9224153.0": 0.8052255140488498, "9222367.0--9224153.0": 0.7621566248350147, "9222325.0--9224153.0": 0.8012723093392241, "9222510.0--9224153.0": 0.8258285747951318, "9224153.0--9246250.0": 0.775918639836821, "9224153.0--9308627.0": 0.8165177835146573, "9224153.0--9224186.0": 0.8245463171151155, "9224153.0--9229232.0": 0.7943118553551342, "9224153.0--9226404.0": 0.7526953695353314, "9224153.0--9308631.0": 0.8032069981955344, "9222255.0--9224153.0": 0.8040900595517526, "9222261.0--9224153.0": 0.7553566685543062, "9222338.0--9224153.0": 0.8080981753005793, "9222284.0--9224153.0": 0.8221040080837475, "9224153.0--9230430.0": 0.8158164999825159, "9224153.0--9308622.0": 0.7520471312175045, "9224153.0--9286903.0": 0.7234569520368169, "9224153.0--9234473.0": 0.7295334899216024, "9224153.0--9241426.0": 0.7945953383062974, "9222269.0--9224153.0": 0.7930928473842351, "9224153.0--9237999.0": 0.7925874086937371, "9222072.0--9224153.0": 0.805186462742707, "9224153.0--9224197.0": 0.7750325229408909, "9224153.0--9246282.0": 0.7846779946824097, "9222314.0--9224153.0": 0.7898979095634185, "9222357.0--9224153.0": 0.7924675932397377, "9222086.0--9224153.0": 0.8045210425260052, "9222360.0--9224153.0": 0.8124947830859631, "9222065.0--9224153.0": 0.7556086937904218, "9224153.0--9228894.0": 0.8410841846621468, "9224153.0--9233264.0": 0.7873144043603032, "9222343.0--9224153.0": 0.7953472645289834, "9224153.0--9308621.0": 0.7585693413627794, "9224153.0--9308625.0": 0.783575893682245, "9224153.0--9241744.0": 0.7829486366673781, "9224153.0--9308629.0": 0.7788785843180197, "9222068.0--9224153.0": 0.7524451166759417, "9222248.0--9224153.0": 0.7568849071465087, "9222274.0--9224153.0": 0.7735057331693523, "9224153.0--9229116.0": 0.7880601262537825, "9224153.0--9233993.0": 0.8202636817772584, "9224153.0--9308623.0": 0.7642467374827489, "9222553.0--9224153.0": 0.7866778852222228, "9222341.0--9224153.0": 0.8273836090745237, "9222346.0--9224153.0": 0.7779718160154476, "9224153.0--9308628.0": 0.8019114866613523, "9222294.0--9224153.0": 0.7921479655792094, "9224153.0--9241732.0": 0.766262646502328, "9222060.0--9224153.0": 0.8179214157509425, "9222280.0--9224153.0": 0.8028316775743419}