{"9216572.0--9217952.0": 0.7724384551868982, "9216572.0--9217931.0": 0.8057560066471932, "9216507.0--9216572.0": 0.7849336617109817, "9216572.0--9222368.0": 0.8012472745949205, "9216572.0--9220137.0": 0.799958986134313, "9216572.0--9233460.0": 0.7632045423860446, "9216572.0--9222263.0": 0.7652147275766206, "9216572.0--9293003.0": 0.7859855671365874, "9216572.0--9222102.0": 0.7897097929766399, "9216572.0--9222323.0": 0.8207760528801715, "9216572.0--9222287.0": 0.7815695304429884, "9216572.0--9223736.0": 0.806182200927059, "9216572.0--9224191.0": 0.7815284565391432, "9216572.0--9222251.0": 0.7954204553216554, "9216572.0--9229242.0": 0.801014109926834, "9216572.0--9282195.0": 0.7729661371221723, "9216572.0--9222098.0": 0.8267233053281877, "9216572.0--9234027.0": 0.7915771122631763, "9216572.0--9246308.0": 0.7773767791093382, "9216572.0--9240072.0": 0.8044603123972832, "9216572.0--9222353.0": 0.8028649293144147, "9216572.0--9222293.0": 0.7919177104887746, "9216572.0--9222089.0": 0.773997746417684, "9216572.0--9228893.0": 0.7923365532183313, "9216572.0--9224192.0": 0.7802950442023051, "9216572.0--9222289.0": 0.8177716983204486, "9216572.0--9222038.0": 0.8068315358639966, "9216572.0--9229072.0": 0.8156374945913729, "9216572.0--9222295.0": 0.7917232507738509, "9216572.0--9222342.0": 0.8147174677272062, "9216572.0--9241407.0": 0.7867061383023634, "9216572.0--9288884.0": 0.8099421994528404, "9216572.0--9222351.0": 0.789291660173818, "9216572.0--9223669.0": 0.8055624545534257, "9216572.0--9222315.0": 0.7950859954443077, "9216572.0--9222335.0": 0.796483823682265, "9216572.0--9222327.0": 0.7912694213127639, "9216572.0--9233469.0": 0.8046526414939695, "9216572.0--9226461.0": 0.8061466869596784, "9216572.0--9238508.0": 0.814074712873354, "9216572.0--9222266.0": 0.7552772114045423, "9216572.0--9225008.0": 0.7994035390794445, "9216572.0--9290431.0": 0.7923211062951525, "9216572.0--9239918.0": 0.7782799976807604, "9216572.0--9231271.0": 0.7738799260656348, "9216572.0--9222313.0": 0.7819003696374538, "9216572.0--9231268.0": 0.7533514202243672, "9216572.0--9222035.0": 0.7645596091311336, "9216572.0--9222091.0": 0.8147081561117219, "9216572.0--9229515.0": 0.7525251331716616, "9216572.0--9222301.0": 0.8248650402570827, "9216572.0--9222358.0": 0.7937753666692162, "9216572.0--9229135.0": 0.801092719579361, "9216572.0--9222047.0": 0.7834800143743037, "9216572.0--9222272.0": 0.7820627446037053, "9216572.0--9222110.0": 0.8028581007661886, "9216572.0--9222364.0": 0.8032387898686478, "9216572.0--9222088.0": 0.8176872355623668, "9216518.0--9216572.0": 0.7873135818021715, "9216572.0--9222309.0": 0.7983269737787709, "9216572.0--9216595.0": 0.7883505762123806, "9216538.0--9216572.0": 0.7595932865641531, "9216549.0--9216572.0": 0.7762614385819228, "9216559.0--9216572.0": 0.802570955371398, "9216572.0--9222376.0": 0.7558799246082553, "9216572.0--9222374.0": 0.7952338142421946, "9216572.0--9224194.0": 0.7580590808781072, "9216572.0--9222254.0": 0.7837309966163779, "9216572.0--9222049.0": 0.7773964240516932, "9216572.0--9222562.0": 0.7764265773255216, "9216572.0--9226126.0": 0.7649313337409016, "9216572.0--9240062.0": 0.806470483073576, "9216572.0--9226101.0": 0.7582547565514681, "9216572.0--9222377.0": 0.7536264722805311, "9216572.0--9233392.0": 0.7867533256498842, "9216572.0--9222093.0": 0.7672497207037241, "9216572.0--9224154.0": 0.7446948356154286, "9216572.0--9240061.0": 0.8075380513984927, "9216572.0--9222512.0": 0.7566339245926165, "9216572.0--9241413.0": 0.7965867512494705, "9216572.0--9224646.0": 0.7918542786166475, "9216572.0--9222372.0": 0.7439846762850841, "9216572.0--9222253.0": 0.7688719148022198, "9216572.0--9222092.0": 0.7916921402870477, "9216572.0--9222271.0": 0.7914111392669898, "9216572.0--9230431.0": 0.7798910616195571, "9216572.0--9222076.0": 0.8130234669439698, "9216572.0--9222053.0": 0.7966786032708045, "9216532.0--9216572.0": 0.7614312011381489, "9216572.0--9222085.0": 0.774471336416699, "9216572.0--9216629.0": 0.7630464014039042, "9216572.0--9308630.0": 0.77321320008232, "9216572.0--9308624.0": 0.7719870976051466, "9216572.0--9219240.0": 0.7778617955120241, "9216572.0--9216630.0": 0.7837775195281416, "9216572.0--9217981.0": 0.7742348163409423, "9216572.0--9224153.0": 0.7612868817344056, "9216572.0--9286505.0": 0.7844959590590451, "9216512.0--9216572.0": 0.7830829395863493, "9216572.0--9216579.0": 0.7795980971169375, "9216572.0--9222249.0": 0.7759710039424318, "9216572.0--9222367.0": 0.7657166046064217, "9216572.0--9222325.0": 0.7713579941902137, "9216572.0--9222510.0": 0.7692212992376177, "9216572.0--9246250.0": 0.7877697274445712, "9216572.0--9308627.0": 0.7771263563091958, "9216572.0--9224186.0": 0.7999972820307194, "9216572.0--9229232.0": 0.7489919568202619, "9216572.0--9226404.0": 0.7659991926329816, "9216572.0--9308631.0": 0.7422380012746221, "9216572.0--9222255.0": 0.7830443932045741, "9216572.0--9222261.0": 0.7891701756547403, "9216572.0--9222338.0": 0.7811053086081882, "9216572.0--9222284.0": 0.8068907506671407, "9216572.0--9230430.0": 0.8102475092769689, "9216572.0--9308622.0": 0.7371985883495513, "9216572.0--9286903.0": 0.7104321718651405, "9216572.0--9234473.0": 0.7806905921525014, "9216572.0--9241426.0": 0.7847348872872932, "9216572.0--9222269.0": 0.7818923210196626, "9216572.0--9237999.0": 0.79966500214674, "9216572.0--9222072.0": 0.7938690229848346, "9216572.0--9224197.0": 0.7965116997382359, "9216572.0--9246282.0": 0.8260665322604921, "9216572.0--9222314.0": 0.7474125791241807, "9216572.0--9222357.0": 0.762851620730123, "9216572.0--9222086.0": 0.7853869151776383, "9216572.0--9222360.0": 0.7986660764046992, "9216572.0--9222065.0": 0.7856779196279069, "9216572.0--9228894.0": 0.8067074523205957, "9216572.0--9233264.0": 0.7832537662803222, "9216572.0--9222343.0": 0.8006252327624791, "9216572.0--9308621.0": 0.7705549556245248, "9216572.0--9308625.0": 0.7996795785594907, "9216572.0--9241744.0": 0.7957003338754143, "9216572.0--9308629.0": 0.7804108415308463, "9216572.0--9222068.0": 0.729830660039957, "9216572.0--9222248.0": 0.7720039298020351, "9216572.0--9222274.0": 0.758526127107926, "9216572.0--9229116.0": 0.8090397807557728, "9216572.0--9233993.0": 0.7604752053416568, "9216572.0--9308623.0": 0.7759708200722587, "9216572.0--9222553.0": 0.7718552659414387, "9216572.0--9222341.0": 0.7949341360832093, "9216572.0--9222346.0": 0.8053721800883912, "9216572.0--9308628.0": 0.7790839419008355, "9216572.0--9222294.0": 0.738741833917777, "9216572.0--9241732.0": 0.7830139082858409, "9216572.0--9222060.0": 0.7922209087815348, "9216572.0--9222280.0": 0.7944158915812486}