{"9222287.0--9222323.0": 0.8087372011915739, "9222323.0--9223736.0": 0.8543284374403386, "9222323.0--9224191.0": 0.7834803211384166, "9222251.0--9222323.0": 0.7777273695429332, "9222323.0--9229242.0": 0.829396836914486, "9222323.0--9282195.0": 0.7788640113600771, "9222098.0--9222323.0": 0.8441554355314219, "9222323.0--9234027.0": 0.8108495866905154, "9222323.0--9246308.0": 0.8084704055994979, "9222323.0--9240072.0": 0.8115849470705486, "9222323.0--9222353.0": 0.819398040786118, "9222293.0--9222323.0": 0.8243168294662864, "9222089.0--9222323.0": 0.8204084516256811, "9222323.0--9228893.0": 0.7961599174953632, "9222323.0--9224192.0": 0.8107685297230203, "9222289.0--9222323.0": 0.8177464533225471, "9222038.0--9222323.0": 0.8344569756463793, "9222323.0--9229072.0": 0.823814507855291, "9222295.0--9222323.0": 0.8191095633291423, "9222323.0--9222342.0": 0.7975056644942788, "9222323.0--9241407.0": 0.8283777571807788, "9222323.0--9288884.0": 0.8143164251246927, "9222323.0--9222351.0": 0.78752069938741, "9222323.0--9223669.0": 0.834520357575991, "9222315.0--9222323.0": 0.8054776000701283, "9222323.0--9222335.0": 0.8120129226935582, "9222323.0--9222327.0": 0.8190411999895281, "9222323.0--9233469.0": 0.8145135783362218, "9222323.0--9226461.0": 0.8414497478739164, "9222323.0--9238508.0": 0.8183706734804648, "9222266.0--9222323.0": 0.7613872214406205, "9222323.0--9225008.0": 0.8195307745086745, "9222323.0--9290431.0": 0.7929674165010716, "9222323.0--9239918.0": 0.8023464743274675, "9222323.0--9231271.0": 0.8020459604443131, "9222313.0--9222323.0": 0.7952209907571899, "9222323.0--9231268.0": 0.7879286158853325, "9222035.0--9222323.0": 0.760059596529019, "9222091.0--9222323.0": 0.8328407862886036, "9222323.0--9229515.0": 0.7626154844428341, "9222301.0--9222323.0": 0.8196404034183514, "9222323.0--9222358.0": 0.8153526383018639, "9222323.0--9229135.0": 0.8380852714577287, "9222047.0--9222323.0": 0.8232144406781086, "9222272.0--9222323.0": 0.7682817427199018, "9222110.0--9222323.0": 0.8051105183195547, "9222323.0--9222364.0": 0.8087916260913575, "9222088.0--9222323.0": 0.8171553080957888, "9216518.0--9222323.0": 0.7926293963240927, "9222309.0--9222323.0": 0.8013482073375163, "9216595.0--9222323.0": 0.7691133486130258, "9216538.0--9222323.0": 0.7832165821157094, "9216549.0--9222323.0": 0.770677293909246, "9216559.0--9222323.0": 0.8200355114827997, "9222323.0--9222376.0": 0.7703020797216972, "9222323.0--9222374.0": 0.8209993107511502, "9222323.0--9224194.0": 0.7682215894706572, "9222254.0--9222323.0": 0.792108002074459, "9222049.0--9222323.0": 0.7643252740014936, "9222323.0--9222562.0": 0.7738317373893572, "9222323.0--9226126.0": 0.765826005453856, "9222323.0--9240062.0": 0.812378726609873, "9222323.0--9226101.0": 0.769311231102878, "9222323.0--9222377.0": 0.7655479267384901, "9222323.0--9233392.0": 0.8026457218869895, "9222093.0--9222323.0": 0.7544767144861689, "9222323.0--9224154.0": 0.7770291574799619, "9222323.0--9240061.0": 0.7753954745966982, "9222323.0--9222512.0": 0.7689527940495936, "9222323.0--9241413.0": 0.8193428703281751, "9222323.0--9224646.0": 0.8122340104825857, "9222323.0--9222372.0": 0.749643516400936, "9222253.0--9222323.0": 0.774381887379138, "9222092.0--9222323.0": 0.8281993602198028, "9222271.0--9222323.0": 0.8330399187513715, "9222323.0--9230431.0": 0.8234324440359737, "9222076.0--9222323.0": 0.8260896590015019, "9222053.0--9222323.0": 0.8122727072038756, "9216532.0--9222323.0": 0.8162478358297144, "9222085.0--9222323.0": 0.7978757441152563, "9216629.0--9222323.0": 0.7853124389926378, "9222323.0--9308630.0": 0.8091157247649641, "9222323.0--9308624.0": 0.7524921614048967, "9219240.0--9222323.0": 0.7897396899980853, "9216630.0--9222323.0": 0.8029691439977059, "9217981.0--9222323.0": 0.8122524009392644, "9222323.0--9224153.0": 0.7761669546773341, "9222323.0--9286505.0": 0.7535374523532888, "9216512.0--9222323.0": 0.7884362470615861, "9216579.0--9222323.0": 0.8092004949615329, "9222249.0--9222323.0": 0.8061182639585323, "9222323.0--9222367.0": 0.7753614855799137, "9222323.0--9222325.0": 0.7604649216237965, "9222323.0--9222510.0": 0.7569787323961736, "9222323.0--9246250.0": 0.8123214243569024, "9222323.0--9308627.0": 0.8187201139395002, "9222323.0--9224186.0": 0.8253885802480144, "9222323.0--9229232.0": 0.7547534432759695, "9222323.0--9226404.0": 0.7780248756979052, "9222323.0--9308631.0": 0.7871920105425527, "9222255.0--9222323.0": 0.8149422997643554, "9222261.0--9222323.0": 0.798589952756728, "9222323.0--9222338.0": 0.7766661001093268, "9222284.0--9222323.0": 0.8239720202896719, "9222323.0--9230430.0": 0.8189126447621685, "9222323.0--9308622.0": 0.747205246574305, "9222323.0--9286903.0": 0.7362532253612338, "9222323.0--9234473.0": 0.7652112350668792, "9222323.0--9241426.0": 0.8137136782403681, "9222269.0--9222323.0": 0.7901421867244448, "9222323.0--9237999.0": 0.794265466573809, "9222072.0--9222323.0": 0.8233758106281687, "9222323.0--9224197.0": 0.8138067894241867, "9222323.0--9246282.0": 0.7852866562049365, "9222314.0--9222323.0": 0.7865067981598192, "9222323.0--9222357.0": 0.7909292417140481, "9222086.0--9222323.0": 0.7615671455597843, "9222323.0--9222360.0": 0.7934230243014273, "9222065.0--9222323.0": 0.7855219202327248, "9222323.0--9228894.0": 0.8249456485353558, "9222323.0--9233264.0": 0.8007811836687908, "9222323.0--9222343.0": 0.7928629773290221, "9222323.0--9308621.0": 0.7813411524019623, "9222323.0--9308625.0": 0.8263467568387926, "9222323.0--9241744.0": 0.7809473805490869, "9222323.0--9308629.0": 0.7906559283795909, "9222068.0--9222323.0": 0.7480793642266702, "9222248.0--9222323.0": 0.804406022935642, "9222274.0--9222323.0": 0.7747373159551654, "9222323.0--9229116.0": 0.8096322586441281, "9222323.0--9233993.0": 0.772323744127088, "9222323.0--9308623.0": 0.8110477617914602, "9222323.0--9222553.0": 0.8027520658169254, "9222323.0--9222341.0": 0.8223497196808576, "9222323.0--9222346.0": 0.821533303569407, "9222323.0--9308628.0": 0.8128312674686056, "9222294.0--9222323.0": 0.7785992979685479, "9222323.0--9241732.0": 0.7884832707743457, "9222060.0--9222323.0": 0.819170565757433, "9222280.0--9222323.0": 0.8172757214131472}