{"9216507.0--9222368.0": 0.8236210811146174, "9216507.0--9220137.0": 0.7588100083740966, "9216507.0--9233460.0": 0.7885745522507135, "9216507.0--9222263.0": 0.7635522231995469, "9216507.0--9293003.0": 0.7855739418893112, "9216507.0--9222102.0": 0.8156353807804096, "9216507.0--9222323.0": 0.7951502992451494, "9216507.0--9222287.0": 0.7899560601487879, "9216507.0--9223736.0": 0.7893734341567324, "9216507.0--9224191.0": 0.7979529315453461, "9216507.0--9222251.0": 0.788253939171464, "9216507.0--9229242.0": 0.8176099344485572, "9216507.0--9282195.0": 0.7392207479386885, "9216507.0--9222098.0": 0.8271871131460756, "9216507.0--9234027.0": 0.7765194653420152, "9216507.0--9246308.0": 0.8231319491690594, "9216507.0--9240072.0": 0.798966253284312, "9216507.0--9222353.0": 0.7876809775548358, "9216507.0--9222293.0": 0.8188883482036822, "9216507.0--9222089.0": 0.8004743437156694, "9216507.0--9228893.0": 0.8104690020240751, "9216507.0--9224192.0": 0.7603084170280531, "9216507.0--9222289.0": 0.8038604182024534, "9216507.0--9222038.0": 0.7876117084900204, "9216507.0--9229072.0": 0.7886880571172539, "9216507.0--9222295.0": 0.8156787895233466, "9216507.0--9222342.0": 0.7865168809569069, "9216507.0--9241407.0": 0.7619425047843169, "9216507.0--9288884.0": 0.8316945305253898, "9216507.0--9222351.0": 0.7865355187803598, "9216507.0--9223669.0": 0.8163526327578277, "9216507.0--9222315.0": 0.7759996692794282, "9216507.0--9222335.0": 0.7972032906643478, "9216507.0--9222327.0": 0.806534552709592, "9216507.0--9233469.0": 0.8215130608027058, "9216507.0--9226461.0": 0.7815407227115324, "9216507.0--9238508.0": 0.8444709373416046, "9216507.0--9222266.0": 0.7655440522248016, "9216507.0--9225008.0": 0.83677553525022, "9216507.0--9290431.0": 0.7927248247123269, "9216507.0--9239918.0": 0.8194658790148583, "9216507.0--9231271.0": 0.772789399600142, "9216507.0--9222313.0": 0.7962638421153386, "9216507.0--9231268.0": 0.7821040935475663, "9216507.0--9222035.0": 0.7577803539334255, "9216507.0--9222091.0": 0.8004706625965173, "9216507.0--9229515.0": 0.7601073244422459, "9216507.0--9222301.0": 0.8031957044511677, "9216507.0--9222358.0": 0.8009167765037623, "9216507.0--9229135.0": 0.8649753601025815, "9216507.0--9222047.0": 0.8304282925388011, "9216507.0--9222272.0": 0.8008246574998111, "9216507.0--9222110.0": 0.7852177736446243, "9216507.0--9222364.0": 0.8725807738556021, "9216507.0--9222088.0": 0.7943849775493066, "9216507.0--9216518.0": 0.8183086362083832, "9216507.0--9222309.0": 0.7943538156496075, "9216507.0--9216595.0": 0.7769593936459652, "9216507.0--9216538.0": 0.7561997708574075, "9216507.0--9216549.0": 0.7595799788124697, "9216507.0--9216559.0": 0.7938852572056745, "9216507.0--9222376.0": 0.7662999131130515, "9216507.0--9222374.0": 0.8031503368203068, "9216507.0--9224194.0": 0.8281753626719152, "9216507.0--9222254.0": 0.7785252903451594, "9216507.0--9222049.0": 0.7780652310853781, "9216507.0--9222562.0": 0.7685326442121468, "9216507.0--9226126.0": 0.7898454776809974, "9216507.0--9240062.0": 0.8019187236551436, "9216507.0--9226101.0": 0.7817282170648266, "9216507.0--9222377.0": 0.7695160833477408, "9216507.0--9233392.0": 0.8279893857778082, "9216507.0--9222093.0": 0.7516346548885353, "9216507.0--9224154.0": 0.7241273554552342, "9216507.0--9240061.0": 0.7838032431126378, "9216507.0--9222512.0": 0.7859240977012202, "9216507.0--9241413.0": 0.8014661445785023, "9216507.0--9224646.0": 0.7637565938959742, "9216507.0--9222372.0": 0.7439488683269684, "9216507.0--9222253.0": 0.8172877024147158, "9216507.0--9222092.0": 0.8493092365923938, "9216507.0--9222271.0": 0.7730085662568705, "9216507.0--9230431.0": 0.790311687108547, "9216507.0--9222076.0": 0.8480022450412037, "9216507.0--9222053.0": 0.7793718911435461, "9216507.0--9216532.0": 0.8192544355917005, "9216507.0--9222085.0": 0.7946278484573185, "9216507.0--9216629.0": 0.8212677963145397, "9216507.0--9308630.0": 0.7740898344068055, "9216507.0--9308624.0": 0.7691824055599432, "9216507.0--9219240.0": 0.8139153162665087, "9216507.0--9216630.0": 0.7779269795518893, "9216507.0--9217981.0": 0.7797358853684082, "9216507.0--9224153.0": 0.7844268219852326, "9216507.0--9286505.0": 0.8063703770483392, "9216507.0--9216512.0": 0.7915130825577624, "9216507.0--9216579.0": 0.8068325430980604, "9216507.0--9222249.0": 0.8101066829066895, "9216507.0--9222367.0": 0.7567116058317722, "9216507.0--9222325.0": 0.7790961449085474, "9216507.0--9222510.0": 0.7786184200124259, "9216507.0--9246250.0": 0.7787464907905502, "9216507.0--9308627.0": 0.8133083640728669, "9216507.0--9224186.0": 0.8695770771254123, "9216507.0--9229232.0": 0.8014907610641104, "9216507.0--9226404.0": 0.8033605024229984, "9216507.0--9308631.0": 0.8134392893085992, "9216507.0--9222255.0": 0.8067365943432884, "9216507.0--9222261.0": 0.778619442806721, "9216507.0--9222338.0": 0.7923823084666968, "9216507.0--9222284.0": 0.8277585201413409, "9216507.0--9230430.0": 0.8057402112029329, "9216507.0--9308622.0": 0.7685728274805774, "9216507.0--9286903.0": 0.7581567089835962, "9216507.0--9234473.0": 0.7571347823755923, "9216507.0--9241426.0": 0.8233877672935455, "9216507.0--9222269.0": 0.804816349618223, "9216507.0--9237999.0": 0.8361483443516209, "9216507.0--9222072.0": 0.795432102304417, "9216507.0--9224197.0": 0.7866406525401988, "9216507.0--9246282.0": 0.7922421318984709, "9216507.0--9222314.0": 0.7644299164209717, "9216507.0--9222357.0": 0.8108334205633736, "9216507.0--9222086.0": 0.7545426084152257, "9216507.0--9222360.0": 0.8045461268829721, "9216507.0--9222065.0": 0.7701633658568957, "9216507.0--9228894.0": 0.8268814413188459, "9216507.0--9233264.0": 0.824748318598884, "9216507.0--9222343.0": 0.7928009640507133, "9216507.0--9308621.0": 0.7845837236951088, "9216507.0--9308625.0": 0.7985685882257677, "9216507.0--9241744.0": 0.7904698150224363, "9216507.0--9308629.0": 0.827824031197399, "9216507.0--9222068.0": 0.7618919764496301, "9216507.0--9222248.0": 0.7744533185497657, "9216507.0--9222274.0": 0.7832363373622462, "9216507.0--9229116.0": 0.8285398238601909, "9216507.0--9233993.0": 0.7924349496408842, "9216507.0--9308623.0": 0.7978327470450803, "9216507.0--9222553.0": 0.7770579702686453, "9216507.0--9222341.0": 0.8062622709049078, "9216507.0--9222346.0": 0.8126653125825798, "9216507.0--9308628.0": 0.7833278195525134, "9216507.0--9222294.0": 0.8057188505648598, "9216507.0--9241732.0": 0.7851036847945417, "9216507.0--9222060.0": 0.8059981718487569, "9216507.0--9222280.0": 0.8168711870949874}