{"9222086.0--9222360.0": 0.8104549140219077, "9222065.0--9222086.0": 0.7452587538081624, "9222086.0--9228894.0": 0.8068568626479552, "9222086.0--9233264.0": 0.7656067510842749, "9222086.0--9222343.0": 0.7882615265419516, "9222086.0--9308621.0": 0.7673722352125782, "9222086.0--9308625.0": 0.7778035986973619, "9222086.0--9241744.0": 0.8112396292878717, "9222086.0--9308629.0": 0.7599478976937093, "9222068.0--9222086.0": 0.7496270882223363, "9222086.0--9222248.0": 0.7494822285407609, "9222086.0--9222274.0": 0.7765172877635058, "9222086.0--9229116.0": 0.7958179881642801, "9222086.0--9233993.0": 0.782759959474516, "9222086.0--9308623.0": 0.752730769670965, "9222086.0--9222553.0": 0.7598642967065978, "9222086.0--9222341.0": 0.8007286541721265, "9222086.0--9222346.0": 0.7750641155020888, "9222086.0--9308628.0": 0.7718596517760815, "9222086.0--9222294.0": 0.7641825759782178, "9222086.0--9241732.0": 0.7845971378854342, "9222060.0--9222086.0": 0.8048555880062334, "9222086.0--9222280.0": 0.7793543943820948}