{"8440843.0--8443124.0": 0.7915628900187511, "8443124.0--8807265.0": 0.7979867815117603, "8443124.0--8816695.0": 0.8089211420531027, "8443124.0--8805426.0": 0.8078233891706059, "8443124.0--8805421.0": 0.7880338513472284, "8443124.0--8812684.0": 0.7658627261258107, "8443124.0--8805461.0": 0.7818561434532079, "8443124.0--8807255.0": 0.7602489941347735, "8443124.0--8805460.0": 0.7668465169768759, "8443124.0--8807292.0": 0.8025964949611692, "8443124.0--8807354.0": 0.7948763048857715, "8443124.0--8809711.0": 0.7678295411253901, "8443124.0--8805422.0": 0.7600192698784844, "8443124.0--8805424.0": 0.7844064517966615, "8443124.0--8794517.0": 0.7994850477294391, "8443124.0--8805451.0": 0.8051841327261012, "8443124.0--8807223.0": 0.769499909012223, "8443124.0--8794560.0": 0.8581676069226822, "8443124.0--8481543.0": 0.8699624878929645, "8443124.0--8802285.0": 0.7890224314414003, "8443124.0--8807245.0": 0.8017880531732677, "8443124.0--8805456.0": 0.7819026102285064, "8443124.0--8827944.0": 0.7680681920207906, "8443124.0--8807296.0": 0.8406495430824922, "8443124.0--8827951.0": 0.7704004728903657, "8443124.0--8854335.0": 0.8440902987736143, "8443124.0--8805446.0": 0.8407912116745692, "8443124.0--8805436.0": 0.8131988540688371, "8443124.0--8805433.0": 0.7860825044410813, "8443124.0--8546802.0": 0.8514312822527312, "8443124.0--8805427.0": 0.796480160130603, "8443124.0--8836120.0": 0.805203699038527, "8443124.0--8794768.0": 0.7961110038615069, "8443124.0--8809750.0": 0.8077701539928462, "8443124.0--8820172.0": 0.8517799316021022, "8443124.0--8476234.0": 0.8130229532930315, "8443124.0--8807314.0": 0.8030898557474268, "8443124.0--8794520.0": 0.8407366225159699, "8443124.0--8805452.0": 0.8343972705206804, "8443124.0--8805462.0": 0.7900471567098513, "8443124.0--8807275.0": 0.835493291937565, "8419285.0--8443124.0": 0.8006047283895038, "8443124.0--8807379.0": 0.8388210572395343, "8443124.0--8807234.0": 0.8322379678159367, "8423100.0--8443124.0": 0.8026207852771882, "8443124.0--8805455.0": 0.7967813600962728, "8443124.0--8727493.0": 0.7543539766051117, "8443124.0--8807369.0": 0.7597169002503781, "8443124.0--8532319.0": 0.7920269836681191, "8419325.0--8443124.0": 0.8030442659192994, "8443124.0--8805430.0": 0.7725064319974724, "8443124.0--8807301.0": 0.7798745913397656, "8443124.0--8713940.0": 0.8056358765240039, "8443124.0--8637795.0": 0.8209774789930412, "7999244.0--8443124.0": 0.7875754803597895, "8443124.0--8805439.0": 0.7772116590352145, "8443124.0--8805428.0": 0.8172082486521042, "8443124.0--8809223.0": 0.8598094439275012, "8443124.0--8795584.0": 0.8303802493027815, "8443124.0--8807264.0": 0.7742121129932086, "8443124.0--8805431.0": 0.7861577906713788, "8443124.0--8453863.0": 0.8099620222266631, "8400404.0--8443124.0": 0.8288606984059604, "8443124.0--8809834.0": 0.81673531305801, "8443124.0--8663447.0": 0.799836169472551, "8443124.0--8807213.0": 0.8322454565024311, "8443124.0--8640251.0": 0.8072780725012169, "8443124.0--8807220.0": 0.8657027690202923, "8443124.0--8617736.0": 0.7877850587147861, "8443124.0--8617746.0": 0.7666988107988751, "8443124.0--8640072.0": 0.8020309406520554, "8443124.0--8636208.0": 0.8406248211933045, "8443124.0--8805458.0": 0.788146421784044, "8443124.0--8807271.0": 0.8084836505173421, "8443124.0--8809678.0": 0.7791061076509024, "8443124.0--8807226.0": 0.814171476531812, "8443124.0--8805467.0": 0.8074908384820365, "8443124.0--8611113.0": 0.7804482489907465, "8443124.0--8854316.0": 0.8297430515582941, "8443124.0--8794607.0": 0.8002969176538198, "8443124.0--8805418.0": 0.7518149096273445, "8443124.0--8836087.0": 0.7996661260681219, "8443124.0--8807283.0": 0.7898800885623798, "8443124.0--8820171.0": 0.7974243006321333, "8443124.0--8807288.0": 0.7454695623264778, "8443124.0--8807302.0": 0.756621532353118, "8443124.0--8805466.0": 0.7825149640077042, "8443124.0--8807351.0": 0.7744533645126367, "8443124.0--8805420.0": 0.7530409512277718, "8443124.0--8807299.0": 0.7867733082666095, "8443124.0--8812988.0": 0.7769240192261895, "8443124.0--8807294.0": 0.803106355699938, "8443124.0--8805434.0": 0.8181151113322167, "8443124.0--8732351.0": 0.834185343357299, "8443124.0--8807232.0": 0.7857111557350609, "8419271.0--8443124.0": 0.767450762957549, "8443124.0--8625484.0": 0.7892503041059864, "8443124.0--8807349.0": 0.8006126204906403, "8443124.0--8809730.0": 0.8039408659576703, "8443124.0--8730513.0": 0.8248960761848392, "8443124.0--8809833.0": 0.829365628591377, "8443124.0--8523628.0": 0.7877886622511436, "8434356.0--8443124.0": 0.7940864181762141, "8443124.0--8807303.0": 0.849649992991828, "8443124.0--8811606.0": 0.8177862088819031, "8443124.0--8807244.0": 0.7952672154922045, "8443124.0--8490694.0": 0.8009430659430945, "8443124.0--8809844.0": 0.8400397932495671, "8443124.0--8809850.0": 0.7922031584677319, "8443124.0--8805445.0": 0.7947256431320461, "8412138.0--8443124.0": 0.809253087575534, "8443124.0--8807247.0": 0.7841538929473866, "8443124.0--8848845.0": 0.7859630653018825, "8443124.0--8695851.0": 0.8216625552893928, "8443124.0--8713907.0": 0.8417945293194184, "8443124.0--8809847.0": 0.8684885239544698, "8443124.0--8727480.0": 0.8588528256064127, "8443124.0--8706590.0": 0.7987946316090893, "8443124.0--8735916.0": 0.8104830305777411, "8443124.0--8474512.0": 0.7962819927434098, "8443124.0--8809845.0": 0.7855024563892192, "8443124.0--8540796.0": 0.8399955373355603, "8443124.0--8807233.0": 0.8164650496733259, "8443124.0--8617747.0": 0.7872909361164946, "8443124.0--8474486.0": 0.7751068272732609, "8443124.0--8474516.0": 0.804526562748601, "8443124.0--8663650.0": 0.7916689391019394, "8443124.0--8663646.0": 0.8017733289493527, "8443124.0--8794553.0": 0.8628373864963956, "8443124.0--8863966.0": 0.7756177945768067, "8443124.0--8525340.0": 0.7856174507998899, "8443124.0--8805448.0": 0.769365362763277, "8405549.0--8443124.0": 0.8260475314863127, "8443124.0--8611178.0": 0.8014180093987286, "8443124.0--8827593.0": 0.7912114826874573, "8443124.0--8805463.0": 0.7406524052695205, "8443124.0--8805457.0": 0.7800326824764989, "8443124.0--8805442.0": 0.7914884380294491, "8443124.0--8807266.0": 0.8301497358574308, "8443124.0--8813126.0": 0.7921140730688503, "8443124.0--8585103.0": 0.7984087800292747, "8443124.0--8807235.0": 0.7870063997996166, "8443124.0--8585048.0": 0.822014028306744, "8443124.0--8809843.0": 0.7884501799417462, "8443124.0--8809842.0": 0.791065046791077, "8443124.0--8842614.0": 0.7737219492953564, "8443124.0--8805441.0": 0.7675018047277201, "8443124.0--8809920.0": 0.7361658720120867, "8443124.0--8663312.0": 0.7835786511071928, "8443124.0--8477126.0": 0.8276129035016035, "8443124.0--8807224.0": 0.8051546233370799, "8443124.0--8807355.0": 0.7903219462017951, "8443124.0--8807320.0": 0.7918783523311279, "8443124.0--8665933.0": 0.8058747446936776, "8443124.0--8845772.0": 0.8591990832185721, "8443124.0--8812989.0": 0.7913185067166488, "8443124.0--8636969.0": 0.8726951239020977, "8443124.0--8805450.0": 0.8141813166252113, "8443124.0--8807243.0": 0.8238017384004883, "8443124.0--8805443.0": 0.7818076589333671, "8443124.0--8673661.0": 0.841665721445932, "8443124.0--8805419.0": 0.8208176252014423, "8443124.0--8451903.0": 0.7686652178143663, "8443124.0--8805429.0": 0.7990654194570768, "8443124.0--8809846.0": 0.7616937963332446, "8443124.0--8809832.0": 0.8285559059746522, "8413174.0--8443124.0": 0.7736642989059656, "8443124.0--8494817.0": 0.7705125499193642, "8443124.0--8637778.0": 0.7753378920455759, "8443124.0--8809742.0": 0.7835475476106629, "8443124.0--8807280.0": 0.8085636548668966, "8443124.0--8807274.0": 0.8292795951955327, "8443124.0--9216586.0": 0.8124264995213054, "8443124.0--9237132.0": 0.8026755812747406, "8443124.0--9216572.0": 0.7770993945081728, "8443124.0--9217952.0": 0.7777880754317441, "8443124.0--9217931.0": 0.8396736466277228, "8443124.0--9216507.0": 0.7967723429718883, "8443124.0--9222368.0": 0.8234623191270874, "8443124.0--9220137.0": 0.7774107212095883, "8443124.0--9233460.0": 0.7811898782567323, "8443124.0--9222263.0": 0.7774966029759266,