{"9222072.0--9224197.0": 0.8617644015421523, "9222072.0--9246282.0": 0.8064940866100162, "9222072.0--9222314.0": 0.7922269024316488, "9222072.0--9222357.0": 0.8357223424937086, "9222072.0--9222086.0": 0.7874113905162532, "9222072.0--9222360.0": 0.8462821839172425, "9222065.0--9222072.0": 0.8211681328209903, "9222072.0--9228894.0": 0.8549761574687068, "9222072.0--9233264.0": 0.825682092710891, "9222072.0--9222343.0": 0.7994721569705646, "9222072.0--9308621.0": 0.8001361955236663, "9222072.0--9308625.0": 0.849421746359212, "9222072.0--9241744.0": 0.7940616137078326, "9222072.0--9308629.0": 0.8466403913277157, "9222068.0--9222072.0": 0.7783336395215598, "9222072.0--9222248.0": 0.8169408978452071, "9222072.0--9222274.0": 0.8118490241950652, "9222072.0--9229116.0": 0.8281435503446906, "9222072.0--9233993.0": 0.8029053511778702, "9222072.0--9308623.0": 0.814571064447605, "9222072.0--9222553.0": 0.8077807476472565, "9222072.0--9222341.0": 0.8787542553444532, "9222072.0--9222346.0": 0.8083302925573904, "9222072.0--9308628.0": 0.8350234597262884, "9222072.0--9222294.0": 0.8348395734615245, "9222072.0--9241732.0": 0.8173518632111163, "9222060.0--9222072.0": 0.8225869575621497, "9222072.0--9222280.0": 0.819129167638367}