{"8440120.0--8467383.0": 0.8020690812172051, "8440076.0--8467383.0": 0.7773976865707004, "8440043.0--8467383.0": 0.7927717658675077, "8467383.0--8467535.0": 0.794540230376576, "8440121.0--8467383.0": 0.7938699739409899, "8440044.0--8467383.0": 0.747997285430506, "8440089.0--8467383.0": 0.8034556485279891, "8440052.0--8467383.0": 0.7668567291258321, "8440085.0--8467383.0": 0.8020541663677235, "8440070.0--8467383.0": 0.8397073206525236, "8440048.0--8467383.0": 0.7977324677702446, "8440118.0--8467383.0": 0.7923179903938761, "8440081.0--8467383.0": 0.7700287520932061, "8440102.0--8467383.0": 0.8094872201444788, "8440080.0--8467383.0": 0.7886666915247555, "8440096.0--8467383.0": 0.7985230506869596, "8440124.0--8467383.0": 0.7865332543149282, "8440063.0--8467383.0": 0.8204695123663874, "8440037.0--8467383.0": 0.8203114266973066, "8440040.0--8467383.0": 0.7582680660202155, "8440056.0--8467383.0": 0.7920801470912244, "8440116.0--8467383.0": 0.7917454632529835, "8444102.0--8467383.0": 0.8290673904732022, "8440824.0--8467383.0": 0.7839718635328923, "8467383.0--8493612.0": 0.8056115048595394, "8440850.0--8467383.0": 0.846917761147875, "8456856.0--8467383.0": 0.7892980330397903, "8447439.0--8467383.0": 0.8055103391736039, "8440805.0--8467383.0": 0.8434268041435034, "8440811.0--8467383.0": 0.7541902254000437, "8440856.0--8467383.0": 0.7988935050127981, "8440822.0--8467383.0": 0.7913906543721767, "8440828.0--8467383.0": 0.7695384672187444, "8440851.0--8467383.0": 0.7671864309227929, "8457476.0--8467383.0": 0.7896146335133353, "8440848.0--8467383.0": 0.7175466354627069, "8440839.0--8467383.0": 0.7791109445909288, "8443395.0--8467383.0": 0.7721202652065741, "8440832.0--8467383.0": 0.7884793108171922, "8440816.0--8467383.0": 0.792636291833656, "8440835.0--8467383.0": 0.8510396038038606, "8440818.0--8467383.0": 0.818271651197929, "8440853.0--8467383.0": 0.7869921482237854, "8440840.0--8467383.0": 0.8066716330539231, "8440857.0--8467383.0": 0.8097979538322742, "8449328.0--8467383.0": 0.7793874122333042, "8440829.0--8467383.0": 0.7990671588999595, "8440807.0--8467383.0": 0.7482705947652609, "8440831.0--8467383.0": 0.776421959336605, "8440852.0--8467383.0": 0.7942810876193553, "8440841.0--8467383.0": 0.7605301041445032, "8440859.0--8467383.0": 0.775956292828513, "8440821.0--8467383.0": 0.8096844925566173, "8440842.0--8467383.0": 0.782340846246295, "8443131.0--8467383.0": 0.7654815576042391, "8440815.0--8467383.0": 0.7612403731764333, "8467383.0--8500765.0": 0.7837497295533837, "8440804.0--8467383.0": 0.7784920685475093, "8454276.0--8467383.0": 0.8273156190952775, "8464305.0--8467383.0": 0.7748031932863171, "8467383.0--8494828.0": 0.7675692174462544, "8440825.0--8467383.0": 0.7727890835917459, "8440814.0--8467383.0": 0.7985709105426122, "8440838.0--8467383.0": 0.8206245665089758, "8440855.0--8467383.0": 0.7889656553796841, "8454489.0--8467383.0": 0.7963908018740138, "8440834.0--8467383.0": 0.746813704176287, "8440826.0--8467383.0": 0.8014343459060804, "8440823.0--8467383.0": 0.7882110770971962, "8440845.0--8467383.0": 0.79606610597823, "8440810.0--8467383.0": 0.8098594791061738, "8440806.0--8467383.0": 0.7987931895958026, "8440817.0--8467383.0": 0.7765135498043754, "8440813.0--8467383.0": 0.7917254825246667, "8443125.0--8467383.0": 0.7639550243107116, "8456575.0--8467383.0": 0.8101401888249207, "8440860.0--8467383.0": 0.8011611626947154, "8454343.0--8467383.0": 0.7851159532154909, "8440803.0--8467383.0": 0.7900016524332465, "8454344.0--8467383.0": 0.780114007262262, "8440854.0--8467383.0": 0.8221019859708893, "8454346.0--8467383.0": 0.8035082388425085, "8440827.0--8467383.0": 0.74885886870623, "8440836.0--8467383.0": 0.7975478086578112, "8440844.0--8467383.0": 0.8228533215744511, "8440808.0--8467383.0": 0.8310871616588691, "8440837.0--8467383.0": 0.7940992805124099, "8440858.0--8467383.0": 0.7974406312788652, "8440820.0--8467383.0": 0.7822232448554511, "8440833.0--8467383.0": 0.7947205937461069, "8444072.0--8467383.0": 0.7689627966244547, "8440812.0--8467383.0": 0.7923033577224123, "8440809.0--8467383.0": 0.8113097923342463, "8454904.0--8467383.0": 0.8195858853877944, "8440846.0--8467383.0": 0.7979270822211957, "8440830.0--8467383.0": 0.8085031531060797, "8444077.0--8467383.0": 0.7984688287321128, "8440847.0--8467383.0": 0.7990881750576928, "8440849.0--8467383.0": 0.7847604836479914, "8443124.0--8467383.0": 0.7889121946900809, "8440843.0--8467383.0": 0.7940571359163106, "8467383.0--8807265.0": 0.7740882194639918, "8467383.0--8816695.0": 0.7872036428358284, "8467383.0--8805426.0": 0.8030221507052919, "8467383.0--8805421.0": 0.7978304663021226, "8467383.0--8812684.0": 0.7941382608632592, "8467383.0--8805461.0": 0.7961306125459817, "8467383.0--8807255.0": 0.7598893693765643, "8467383.0--8805460.0": 0.7438296303076691, "8467383.0--8807292.0": 0.7927060061795583, "8467383.0--8807354.0": 0.7670189985632061, "8467383.0--8809711.0": 0.7939072893747872, "8467383.0--8805422.0": 0.7834063843879177, "8467383.0--8805424.0": 0.7830878817182608, "8467383.0--8794517.0": 0.7861538288104709, "8467383.0--8805451.0": 0.7894912253695112, "8467383.0--8807223.0": 0.8096205620007592, "8467383.0--8794560.0": 0.7951635819605708, "8467383.0--8481543.0": 0.7932815123560164, "8467383.0--8802285.0": 0.7781514249107171, "8467383.0--8807245.0": 0.7735480308740352, "8467383.0--8805456.0": 0.8262982334970965, "8467383.0--8827944.0": 0.7648918280439541, "8467383.0--8807296.0": 0.8071955179792225, "8467383.0--8827951.0": 0.7783563228045223, "8467383.0--8854335.0": 0.7995014672545677, "8467383.0--8805446.0": 0.8085370538870343, "8467383.0--8805436.0": 0.7959834233815062, "8467383.0--8805433.0": 0.7762434221548669, "8467383.0--8546802.0": 0.8285971799164612, "8467383.0--8805427.0": 0.768951410889687, "8467383.0--8836120.0": 0.7813393944216029, "8467383.0--8794768.0": 0.7937428494819492, "8467383.0--8809750.0": 0.791404441747471, "8467383.0--8820172.0": 0.8333517553795811, "8467383.0--8476234.0": 0.7944919974241696, "8467383.0--8807314.0": 0.7699993540658434, "8467383.0--8794520.0": 0.8296661450813354, "8467383.0--8805452.0": 0.784779917519761, "8467383.0--8805462.0": 0.7876435027192574, "8467383.0--8807275.0": 0.7731375914563494, "8419285.0--8467383.0": 0.7722984746823184, "8467383.0--8807379.0": 0.7824664395650239, "8467383.0--8807234.0": 0.8287731741252522, "8423100.0--8467383.0": 0.7849583747287489, "8467383.0--8805455.0": 0.8128795540256766, "8467383.0--8727493.0": 0.7620146400768781, "8467383.0--8807369.0": 0.7565879226004519, "8467383.0--8532319.0": 0.8148008187914221, "8419325.0--8467383.0": 0.7819086738851401, "8467383.0--8805430.0": 0.8018920814929525, "8467383.0--8807301.0": 0.7915231053120544, "8467383.0--8713940.0": 0.7968727749020469, "8467383.0--8637795.0": 0.8264565338705123, "7999244.0--8467383.0": 0.789096984959544, "8467383.0--8805439.0": 0.7757097430277554, "8467383.0--8805428.0": 0.7703386698859692, "8467383.0--8809223.0": 0.7900054066407858, "8467383.0--8795584.0": 0.7920403622349699, "8467383.0--8807264.0": 0.7577088383534466, "8467383.0--8805431.0": 0.7865231458547898, "8453863.0--8467383.0": 0.7819937281920336, "8400404.0--8467383.0": 0.7702952330150987, "8467383.0--8809834.0": 0.7991710485867506, "8467383.0--8663447.0": 0.7976877040826682, "8467383.0--8807213.0": 0.8226596952683712, "8467383.0--8640251.0": 0.8255935034940823, "8467383.0--8807220.0": 0.8056684394183331, "8467383.0--8617736.0": 0.7921072219167188, "8467383.0--8617746.0": 0.7438803174923965, "8467383.0--8640072.0": 0.8014426113780594, "8467383.0--8636208.0": 0.7929091609838783, "8467383.0--8805458.0": 0.7861216204606626, "8467383.0--8807271.0": 0.7937954115987651, "8467383.0--8809678.0": 0.7677577631105682, "8467383.0--8807226.0": 0.7972939605318865, "8467383.0--8805467.0": 0.8169338576533299, "8467383.0--8611113.0": 0.7967299031440198, "8467383.0--8854316.0": 0.82376826073402, "8467383.0--8794607.0": 0.7979119726910527, "8467383.0--8805418.0": 0.8317405743956203, "8467383.0--8836087.0": 0.8313829976714323,