{"8476234.0--8807314.0": 0.7806237044392876, "8476234.0--8794520.0": 0.8010875540637914, "8476234.0--8805452.0": 0.8221123515653829, "8476234.0--8805462.0": 0.7744410265588872, "8476234.0--8807275.0": 0.7890592309985864, "8419285.0--8476234.0": 0.7799267170440165, "8476234.0--8807379.0": 0.7965171095495744, "8476234.0--8807234.0": 0.8421816195286389, "8423100.0--8476234.0": 0.8204459394390582, "8476234.0--8805455.0": 0.737386095506719, "8476234.0--8727493.0": 0.7198884899210676, "8476234.0--8807369.0": 0.7469713744693253, "8476234.0--8532319.0": 0.7574185953134717, "8419325.0--8476234.0": 0.7482127926805247, "8476234.0--8805430.0": 0.8424586159296594, "8476234.0--8807301.0": 0.8275549140272876, "8476234.0--8713940.0": 0.8235661033045136, "8476234.0--8637795.0": 0.8216707518501098, "7999244.0--8476234.0": 0.8339033264705077, "8476234.0--8805439.0": 0.8279199618788139, "8476234.0--8805428.0": 0.8252519858043764, "8476234.0--8809223.0": 0.8207175522302288, "8476234.0--8795584.0": 0.799058920025306, "8476234.0--8807264.0": 0.7799895680635619, "8476234.0--8805431.0": 0.8110422597322606, "8453863.0--8476234.0": 0.7868671965243635, "8400404.0--8476234.0": 0.7918328136446731, "8476234.0--8809834.0": 0.7792270282552377, "8476234.0--8663447.0": 0.7752520136677777, "8476234.0--8807213.0": 0.8677142698516007, "8476234.0--8640251.0": 0.8232295907174754, "8476234.0--8807220.0": 0.8384088231879447, "8476234.0--8617736.0": 0.8282884087354576, "8476234.0--8617746.0": 0.7855510429685024, "8476234.0--8640072.0": 0.8280381142859603, "8476234.0--8636208.0": 0.8232045282362849, "8476234.0--8805458.0": 0.8315661247143313, "8476234.0--8807271.0": 0.8340772347380395, "8476234.0--8809678.0": 0.8288507387223853, "8476234.0--8807226.0": 0.8471041882224377, "8476234.0--8805467.0": 0.8422207113222078, "8476234.0--8611113.0": 0.8012031165578168, "8476234.0--8854316.0": 0.8135185704920648, "8476234.0--8794607.0": 0.8093410535123207, "8476234.0--8805418.0": 0.7879388980668971, "8476234.0--8836087.0": 0.8309699567620304, "8476234.0--8807283.0": 0.8011721634192888, "8476234.0--8820171.0": 0.8321528560808783, "8476234.0--8807288.0": 0.7720741833630055, "8476234.0--8807302.0": 0.7770853135032586, "8476234.0--8805466.0": 0.7956812816030987, "8476234.0--8807351.0": 0.8211528765067431, "8476234.0--8805420.0": 0.8415033536999543, "8476234.0--8807299.0": 0.7947088550762909, "8476234.0--8812988.0": 0.8225860414016133, "8476234.0--8807294.0": 0.8154751890848486, "8476234.0--8805434.0": 0.8551276246851436, "8476234.0--8732351.0": 0.8043262587245613, "8476234.0--8807232.0": 0.8032834307298258, "8419271.0--8476234.0": 0.7688831724454065, "8476234.0--8625484.0": 0.8278187651538595, "8476234.0--8807349.0": 0.8068038151120255, "8476234.0--8809730.0": 0.8055520291021362, "8476234.0--8730513.0": 0.827826148331726, "8476234.0--8809833.0": 0.8376085156008862, "8476234.0--8523628.0": 0.77273950414307, "8434356.0--8476234.0": 0.7785187971406811, "8476234.0--8807303.0": 0.8344833503990987, "8476234.0--8811606.0": 0.7635633888154385, "8476234.0--8807244.0": 0.7710883767273966, "8476234.0--8490694.0": 0.8100798473217397, "8476234.0--8809844.0": 0.7873515459762059, "8476234.0--8809850.0": 0.8212265684907977, "8476234.0--8805445.0": 0.7658182929233331, "8412138.0--8476234.0": 0.7936008995188251, "8476234.0--8807247.0": 0.7951414500240255, "8476234.0--8848845.0": 0.8062306467266942, "8476234.0--8695851.0": 0.7995100868192211, "8476234.0--8713907.0": 0.8325202571635839, "8476234.0--8809847.0": 0.8139654702028386, "8476234.0--8727480.0": 0.8150899591539253, "8476234.0--8706590.0": 0.8060697229312292, "8476234.0--8735916.0": 0.8112511924274775, "8474512.0--8476234.0": 0.8088549788436651, "8476234.0--8809845.0": 0.7654619043343576, "8476234.0--8540796.0": 0.8313369946207505, "8476234.0--8807233.0": 0.8101715019378596, "8476234.0--8617747.0": 0.7590782140070917, "8474486.0--8476234.0": 0.8219026279927176, "8474516.0--8476234.0": 0.8537277945010099, "8476234.0--8663650.0": 0.7889283466192332, "8476234.0--8663646.0": 0.7938156701507915, "8476234.0--8794553.0": 0.7989098560850765, "8476234.0--8863966.0": 0.7795139733370606, "8476234.0--8525340.0": 0.7506024644960946, "8476234.0--8805448.0": 0.8182788799518241, "8405549.0--8476234.0": 0.8519058303937203, "8476234.0--8611178.0": 0.8074943837844945, "8476234.0--8827593.0": 0.7824364247774321, "8476234.0--8805463.0": 0.7742277951212426, "8476234.0--8805457.0": 0.8423335054987229, "8476234.0--8805442.0": 0.8264818906578201, "8476234.0--8807266.0": 0.832452596694705, "8476234.0--8813126.0": 0.8311028409371969, "8476234.0--8585103.0": 0.8257450969834776, "8476234.0--8807235.0": 0.8118212286069714, "8476234.0--8585048.0": 0.8633033065471152, "8476234.0--8809843.0": 0.7587978342950426, "8476234.0--8809842.0": 0.7980973120629956, "8476234.0--8842614.0": 0.8005788402349084, "8476234.0--8805441.0": 0.730046775775612, "8476234.0--8809920.0": 0.7560583963882568, "8476234.0--8663312.0": 0.8154286212512281, "8476234.0--8477126.0": 0.8496099659464911, "8476234.0--8807224.0": 0.8139554654506254, "8476234.0--8807355.0": 0.7754957519281236, "8476234.0--8807320.0": 0.8374296740746638, "8476234.0--8665933.0": 0.8307954431223856, "8476234.0--8845772.0": 0.8170970207372863, "8476234.0--8812989.0": 0.8555027139684579, "8476234.0--8636969.0": 0.8159969939757485, "8476234.0--8805450.0": 0.7924292326719914, "8476234.0--8807243.0": 0.8055698582316746, "8476234.0--8805443.0": 0.8323574203307293, "8476234.0--8673661.0": 0.8213452054297332, "8476234.0--8805419.0": 0.77636763144409, "8451903.0--8476234.0": 0.7839641148437845, "8476234.0--8805429.0": 0.8458351269044633, "8476234.0--8809846.0": 0.8439242915883503, "8476234.0--8809832.0": 0.8407709843405997, "8413174.0--8476234.0": 0.793127474146925, "8476234.0--8494817.0": 0.8104969509316904, "8476234.0--8637778.0": 0.7853081054135884, "8476234.0--8809742.0": 0.8391745188913462, "8476234.0--8807280.0": 0.8514716928019324, "8476234.0--8807274.0": 0.8329407599833072, "8476234.0--9216586.0": 0.7991486897937644, "8476234.0--9237132.0": 0.8705522492110811, "8476234.0--9216572.0": 0.7921432778624331, "8476234.0--9217952.0": 0.847104479584053, "8476234.0--9217931.0": 0.8778471865303359, "8476234.0--9216507.0": 0.8460272512939865, "8476234.0--9222368.0": 0.8448472344420765, "8476234.0--9220137.0": 0.8097127350421127, "8476234.0--9233460.0": 0.7958127206382068, "8476234.0--9222263.0": 0.7729671054625267, "8476234.0--9293003.0": 0.8146439541336374, "8476234.0--9222102.0": 0.8825842045960114, "8476234.0--9222323.0": 0.827196853039998, "8476234.0--9222287.0": 0.8311723953969014, "8476234.0--9223736.0": 0.843429851529948, "8476234.0--9224191.0": 0.7914428382131576, "8476234.0--9222251.0": 0.8090550590880848, "8476234.0--9229242.0": 0.8325595675144893, "8476234.0--9282195.0": 0.7551092163424725, "8476234.0--9222098.0": 0.8333080616110693, "8476234.0--9234027.0": 0.8010561212996758, "8476234.0--9246308.0": 0.8536727902133987, "8476234.0--9240072.0": 0.7998800716646863, "8476234.0--9222353.0": 0.8012978442467209, "8476234.0--9222293.0": 0.8683937171754053, "8476234.0--9222089.0": 0.8476432033048023, "8476234.0--9228893.0": 0.8234529861849604, "8476234.0--9224192.0": 0.7789096218265157, "8476234.0--9222289.0": 0.8224193977668721, "8476234.0--9222038.0": 0.7845239897950094, "8476234.0--9229072.0": 0.809861350778684, "8476234.0--9222295.0": 0.839039235164144, "8476234.0--9222342.0": 0.799818094354983, "8476234.0--9241407.0": 0.7459300057466094, "8476234.0--9288884.0": 0.8275667025780822, "8476234.0--9222351.0": 0.8254471005772892, "8476234.0--9223669.0": 0.8194665930549586, "8476234.0--9222315.0": 0.8098397271791548, "8476234.0--9222335.0": 0.8036837596428414, "8476234.0--9222327.0": 0.8612046230642018, "8476234.0--9233469.0": 0.838079506916997, "8476234.0--9226461.0": 0.8002629632092129, "8476234.0--9238508.0": 0.8492731105364482, "8476234.0--9222266.0": 0.7931800994755702, "8476234.0--9225008.0": 0.8419943723012381, "8476234.0--9290431.0": 0.8336981482770298,