{"9222293.0--9222353.0": 0.8165100938433898, "9222089.0--9222353.0": 0.791531748770619, "9222353.0--9228893.0": 0.8233901085768354, "9222353.0--9224192.0": 0.8066826822319639, "9222289.0--9222353.0": 0.7981052146331892, "9222038.0--9222353.0": 0.8070617189247491, "9222353.0--9229072.0": 0.8038853655744007, "9222295.0--9222353.0": 0.8420822506112774, "9222342.0--9222353.0": 0.7996424724230895, "9222353.0--9241407.0": 0.8487259558099458, "9222353.0--9288884.0": 0.8069598795956103, "9222351.0--9222353.0": 0.8027874613337893, "9222353.0--9223669.0": 0.8104042895886423, "9222315.0--9222353.0": 0.7967363755004006, "9222335.0--9222353.0": 0.7961400449657103, "9222327.0--9222353.0": 0.8190275968462765, "9222353.0--9233469.0": 0.7922298696372652, "9222353.0--9226461.0": 0.8239526325778926, "9222353.0--9238508.0": 0.8326304684483129, "9222266.0--9222353.0": 0.7710504762211978, "9222353.0--9225008.0": 0.8080168214187256, "9222353.0--9290431.0": 0.7888125775184094, "9222353.0--9239918.0": 0.8160105000724414, "9222353.0--9231271.0": 0.7702430935330025, "9222313.0--9222353.0": 0.8094732006087704, "9222353.0--9231268.0": 0.7674891435973518, "9222035.0--9222353.0": 0.7883986043496902, "9222091.0--9222353.0": 0.8127879011236783, "9222353.0--9229515.0": 0.7545618707279098, "9222301.0--9222353.0": 0.8100321535726946, "9222353.0--9222358.0": 0.8159264274553887, "9222353.0--9229135.0": 0.8078541708986365, "9222047.0--9222353.0": 0.7973434280129319, "9222272.0--9222353.0": 0.8111425731531298, "9222110.0--9222353.0": 0.7912825368188685, "9222353.0--9222364.0": 0.804625890379755, "9222088.0--9222353.0": 0.8140214585710273, "9216518.0--9222353.0": 0.812948672563969, "9222309.0--9222353.0": 0.778455461549502, "9216595.0--9222353.0": 0.7865918077463852, "9216538.0--9222353.0": 0.7894198950321509, "9216549.0--9222353.0": 0.8157762798468672, "9216559.0--9222353.0": 0.8174617127670528, "9222353.0--9222376.0": 0.7846901422282885, "9222353.0--9222374.0": 0.8677502972668264, "9222353.0--9224194.0": 0.7899211860860176, "9222254.0--9222353.0": 0.8271927302177111, "9222049.0--9222353.0": 0.8014517776623058, "9222353.0--9222562.0": 0.7921591366312173, "9222353.0--9226126.0": 0.8121916423729146, "9222353.0--9240062.0": 0.8062799396077539, "9222353.0--9226101.0": 0.776995467977116, "9222353.0--9222377.0": 0.7920861811565276, "9222353.0--9233392.0": 0.8228930322016225, "9222093.0--9222353.0": 0.8162523226637276, "9222353.0--9224154.0": 0.8065694706703781, "9222353.0--9240061.0": 0.7826388436701082, "9222353.0--9222512.0": 0.8192166902736041, "9222353.0--9241413.0": 0.785007436423261, "9222353.0--9224646.0": 0.8073648467617446, "9222353.0--9222372.0": 0.7643402674994211, "9222253.0--9222353.0": 0.8098953491396907, "9222092.0--9222353.0": 0.8309469929834237, "9222271.0--9222353.0": 0.8771282044350934, "9222353.0--9230431.0": 0.8174789337974234, "9222076.0--9222353.0": 0.8407464919119317, "9222053.0--9222353.0": 0.8137576930749872, "9216532.0--9222353.0": 0.8086610141206233, "9222085.0--9222353.0": 0.7928515099891615, "9216629.0--9222353.0": 0.7842744849604416, "9222353.0--9308630.0": 0.7754724670086908, "9222353.0--9308624.0": 0.7704446536049436, "9219240.0--9222353.0": 0.8023730092295004, "9216630.0--9222353.0": 0.8438302052569914, "9217981.0--9222353.0": 0.8288802376469102, "9222353.0--9224153.0": 0.7799375439354143, "9222353.0--9286505.0": 0.7579901324206558, "9216512.0--9222353.0": 0.7976660960296837, "9216579.0--9222353.0": 0.8133600534923024, "9222249.0--9222353.0": 0.7788344916235567, "9222353.0--9222367.0": 0.7525453614063073, "9222325.0--9222353.0": 0.7579865162654664, "9222353.0--9222510.0": 0.7568001426343162, "9222353.0--9246250.0": 0.7746180646498256, "9222353.0--9308627.0": 0.8174800656641129, "9222353.0--9224186.0": 0.8260239944204624, "9222353.0--9229232.0": 0.7640895398261067, "9222353.0--9226404.0": 0.8038718456098995, "9222353.0--9308631.0": 0.7916434315601097, "9222255.0--9222353.0": 0.8054439754793268, "9222261.0--9222353.0": 0.7950456096261895, "9222338.0--9222353.0": 0.796419143284474, "9222284.0--9222353.0": 0.8152663709596646, "9222353.0--9230430.0": 0.8025885994378265, "9222353.0--9308622.0": 0.7537109655454, "9222353.0--9286903.0": 0.7278924095205732, "9222353.0--9234473.0": 0.7827209041452776, "9222353.0--9241426.0": 0.8154892007667967, "9222269.0--9222353.0": 0.8239640711948328, "9222353.0--9237999.0": 0.8086891491183212, "9222072.0--9222353.0": 0.8182160414466515, "9222353.0--9224197.0": 0.7929677036468085, "9222353.0--9246282.0": 0.7940438334215947, "9222314.0--9222353.0": 0.78421431936575, "9222353.0--9222357.0": 0.778726459063468, "9222086.0--9222353.0": 0.7803000281626779, "9222353.0--9222360.0": 0.8062740811005118, "9222065.0--9222353.0": 0.7834244022853059, "9222353.0--9228894.0": 0.8434385454409025, "9222353.0--9233264.0": 0.8119155707698487, "9222343.0--9222353.0": 0.7737120955915564, "9222353.0--9308621.0": 0.7755344967146303, "9222353.0--9308625.0": 0.8401413219678953, "9222353.0--9241744.0": 0.7796471164322571, "9222353.0--9308629.0": 0.8083713674286507, "9222068.0--9222353.0": 0.7537094079185508, "9222248.0--9222353.0": 0.8302518913618364, "9222274.0--9222353.0": 0.7807039164437094, "9222353.0--9229116.0": 0.8026554028638204, "9222353.0--9233993.0": 0.7712006804521382, "9222353.0--9308623.0": 0.8248869786067407, "9222353.0--9222553.0": 0.8002112193516853, "9222341.0--9222353.0": 0.8323329391823162, "9222346.0--9222353.0": 0.8080989519338403, "9222353.0--9308628.0": 0.7994336931081868, "9222294.0--9222353.0": 0.7748394269211886, "9222353.0--9241732.0": 0.7981090975312292, "9222060.0--9222353.0": 0.8385643065418334, "9222280.0--9222353.0": 0.7977180317175919}