{"8805463.0--8827593.0": 0.7778730541909342, "8805457.0--8827593.0": 0.8259033804161089, "8805442.0--8827593.0": 0.7811406881049587, "8807266.0--8827593.0": 0.8208158991414469, "8813126.0--8827593.0": 0.792451410188695, "8585103.0--8827593.0": 0.7726803262971582, "8807235.0--8827593.0": 0.7942175570995418, "8585048.0--8827593.0": 0.7957193923010673, "8809843.0--8827593.0": 0.811728287220219, "8809842.0--8827593.0": 0.7725066852931717, "8827593.0--8842614.0": 0.7815552768267306, "8805441.0--8827593.0": 0.75240560317301, "8809920.0--8827593.0": 0.7634268513920481, "8663312.0--8827593.0": 0.756695083413518, "8477126.0--8827593.0": 0.812296300083304, "8807224.0--8827593.0": 0.8102434482215763, "8807355.0--8827593.0": 0.7749371044267883, "8807320.0--8827593.0": 0.7746852034349518, "8665933.0--8827593.0": 0.7841723635062471, "8827593.0--8845772.0": 0.7659386210134855, "8812989.0--8827593.0": 0.8104680980900563, "8636969.0--8827593.0": 0.7871125460974997, "8805450.0--8827593.0": 0.740551197077947, "8807243.0--8827593.0": 0.7888175910583699, "8805443.0--8827593.0": 0.7706863162805586, "8673661.0--8827593.0": 0.8032469282050938, "8805419.0--8827593.0": 0.8352510718735642, "8451903.0--8827593.0": 0.7720658376537423, "8805429.0--8827593.0": 0.8013353278677025, "8809846.0--8827593.0": 0.7778667145809076, "8809832.0--8827593.0": 0.8043087633759894, "8413174.0--8827593.0": 0.7685579660210633, "8494817.0--8827593.0": 0.7770984556801134, "8637778.0--8827593.0": 0.7869264555779505, "8809742.0--8827593.0": 0.7676373994824026, "8807280.0--8827593.0": 0.7878118021135792, "8807274.0--8827593.0": 0.8018174633481305, "8827593.0--9216586.0": 0.8140310178882406, "8827593.0--9237132.0": 0.7904845940349898, "8827593.0--9216572.0": 0.7872887722013739, "8827593.0--9217952.0": 0.7548958199742914, "8827593.0--9217931.0": 0.7933974777372731, "8827593.0--9216507.0": 0.7801565761463476, "8827593.0--9222368.0": 0.7869807556953883, "8827593.0--9220137.0": 0.7539774743941965, "8827593.0--9233460.0": 0.7479708723765597, "8827593.0--9222263.0": 0.7982555737010213, "8827593.0--9293003.0": 0.82909406701031, "8827593.0--9222102.0": 0.7812711340117188, "8827593.0--9222323.0": 0.8055503578650448, "8827593.0--9222287.0": 0.7637119296980359, "8827593.0--9223736.0": 0.7845641895255152, "8827593.0--9224191.0": 0.7963480527484794, "8827593.0--9222251.0": 0.779168086253202, "8827593.0--9229242.0": 0.7998381829709021, "8827593.0--9282195.0": 0.7794195191593887, "8827593.0--9222098.0": 0.8087208419923605, "8827593.0--9234027.0": 0.7814213592187261, "8827593.0--9246308.0": 0.7822596123448791, "8827593.0--9240072.0": 0.8171627701010227, "8827593.0--9222353.0": 0.7874651114058333, "8827593.0--9222293.0": 0.7743189678519161, "8827593.0--9222089.0": 0.7835259636001084, "8827593.0--9228893.0": 0.7833543880095879, "8827593.0--9224192.0": 0.7885451604780856, "8827593.0--9222289.0": 0.7994671217814492, "8827593.0--9222038.0": 0.760884318740066, "8827593.0--9229072.0": 0.7858127775784965, "8827593.0--9222295.0": 0.7849568878952138, "8827593.0--9222342.0": 0.778518040444206, "8827593.0--9241407.0": 0.7775413487289201, "8827593.0--9288884.0": 0.7717517753014356, "8827593.0--9222351.0": 0.7854685226191214, "8827593.0--9223669.0": 0.8001371813739532, "8827593.0--9222315.0": 0.7974681663052714, "8827593.0--9222335.0": 0.8114751199987594, "8827593.0--9222327.0": 0.8072813192437301, "8827593.0--9233469.0": 0.813164851375317, "8827593.0--9226461.0": 0.7949052116416517, "8827593.0--9238508.0": 0.8068822665405544, "8827593.0--9222266.0": 0.7670471798631975, "8827593.0--9225008.0": 0.7879821488799092, "8827593.0--9290431.0": 0.7887463498834214, "8827593.0--9239918.0": 0.7698331940949936, "8827593.0--9231271.0": 0.7664653865923248, "8827593.0--9222313.0": 0.7814611169437065, "8827593.0--9231268.0": 0.7831681016938044, "8827593.0--9222035.0": 0.7406881313092252, "8827593.0--9222091.0": 0.7939016261009064, "8827593.0--9229515.0": 0.7532208321376537, "8827593.0--9222301.0": 0.7951641192822761, "8827593.0--9222358.0": 0.7972482212324805, "8827593.0--9229135.0": 0.806927280312025, "8827593.0--9222047.0": 0.7646511879046085, "8827593.0--9222272.0": 0.7967600540950929, "8827593.0--9222110.0": 0.7614502660638568, "8827593.0--9222364.0": 0.7701963343563375, "8827593.0--9222088.0": 0.8106424163938845, "8827593.0--9216518.0": 0.8304541243726659, "8827593.0--9222309.0": 0.7511668692149891, "8827593.0--9216595.0": 0.7785144820533583, "8827593.0--9216538.0": 0.7481780025473498, "8827593.0--9216549.0": 0.7487046489565333, "8827593.0--9216559.0": 0.7913341598741012, "8827593.0--9222376.0": 0.7868483932305878, "8827593.0--9222374.0": 0.7828606940515294, "8827593.0--9224194.0": 0.7620938564775684, "8827593.0--9222254.0": 0.8009129964340834, "8827593.0--9222049.0": 0.7772558228740444, "8827593.0--9222562.0": 0.7769090886221427, "8827593.0--9226126.0": 0.7656062519424007, "8827593.0--9240062.0": 0.8309408986142847, "8827593.0--9226101.0": 0.8237592519083857, "8827593.0--9222377.0": 0.7558678037142239, "8827593.0--9233392.0": 0.8175907791865673, "8827593.0--9222093.0": 0.7677137109054185, "8827593.0--9224154.0": 0.7738639478747193, "8827593.0--9240061.0": 0.7929879696791181, "8827593.0--9222512.0": 0.7366136254217421, "8827593.0--9241413.0": 0.7720767527312892, "8827593.0--9224646.0": 0.781727984807595, "8827593.0--9222372.0": 0.7809354415584315, "8827593.0--9222253.0": 0.7544184578352485, "8827593.0--9222092.0": 0.8060655756255531, "8827593.0--9222271.0": 0.8073716648163155, "8827593.0--9230431.0": 0.7939102794899535, "8827593.0--9222076.0": 0.7915698103261622, "8827593.0--9222053.0": 0.8150325142215324, "8827593.0--9216532.0": 0.79252831201457, "8827593.0--9222085.0": 0.7865780586579552, "8827593.0--9216629.0": 0.7887815940176144, "8827593.0--9308630.0": 0.7943799493048829, "8827593.0--9308624.0": 0.7975063829114797, "8827593.0--9219240.0": 0.8279570824695537, "8827593.0--9216630.0": 0.7882451825149904, "8827593.0--9217981.0": 0.7808941990970932, "8827593.0--9224153.0": 0.8052232767132312, "8827593.0--9286505.0": 0.7844837262173164, "8827593.0--9216512.0": 0.7916621713334746, "8827593.0--9216579.0": 0.7847597139930202, "8827593.0--9222249.0": 0.7985108822130276, "8827593.0--9222367.0": 0.7679935450685805, "8827593.0--9222325.0": 0.8265503763148507, "8827593.0--9222510.0": 0.8120786990175659, "8827593.0--9246250.0": 0.7664462100265348, "8827593.0--9308627.0": 0.7913179722387139, "8827593.0--9224186.0": 0.8230030312610435, "8827593.0--9229232.0": 0.7954664803380116, "8827593.0--9226404.0": 0.7663917762591743, "8827593.0--9308631.0": 0.7692010001763805, "8827593.0--9222255.0": 0.8200987093092522, "8827593.0--9222261.0": 0.7727274608443913, "8827593.0--9222338.0": 0.83754062839981, "8827593.0--9222284.0": 0.8256643979948517, "8827593.0--9230430.0": 0.8091095450313959, "8827593.0--9308622.0": 0.745628485992472, "8827593.0--9286903.0": 0.7263435048887096, "8827593.0--9234473.0": 0.7765769348157421, "8827593.0--9241426.0": 0.7746140876352823, "8827593.0--9222269.0": 0.7756408965628868, "8827593.0--9237999.0": 0.7880587911475985, "8827593.0--9222072.0": 0.8143279296246121, "8827593.0--9224197.0": 0.7879742502212373, "8827593.0--9246282.0": 0.7950947086188868, "8827593.0--9222314.0": 0.7628259197050911, "8827593.0--9222357.0": 0.7630887901237395, "8827593.0--9222086.0": 0.8133208583248078, "8827593.0--9222360.0": 0.7973426387062638, "8827593.0--9222065.0": 0.7615906344958826, "8827593.0--9228894.0": 0.8477375903720815, "8827593.0--9233264.0": 0.8041651096910153, "8827593.0--9222343.0": 0.7940748394998934, "8827593.0--9308621.0": 0.7574092660438025, "8827593.0--9308625.0": 0.817631460899046, "8827593.0--9241744.0": 0.7927058133675937, "8827593.0--9308629.0": 0.7791233907120875, "8827593.0--9222068.0": 0.7637023159916567, "8827593.0--9222248.0": 0.7913567934421282, "8827593.0--9222274.0": 0.7897978323915631, "8827593.0--9229116.0": 0.8036681444968141, "8827593.0--9233993.0": 0.8022775629120837, "8827593.0--9308623.0": 0.7844891913299312,