{"8805422.0--8809711.0": 0.8306743412957109, "8805424.0--8809711.0": 0.8433050622158473, "8794517.0--8809711.0": 0.759194500955257, "8805451.0--8809711.0": 0.7595845192298145, "8807223.0--8809711.0": 0.7463303819359822, "8794560.0--8809711.0": 0.7547715272643699, "8481543.0--8809711.0": 0.7465367924263732, "8802285.0--8809711.0": 0.7544186333733858, "8807245.0--8809711.0": 0.7958658908042744, "8805456.0--8809711.0": 0.7645886629168136, "8809711.0--8827944.0": 0.7605877051208491, "8807296.0--8809711.0": 0.7715910940136932, "8809711.0--8827951.0": 0.7395315375358391, "8809711.0--8854335.0": 0.7744689301766078, "8805446.0--8809711.0": 0.7741845530970743, "8805436.0--8809711.0": 0.7763519192166541, "8805433.0--8809711.0": 0.7704843984440255, "8546802.0--8809711.0": 0.7767112302141925, "8805427.0--8809711.0": 0.791121439243132, "8809711.0--8836120.0": 0.7852238769640383, "8794768.0--8809711.0": 0.802909856279157, "8809711.0--8809750.0": 0.7671262436697506, "8809711.0--8820172.0": 0.7998165811429446, "8476234.0--8809711.0": 0.8566280695309973, "8807314.0--8809711.0": 0.7573534814583328, "8794520.0--8809711.0": 0.7949900192067796, "8805452.0--8809711.0": 0.8009269042045989, "8805462.0--8809711.0": 0.7838754747525247, "8807275.0--8809711.0": 0.7736638411288991, "8419285.0--8809711.0": 0.7696236021308113, "8807379.0--8809711.0": 0.7699023670394888, "8807234.0--8809711.0": 0.803269230194567, "8423100.0--8809711.0": 0.7728409586968068, "8805455.0--8809711.0": 0.73989097430692, "8727493.0--8809711.0": 0.7300011320221699, "8807369.0--8809711.0": 0.7450241455776092, "8532319.0--8809711.0": 0.7479938530387003, "8419325.0--8809711.0": 0.7476256835268387, "8805430.0--8809711.0": 0.8359118529106985, "8807301.0--8809711.0": 0.8062160573529574, "8713940.0--8809711.0": 0.826944869884275, "8637795.0--8809711.0": 0.8376503951972547, "7999244.0--8809711.0": 0.7903480903869552, "8805439.0--8809711.0": 0.8263528997522145, "8805428.0--8809711.0": 0.8090996401799088, "8809223.0--8809711.0": 0.8038647744193888, "8795584.0--8809711.0": 0.7771443963082598, "8807264.0--8809711.0": 0.770061379363313, "8805431.0--8809711.0": 0.7916620643862835, "8453863.0--8809711.0": 0.7722436893588076, "8400404.0--8809711.0": 0.7596435827134993, "8809711.0--8809834.0": 0.7872384858312391, "8663447.0--8809711.0": 0.7560500569328357, "8807213.0--8809711.0": 0.8238147958568154, "8640251.0--8809711.0": 0.8319754424658814, "8807220.0--8809711.0": 0.8034646389278907, "8617736.0--8809711.0": 0.8453249838775398, "8617746.0--8809711.0": 0.7641119133677721, "8640072.0--8809711.0": 0.836950388264228, "8636208.0--8809711.0": 0.8172783321624553, "8805458.0--8809711.0": 0.8084565716656166, "8807271.0--8809711.0": 0.847540378392798, "8809678.0--8809711.0": 0.8028191533399737, "8807226.0--8809711.0": 0.8543525762073666, "8805467.0--8809711.0": 0.834627371978145, "8611113.0--8809711.0": 0.8237712271622336, "8809711.0--8854316.0": 0.8039293294191701, "8794607.0--8809711.0": 0.8311644508076125, "8805418.0--8809711.0": 0.7888087731571183, "8809711.0--8836087.0": 0.8541584952904642, "8807283.0--8809711.0": 0.789765737443852, "8809711.0--8820171.0": 0.8449102328111902, "8807288.0--8809711.0": 0.7961546532311821, "8807302.0--8809711.0": 0.7863437109199919, "8805466.0--8809711.0": 0.7905027838693519, "8807351.0--8809711.0": 0.7943072502652377, "8805420.0--8809711.0": 0.8119922301336177, "8807299.0--8809711.0": 0.7834316566000361, "8809711.0--8812988.0": 0.7736658443286777, "8807294.0--8809711.0": 0.7771592554028633, "8805434.0--8809711.0": 0.848532168579144, "8732351.0--8809711.0": 0.769585837318426, "8807232.0--8809711.0": 0.7568274719254258, "8419271.0--8809711.0": 0.750280249078774, "8625484.0--8809711.0": 0.8125786196092104, "8807349.0--8809711.0": 0.8058765562729455, "8809711.0--8809730.0": 0.7941472181866592, "8730513.0--8809711.0": 0.8194150505863405, "8809711.0--8809833.0": 0.7951071477502026, "8523628.0--8809711.0": 0.77249929431846, "8434356.0--8809711.0": 0.7745328862662152, "8807303.0--8809711.0": 0.7900712810379865, "8809711.0--8811606.0": 0.7442256652354933, "8807244.0--8809711.0": 0.7606671006927614, "8490694.0--8809711.0": 0.7910612289997556, "8809711.0--8809844.0": 0.7717410944400206, "8809711.0--8809850.0": 0.804778329800412, "8805445.0--8809711.0": 0.7476780071226133, "8412138.0--8809711.0": 0.7790535642753198, "8807247.0--8809711.0": 0.7821433414041149, "8809711.0--8848845.0": 0.777784187381174, "8695851.0--8809711.0": 0.7755846708103376, "8713907.0--8809711.0": 0.8269777790656758, "8809711.0--8809847.0": 0.7748197794800946, "8727480.0--8809711.0": 0.7935663124208732, "8706590.0--8809711.0": 0.7809782575112355, "8735916.0--8809711.0": 0.8063484605115193, "8474512.0--8809711.0": 0.8321503488588473, "8809711.0--8809845.0": 0.7529879726481261, "8540796.0--8809711.0": 0.8078697038227305, "8807233.0--8809711.0": 0.7847228990360182, "8617747.0--8809711.0": 0.7602307230546734, "8474486.0--8809711.0": 0.8336381054279018, "8474516.0--8809711.0": 0.8233878369674983, "8663650.0--8809711.0": 0.7778574261691337, "8663646.0--8809711.0": 0.7731497692387682, "8794553.0--8809711.0": 0.7909972241477646, "8809711.0--8863966.0": 0.76902553129601, "8525340.0--8809711.0": 0.7489961736571961, "8805448.0--8809711.0": 0.8076278303837677, "8405549.0--8809711.0": 0.8427764106777869, "8611178.0--8809711.0": 0.7811356231514524, "8809711.0--8827593.0": 0.7776851117284251, "8805463.0--8809711.0": 0.7549921595959381, "8805457.0--8809711.0": 0.8244025263349856, "8805442.0--8809711.0": 0.8017694818202364, "8807266.0--8809711.0": 0.8047712157705066, "8809711.0--8813126.0": 0.8024769402528635, "8585103.0--8809711.0": 0.8282429109018439, "8807235.0--8809711.0": 0.7928650219857944, "8585048.0--8809711.0": 0.8527087706144993, "8809711.0--8809843.0": 0.7584362920191821, "8809711.0--8809842.0": 0.778525410640174, "8809711.0--8842614.0": 0.7904868346965708, "8805441.0--8809711.0": 0.7285304576612407, "8809711.0--8809920.0": 0.7492533438433238, "8663312.0--8809711.0": 0.7826835521707741, "8477126.0--8809711.0": 0.8389980240517757, "8807224.0--8809711.0": 0.806781767755902, "8807355.0--8809711.0": 0.7822315992659008, "8807320.0--8809711.0": 0.8111383398766819, "8665933.0--8809711.0": 0.8003418968262411, "8809711.0--8845772.0": 0.7609137217439003, "8809711.0--8812989.0": 0.8374009554654218, "8636969.0--8809711.0": 0.7888112213997737, "8805450.0--8809711.0": 0.770170899547342, "8807243.0--8809711.0": 0.8172859864416754, "8805443.0--8809711.0": 0.8053873603060051, "8673661.0--8809711.0": 0.8042367598591167, "8805419.0--8809711.0": 0.7734617806814046, "8451903.0--8809711.0": 0.7703236010564989, "8805429.0--8809711.0": 0.8235782082944298, "8809711.0--8809846.0": 0.7983155351168526, "8809711.0--8809832.0": 0.8145554530127763, "8413174.0--8809711.0": 0.7705769161280336, "8494817.0--8809711.0": 0.7862036677099512, "8637778.0--8809711.0": 0.7730432988953321, "8809711.0--8809742.0": 0.809569698513629, "8807280.0--8809711.0": 0.8475487136866595, "8807274.0--8809711.0": 0.8123393831122518, "8809711.0--9216586.0": 0.7617244452111464, "8809711.0--9237132.0": 0.8908238454295068, "8809711.0--9216572.0": 0.7789994590454634, "8809711.0--9217952.0": 0.8435337676011996, "8809711.0--9217931.0": 0.8484199864242352, "8809711.0--9216507.0": 0.8202780086403844, "8809711.0--9222368.0": 0.826371210494217, "8809711.0--9220137.0": 0.7883026473958539, "8809711.0--9233460.0": 0.8079778194591665, "8809711.0--9222263.0": 0.7527188896482768, "8809711.0--9293003.0": 0.7802369547761382, "8809711.0--9222102.0": 0.8787744818201337, "8809711.0--9222323.0": 0.8092396605712181, "8809711.0--9222287.0": 0.8265817085606879, "8809711.0--9223736.0": 0.8330319399097347, "8809711.0--9224191.0": 0.7903494460044505, "8809711.0--9222251.0": 0.8471110511300591, "8809711.0--9229242.0": 0.85543627753497, "8809711.0--9282195.0": 0.7545507508874464, "8809711.0--9222098.0": 0.8247649114001899, "8809711.0--9234027.0": 0.7859991671485846, "8809711.0--9246308.0": 0.8356608330309362,