{"9229116.0--9233993.0": 0.8112202338510623, "9229116.0--9308623.0": 0.8141895585864558, "9222553.0--9229116.0": 0.807994277419084, "9222341.0--9229116.0": 0.8408722413777638, "9222346.0--9229116.0": 0.8773488760587353, "9229116.0--9308628.0": 0.8272117063928972, "9222294.0--9229116.0": 0.8238547856836401, "9229116.0--9241732.0": 0.828469010371652, "9222060.0--9229116.0": 0.8245536900148377, "9222280.0--9229116.0": 0.8507608584077488}