{"8805460.0--8807292.0": 0.7963215913851195, "8805460.0--8807354.0": 0.7937950077138907, "8805460.0--8809711.0": 0.7904648233604303, "8805422.0--8805460.0": 0.7649405959741027, "8805424.0--8805460.0": 0.7823686570089193, "8794517.0--8805460.0": 0.7458727020429502, "8805451.0--8805460.0": 0.7767894569519525, "8805460.0--8807223.0": 0.7353907141555297, "8794560.0--8805460.0": 0.7866522507883145, "8481543.0--8805460.0": 0.750476822857254, "8802285.0--8805460.0": 0.7070359436781033, "8805460.0--8807245.0": 0.761075502338352, "8805456.0--8805460.0": 0.7713176586889587, "8805460.0--8827944.0": 0.7687774567993217, "8805460.0--8807296.0": 0.7686537424816129, "8805460.0--8827951.0": 0.7470540995766328, "8805460.0--8854335.0": 0.7605622599463253, "8805446.0--8805460.0": 0.7574536557878362, "8805436.0--8805460.0": 0.7658405212761327, "8805433.0--8805460.0": 0.7434846196413213, "8546802.0--8805460.0": 0.770240867052238, "8805427.0--8805460.0": 0.757834941218424, "8805460.0--8836120.0": 0.7802125461970892, "8794768.0--8805460.0": 0.7402435827404747, "8805460.0--8809750.0": 0.742991784057565, "8805460.0--8820172.0": 0.8080493758058606, "8476234.0--8805460.0": 0.823858460557171, "8805460.0--8807314.0": 0.7520310295592486, "8794520.0--8805460.0": 0.7878812611019914, "8805452.0--8805460.0": 0.7681124470938668, "8805460.0--8805462.0": 0.7645339924362955, "8805460.0--8807275.0": 0.7644281467933657, "8419285.0--8805460.0": 0.7467966647637422, "8805460.0--8807379.0": 0.7567426139729101, "8805460.0--8807234.0": 0.7925423686608024, "8423100.0--8805460.0": 0.7726854892452965, "8805455.0--8805460.0": 0.7178268159554273, "8727493.0--8805460.0": 0.7069995977184603, "8805460.0--8807369.0": 0.7243356637956956, "8532319.0--8805460.0": 0.7483359811874579, "8419325.0--8805460.0": 0.734958295596645, "8805430.0--8805460.0": 0.7922957940851036, "8805460.0--8807301.0": 0.7939499101427242, "8713940.0--8805460.0": 0.767847959226754, "8637795.0--8805460.0": 0.7842636847414688, "7999244.0--8805460.0": 0.7770955724857423, "8805439.0--8805460.0": 0.7750012337707086, "8805428.0--8805460.0": 0.7750880279463555, "8805460.0--8809223.0": 0.7806898444846624, "8795584.0--8805460.0": 0.7821383530348978, "8805460.0--8807264.0": 0.7757450770664753, "8805431.0--8805460.0": 0.7312805372686041, "8453863.0--8805460.0": 0.7514836587766757, "8400404.0--8805460.0": 0.7839447916578756, "8805460.0--8809834.0": 0.7647561508594747, "8663447.0--8805460.0": 0.747565069060183, "8805460.0--8807213.0": 0.8005225891888663, "8640251.0--8805460.0": 0.7798895658941918, "8805460.0--8807220.0": 0.8053353755903561, "8617736.0--8805460.0": 0.7852036150190456, "8617746.0--8805460.0": 0.733570714611278, "8640072.0--8805460.0": 0.8014652291480964, "8636208.0--8805460.0": 0.7852639965371139, "8805458.0--8805460.0": 0.7856447293071462, "8805460.0--8807271.0": 0.794044681951751, "8805460.0--8809678.0": 0.7774162136310656, "8805460.0--8807226.0": 0.794784327961807, "8805460.0--8805467.0": 0.8408334209753494, "8611113.0--8805460.0": 0.7558240313758714, "8805460.0--8854316.0": 0.776221142916884, "8794607.0--8805460.0": 0.7807878438377585, "8805418.0--8805460.0": 0.7293469692918352, "8805460.0--8836087.0": 0.7789939962561034, "8805460.0--8807283.0": 0.7783563737584732, "8805460.0--8820171.0": 0.7979375791268613, "8805460.0--8807288.0": 0.7272938024613589, "8805460.0--8807302.0": 0.7506854920730905, "8805460.0--8805466.0": 0.7838800393317519, "8805460.0--8807351.0": 0.7885160171236544, "8805420.0--8805460.0": 0.8007763536509208, "8805460.0--8807299.0": 0.7897964027358879, "8805460.0--8812988.0": 0.7985524569444984, "8805460.0--8807294.0": 0.77901249025796, "8805434.0--8805460.0": 0.8145212060658429, "8732351.0--8805460.0": 0.7668284635578434, "8805460.0--8807232.0": 0.7846728503273153, "8419271.0--8805460.0": 0.7495688995094172, "8625484.0--8805460.0": 0.786287077643427, "8805460.0--8807349.0": 0.7883239616393373, "8805460.0--8809730.0": 0.7722900164621398, "8730513.0--8805460.0": 0.7803597195661959, "8805460.0--8809833.0": 0.767272102419863, "8523628.0--8805460.0": 0.7481245066074835, "8434356.0--8805460.0": 0.7441743828968519, "8805460.0--8807303.0": 0.798773062262411, "8805460.0--8811606.0": 0.7445101864823234, "8805460.0--8807244.0": 0.7425404919280424, "8490694.0--8805460.0": 0.7718231368437313, "8805460.0--8809844.0": 0.750686176274306, "8805460.0--8809850.0": 0.7663854027385189, "8805445.0--8805460.0": 0.7541046491832271, "8412138.0--8805460.0": 0.7571295934875172, "8805460.0--8807247.0": 0.7498655178734526, "8805460.0--8848845.0": 0.757020627794391, "8695851.0--8805460.0": 0.7849879983476501, "8713907.0--8805460.0": 0.7886609997127484, "8805460.0--8809847.0": 0.7733415277811602, "8727480.0--8805460.0": 0.7894814565662325, "8706590.0--8805460.0": 0.7673152187960082, "8735916.0--8805460.0": 0.7649003431771807, "8474512.0--8805460.0": 0.754229775582182, "8805460.0--8809845.0": 0.7432821156722342, "8540796.0--8805460.0": 0.7974913444441118, "8805460.0--8807233.0": 0.7883576932046554, "8617747.0--8805460.0": 0.72663445202641, "8474486.0--8805460.0": 0.8032045570934114, "8474516.0--8805460.0": 0.7948419168595706, "8663650.0--8805460.0": 0.7286831867833585, "8663646.0--8805460.0": 0.7602737866828745, "8794553.0--8805460.0": 0.7585157076275136, "8805460.0--8863966.0": 0.7515448514816542, "8525340.0--8805460.0": 0.7472918995323641, "8805448.0--8805460.0": 0.772091465435903, "8405549.0--8805460.0": 0.7996580068859319, "8611178.0--8805460.0": 0.7669611152134479, "8805460.0--8827593.0": 0.7738627583974882, "8805460.0--8805463.0": 0.7495019221659796, "8805457.0--8805460.0": 0.8058767874168873, "8805442.0--8805460.0": 0.7986530881595459, "8805460.0--8807266.0": 0.7804612890804481, "8805460.0--8813126.0": 0.7855701998096605, "8585103.0--8805460.0": 0.7838878427016898, "8805460.0--8807235.0": 0.7507666078812243, "8585048.0--8805460.0": 0.82609523851889, "8805460.0--8809843.0": 0.7260974474429921, "8805460.0--8809842.0": 0.7417758078156481, "8805460.0--8842614.0": 0.7496920342446658, "8805441.0--8805460.0": 0.7195000334205612, "8805460.0--8809920.0": 0.7393331245223713, "8663312.0--8805460.0": 0.7988925965852438, "8477126.0--8805460.0": 0.8155941398650248, "8805460.0--8807224.0": 0.7938341599147932, "8805460.0--8807355.0": 0.7594256194589155, "8805460.0--8807320.0": 0.7806557105380724, "8665933.0--8805460.0": 0.7870272657154961, "8805460.0--8845772.0": 0.7360952018438459, "8805460.0--8812989.0": 0.8211156971047608, "8636969.0--8805460.0": 0.7719358673950993, "8805450.0--8805460.0": 0.7562734930028938, "8805460.0--8807243.0": 0.8084915238272781, "8805443.0--8805460.0": 0.7926163194107765, "8673661.0--8805460.0": 0.7599842993996611, "8805419.0--8805460.0": 0.7518512183159829, "8451903.0--8805460.0": 0.7614793295540853, "8805429.0--8805460.0": 0.7806972811043047, "8805460.0--8809846.0": 0.7783101247647243, "8805460.0--8809832.0": 0.7921037464338079, "8413174.0--8805460.0": 0.7383358354101001, "8494817.0--8805460.0": 0.7490126881796301, "8637778.0--8805460.0": 0.7380204331264384, "8805460.0--8809742.0": 0.7853569229598205, "8805460.0--8807280.0": 0.8060564036174687, "8805460.0--8807274.0": 0.7912891701499324, "8805460.0--9216586.0": 0.7591910755243403, "8805460.0--9237132.0": 0.8123165681302555, "8805460.0--9216572.0": 0.7509334351758504, "8805460.0--9217952.0": 0.7601596861463702, "8805460.0--9217931.0": 0.8300051026781823, "8805460.0--9216507.0": 0.7752455352710441, "8805460.0--9222368.0": 0.8017774023302423, "8805460.0--9220137.0": 0.7799524617081248, "8805460.0--9233460.0": 0.7752974037005913, "8805460.0--9222263.0": 0.7406917067270696, "8805460.0--9293003.0": 0.7844500289914023, "8805460.0--9222102.0": 0.8009605518616958, "8805460.0--9222323.0": 0.7550718372544818, "8805460.0--9222287.0": 0.790482939376232, "8805460.0--9223736.0": 0.7737843005731813, "8805460.0--9224191.0": 0.7584651720354115, "8805460.0--9222251.0": 0.7699592397471078, "8805460.0--9229242.0": 0.7889096052097687, "8805460.0--9282195.0": 0.7321078618158873,