{"9239918.0--9290431.0": 0.8205747446099042, "9231271.0--9290431.0": 0.800420930564588, "9222313.0--9290431.0": 0.7927518140452644, "9231268.0--9290431.0": 0.8336880294151752, "9222035.0--9290431.0": 0.8145390847439121, "9222091.0--9290431.0": 0.8057894572674005, "9229515.0--9290431.0": 0.752393482834607, "9222301.0--9290431.0": 0.8545181212145398, "9222358.0--9290431.0": 0.8022405885662494, "9229135.0--9290431.0": 0.8377776618467897, "9222047.0--9290431.0": 0.7952074051996294, "9222272.0--9290431.0": 0.7917182220282916, "9222110.0--9290431.0": 0.8135181929643356, "9222364.0--9290431.0": 0.8191048489049167, "9222088.0--9290431.0": 0.830062382941508, "9216518.0--9290431.0": 0.8236269903639681, "9222309.0--9290431.0": 0.7924764968940443, "9216595.0--9290431.0": 0.8037916668887207, "9216538.0--9290431.0": 0.774512566766864, "9216549.0--9290431.0": 0.7927909098863809, "9216559.0--9290431.0": 0.7997420092744075, "9222376.0--9290431.0": 0.759696204931189, "9222374.0--9290431.0": 0.8202569484372977, "9224194.0--9290431.0": 0.7446456623542397, "9222254.0--9290431.0": 0.8071972085722472, "9222049.0--9290431.0": 0.7721417051207409, "9222562.0--9290431.0": 0.7635770573371486, "9226126.0--9290431.0": 0.7792388290801384, "9240062.0--9290431.0": 0.7992198886403334, "9226101.0--9290431.0": 0.8514872336855016, "9222377.0--9290431.0": 0.7571665351338835, "9233392.0--9290431.0": 0.7824440467272388, "9222093.0--9290431.0": 0.7963501619305997, "9224154.0--9290431.0": 0.7516201241896072, "9240061.0--9290431.0": 0.76441197814347, "9222512.0--9290431.0": 0.7814123911237243, "9241413.0--9290431.0": 0.7929333504478733, "9224646.0--9290431.0": 0.8070051157738279, "9222372.0--9290431.0": 0.7349159199532144, "9222253.0--9290431.0": 0.7809057836954783, "9222092.0--9290431.0": 0.7897142992573358, "9222271.0--9290431.0": 0.797340141046356, "9230431.0--9290431.0": 0.773023850530614, "9222076.0--9290431.0": 0.8050750276589109, "9222053.0--9290431.0": 0.7956241037153694, "9216532.0--9290431.0": 0.8018750389463002, "9222085.0--9290431.0": 0.8055707659943783, "9216629.0--9290431.0": 0.8065642885404688, "9290431.0--9308630.0": 0.7785459297243574, "9290431.0--9308624.0": 0.814180202636082, "9219240.0--9290431.0": 0.7946358727642964, "9216630.0--9290431.0": 0.7609588352433742, "9217981.0--9290431.0": 0.7985709009265055, "9224153.0--9290431.0": 0.7824254934312501, "9286505.0--9290431.0": 0.8024848158356004, "9216512.0--9290431.0": 0.83032509665232, "9216579.0--9290431.0": 0.764680969659, "9222249.0--9290431.0": 0.7959704633033464, "9222367.0--9290431.0": 0.7840000683782786, "9222325.0--9290431.0": 0.800926336043795, "9222510.0--9290431.0": 0.811605129280688, "9246250.0--9290431.0": 0.7970275132870572, "9290431.0--9308627.0": 0.7901290627039104, "9224186.0--9290431.0": 0.8125283410133932, "9229232.0--9290431.0": 0.7655249018975046, "9226404.0--9290431.0": 0.7826257057124288, "9290431.0--9308631.0": 0.7681837397514932, "9222255.0--9290431.0": 0.778161688193575, "9222261.0--9290431.0": 0.7727559897339764, "9222338.0--9290431.0": 0.7813862489495961, "9222284.0--9290431.0": 0.806078213243721, "9230430.0--9290431.0": 0.7922361730437678, "9290431.0--9308622.0": 0.8009414500161746, "9286903.0--9290431.0": 0.7729431960731931, "9234473.0--9290431.0": 0.7569308994453572, "9241426.0--9290431.0": 0.8021139827287367, "9222269.0--9290431.0": 0.8128786480288525, "9237999.0--9290431.0": 0.8208824760082312, "9222072.0--9290431.0": 0.8181951797995966, "9224197.0--9290431.0": 0.7602907791655529, "9246282.0--9290431.0": 0.781921066321839, "9222314.0--9290431.0": 0.7782512097383913, "9222357.0--9290431.0": 0.8164566647261072, "9222086.0--9290431.0": 0.7584430260414282, "9222360.0--9290431.0": 0.834816036600685, "9222065.0--9290431.0": 0.7976643738423912, "9228894.0--9290431.0": 0.8372376393357904, "9233264.0--9290431.0": 0.8006926379210937, "9222343.0--9290431.0": 0.7532145786043671, "9290431.0--9308621.0": 0.7849309149889756, "9290431.0--9308625.0": 0.806961790189082, "9241744.0--9290431.0": 0.8231429104110817, "9290431.0--9308629.0": 0.7787347582055665, "9222068.0--9290431.0": 0.7589852478191906, "9222248.0--9290431.0": 0.8440488572621033, "9222274.0--9290431.0": 0.8376660761659461, "9229116.0--9290431.0": 0.8105995391469643, "9233993.0--9290431.0": 0.8024377989465294, "9290431.0--9308623.0": 0.8051843199920201, "9222553.0--9290431.0": 0.7814418237128646, "9222341.0--9290431.0": 0.8449219789550384, "9222346.0--9290431.0": 0.7898631651583063, "9290431.0--9308628.0": 0.7748063141245289, "9222294.0--9290431.0": 0.7982484852477755, "9241732.0--9290431.0": 0.7953246330909369, "9222060.0--9290431.0": 0.8180335798544703, "9222280.0--9290431.0": 0.8125811787041259}