{"9229242.0--9282195.0": 0.7611901244046093, "9222098.0--9229242.0": 0.8702530481678212, "9229242.0--9234027.0": 0.7885916172940635, "9229242.0--9246308.0": 0.865932010690647, "9229242.0--9240072.0": 0.7797948176548015, "9222353.0--9229242.0": 0.8196691018832131, "9222293.0--9229242.0": 0.8457401760712117, "9222089.0--9229242.0": 0.8215359264425321, "9228893.0--9229242.0": 0.8274541497491377, "9224192.0--9229242.0": 0.7799113506531656, "9222289.0--9229242.0": 0.8203668879206159, "9222038.0--9229242.0": 0.8093884495674375, "9229072.0--9229242.0": 0.8109184088028438, "9222295.0--9229242.0": 0.8129385727294395, "9222342.0--9229242.0": 0.8059791918052797, "9229242.0--9241407.0": 0.7788140173371829, "9229242.0--9288884.0": 0.8499705931138201, "9222351.0--9229242.0": 0.7734262946915847, "9223669.0--9229242.0": 0.8653392896433231, "9222315.0--9229242.0": 0.8171623696551928, "9222335.0--9229242.0": 0.8032247925547731, "9222327.0--9229242.0": 0.8190680152505639, "9229242.0--9233469.0": 0.8084101478285539, "9226461.0--9229242.0": 0.8023364301405811, "9229242.0--9238508.0": 0.8452475932009914, "9222266.0--9229242.0": 0.7727617672549795, "9225008.0--9229242.0": 0.8821118062453439, "9229242.0--9290431.0": 0.7936553955957896, "9229242.0--9239918.0": 0.8272571128329675, "9229242.0--9231271.0": 0.777091235425623, "9222313.0--9229242.0": 0.8358319351364117, "9229242.0--9231268.0": 0.7827037757767527, "9222035.0--9229242.0": 0.76181171292688, "9222091.0--9229242.0": 0.8395055011778441, "9229242.0--9229515.0": 0.7789230666532629, "9222301.0--9229242.0": 0.812635575578768, "9222358.0--9229242.0": 0.8272163213405184, "9229135.0--9229242.0": 0.8470372448219098, "9222047.0--9229242.0": 0.8118310784624824, "9222272.0--9229242.0": 0.7965831589751193, "9222110.0--9229242.0": 0.8131992580096145, "9222364.0--9229242.0": 0.8241733217956515, "9222088.0--9229242.0": 0.8050953422926962, "9216518.0--9229242.0": 0.8308112269949146, "9222309.0--9229242.0": 0.8102919893780786, "9216595.0--9229242.0": 0.7523951500528604, "9216538.0--9229242.0": 0.7785286862415403, "9216549.0--9229242.0": 0.8074497652838082, "9216559.0--9229242.0": 0.8144589283802481, "9222376.0--9229242.0": 0.8085072684225499, "9222374.0--9229242.0": 0.819490769439517, "9224194.0--9229242.0": 0.8104320840492172, "9222254.0--9229242.0": 0.78356378081288, "9222049.0--9229242.0": 0.7823803015991038, "9222562.0--9229242.0": 0.8152100597952985, "9226126.0--9229242.0": 0.7894074347083613, "9229242.0--9240062.0": 0.8100808078545745, "9226101.0--9229242.0": 0.8100055540375405, "9222377.0--9229242.0": 0.7882108326483711, "9229242.0--9233392.0": 0.81111322228911, "9222093.0--9229242.0": 0.7565897945504382, "9224154.0--9229242.0": 0.7582073139127676, "9229242.0--9240061.0": 0.7889287066199133, "9222512.0--9229242.0": 0.7944411969252853, "9229242.0--9241413.0": 0.813000679606471, "9224646.0--9229242.0": 0.783718820666399, "9222372.0--9229242.0": 0.7761230263721421, "9222253.0--9229242.0": 0.7756682596457779, "9222092.0--9229242.0": 0.8221039111018253, "9222271.0--9229242.0": 0.827444412690001, "9229242.0--9230431.0": 0.817695559691251, "9222076.0--9229242.0": 0.8279008657745068, "9222053.0--9229242.0": 0.81694656627079, "9216532.0--9229242.0": 0.817271860661407, "9222085.0--9229242.0": 0.8178334212043215, "9216629.0--9229242.0": 0.8075330941168155, "9229242.0--9308630.0": 0.7837220586116378, "9229242.0--9308624.0": 0.7713013913989686, "9219240.0--9229242.0": 0.8030369631589157, "9216630.0--9229242.0": 0.8045773008642236, "9217981.0--9229242.0": 0.8056413185677198, "9224153.0--9229242.0": 0.7703699518181734, "9229242.0--9286505.0": 0.7767935768299479, "9216512.0--9229242.0": 0.7897997153729462, "9216579.0--9229242.0": 0.8024866784376461, "9222249.0--9229242.0": 0.8111737636519304, "9222367.0--9229242.0": 0.7596804465319168, "9222325.0--9229242.0": 0.7744356945317885, "9222510.0--9229242.0": 0.7639214356057993, "9229242.0--9246250.0": 0.7911295610711471, "9229242.0--9308627.0": 0.802441914759988, "9224186.0--9229242.0": 0.8307640715085105, "9229232.0--9229242.0": 0.7768889072120186, "9226404.0--9229242.0": 0.7666876964103484, "9229242.0--9308631.0": 0.7974765954309411, "9222255.0--9229242.0": 0.8082427227398219, "9222261.0--9229242.0": 0.7908592852942637, "9222338.0--9229242.0": 0.7808124515479151, "9222284.0--9229242.0": 0.8011695235338605, "9229242.0--9230430.0": 0.8023713857323279, "9229242.0--9308622.0": 0.7444954800308827, "9229242.0--9286903.0": 0.7398942384123588, "9229242.0--9234473.0": 0.7885555734787815, "9229242.0--9241426.0": 0.8566529930109607, "9222269.0--9229242.0": 0.7851936730678487, "9229242.0--9237999.0": 0.7930281367888375, "9222072.0--9229242.0": 0.8059114602132208, "9224197.0--9229242.0": 0.8027796913053614, "9229242.0--9246282.0": 0.7966856688111277, "9222314.0--9229242.0": 0.7754563163529964, "9222357.0--9229242.0": 0.8132130105547265, "9222086.0--9229242.0": 0.7487859623066736, "9222360.0--9229242.0": 0.8045063944689187, "9222065.0--9229242.0": 0.7476214986919417, "9228894.0--9229242.0": 0.8242827381739996, "9229242.0--9233264.0": 0.830268230501741, "9222343.0--9229242.0": 0.7705832083452057, "9229242.0--9308621.0": 0.8150031730869044, "9229242.0--9308625.0": 0.812431123455403, "9229242.0--9241744.0": 0.791795036931765, "9229242.0--9308629.0": 0.7935650532828096, "9222068.0--9229242.0": 0.7639586245192209, "9222248.0--9229242.0": 0.818174078239783, "9222274.0--9229242.0": 0.7667114848888965, "9229116.0--9229242.0": 0.8231111607340829, "9229242.0--9233993.0": 0.7900952180862355, "9229242.0--9308623.0": 0.806229183520899, "9222553.0--9229242.0": 0.7770694882018196, "9222341.0--9229242.0": 0.8132645285196594, "9222346.0--9229242.0": 0.8437412477574138, "9229242.0--9308628.0": 0.7832061328191027, "9222294.0--9229242.0": 0.7868403086932187, "9229242.0--9241732.0": 0.7934720649006386, "9222060.0--9229242.0": 0.8137230088578286, "9222280.0--9229242.0": 0.8348441014105014}