{"8440851.0--8457476.0": 0.770530398696345, "8440848.0--8440851.0": 0.7628161015398985, "8440839.0--8440851.0": 0.7654642556719419, "8440851.0--8443395.0": 0.7601962362175853, "8440832.0--8440851.0": 0.7774592357847651, "8440816.0--8440851.0": 0.7646238583104036, "8440835.0--8440851.0": 0.7645915026597886, "8440818.0--8440851.0": 0.79446937606189, "8440851.0--8440853.0": 0.7574664320743429, "8440840.0--8440851.0": 0.8011169543353771, "8440851.0--8440857.0": 0.7986008495384535, "8440851.0--8449328.0": 0.7729374427143192, "8440829.0--8440851.0": 0.7857782418394064, "8440807.0--8440851.0": 0.7599097100839971, "8440831.0--8440851.0": 0.8181918962537963, "8440851.0--8440852.0": 0.7897031870657314, "8440841.0--8440851.0": 0.8123641872717136, "8440851.0--8440859.0": 0.7793832278861489, "8440821.0--8440851.0": 0.770774267154578, "8440842.0--8440851.0": 0.7943995489042273, "8440851.0--8443131.0": 0.7554517074639167, "8440815.0--8440851.0": 0.8158023566077588, "8440851.0--8500765.0": 0.8232574195389284, "8440804.0--8440851.0": 0.75808111917922, "8440851.0--8454276.0": 0.782309499794511, "8440851.0--8464305.0": 0.7843941881171803, "8440851.0--8494828.0": 0.8160724160152681, "8440825.0--8440851.0": 0.784652235459355, "8440814.0--8440851.0": 0.777540544856724, "8440838.0--8440851.0": 0.7960671062346334, "8440851.0--8440855.0": 0.8019364546230249, "8440851.0--8454489.0": 0.7995598738675856, "8440834.0--8440851.0": 0.7743757550829158, "8440826.0--8440851.0": 0.801215379857707, "8440823.0--8440851.0": 0.7722447378073807, "8440845.0--8440851.0": 0.7383339716840839, "8440810.0--8440851.0": 0.7930713534996061, "8440806.0--8440851.0": 0.7529933446056365, "8440817.0--8440851.0": 0.7498868450884729, "8440813.0--8440851.0": 0.7997102551208366, "8440851.0--8443125.0": 0.7344268105448843, "8440851.0--8456575.0": 0.7794554059079893, "8440851.0--8440860.0": 0.7922592632534668, "8440851.0--8454343.0": 0.7877628715062208, "8440803.0--8440851.0": 0.7770544604579543, "8440851.0--8454344.0": 0.8031627903245455, "8440851.0--8440854.0": 0.809649520567447, "8440851.0--8454346.0": 0.7782220904078517, "8440827.0--8440851.0": 0.7537105336787101, "8440836.0--8440851.0": 0.7764072210200945, "8440844.0--8440851.0": 0.7560206312914279, "8440808.0--8440851.0": 0.7853621410231787, "8440837.0--8440851.0": 0.7698930101551603, "8440851.0--8440858.0": 0.7519318159007403, "8440820.0--8440851.0": 0.75307344042647, "8440833.0--8440851.0": 0.7834707480483812, "8440851.0--8444072.0": 0.7665839201380614, "8440812.0--8440851.0": 0.7767676642476335, "8440809.0--8440851.0": 0.776331570588267, "8440851.0--8454904.0": 0.8056174501144933, "8440846.0--8440851.0": 0.7794163982867715, "8440830.0--8440851.0": 0.7804192954133498, "8440851.0--8444077.0": 0.7393907875807193, "8440847.0--8440851.0": 0.7957024718158834, "8440849.0--8440851.0": 0.772547201888569, "8440851.0--8443124.0": 0.7913843216568429, "8440843.0--8440851.0": 0.7343499335893875, "8440851.0--8807265.0": 0.7863904914538199, "8440851.0--8816695.0": 0.7835818255835301, "8440851.0--8805426.0": 0.7691749893847553, "8440851.0--8805421.0": 0.7688870504010602, "8440851.0--8812684.0": 0.7775392345996134, "8440851.0--8805461.0": 0.7486971136860812, "8440851.0--8807255.0": 0.7905805585336836, "8440851.0--8805460.0": 0.7902759880546125, "8440851.0--8807292.0": 0.7639790778384252, "8440851.0--8807354.0": 0.801236936883433, "8440851.0--8809711.0": 0.7713162486381959, "8440851.0--8805422.0": 0.7418406499732141, "8440851.0--8805424.0": 0.7734564525815815, "8440851.0--8794517.0": 0.7497590347732257, "8440851.0--8805451.0": 0.7744551234160324, "8440851.0--8807223.0": 0.7427277710064562, "8440851.0--8794560.0": 0.7852315936902844, "8440851.0--8481543.0": 0.7748227797483103, "8440851.0--8802285.0": 0.7427723713375723, "8440851.0--8807245.0": 0.7944088735030173, "8440851.0--8805456.0": 0.7651941534730473, "8440851.0--8827944.0": 0.7956767115314799, "8440851.0--8807296.0": 0.7737122475097372, "8440851.0--8827951.0": 0.7450315173892559, "8440851.0--8854335.0": 0.7982605052100349, "8440851.0--8805446.0": 0.7659889271919711, "8440851.0--8805436.0": 0.7630987936167402, "8440851.0--8805433.0": 0.730576324725606, "8440851.0--8546802.0": 0.8048254955641192, "8440851.0--8805427.0": 0.7309246660331993, "8440851.0--8836120.0": 0.7493222651524671, "8440851.0--8794768.0": 0.7310991745522215, "8440851.0--8809750.0": 0.7870802707925434, "8440851.0--8820172.0": 0.8204173445925427, "8440851.0--8476234.0": 0.778458439786724, "8440851.0--8807314.0": 0.7454000140564864, "8440851.0--8794520.0": 0.8030699242605708, "8440851.0--8805452.0": 0.780642744807296, "8440851.0--8805462.0": 0.7566677082762868, "8440851.0--8807275.0": 0.778949569540322, "8419285.0--8440851.0": 0.7576949253857761, "8440851.0--8807379.0": 0.7646801047250011, "8440851.0--8807234.0": 0.8096851905324911, "8423100.0--8440851.0": 0.8064656602854363, "8440851.0--8805455.0": 0.7440141822963316, "8440851.0--8727493.0": 0.7311920662930103, "8440851.0--8807369.0": 0.7458207483461117, "8440851.0--8532319.0": 0.758138700647885, "8419325.0--8440851.0": 0.7654103138146138, "8440851.0--8805430.0": 0.7679973454846664, "8440851.0--8807301.0": 0.8056731887889159, "8440851.0--8713940.0": 0.7914016261814796, "8440851.0--8637795.0": 0.7932792818694652, "7999244.0--8440851.0": 0.8169479519203788, "8440851.0--8805439.0": 0.7777714750325981, "8440851.0--8805428.0": 0.7776314193098335, "8440851.0--8809223.0": 0.7908272279383874, "8440851.0--8795584.0": 0.7834555876834776, "8440851.0--8807264.0": 0.7825674681509109, "8440851.0--8805431.0": 0.7334538408202692, "8440851.0--8453863.0": 0.7362312745444334, "8400404.0--8440851.0": 0.8151509957628145, "8440851.0--8809834.0": 0.7731671249107788, "8440851.0--8663447.0": 0.7442295048466614, "8440851.0--8807213.0": 0.7979968248497332, "8440851.0--8640251.0": 0.779711902565412, "8440851.0--8807220.0": 0.8485709266897439, "8440851.0--8617736.0": 0.78096180096173, "8440851.0--8617746.0": 0.7297520618792236, "8440851.0--8640072.0": 0.780367900226955, "8440851.0--8636208.0": 0.7868655512963106, "8440851.0--8805458.0": 0.7859599343472374, "8440851.0--8807271.0": 0.7944012983500057, "8440851.0--8809678.0": 0.7844996860567324, "8440851.0--8807226.0": 0.7917124831166165, "8440851.0--8805467.0": 0.8059785334879668, "8440851.0--8611113.0": 0.768647349373372, "8440851.0--8854316.0": 0.7922009638021206, "8440851.0--8794607.0": 0.7713884637807985, "8440851.0--8805418.0": 0.730762719361002, "8440851.0--8836087.0": 0.7751760295054819, "8440851.0--8807283.0": 0.8040744590298956, "8440851.0--8820171.0": 0.7912694624319271, "8440851.0--8807288.0": 0.7385326014831928, "8440851.0--8807302.0": 0.7583251084754971, "8440851.0--8805466.0": 0.7736555893653101, "8440851.0--8807351.0": 0.7842599971751761, "8440851.0--8805420.0": 0.7637768073993316, "8440851.0--8807299.0": 0.8278299412430502, "8440851.0--8812988.0": 0.7997371390982799, "8440851.0--8807294.0": 0.7822861740808846, "8440851.0--8805434.0": 0.8143570213013328, "8440851.0--8732351.0": 0.7812359670582172, "8440851.0--8807232.0": 0.7819597035053053, "8419271.0--8440851.0": 0.7466116627064033, "8440851.0--8625484.0": 0.7821656970701518, "8440851.0--8807349.0": 0.8089721231194116, "8440851.0--8809730.0": 0.7863471105773494, "8440851.0--8730513.0": 0.7933474126644233, "8440851.0--8809833.0": 0.7714597867708293, "8440851.0--8523628.0": 0.7740642164623253, "8434356.0--8440851.0": 0.7506582481062802, "8440851.0--8807303.0": 0.8248225645760823, "8440851.0--8811606.0": 0.7672427293928169, "8440851.0--8807244.0": 0.7625846122948796, "8440851.0--8490694.0": 0.7576998633654373, "8440851.0--8809844.0": 0.7752945547091284, "8440851.0--8809850.0": 0.7692600383108308, "8440851.0--8805445.0": 0.7514100518188735, "8412138.0--8440851.0": 0.7895223459175383, "8440851.0--8807247.0": 0.7499473550615509, "8440851.0--8848845.0": 0.7412686600953441, "8440851.0--8695851.0": 0.788559334595197, "8440851.0--8713907.0": 0.7842130795294943, "8440851.0--8809847.0": 0.8103862387253333,