{"8490694.0--8809844.0": 0.841503485875908, "8490694.0--8809850.0": 0.8861255506683114, "8490694.0--8805445.0": 0.8094791885307754, "8412138.0--8490694.0": 0.8039711421739504, "8490694.0--8807247.0": 0.8381532357947039, "8490694.0--8848845.0": 0.844298762722339, "8490694.0--8695851.0": 0.8084511581336371, "8490694.0--8713907.0": 0.81408669747792, "8490694.0--8809847.0": 0.7993714267267854, "8490694.0--8727480.0": 0.8292930120926829, "8490694.0--8706590.0": 0.7930119361721782, "8490694.0--8735916.0": 0.8192229284362073, "8474512.0--8490694.0": 0.7904996932276893, "8490694.0--8809845.0": 0.7603678429387601, "8490694.0--8540796.0": 0.8233341504250112, "8490694.0--8807233.0": 0.8135823541150936, "8490694.0--8617747.0": 0.7830339287778264, "8474486.0--8490694.0": 0.7757098257382994, "8474516.0--8490694.0": 0.8490228045147613, "8490694.0--8663650.0": 0.7671353981260222, "8490694.0--8663646.0": 0.7948600685209295, "8490694.0--8794553.0": 0.8236974248037843, "8490694.0--8863966.0": 0.8055359945873553, "8490694.0--8525340.0": 0.8007464770996999, "8490694.0--8805448.0": 0.8027479517424819, "8405549.0--8490694.0": 0.8319609249862017, "8490694.0--8611178.0": 0.8103596563100078, "8490694.0--8827593.0": 0.8037080755402536, "8490694.0--8805463.0": 0.7939281184354536, "8490694.0--8805457.0": 0.8286506356408263, "8490694.0--8805442.0": 0.7965597794278471, "8490694.0--8807266.0": 0.8113176414186214, "8490694.0--8813126.0": 0.7983624175969477, "8490694.0--8585103.0": 0.7948623301976365, "8490694.0--8807235.0": 0.7987553488502814, "8490694.0--8585048.0": 0.8278116910833662, "8490694.0--8809843.0": 0.8141162323377642, "8490694.0--8809842.0": 0.8302792797534694, "8490694.0--8842614.0": 0.7924323633633036, "8490694.0--8805441.0": 0.7347126638234596, "8490694.0--8809920.0": 0.7589291586160525, "8490694.0--8663312.0": 0.7862921491941383, "8477126.0--8490694.0": 0.8196818083784778, "8490694.0--8807224.0": 0.8108784839087126, "8490694.0--8807355.0": 0.7979239361345745, "8490694.0--8807320.0": 0.8459672377932894, "8490694.0--8665933.0": 0.8127677183981176, "8490694.0--8845772.0": 0.818109950278723, "8490694.0--8812989.0": 0.8262589255692169, "8490694.0--8636969.0": 0.8164861113865884, "8490694.0--8805450.0": 0.8141250369993744, "8490694.0--8807243.0": 0.7922765102226849, "8490694.0--8805443.0": 0.8083597396402136, "8490694.0--8673661.0": 0.8291103344328918, "8490694.0--8805419.0": 0.7987817625176481, "8451903.0--8490694.0": 0.7934055602245254, "8490694.0--8805429.0": 0.8011860869980187, "8490694.0--8809846.0": 0.819994269052061, "8490694.0--8809832.0": 0.8285980726044728, "8413174.0--8490694.0": 0.8011952128246627, "8490694.0--8494817.0": 0.8099043630230589, "8490694.0--8637778.0": 0.7971635534160628, "8490694.0--8809742.0": 0.7859912211385827, "8490694.0--8807280.0": 0.8173049336762522, "8490694.0--8807274.0": 0.830102285903841, "8490694.0--9216586.0": 0.805451147996406, "8490694.0--9237132.0": 0.8263720303581236, "8490694.0--9216572.0": 0.8018931514601544, "8490694.0--9217952.0": 0.828562304885228, "8490694.0--9217931.0": 0.8137590806272161, "8490694.0--9216507.0": 0.8021937588577673, "8490694.0--9222368.0": 0.8195625983191983, "8490694.0--9220137.0": 0.799562612409071, "8490694.0--9233460.0": 0.783849696539443, "8490694.0--9222263.0": 0.8046680575197113, "8490694.0--9293003.0": 0.8346164253204658, "8490694.0--9222102.0": 0.8103840720935884, "8490694.0--9222323.0": 0.8060488918824057, "8490694.0--9222287.0": 0.7981086682892164, "8490694.0--9223736.0": 0.8248964440872302, "8490694.0--9224191.0": 0.8379900242931554, "8490694.0--9222251.0": 0.7772437703526023, "8490694.0--9229242.0": 0.8053980764929528, "8490694.0--9282195.0": 0.8112839418122006, "8490694.0--9222098.0": 0.8327378579449085, "8490694.0--9234027.0": 0.7832552632572634, "8490694.0--9246308.0": 0.8126039505682038, "8490694.0--9240072.0": 0.8198438305728388, "8490694.0--9222353.0": 0.8240560530560915, "8490694.0--9222293.0": 0.8183660695776959, "8490694.0--9222089.0": 0.7927943542466297, "8490694.0--9228893.0": 0.8317887227042743, "8490694.0--9224192.0": 0.7942600899329536, "8490694.0--9222289.0": 0.8056244752449744, "8490694.0--9222038.0": 0.8286198813599055, "8490694.0--9229072.0": 0.8103522590733359, "8490694.0--9222295.0": 0.8785644546034032, "8490694.0--9222342.0": 0.8033136497025439, "8490694.0--9241407.0": 0.8168118122907053, "8490694.0--9288884.0": 0.8236468525589953, "8490694.0--9222351.0": 0.8430955371711479, "8490694.0--9223669.0": 0.8011034200425, "8490694.0--9222315.0": 0.7965190140420337, "8490694.0--9222335.0": 0.8301090169740379, "8490694.0--9222327.0": 0.8144185822215122, "8490694.0--9233469.0": 0.81570018140916, "8490694.0--9226461.0": 0.8046305005365646, "8490694.0--9238508.0": 0.850679935515344, "8490694.0--9222266.0": 0.771328854561437, "8490694.0--9225008.0": 0.8159785830824695, "8490694.0--9290431.0": 0.82918033281339, "8490694.0--9239918.0": 0.8269757455659705, "8490694.0--9231271.0": 0.79068247821798, "8490694.0--9222313.0": 0.8151371644816954, "8490694.0--9231268.0": 0.7836182688732889, "8490694.0--9222035.0": 0.8132232699286851, "8490694.0--9222091.0": 0.8127944415466646, "8490694.0--9229515.0": 0.7461429579767157, "8490694.0--9222301.0": 0.8245318485799594, "8490694.0--9222358.0": 0.830455731823698, "8490694.0--9229135.0": 0.8154709316068144, "8490694.0--9222047.0": 0.8133312109361407, "8490694.0--9222272.0": 0.8297300143831321, "8490694.0--9222110.0": 0.8183877726136362, "8490694.0--9222364.0": 0.8131175672733162, "8490694.0--9222088.0": 0.8164545903629739, "8490694.0--9216518.0": 0.84880768615399, "8490694.0--9222309.0": 0.7839545740184528, "8490694.0--9216595.0": 0.784395282690306, "8490694.0--9216538.0": 0.7775994295891051, "8490694.0--9216549.0": 0.7927688132586062, "8490694.0--9216559.0": 0.8244189424178234, "8490694.0--9222376.0": 0.7889107488679877, "8490694.0--9222374.0": 0.8455684540456535, "8490694.0--9224194.0": 0.7824680422876661, "8490694.0--9222254.0": 0.7903498565501795, "8490694.0--9222049.0": 0.7687015344306716, "8490694.0--9222562.0": 0.7741708768038469, "8490694.0--9226126.0": 0.7907305826597958, "8490694.0--9240062.0": 0.8514560377431577, "8490694.0--9226101.0": 0.8151762804672276, "8490694.0--9222377.0": 0.7806930649755841, "8490694.0--9233392.0": 0.8108892400492447, "8490694.0--9222093.0": 0.7890747251975894, "8490694.0--9224154.0": 0.7675176839539212, "8490694.0--9240061.0": 0.7807037799236327, "8490694.0--9222512.0": 0.7903168385111425, "8490694.0--9241413.0": 0.7971270963518234, "8490694.0--9224646.0": 0.7948969577628109, "8490694.0--9222372.0": 0.7505532932883718, "8490694.0--9222253.0": 0.8316135475821095, "8490694.0--9222092.0": 0.8362517771863843, "8490694.0--9222271.0": 0.8180882745901035, "8490694.0--9230431.0": 0.813820689746804, "8490694.0--9222076.0": 0.8516112061973483, "8490694.0--9222053.0": 0.8236297739926535, "8490694.0--9216532.0": 0.7986938214323052, "8490694.0--9222085.0": 0.8001056661448587, "8490694.0--9216629.0": 0.8017407604458087, "8490694.0--9308630.0": 0.7712457402406239, "8490694.0--9308624.0": 0.8274296510439079, "8490694.0--9219240.0": 0.8368162127359912, "8490694.0--9216630.0": 0.8017212771891719, "8490694.0--9217981.0": 0.8020737958479154, "8490694.0--9224153.0": 0.7961968996985107, "8490694.0--9286505.0": 0.7742637149287849, "8490694.0--9216512.0": 0.8157057336683387, "8490694.0--9216579.0": 0.7757717977544839, "8490694.0--9222249.0": 0.8073664130626227, "8490694.0--9222367.0": 0.7590046553054861, "8490694.0--9222325.0": 0.7988211253678992, "8490694.0--9222510.0": 0.7960799759903125, "8490694.0--9246250.0": 0.8209795569370006, "8490694.0--9308627.0": 0.834770723988681, "8490694.0--9224186.0": 0.8316047656406689, "8490694.0--9229232.0": 0.7810860973058584, "8490694.0--9226404.0": 0.8408790407793445, "8490694.0--9308631.0": 0.8047783156489954, "8490694.0--9222255.0": 0.8124311477440986, "8490694.0--9222261.0": 0.7933723074596319, "8490694.0--9222338.0": 0.8114254371297641, "8490694.0--9222284.0": 0.825366873093859,