{"8440043.0--8440076.0": 0.7466068876042237, "8440076.0--8467535.0": 0.7647942896801128, "8440076.0--8440121.0": 0.78996881649173, "8440044.0--8440076.0": 0.7479821549366684, "8440076.0--8440089.0": 0.8089591930926233, "8440052.0--8440076.0": 0.7906750300128023, "8440076.0--8440085.0": 0.7742674962454186, "8440070.0--8440076.0": 0.7766208229358904, "8440048.0--8440076.0": 0.7489727553869899, "8440076.0--8440118.0": 0.7817323178992147, "8440076.0--8440081.0": 0.7530827717085993, "8440076.0--8440102.0": 0.7558082592462363, "8440076.0--8440080.0": 0.7516712147210212, "8440076.0--8440096.0": 0.8055761961787331, "8440076.0--8440124.0": 0.7331662444658407, "8440063.0--8440076.0": 0.76983017636477, "8440037.0--8440076.0": 0.8031941307893447, "8440040.0--8440076.0": 0.77021492774373, "8440056.0--8440076.0": 0.7889988338455293, "8440076.0--8440116.0": 0.7276467577479435, "8440076.0--8444102.0": 0.7338342469939609, "8440076.0--8440824.0": 0.767697805239484, "8440076.0--8493612.0": 0.7531978743172802, "8440076.0--8440850.0": 0.8102538862237346, "8440076.0--8456856.0": 0.7615712050507492, "8440076.0--8447439.0": 0.8181658253953631, "8440076.0--8440805.0": 0.7741419809931314, "8440076.0--8440811.0": 0.7460594980411723, "8440076.0--8440856.0": 0.7668901918473462, "8440076.0--8440822.0": 0.7503390834096563, "8440076.0--8440828.0": 0.7489476744623241, "8440076.0--8440851.0": 0.7288046634097832, "8440076.0--8457476.0": 0.7489320652934873, "8440076.0--8440848.0": 0.7493919958724885, "8440076.0--8440839.0": 0.8006325480092272, "8440076.0--8443395.0": 0.7741029748998419, "8440076.0--8440832.0": 0.7559195637546021, "8440076.0--8440816.0": 0.7633884552195005, "8440076.0--8440835.0": 0.7592412092461283, "8440076.0--8440818.0": 0.7814251799603715, "8440076.0--8440853.0": 0.7370643389122407, "8440076.0--8440840.0": 0.7889291358453773, "8440076.0--8440857.0": 0.7572954366077966, "8440076.0--8449328.0": 0.7557098193471439, "8440076.0--8440829.0": 0.7850944110582343, "8440076.0--8440807.0": 0.7265763439608928, "8440076.0--8440831.0": 0.7361868549904572, "8440076.0--8440852.0": 0.7574578378592239, "8440076.0--8440841.0": 0.7365264991330179, "8440076.0--8440859.0": 0.753716542694715, "8440076.0--8440821.0": 0.7683158575734892, "8440076.0--8440842.0": 0.7445890218214146, "8440076.0--8443131.0": 0.7430700020292601, "8440076.0--8440815.0": 0.7517342274164236, "8440076.0--8500765.0": 0.7474432178160695, "8440076.0--8440804.0": 0.7957673634817803, "8440076.0--8454276.0": 0.7741983853333384, "8440076.0--8464305.0": 0.7465584945468992, "8440076.0--8494828.0": 0.7447042299545896, "8440076.0--8440825.0": 0.7529675804205027, "8440076.0--8440814.0": 0.7742399745046118, "8440076.0--8440838.0": 0.7896362094369008, "8440076.0--8440855.0": 0.7663975306846234, "8440076.0--8454489.0": 0.754792780164657, "8440076.0--8440834.0": 0.7302218266417262, "8440076.0--8440826.0": 0.7953606615064694, "8440076.0--8440823.0": 0.7618553786643564, "8440076.0--8440845.0": 0.7740689183141821, "8440076.0--8440810.0": 0.7702987253400421, "8440076.0--8440806.0": 0.7588597116393736, "8440076.0--8440817.0": 0.7837062462415667, "8440076.0--8440813.0": 0.7597963016966297, "8440076.0--8443125.0": 0.7328893827335425, "8440076.0--8456575.0": 0.7515814595992653, "8440076.0--8440860.0": 0.7622562724834075, "8440076.0--8454343.0": 0.749645407616288, "8440076.0--8440803.0": 0.7581842570073396, "8440076.0--8454344.0": 0.7621194553861217, "8440076.0--8440854.0": 0.7751760614036299, "8440076.0--8454346.0": 0.7618922411837854, "8440076.0--8440827.0": 0.7385648211004279, "8440076.0--8440836.0": 0.7715288055740515, "8440076.0--8440844.0": 0.8070052605232539, "8440076.0--8440808.0": 0.7958525095829503, "8440076.0--8440837.0": 0.8085999552817201, "8440076.0--8440858.0": 0.7440386901618121, "8440076.0--8440820.0": 0.7512780817534521, "8440076.0--8440833.0": 0.7380735772932011, "8440076.0--8444072.0": 0.7291509829573306, "8440076.0--8440812.0": 0.7874084321722541, "8440076.0--8440809.0": 0.7592297687934797, "8440076.0--8454904.0": 0.7644396373974374, "8440076.0--8440846.0": 0.7690669571901216, "8440076.0--8440830.0": 0.7578692343751032, "8440076.0--8444077.0": 0.7723183513825307, "8440076.0--8440847.0": 0.7627597159916402, "8440076.0--8440849.0": 0.7357540494682949, "8440076.0--8443124.0": 0.788197431861128, "8440076.0--8440843.0": 0.7655581938666105, "8440076.0--8807265.0": 0.7507960137534347, "8440076.0--8816695.0": 0.7595181672464046, "8440076.0--8805426.0": 0.7554884786367689, "8440076.0--8805421.0": 0.7731683685208136, "8440076.0--8812684.0": 0.7410938823381037, "8440076.0--8805461.0": 0.7661653000405887, "8440076.0--8807255.0": 0.7403596108960595, "8440076.0--8805460.0": 0.7373431613164237, "8440076.0--8807292.0": 0.769028833805705, "8440076.0--8807354.0": 0.759874383452872, "8440076.0--8809711.0": 0.7510296246025746, "8440076.0--8805422.0": 0.7444892437639907, "8440076.0--8805424.0": 0.7521425645057723, "8440076.0--8794517.0": 0.7455652883959523, "8440076.0--8805451.0": 0.7720553572948811, "8440076.0--8807223.0": 0.774318306397372, "8440076.0--8794560.0": 0.7802431411959088, "8440076.0--8481543.0": 0.7745051157515438, "8440076.0--8802285.0": 0.7306164567013216, "8440076.0--8807245.0": 0.7529036021137101, "8440076.0--8805456.0": 0.7526750592626676, "8440076.0--8827944.0": 0.733039580656656, "8440076.0--8807296.0": 0.7628120366507259, "8440076.0--8827951.0": 0.757316048648019, "8440076.0--8854335.0": 0.7635124516642557, "8440076.0--8805446.0": 0.8112291838362733, "8440076.0--8805436.0": 0.8136644241665834, "8440076.0--8805433.0": 0.8570757781285463, "8440076.0--8546802.0": 0.7857150178241694, "8440076.0--8805427.0": 0.7583435709954667, "8440076.0--8836120.0": 0.7641148475445321, "8440076.0--8794768.0": 0.7679989425431804, "8440076.0--8809750.0": 0.7384834328292635, "8440076.0--8820172.0": 0.7822432640619656, "8440076.0--8476234.0": 0.7614199534548631, "8440076.0--8807314.0": 0.7498992362566034, "8440076.0--8794520.0": 0.7915036724325119, "8440076.0--8805452.0": 0.7660443068544872, "8440076.0--8805462.0": 0.7821160717839268, "8440076.0--8807275.0": 0.7548885324695698, "8419285.0--8440076.0": 0.7430257694772755, "8440076.0--8807379.0": 0.7647528797386411, "8440076.0--8807234.0": 0.7641758722301272, "8423100.0--8440076.0": 0.7524444955726346, "8440076.0--8805455.0": 0.7764642808000795, "8440076.0--8727493.0": 0.7980516951313024, "8440076.0--8807369.0": 0.7928077699996299, "8440076.0--8532319.0": 0.7929333574478782, "8419325.0--8440076.0": 0.7599893129919431, "8440076.0--8805430.0": 0.7445406354813369, "8440076.0--8807301.0": 0.7428273407392612, "8440076.0--8713940.0": 0.7477768577038044, "8440076.0--8637795.0": 0.7574388467775193, "7999244.0--8440076.0": 0.7277669655629032, "8440076.0--8805439.0": 0.7383310886200987, "8440076.0--8805428.0": 0.7540324031943042, "8440076.0--8809223.0": 0.803034099952147, "8440076.0--8795584.0": 0.7728099461625295, "8440076.0--8807264.0": 0.7495086088319325, "8440076.0--8805431.0": 0.7733648798967178, "8440076.0--8453863.0": 0.7867903177495268, "8400404.0--8440076.0": 0.77389097132736, "8440076.0--8809834.0": 0.7555655772410196, "8440076.0--8663447.0": 0.7611719430283094, "8440076.0--8807213.0": 0.7720316034979324, "8440076.0--8640251.0": 0.7564128451437026, "8440076.0--8807220.0": 0.7795967062294504, "8440076.0--8617736.0": 0.7544510710902436, "8440076.0--8617746.0": 0.7512688580993532, "8440076.0--8640072.0": 0.7776325106451487, "8440076.0--8636208.0": 0.7764722208694048, "8440076.0--8805458.0": 0.7243672019697771, "8440076.0--8807271.0": 0.7552142057265226, "8440076.0--8809678.0": 0.7380734378405376, "8440076.0--8807226.0": 0.7725735654711525, "8440076.0--8805467.0": 0.7808981869817766, "8440076.0--8611113.0": 0.7459446182271747, "8440076.0--8854316.0": 0.779649710053365, "8440076.0--8794607.0": 0.7908846457674641, "8440076.0--8805418.0": 0.7448222167280931, "8440076.0--8836087.0": 0.7711169496807918, "8440076.0--8807283.0": 0.7531428971802538, "8440076.0--8820171.0": 0.7578599788156635,