{"8440115.0--8467383.0": 0.7899627162961612, "8440115.0--8440120.0": 0.8079457661976426, "8440076.0--8440115.0": 0.7597401584103558, "8440043.0--8440115.0": 0.8097747158850263, "8440115.0--8467535.0": 0.8151971441093534, "8440115.0--8440121.0": 0.8603227444423611, "8440044.0--8440115.0": 0.7858264498689582, "8440089.0--8440115.0": 0.7638295501915873, "8440052.0--8440115.0": 0.7857169241922326, "8440085.0--8440115.0": 0.8249422289265838, "8440070.0--8440115.0": 0.7956662988844176, "8440048.0--8440115.0": 0.8337336970072639, "8440115.0--8440118.0": 0.8039835854187372, "8440081.0--8440115.0": 0.7667404189395739, "8440102.0--8440115.0": 0.8258926020892289, "8440080.0--8440115.0": 0.7961718108954825, "8440096.0--8440115.0": 0.750596486775087, "8440115.0--8440124.0": 0.7766318177787006, "8440063.0--8440115.0": 0.7901826532411504, "8440037.0--8440115.0": 0.7829956712209472, "8440040.0--8440115.0": 0.7657085501318893, "8440056.0--8440115.0": 0.7663258823104993, "8440115.0--8440116.0": 0.7939431521985165, "8440115.0--8444102.0": 0.7847068317699197, "8440115.0--8440824.0": 0.7819026168575985, "8440115.0--8493612.0": 0.7621233200135163, "8440115.0--8440850.0": 0.8177217274029431, "8440115.0--8456856.0": 0.8114413229163332, "8440115.0--8447439.0": 0.7861919497721759, "8440115.0--8440805.0": 0.7750045181300212, "8440115.0--8440811.0": 0.7994964003499667, "8440115.0--8440856.0": 0.875360964322382, "8440115.0--8440822.0": 0.8235762824687892, "8440115.0--8440828.0": 0.7983014197067164, "8440115.0--8440851.0": 0.7983688374339409, "8440115.0--8457476.0": 0.8110471836957588, "8440115.0--8440848.0": 0.751674646692726, "8440115.0--8440839.0": 0.7841135061396748, "8440115.0--8443395.0": 0.7957339157633925, "8440115.0--8440832.0": 0.8007862553221561, "8440115.0--8440816.0": 0.8116073428153083, "8440115.0--8440835.0": 0.7747317962172252, "8440115.0--8440818.0": 0.842549205977398, "8440115.0--8440853.0": 0.8158810207459839, "8440115.0--8440840.0": 0.8298279154722272, "8440115.0--8440857.0": 0.8273273930674885, "8440115.0--8449328.0": 0.8056906053212215, "8440115.0--8440829.0": 0.8386773383363044, "8440115.0--8440807.0": 0.7877131376134348, "8440115.0--8440831.0": 0.8185603556062406, "8440115.0--8440852.0": 0.8098920075783534, "8440115.0--8440841.0": 0.7970763293598115, "8440115.0--8440859.0": 0.7687421974079274, "8440115.0--8440821.0": 0.8070609622938332, "8440115.0--8440842.0": 0.7822794842599059, "8440115.0--8443131.0": 0.783649152617969, "8440115.0--8440815.0": 0.8147264095201513, "8440115.0--8500765.0": 0.8217610260277854, "8440115.0--8440804.0": 0.7802932528961949, "8440115.0--8454276.0": 0.8013245633247857, "8440115.0--8464305.0": 0.7997959143631821, "8440115.0--8494828.0": 0.7825350316896243, "8440115.0--8440825.0": 0.8107076751237486, "8440115.0--8440814.0": 0.8295302237874532, "8440115.0--8440838.0": 0.8449030786064086, "8440115.0--8440855.0": 0.831061466645006, "8440115.0--8454489.0": 0.8230795670377331, "8440115.0--8440834.0": 0.770633826371755, "8440115.0--8440826.0": 0.841756128233905, "8440115.0--8440823.0": 0.7938771162946462, "8440115.0--8440845.0": 0.7926590152316042, "8440115.0--8440810.0": 0.815829688564732, "8440115.0--8440806.0": 0.7822928298225907, "8440115.0--8440817.0": 0.7816547123191574, "8440115.0--8440813.0": 0.806844807230028, "8440115.0--8443125.0": 0.8246045638334848, "8440115.0--8456575.0": 0.8112572527145309, "8440115.0--8440860.0": 0.8195654526935283, "8440115.0--8454343.0": 0.8132017652387017, "8440115.0--8440803.0": 0.8096169893131806, "8440115.0--8454344.0": 0.8275402706951088, "8440115.0--8440854.0": 0.8494388032498557, "8440115.0--8454346.0": 0.8083953842732791, "8440115.0--8440827.0": 0.7963597368530552, "8440115.0--8440836.0": 0.7935394632048237, "8440115.0--8440844.0": 0.7878495363468957, "8440115.0--8440808.0": 0.8053482676710306, "8440115.0--8440837.0": 0.7888754882587936, "8440115.0--8440858.0": 0.8076577478993286, "8440115.0--8440820.0": 0.8030529596838886, "8440115.0--8440833.0": 0.815097628260026, "8440115.0--8444072.0": 0.8069578746637796, "8440115.0--8440812.0": 0.8253349382842234, "8440115.0--8440809.0": 0.8332713345113112, "8440115.0--8454904.0": 0.8073874759987767, "8440115.0--8440846.0": 0.8055924023047947, "8440115.0--8440830.0": 0.7934657533105403, "8440115.0--8444077.0": 0.7892060223293179, "8440115.0--8440847.0": 0.8249215607713901, "8440115.0--8440849.0": 0.8098469263586796, "8440115.0--8443124.0": 0.7874969010662052, "8440115.0--8440843.0": 0.7964472514314538, "8440115.0--8807265.0": 0.798333178249861, "8440115.0--8816695.0": 0.8249467459902132, "8440115.0--8805426.0": 0.7954044146493601, "8440115.0--8805421.0": 0.8057897809116032, "8440115.0--8812684.0": 0.7729125499672024, "8440115.0--8805461.0": 0.827441626318141, "8440115.0--8807255.0": 0.8119720407509416, "8440115.0--8805460.0": 0.803514479698338, "8440115.0--8807292.0": 0.800643738131843, "8440115.0--8807354.0": 0.8119369717052592, "8440115.0--8809711.0": 0.7864201468394489, "8440115.0--8805422.0": 0.7817812438652182, "8440115.0--8805424.0": 0.782258558150862, "8440115.0--8794517.0": 0.7799143668296853, "8440115.0--8805451.0": 0.7808123811637205, "8440115.0--8807223.0": 0.7493080127260469, "8440115.0--8794560.0": 0.805419824142185, "8440115.0--8481543.0": 0.8247895748019217, "8440115.0--8802285.0": 0.7535322658288821, "8440115.0--8807245.0": 0.8187266528682385, "8440115.0--8805456.0": 0.7937611016315815, "8440115.0--8827944.0": 0.7809690594414543, "8440115.0--8807296.0": 0.7790148256527796, "8440115.0--8827951.0": 0.7877167617174314, "8440115.0--8854335.0": 0.8027354694726021, "8440115.0--8805446.0": 0.7804462257925803, "8440115.0--8805436.0": 0.7962933807302209, "8440115.0--8805433.0": 0.7601483328233264, "8440115.0--8546802.0": 0.8156604394616258, "8440115.0--8805427.0": 0.8064875876768902, "8440115.0--8836120.0": 0.8490461395526223, "8440115.0--8794768.0": 0.8076348156585832, "8440115.0--8809750.0": 0.7918736798295876, "8440115.0--8820172.0": 0.8300786578437782, "8440115.0--8476234.0": 0.817872640676393, "8440115.0--8807314.0": 0.7630001956408428, "8440115.0--8794520.0": 0.8130444148976943, "8440115.0--8805452.0": 0.7973782373838345, "8440115.0--8805462.0": 0.7819969927924378, "8440115.0--8807275.0": 0.7992666338165211, "8419285.0--8440115.0": 0.7909104146713207, "8440115.0--8807379.0": 0.8064182031609891, "8440115.0--8807234.0": 0.8375409840980625, "8423100.0--8440115.0": 0.8210845753983897, "8440115.0--8805455.0": 0.7558249755274854, "8440115.0--8727493.0": 0.7525884164929331, "8440115.0--8807369.0": 0.754648481645884, "8440115.0--8532319.0": 0.7864487258074244, "8419325.0--8440115.0": 0.7708028749425173, "8440115.0--8805430.0": 0.800438963058109, "8440115.0--8807301.0": 0.8167158852452822, "8440115.0--8713940.0": 0.8007941600443034, "8440115.0--8637795.0": 0.830116829003723, "7999244.0--8440115.0": 0.8100865092182881, "8440115.0--8805439.0": 0.803241762535647, "8440115.0--8805428.0": 0.822154685010166, "8440115.0--8809223.0": 0.8186278205126545, "8440115.0--8795584.0": 0.8128395544311677, "8440115.0--8807264.0": 0.8099156849551008, "8440115.0--8805431.0": 0.8061367592907238, "8440115.0--8453863.0": 0.8023200290693742, "8400404.0--8440115.0": 0.7754088366806253, "8440115.0--8809834.0": 0.8071589961918461, "8440115.0--8663447.0": 0.8045736964007717, "8440115.0--8807213.0": 0.8381253125120274, "8440115.0--8640251.0": 0.8183436460618432, "8440115.0--8807220.0": 0.8215941275439035, "8440115.0--8617736.0": 0.7971311331980054, "8440115.0--8617746.0": 0.7824194684780167, "8440115.0--8640072.0": 0.825820807215452, "8440115.0--8636208.0": 0.8160902917691317, "8440115.0--8805458.0": 0.8183261036524522, "8440115.0--8807271.0": 0.8001234904381301, "8440115.0--8809678.0": 0.8086815410080374, "8440115.0--8807226.0": 0.8404031341800681, "8440115.0--8805467.0": 0.818917969164822, "8440115.0--8611113.0": 0.8009323634744129, "8440115.0--8854316.0": 0.8145116049365051, "8440115.0--8794607.0": 0.7987297856022847, "8440115.0--8805418.0": 0.8111592862410271,