{"9234473.0--9286903.0": 0.7578333996738389, "9241426.0--9286903.0": 0.7596133578092303, "9222269.0--9286903.0": 0.7468727541147075, "9237999.0--9286903.0": 0.7665791919270861, "9222072.0--9286903.0": 0.7657104511189262, "9224197.0--9286903.0": 0.7450603348667866, "9246282.0--9286903.0": 0.7181689806161622, "9222314.0--9286903.0": 0.7825128761429663, "9222357.0--9286903.0": 0.7838269782455374, "9222086.0--9286903.0": 0.7221719549863859, "9222360.0--9286903.0": 0.7799658927532584, "9222065.0--9286903.0": 0.7288390679452962, "9228894.0--9286903.0": 0.777935583888236, "9233264.0--9286903.0": 0.7720052139804394, "9222343.0--9286903.0": 0.7230071624292074, "9286903.0--9308621.0": 0.7375581402140076, "9286903.0--9308625.0": 0.7528801893820283, "9241744.0--9286903.0": 0.7667377260809952, "9286903.0--9308629.0": 0.7434276770616707, "9222068.0--9286903.0": 0.7642395907328533, "9222248.0--9286903.0": 0.745039101499797, "9222274.0--9286903.0": 0.7760707833969891, "9229116.0--9286903.0": 0.7687005817717892, "9233993.0--9286903.0": 0.7361015183834738, "9286903.0--9308623.0": 0.7489600684373714, "9222553.0--9286903.0": 0.7602296614785783, "9222341.0--9286903.0": 0.7843470246717006, "9222346.0--9286903.0": 0.7454081428538898, "9286903.0--9308628.0": 0.7639185004626587, "9222294.0--9286903.0": 0.8132367713167826, "9241732.0--9286903.0": 0.8144526854535378, "9222060.0--9286903.0": 0.7744441219907069, "9222280.0--9286903.0": 0.7531290683629326}