{"9222098.0--9282195.0": 0.7916120894533851, "9234027.0--9282195.0": 0.7785650355857137, "9246308.0--9282195.0": 0.7740432177104162, "9240072.0--9282195.0": 0.841246580866236, "9222353.0--9282195.0": 0.8040520884977131, "9222293.0--9282195.0": 0.7446735309903616, "9222089.0--9282195.0": 0.7689574570071773, "9228893.0--9282195.0": 0.7870009034789837, "9224192.0--9282195.0": 0.7865891932578422, "9222289.0--9282195.0": 0.7881959967493744, "9222038.0--9282195.0": 0.8070850521989177, "9229072.0--9282195.0": 0.7918969039607776, "9222295.0--9282195.0": 0.8070526599112179, "9222342.0--9282195.0": 0.76787723789916, "9241407.0--9282195.0": 0.7923079666491899, "9282195.0--9288884.0": 0.7787100549500509, "9222351.0--9282195.0": 0.7812734860205158, "9223669.0--9282195.0": 0.7738476884924848, "9222315.0--9282195.0": 0.7714303787192369, "9222335.0--9282195.0": 0.8066189599199666, "9222327.0--9282195.0": 0.7576289576601705, "9233469.0--9282195.0": 0.7785825977692578, "9226461.0--9282195.0": 0.7980597220132468, "9238508.0--9282195.0": 0.772665570502605, "9222266.0--9282195.0": 0.7333935873014457, "9225008.0--9282195.0": 0.7652978015822565, "9282195.0--9290431.0": 0.8292663117846006, "9239918.0--9282195.0": 0.762965607826416, "9231271.0--9282195.0": 0.7705529607463978, "9222313.0--9282195.0": 0.7775817707086798, "9231268.0--9282195.0": 0.780054083246315, "9222035.0--9282195.0": 0.8186209460770202, "9222091.0--9282195.0": 0.8096613934005965, "9229515.0--9282195.0": 0.7408521100790273, "9222301.0--9282195.0": 0.7943178039000133, "9222358.0--9282195.0": 0.7868646837998194, "9229135.0--9282195.0": 0.775934896505706, "9222047.0--9282195.0": 0.7679436270885821, "9222272.0--9282195.0": 0.781792254894468, "9222110.0--9282195.0": 0.7693271350576907, "9222364.0--9282195.0": 0.7681816458794656, "9222088.0--9282195.0": 0.8109418634856598, "9216518.0--9282195.0": 0.7867041084085256, "9222309.0--9282195.0": 0.7569584569757365, "9216595.0--9282195.0": 0.7857041960387497, "9216538.0--9282195.0": 0.766022299485334, "9216549.0--9282195.0": 0.8031357388648592, "9216559.0--9282195.0": 0.7704863419756661, "9222376.0--9282195.0": 0.7813485685824209, "9222374.0--9282195.0": 0.8378452490647148, "9224194.0--9282195.0": 0.7792571760373218, "9222254.0--9282195.0": 0.8052338738652406, "9222049.0--9282195.0": 0.8035947756377065, "9222562.0--9282195.0": 0.7613052468082588, "9226126.0--9282195.0": 0.8101549109795448, "9240062.0--9282195.0": 0.7741799536907937, "9226101.0--9282195.0": 0.7866490117614726, "9222377.0--9282195.0": 0.7303945217462794, "9233392.0--9282195.0": 0.7644773560187124, "9222093.0--9282195.0": 0.8037633248485079, "9224154.0--9282195.0": 0.755485052535023, "9240061.0--9282195.0": 0.7556581168403609, "9222512.0--9282195.0": 0.7673698710493838, "9241413.0--9282195.0": 0.7589542015285892, "9224646.0--9282195.0": 0.8365755203809533, "9222372.0--9282195.0": 0.7806470127139711, "9222253.0--9282195.0": 0.8051459792352587, "9222092.0--9282195.0": 0.7776491371575187, "9222271.0--9282195.0": 0.7975368261009665, "9230431.0--9282195.0": 0.7865136769780302, "9222076.0--9282195.0": 0.8230186164455052, "9222053.0--9282195.0": 0.782806017416, "9216532.0--9282195.0": 0.7731266300674526, "9222085.0--9282195.0": 0.7773045829073729, "9216629.0--9282195.0": 0.7718240409710251, "9282195.0--9308630.0": 0.748032376024647, "9282195.0--9308624.0": 0.7603811531579253, "9219240.0--9282195.0": 0.7694042513039163, "9216630.0--9282195.0": 0.8393307744115571, "9217981.0--9282195.0": 0.782334732239123, "9224153.0--9282195.0": 0.7544297993932676, "9282195.0--9286505.0": 0.7489719797041354, "9216512.0--9282195.0": 0.8138885606166939, "9216579.0--9282195.0": 0.7456689213953345, "9222249.0--9282195.0": 0.7700301963906448, "9222367.0--9282195.0": 0.7341984213146212, "9222325.0--9282195.0": 0.7405111348402195, "9222510.0--9282195.0": 0.7745769537500728, "9246250.0--9282195.0": 0.7532935226970241, "9282195.0--9308627.0": 0.7795632629387195, "9224186.0--9282195.0": 0.7747452443152096, "9229232.0--9282195.0": 0.7463964418019409, "9226404.0--9282195.0": 0.7836856351588597, "9282195.0--9308631.0": 0.7723772737126294, "9222255.0--9282195.0": 0.7840896083822313, "9222261.0--9282195.0": 0.7824651601478245, "9222338.0--9282195.0": 0.7709170885123465, "9222284.0--9282195.0": 0.7760953275878679, "9230430.0--9282195.0": 0.7602130263987787, "9282195.0--9308622.0": 0.7483495086733547, "9282195.0--9286903.0": 0.7035452228732288, "9234473.0--9282195.0": 0.7665061770800661, "9241426.0--9282195.0": 0.741555114683137, "9222269.0--9282195.0": 0.7878785295067794, "9237999.0--9282195.0": 0.7908508856193099, "9222072.0--9282195.0": 0.8225763116937075, "9224197.0--9282195.0": 0.760567540817568, "9246282.0--9282195.0": 0.7635193252309356, "9222314.0--9282195.0": 0.7355476894944097, "9222357.0--9282195.0": 0.7619649878943248, "9222086.0--9282195.0": 0.7376231717424757, "9222360.0--9282195.0": 0.7820509274265592, "9222065.0--9282195.0": 0.8085860134326377, "9228894.0--9282195.0": 0.8044676479542583, "9233264.0--9282195.0": 0.8212578967335683, "9222343.0--9282195.0": 0.7484788352698607, "9282195.0--9308621.0": 0.7436249199703486, "9282195.0--9308625.0": 0.8084405888982591, "9241744.0--9282195.0": 0.7856385657994582, "9282195.0--9308629.0": 0.7891255712897935, "9222068.0--9282195.0": 0.7374226354097924, "9222248.0--9282195.0": 0.82824490404521, "9222274.0--9282195.0": 0.7837803017112681, "9229116.0--9282195.0": 0.762080316662634, "9233993.0--9282195.0": 0.7677588560169617, "9282195.0--9308623.0": 0.7987730789362426, "9222553.0--9282195.0": 0.7632702718359499, "9222341.0--9282195.0": 0.8295937616502783, "9222346.0--9282195.0": 0.7602825337167186, "9282195.0--9308628.0": 0.7725950101511002, "9222294.0--9282195.0": 0.7646780162576621, "9241732.0--9282195.0": 0.7584321107478899, "9222060.0--9282195.0": 0.788407778425203, "9222280.0--9282195.0": 0.7830597442037691}