{"8440839.0--8440848.0": 0.7223504632440709, "8440848.0--8443395.0": 0.7594499183120472, "8440832.0--8440848.0": 0.7879539658030716, "8440816.0--8440848.0": 0.7424102579174989, "8440835.0--8440848.0": 0.7303311151200506, "8440818.0--8440848.0": 0.7709017188135183, "8440848.0--8440853.0": 0.7495651918695275, "8440840.0--8440848.0": 0.7463550958341731, "8440848.0--8440857.0": 0.7607594206457442, "8440848.0--8449328.0": 0.7605479084865314, "8440829.0--8440848.0": 0.7553845495327668, "8440807.0--8440848.0": 0.7500792998092043, "8440831.0--8440848.0": 0.7730419543308378, "8440848.0--8440852.0": 0.783458130285338, "8440841.0--8440848.0": 0.7432279263416546, "8440848.0--8440859.0": 0.7221542003987286, "8440821.0--8440848.0": 0.7579546623638918, "8440842.0--8440848.0": 0.7596067286342871, "8440848.0--8443131.0": 0.7478648309240985, "8440815.0--8440848.0": 0.7907400553704078, "8440848.0--8500765.0": 0.8104069942789585, "8440804.0--8440848.0": 0.7666035739770882, "8440848.0--8454276.0": 0.7550867858574992, "8440848.0--8464305.0": 0.7511741162715865, "8440848.0--8494828.0": 0.7773812504158817, "8440825.0--8440848.0": 0.7451549068361708, "8440814.0--8440848.0": 0.7462110798788675, "8440838.0--8440848.0": 0.7494651853282611, "8440848.0--8440855.0": 0.7622776941610777, "8440848.0--8454489.0": 0.7578018309668844, "8440834.0--8440848.0": 0.7592899887190816, "8440826.0--8440848.0": 0.7589007846576676, "8440823.0--8440848.0": 0.7366561884993263, "8440845.0--8440848.0": 0.7341007761212212, "8440810.0--8440848.0": 0.7798533547167736, "8440806.0--8440848.0": 0.7464177590717385, "8440817.0--8440848.0": 0.7260897804636842, "8440813.0--8440848.0": 0.7821138904852938, "8440848.0--8443125.0": 0.7169658650267683, "8440848.0--8456575.0": 0.7484466352110304, "8440848.0--8440860.0": 0.7802769861188231, "8440848.0--8454343.0": 0.7596000205051172, "8440803.0--8440848.0": 0.7741905074117438, "8440848.0--8454344.0": 0.7523202798903296, "8440848.0--8440854.0": 0.769553460751716, "8440848.0--8454346.0": 0.7574974997561374, "8440827.0--8440848.0": 0.7799669118700823, "8440836.0--8440848.0": 0.7592236562749909, "8440844.0--8440848.0": 0.755604726833176, "8440808.0--8440848.0": 0.7469917332003886, "8440837.0--8440848.0": 0.7499594764868198, "8440848.0--8440858.0": 0.7394838092112959, "8440820.0--8440848.0": 0.7351414697983472, "8440833.0--8440848.0": 0.7367100879130473, "8440848.0--8444072.0": 0.7733615836180252, "8440812.0--8440848.0": 0.7575381779535318, "8440809.0--8440848.0": 0.7627205512887729, "8440848.0--8454904.0": 0.7846566580250512, "8440846.0--8440848.0": 0.7481087352182356, "8440830.0--8440848.0": 0.7953826154139741, "8440848.0--8444077.0": 0.7534083846620521, "8440847.0--8440848.0": 0.7811311838092166, "8440848.0--8440849.0": 0.7231863206609966, "8440848.0--8443124.0": 0.7476720116973892, "8440843.0--8440848.0": 0.7329382234287187, "8440848.0--8807265.0": 0.770456405969971, "8440848.0--8816695.0": 0.7748176952992695, "8440848.0--8805426.0": 0.745555214604991, "8440848.0--8805421.0": 0.7397352302892344, "8440848.0--8812684.0": 0.7767875508042255, "8440848.0--8805461.0": 0.7380032730721018, "8440848.0--8807255.0": 0.7585749607260297, "8440848.0--8805460.0": 0.7618638714606578, "8440848.0--8807292.0": 0.778269403565191, "8440848.0--8807354.0": 0.7546953620459702, "8440848.0--8809711.0": 0.7820374698522425, "8440848.0--8805422.0": 0.7379690216183086, "8440848.0--8805424.0": 0.7525995063632855, "8440848.0--8794517.0": 0.7188300054218658, "8440848.0--8805451.0": 0.7358582992472964, "8440848.0--8807223.0": 0.7165930325345686, "8440848.0--8794560.0": 0.7506485359944435, "8440848.0--8481543.0": 0.7365352750210491, "8440848.0--8802285.0": 0.6978262976541065, "8440848.0--8807245.0": 0.7541514305499439, "8440848.0--8805456.0": 0.7249535923788126, "8440848.0--8827944.0": 0.760697638340585, "8440848.0--8807296.0": 0.7518918025537416, "8440848.0--8827951.0": 0.7065422404359691, "8440848.0--8854335.0": 0.7387583849436429, "8440848.0--8805446.0": 0.7455022732840306, "8440848.0--8805436.0": 0.7378793536921386, "8440848.0--8805433.0": 0.7587329831360682, "8440848.0--8546802.0": 0.7457461758221694, "8440848.0--8805427.0": 0.7375918945861842, "8440848.0--8836120.0": 0.7460638268415036, "8440848.0--8794768.0": 0.7333888303268792, "8440848.0--8809750.0": 0.7480802357975813, "8440848.0--8820172.0": 0.748369813628461, "8440848.0--8476234.0": 0.7684354367448358, "8440848.0--8807314.0": 0.7451744314256863, "8440848.0--8794520.0": 0.7313097099811102, "8440848.0--8805452.0": 0.7758627687575481, "8440848.0--8805462.0": 0.7407760144711095, "8440848.0--8807275.0": 0.7755274499404169, "8419285.0--8440848.0": 0.7373453128783504, "8440848.0--8807379.0": 0.7596481358039545, "8440848.0--8807234.0": 0.7650974229207563, "8423100.0--8440848.0": 0.7612576282306954, "8440848.0--8805455.0": 0.695106298551194, "8440848.0--8727493.0": 0.7327267921296362, "8440848.0--8807369.0": 0.7456161392611862, "8440848.0--8532319.0": 0.7449937065957384, "8419325.0--8440848.0": 0.7238300705948258, "8440848.0--8805430.0": 0.7669601098980947, "8440848.0--8807301.0": 0.7837760125367544, "8440848.0--8713940.0": 0.773789102476431, "8440848.0--8637795.0": 0.7491186056797251, "7999244.0--8440848.0": 0.7411562292541475, "8440848.0--8805439.0": 0.757160541470155, "8440848.0--8805428.0": 0.7481230025076422, "8440848.0--8809223.0": 0.7541639813671603, "8440848.0--8795584.0": 0.749704741154277, "8440848.0--8807264.0": 0.753412885280645, "8440848.0--8805431.0": 0.7253026714583527, "8440848.0--8453863.0": 0.7254301257572325, "8400404.0--8440848.0": 0.7350381852288915, "8440848.0--8809834.0": 0.7319660780989872, "8440848.0--8663447.0": 0.7056620191082869, "8440848.0--8807213.0": 0.7484040811932877, "8440848.0--8640251.0": 0.750896474774741, "8440848.0--8807220.0": 0.7742140382050995, "8440848.0--8617736.0": 0.7682208535101885, "8440848.0--8617746.0": 0.7503585164840549, "8440848.0--8640072.0": 0.771881181166922, "8440848.0--8636208.0": 0.7604527031008862, "8440848.0--8805458.0": 0.7428498143395774, "8440848.0--8807271.0": 0.7998600764601194, "8440848.0--8809678.0": 0.7608194329124707, "8440848.0--8807226.0": 0.801211224489478, "8440848.0--8805467.0": 0.7688470993846188, "8440848.0--8611113.0": 0.7686208571644081, "8440848.0--8854316.0": 0.7327783000509499, "8440848.0--8794607.0": 0.7660672991580467, "8440848.0--8805418.0": 0.7367187240262797, "8440848.0--8836087.0": 0.7557723328691884, "8440848.0--8807283.0": 0.7586119206481718, "8440848.0--8820171.0": 0.765716776871285, "8440848.0--8807288.0": 0.7552822517913801, "8440848.0--8807302.0": 0.7375411865594959, "8440848.0--8805466.0": 0.7982324413701675, "8440848.0--8807351.0": 0.7336039683570958, "8440848.0--8805420.0": 0.7387656604190866, "8440848.0--8807299.0": 0.7760521467966974, "8440848.0--8812988.0": 0.7519450043300163, "8440848.0--8807294.0": 0.7581097394214216, "8440848.0--8805434.0": 0.7811725916191309, "8440848.0--8732351.0": 0.7554665956296801, "8440848.0--8807232.0": 0.7307367580199347, "8419271.0--8440848.0": 0.76272457278083, "8440848.0--8625484.0": 0.7870333298812717, "8440848.0--8807349.0": 0.8082910459806513, "8440848.0--8809730.0": 0.7736719725766165, "8440848.0--8730513.0": 0.7853331982274401, "8440848.0--8809833.0": 0.7907677451829057, "8440848.0--8523628.0": 0.7320921206678789, "8434356.0--8440848.0": 0.7316044488135095, "8440848.0--8807303.0": 0.7380856737616832, "8440848.0--8811606.0": 0.716500464875365, "8440848.0--8807244.0": 0.7227587392802624, "8440848.0--8490694.0": 0.7496964558778492, "8440848.0--8809844.0": 0.7297002885230852, "8440848.0--8809850.0": 0.7309824465357465, "8440848.0--8805445.0": 0.7210480686294441, "8412138.0--8440848.0": 0.7285046374873969, "8440848.0--8807247.0": 0.7124101136644511, "8440848.0--8848845.0": 0.7594774869470177, "8440848.0--8695851.0": 0.7268175947174564, "8440848.0--8713907.0": 0.7373951911106753, "8440848.0--8809847.0": 0.7498458382059067, "8440848.0--8727480.0": 0.7400190131787912, "8440848.0--8706590.0": 0.7153298299057946,