{"8440829.0--8449328.0": 0.8020727109117347, "8440807.0--8449328.0": 0.7580421073414914, "8440831.0--8449328.0": 0.8051778402116674, "8440852.0--8449328.0": 0.8082454609859602, "8440841.0--8449328.0": 0.7793047162123053, "8440859.0--8449328.0": 0.7736722900264963, "8440821.0--8449328.0": 0.7828829593148022, "8440842.0--8449328.0": 0.7941374148026068, "8443131.0--8449328.0": 0.7823080981453984, "8440815.0--8449328.0": 0.8253454594209106, "8449328.0--8500765.0": 0.8128769327333344, "8440804.0--8449328.0": 0.7747323074028493, "8449328.0--8454276.0": 0.7809830823718433, "8449328.0--8464305.0": 0.7985442973110426, "8449328.0--8494828.0": 0.7749036874976911, "8440825.0--8449328.0": 0.7849216743985299, "8440814.0--8449328.0": 0.8070377905565814, "8440838.0--8449328.0": 0.7993972026014116, "8440855.0--8449328.0": 0.8117488742876837, "8449328.0--8454489.0": 0.8157869673008671, "8440834.0--8449328.0": 0.7898364356416748, "8440826.0--8449328.0": 0.8051255521637575, "8440823.0--8449328.0": 0.7740386750509279, "8440845.0--8449328.0": 0.785825073452257, "8440810.0--8449328.0": 0.8043563978383774, "8440806.0--8449328.0": 0.766432372140238, "8440817.0--8449328.0": 0.7704010533360207, "8440813.0--8449328.0": 0.7968079858573426, "8443125.0--8449328.0": 0.7662329573321952, "8449328.0--8456575.0": 0.7830369348094317, "8440860.0--8449328.0": 0.8013884036850218, "8449328.0--8454343.0": 0.8219576654858984, "8440803.0--8449328.0": 0.7905976036013611, "8449328.0--8454344.0": 0.7734194011504312, "8440854.0--8449328.0": 0.8040622307253835, "8449328.0--8454346.0": 0.816512527066168, "8440827.0--8449328.0": 0.7756807587571591, "8440836.0--8449328.0": 0.7804390657782363, "8440844.0--8449328.0": 0.7987076516148709, "8440808.0--8449328.0": 0.7720754837667907, "8440837.0--8449328.0": 0.8011901070534865, "8440858.0--8449328.0": 0.7814943705874088, "8440820.0--8449328.0": 0.7898568090133764, "8440833.0--8449328.0": 0.7755634197325528, "8444072.0--8449328.0": 0.7789047975126199, "8440812.0--8449328.0": 0.8026602124546509, "8440809.0--8449328.0": 0.8320224280008468, "8449328.0--8454904.0": 0.8107089848902944, "8440846.0--8449328.0": 0.7748173145519304, "8440830.0--8449328.0": 0.7971716859593012, "8444077.0--8449328.0": 0.78108312754109, "8440847.0--8449328.0": 0.8468690011674995, "8440849.0--8449328.0": 0.7984080316417662, "8443124.0--8449328.0": 0.7763045093204216, "8440843.0--8449328.0": 0.7735525537211814, "8449328.0--8807265.0": 0.7829424036255456, "8449328.0--8816695.0": 0.8188089443941774, "8449328.0--8805426.0": 0.7775203808262043, "8449328.0--8805421.0": 0.7835244722608016, "8449328.0--8812684.0": 0.8054239513474895, "8449328.0--8805461.0": 0.7903053908795753, "8449328.0--8807255.0": 0.7972380929258138, "8449328.0--8805460.0": 0.8031419709287443, "8449328.0--8807292.0": 0.8262844492588851, "8449328.0--8807354.0": 0.796677771020573, "8449328.0--8809711.0": 0.8274097654967554, "8449328.0--8805422.0": 0.8318225415937609, "8449328.0--8805424.0": 0.7945729457086212, "8449328.0--8794517.0": 0.7632949068498515, "8449328.0--8805451.0": 0.7642925627064739, "8449328.0--8807223.0": 0.7502236658704238, "8449328.0--8794560.0": 0.7798882796561526, "8449328.0--8481543.0": 0.7729983194193923, "8449328.0--8802285.0": 0.7320951664661123, "8449328.0--8807245.0": 0.7816351369295398, "8449328.0--8805456.0": 0.7544344836972046, "8449328.0--8827944.0": 0.7627439137576048, "8449328.0--8807296.0": 0.7733464008987259, "8449328.0--8827951.0": 0.75598677466752, "8449328.0--8854335.0": 0.7658941568185891, "8449328.0--8805446.0": 0.7731041081266663, "8449328.0--8805436.0": 0.7862368679829115, "8449328.0--8805433.0": 0.7611948016301191, "8449328.0--8546802.0": 0.7908372268773036, "8449328.0--8805427.0": 0.8071887637006574, "8449328.0--8836120.0": 0.8168626993206581, "8449328.0--8794768.0": 0.7959818068879767, "8449328.0--8809750.0": 0.7629916565070406, "8449328.0--8820172.0": 0.8105305092126897, "8449328.0--8476234.0": 0.8437127185455907, "8449328.0--8807314.0": 0.7556890224037869, "8449328.0--8794520.0": 0.8002370980493922, "8449328.0--8805452.0": 0.7953194630804523, "8449328.0--8805462.0": 0.7860452374971801, "8449328.0--8807275.0": 0.7716910514838202, "8419285.0--8449328.0": 0.7593907852261926, "8449328.0--8807379.0": 0.7759008036194524, "8449328.0--8807234.0": 0.8012451048891177, "8423100.0--8449328.0": 0.7784938487622256, "8449328.0--8805455.0": 0.7625927358196075, "8449328.0--8727493.0": 0.7531392211154178, "8449328.0--8807369.0": 0.7390866706162333, "8449328.0--8532319.0": 0.7650303816340971, "8419325.0--8449328.0": 0.7612624290189216, "8449328.0--8805430.0": 0.8116445161989541, "8449328.0--8807301.0": 0.8052188922088446, "8449328.0--8713940.0": 0.8108556133909821, "8449328.0--8637795.0": 0.7942757110669836, "7999244.0--8449328.0": 0.7912190298467119, "8449328.0--8805439.0": 0.7965630871831066, "8449328.0--8805428.0": 0.7893591991076149, "8449328.0--8809223.0": 0.8007510961999318, "8449328.0--8795584.0": 0.7843367496300575, "8449328.0--8807264.0": 0.7605776996742799, "8449328.0--8805431.0": 0.7729471722214892, "8449328.0--8453863.0": 0.7612893309988942, "8400404.0--8449328.0": 0.7780022785294792, "8449328.0--8809834.0": 0.7885897917582287, "8449328.0--8663447.0": 0.7729860663365777, "8449328.0--8807213.0": 0.8335234770308856, "8449328.0--8640251.0": 0.7877052150836656, "8449328.0--8807220.0": 0.8153121277084707, "8449328.0--8617736.0": 0.8039925653470632, "8449328.0--8617746.0": 0.7613297024782942, "8449328.0--8640072.0": 0.8063491221234529, "8449328.0--8636208.0": 0.7862918651670365, "8449328.0--8805458.0": 0.8064405094757822, "8449328.0--8807271.0": 0.8068761397803139, "8449328.0--8809678.0": 0.7935463242487598, "8449328.0--8807226.0": 0.8264303506676961, "8449328.0--8805467.0": 0.8290816620935947, "8449328.0--8611113.0": 0.7951007496057669, "8449328.0--8854316.0": 0.7895536351447089, "8449328.0--8794607.0": 0.7972878248648536, "8449328.0--8805418.0": 0.766134414568779, "8449328.0--8836087.0": 0.7972311006118695, "8449328.0--8807283.0": 0.7973230983970687, "8449328.0--8820171.0": 0.792050464851719, "8449328.0--8807288.0": 0.7678661143205141, "8449328.0--8807302.0": 0.757206156140034, "8449328.0--8805466.0": 0.7732770862067071, "8449328.0--8807351.0": 0.8037016452066125, "8449328.0--8805420.0": 0.8111893839388902, "8449328.0--8807299.0": 0.8191372603936307, "8449328.0--8812988.0": 0.81268896330703, "8449328.0--8807294.0": 0.7755929532452441, "8449328.0--8805434.0": 0.8163052908144355, "8449328.0--8732351.0": 0.7614031863706947, "8449328.0--8807232.0": 0.7955113431135319, "8419271.0--8449328.0": 0.7422648498915608, "8449328.0--8625484.0": 0.7956521786303912, "8449328.0--8807349.0": 0.8145501319213105, "8449328.0--8809730.0": 0.7759140519856411, "8449328.0--8730513.0": 0.7924067215790032, "8449328.0--8809833.0": 0.7886604072852522, "8449328.0--8523628.0": 0.7598178126184904, "8434356.0--8449328.0": 0.7797029904345348, "8449328.0--8807303.0": 0.7930467719747833, "8449328.0--8811606.0": 0.7506582823949228, "8449328.0--8807244.0": 0.7781043163593894, "8449328.0--8490694.0": 0.7967391562292575, "8449328.0--8809844.0": 0.788471394767824, "8449328.0--8809850.0": 0.816164176170991, "8449328.0--8805445.0": 0.7839518760580293, "8412138.0--8449328.0": 0.7725802163992835, "8449328.0--8807247.0": 0.7894718248500527, "8449328.0--8848845.0": 0.7872064770742806, "8449328.0--8695851.0": 0.7895564658217213, "8449328.0--8713907.0": 0.8126475060399256, "8449328.0--8809847.0": 0.7913368587236771, "8449328.0--8727480.0": 0.7954028548975398, "8449328.0--8706590.0": 0.7776124076224673, "8449328.0--8735916.0": 0.7966367245032488, "8449328.0--8474512.0": 0.7758113218691953, "8449328.0--8809845.0": 0.7714407379515658, "8449328.0--8540796.0": 0.806322963335819, "8449328.0--8807233.0": 0.8094531174988346, "8449328.0--8617747.0": 0.7477444260569548, "8449328.0--8474486.0": 0.8026661024137498, "8449328.0--8474516.0": 0.8098194069151442, "8449328.0--8663650.0": 0.7648438612809332, "8449328.0--8663646.0": 0.7662028917786123,