{"8625484.0--8807349.0": 0.8125658375625856, "8625484.0--8809730.0": 0.8153836482349637, "8625484.0--8730513.0": 0.8275903954868484, "8625484.0--8809833.0": 0.8227673832516488, "8523628.0--8625484.0": 0.7701742358395137, "8434356.0--8625484.0": 0.7611243527340665, "8625484.0--8807303.0": 0.7877190527855318, "8625484.0--8811606.0": 0.7717965805662507, "8625484.0--8807244.0": 0.7808132659378892, "8490694.0--8625484.0": 0.7826534137947423, "8625484.0--8809844.0": 0.751461930135551, "8625484.0--8809850.0": 0.7877206121924671, "8625484.0--8805445.0": 0.7548224776379002, "8412138.0--8625484.0": 0.7751989701791798, "8625484.0--8807247.0": 0.7408649556717387, "8625484.0--8848845.0": 0.7633414498688806, "8625484.0--8695851.0": 0.7997559218807883, "8625484.0--8713907.0": 0.8028349213996919, "8625484.0--8809847.0": 0.7956115422957626, "8625484.0--8727480.0": 0.8182944800949854, "8625484.0--8706590.0": 0.7730398497187458, "8625484.0--8735916.0": 0.8178403765577935, "8474512.0--8625484.0": 0.7847098038684535, "8625484.0--8809845.0": 0.7507615004177418, "8540796.0--8625484.0": 0.8090511594527111, "8625484.0--8807233.0": 0.8150628668944404, "8617747.0--8625484.0": 0.7572232961117485, "8474486.0--8625484.0": 0.8051786308306056, "8474516.0--8625484.0": 0.8157297774406342, "8625484.0--8663650.0": 0.7897547685797636, "8625484.0--8663646.0": 0.8227572212751603, "8625484.0--8794553.0": 0.7856907092192646, "8625484.0--8863966.0": 0.7790420453704231, "8525340.0--8625484.0": 0.7443700107717898, "8625484.0--8805448.0": 0.8010996381811463, "8405549.0--8625484.0": 0.7955592677102817, "8611178.0--8625484.0": 0.7724208436257431, "8625484.0--8827593.0": 0.778102315153612, "8625484.0--8805463.0": 0.7748156382782012, "8625484.0--8805457.0": 0.8358906557071503, "8625484.0--8805442.0": 0.7742898558587992, "8625484.0--8807266.0": 0.8015753084279963, "8625484.0--8813126.0": 0.8157151173883208, "8585103.0--8625484.0": 0.8005835012670663, "8625484.0--8807235.0": 0.7871693637264541, "8585048.0--8625484.0": 0.8325254940724255, "8625484.0--8809843.0": 0.758120990648106, "8625484.0--8809842.0": 0.767126399307047, "8625484.0--8842614.0": 0.7751620510980929, "8625484.0--8805441.0": 0.739901355452243, "8625484.0--8809920.0": 0.7431374350840314, "8625484.0--8663312.0": 0.7895165348100974, "8477126.0--8625484.0": 0.8183861984035917, "8625484.0--8807224.0": 0.8142243852088942, "8625484.0--8807355.0": 0.7613015289807554, "8625484.0--8807320.0": 0.7917476722597347, "8625484.0--8665933.0": 0.7820415352260504, "8625484.0--8845772.0": 0.7794305180401412, "8625484.0--8812989.0": 0.821980555986919, "8625484.0--8636969.0": 0.784453496844548, "8625484.0--8805450.0": 0.7588603288480671, "8625484.0--8807243.0": 0.7755586197971538, "8625484.0--8805443.0": 0.7932071875006784, "8625484.0--8673661.0": 0.8077894292835766, "8625484.0--8805419.0": 0.7599633656668486, "8451903.0--8625484.0": 0.7691626168867978, "8625484.0--8805429.0": 0.8121054675709736, "8625484.0--8809846.0": 0.7960383612471941, "8625484.0--8809832.0": 0.7915086097356803, "8413174.0--8625484.0": 0.77749193792056, "8494817.0--8625484.0": 0.7573738231468454, "8625484.0--8637778.0": 0.7409469903387405, "8625484.0--8809742.0": 0.7943027207300651, "8625484.0--8807280.0": 0.8263144899975965, "8625484.0--8807274.0": 0.8335249337545251, "8625484.0--9216586.0": 0.779564254470982, "8625484.0--9237132.0": 0.8193605820397396, "8625484.0--9216572.0": 0.7873279149340942, "8625484.0--9217952.0": 0.8044937496691296, "8625484.0--9217931.0": 0.8244188028115892, "8625484.0--9216507.0": 0.7921840553110896, "8625484.0--9222368.0": 0.8236467686549993, "8625484.0--9220137.0": 0.8071375198616244, "8625484.0--9233460.0": 0.781396175293869, "8625484.0--9222263.0": 0.7659047480877181, "8625484.0--9293003.0": 0.7986825876707242, "8625484.0--9222102.0": 0.8476191950863368, "8625484.0--9222323.0": 0.785449495128377, "8625484.0--9222287.0": 0.783663468966747, "8625484.0--9223736.0": 0.7978533339822816, "8625484.0--9224191.0": 0.7909477441690522, "8625484.0--9222251.0": 0.8062208980467209, "8625484.0--9229242.0": 0.8042690547682629, "8625484.0--9282195.0": 0.7752621719097157, "8625484.0--9222098.0": 0.7930905516698976, "8625484.0--9234027.0": 0.7842600899990294, "8625484.0--9246308.0": 0.8168321527568805, "8625484.0--9240072.0": 0.791620411107936, "8625484.0--9222353.0": 0.7873743931241953, "8625484.0--9222293.0": 0.8048650865573328, "8625484.0--9222089.0": 0.8027492017075982, "8625484.0--9228893.0": 0.8012761886276392, "8625484.0--9224192.0": 0.7944554386407238, "8625484.0--9222289.0": 0.8115138031004276, "8625484.0--9222038.0": 0.7905734227800278, "8625484.0--9229072.0": 0.8077163263580353, "8625484.0--9222295.0": 0.8011198984373914, "8625484.0--9222342.0": 0.8131506359029567, "8625484.0--9241407.0": 0.7743078804277654, "8625484.0--9288884.0": 0.79934092162072, "8625484.0--9222351.0": 0.7908821773988762, "8625484.0--9223669.0": 0.7900993450073288, "8625484.0--9222315.0": 0.7633589190642118, "8625484.0--9222335.0": 0.8121988228536274, "8625484.0--9222327.0": 0.7956858927144156, "8625484.0--9233469.0": 0.7940055164877563, "8625484.0--9226461.0": 0.7828360223811572, "8625484.0--9238508.0": 0.8189012771520784, "8625484.0--9222266.0": 0.7887403755664657, "8625484.0--9225008.0": 0.8198965805985761, "8625484.0--9290431.0": 0.8105080319631334, "8625484.0--9239918.0": 0.8116002292581004, "8625484.0--9231271.0": 0.7794688489826913, "8625484.0--9222313.0": 0.7890931043180359, "8625484.0--9231268.0": 0.7818357786257174, "8625484.0--9222035.0": 0.7641391974804335, "8625484.0--9222091.0": 0.8341571488340518, "8625484.0--9229515.0": 0.7816242050643609, "8625484.0--9222301.0": 0.8015863304647173, "8625484.0--9222358.0": 0.8184257850649624, "8625484.0--9229135.0": 0.861315560200905, "8625484.0--9222047.0": 0.7920602355993178, "8625484.0--9222272.0": 0.8201162892748117, "8625484.0--9222110.0": 0.8130612360317144, "8625484.0--9222364.0": 0.7958977272781915, "8625484.0--9222088.0": 0.8035094730797306, "8625484.0--9216518.0": 0.8165414145100072, "8625484.0--9222309.0": 0.7809238235450012, "8625484.0--9216595.0": 0.7980231608303597, "8625484.0--9216538.0": 0.7678757266393391, "8625484.0--9216549.0": 0.7820067009633467, "8625484.0--9216559.0": 0.8130370849080477, "8625484.0--9222376.0": 0.7483809701202678, "8625484.0--9222374.0": 0.8080019583268391, "8625484.0--9224194.0": 0.7775538382504553, "8625484.0--9222254.0": 0.8250311534718388, "8625484.0--9222049.0": 0.7823540581886415, "8625484.0--9222562.0": 0.7725755524046463, "8625484.0--9226126.0": 0.7634100665118366, "8625484.0--9240062.0": 0.7932543099387762, "8625484.0--9226101.0": 0.7822854390482141, "8625484.0--9222377.0": 0.7462119734597927, "8625484.0--9233392.0": 0.8146655715276061, "8625484.0--9222093.0": 0.7744248436053507, "8625484.0--9224154.0": 0.746163991081406, "8625484.0--9240061.0": 0.7801477734874007, "8625484.0--9222512.0": 0.7798450504832009, "8625484.0--9241413.0": 0.7782081013731541, "8625484.0--9224646.0": 0.7648178788295764, "8625484.0--9222372.0": 0.7450052163601204, "8625484.0--9222253.0": 0.7772263300071565, "8625484.0--9222092.0": 0.8041497483888977, "8625484.0--9222271.0": 0.7951621504567113, "8625484.0--9230431.0": 0.790208581344684, "8625484.0--9222076.0": 0.8050278193080401, "8625484.0--9222053.0": 0.7778651839538298, "8625484.0--9216532.0": 0.805675927594097, "8625484.0--9222085.0": 0.793872564968326, "8625484.0--9216629.0": 0.8376024815815071, "8625484.0--9308630.0": 0.7970203574653634, "8625484.0--9308624.0": 0.7776652910422457, "8625484.0--9219240.0": 0.8027333193944483, "8625484.0--9216630.0": 0.785934524623702, "8625484.0--9217981.0": 0.7854918601966387, "8625484.0--9224153.0": 0.7946810952542249, "8625484.0--9286505.0": 0.7896857697438286, "8625484.0--9216512.0": 0.8104569931850252, "8625484.0--9216579.0": 0.7810097568427621, "8625484.0--9222249.0": 0.794157875477445, "8625484.0--9222367.0": 0.8066843679539942, "8625484.0--9222325.0": 0.782137660806519, "8625484.0--9222510.0": 0.7911136322206279,