{"9222255.0--9222261.0": 0.7966436009815099, "9222255.0--9222338.0": 0.7961614269480319, "9222255.0--9222284.0": 0.8429528397354104, "9222255.0--9230430.0": 0.8214682444384352, "9222255.0--9308622.0": 0.7695779719121855, "9222255.0--9286903.0": 0.7441624650960635, "9222255.0--9234473.0": 0.7790696788861605, "9222255.0--9241426.0": 0.8145319900418712, "9222255.0--9222269.0": 0.8136704915683337, "9222255.0--9237999.0": 0.8145503573109976, "9222072.0--9222255.0": 0.7953998671022801, "9222255.0--9224197.0": 0.789381973170184, "9222255.0--9246282.0": 0.8152328300261934, "9222255.0--9222314.0": 0.7798399644957437, "9222255.0--9222357.0": 0.803004765927045, "9222086.0--9222255.0": 0.7858224829243619, "9222255.0--9222360.0": 0.8009937335203441, "9222065.0--9222255.0": 0.7621833725358447, "9222255.0--9228894.0": 0.8262608465762847, "9222255.0--9233264.0": 0.8171479019983442, "9222255.0--9222343.0": 0.8160391848731823, "9222255.0--9308621.0": 0.7869739825945573, "9222255.0--9308625.0": 0.8047514593535661, "9222255.0--9241744.0": 0.7921627313192896, "9222255.0--9308629.0": 0.7707933784284634, "9222068.0--9222255.0": 0.780535794123213, "9222248.0--9222255.0": 0.7843841866645966, "9222255.0--9222274.0": 0.7816523799867382, "9222255.0--9229116.0": 0.8090875010543288, "9222255.0--9233993.0": 0.785191488388404, "9222255.0--9308623.0": 0.8063704265148947, "9222255.0--9222553.0": 0.787598925955342, "9222255.0--9222341.0": 0.8652280038805658, "9222255.0--9222346.0": 0.7944686701078054, "9222255.0--9308628.0": 0.8146675414104135, "9222255.0--9222294.0": 0.7982657769952668, "9222255.0--9241732.0": 0.7965430208949986, "9222060.0--9222255.0": 0.8321716437452832, "9222255.0--9222280.0": 0.826927372061429}