{"9222072.0--9237999.0": 0.8324152568114466, "9224197.0--9237999.0": 0.7986578561044433, "9237999.0--9246282.0": 0.8242733969259067, "9222314.0--9237999.0": 0.7936843041671754, "9222357.0--9237999.0": 0.8011276391786355, "9222086.0--9237999.0": 0.8009688186706356, "9222360.0--9237999.0": 0.8319349293848077, "9222065.0--9237999.0": 0.8232746758502978, "9228894.0--9237999.0": 0.8314706399597935, "9233264.0--9237999.0": 0.8170924861952402, "9222343.0--9237999.0": 0.807585814633704, "9237999.0--9308621.0": 0.7899467076435354, "9237999.0--9308625.0": 0.8351139810194975, "9237999.0--9241744.0": 0.831221831882853, "9237999.0--9308629.0": 0.8195722269586119, "9222068.0--9237999.0": 0.7799694092373992, "9222248.0--9237999.0": 0.8102438722647438, "9222274.0--9237999.0": 0.8160757869798314, "9229116.0--9237999.0": 0.8499512803602005, "9233993.0--9237999.0": 0.7958981132954908, "9237999.0--9308623.0": 0.8180809067274537, "9222553.0--9237999.0": 0.7998725397758224, "9222341.0--9237999.0": 0.840853623144179, "9222346.0--9237999.0": 0.8091664168354892, "9237999.0--9308628.0": 0.8122724498406801, "9222294.0--9237999.0": 0.8039048682592521, "9237999.0--9241732.0": 0.8068865175145316, "9222060.0--9237999.0": 0.8210180952459493, "9222280.0--9237999.0": 0.8412921698263232}