{"8585721.0--8585733.0": 0.7920072190870704, "8454906.0--8585733.0": 0.7596078803140245, "8457259.0--8585733.0": 0.7930568969532901, "8440091.0--8585733.0": 0.8049480956839912, "8440097.0--8585733.0": 0.7591396692606879, "8440049.0--8585733.0": 0.7907406864774567, "8440034.0--8585733.0": 0.7563165779228351, "8454905.0--8585733.0": 0.797934405599768, "8440039.0--8585733.0": 0.7622759274032117, "8440086.0--8585733.0": 0.7676926354253254, "8445644.0--8585733.0": 0.7645630528118854, "8494830.0--8585733.0": 0.7660521843607713, "8440038.0--8585733.0": 0.7753765429391012, "8440110.0--8585733.0": 0.7819734266077459, "8440109.0--8585733.0": 0.7740618277902631, "8453873.0--8585733.0": 0.7571299090591492, "8440115.0--8585733.0": 0.8029364255347498, "8467383.0--8585733.0": 0.7697305726839054, "8440120.0--8585733.0": 0.7612814603026862, "8440076.0--8585733.0": 0.7522633358833297, "8440043.0--8585733.0": 0.7657686489883069, "8467535.0--8585733.0": 0.8247837530798189, "8440121.0--8585733.0": 0.7993546565628671, "8440044.0--8585733.0": 0.7609474276124267, "8440089.0--8585733.0": 0.7561988092797362, "8440052.0--8585733.0": 0.7689823343956195, "8440085.0--8585733.0": 0.8173929216707745, "8440070.0--8585733.0": 0.7683150342352946, "8440048.0--8585733.0": 0.7851688395814973, "8440118.0--8585733.0": 0.7631317925393084, "8440081.0--8585733.0": 0.7808564539256126, "8440102.0--8585733.0": 0.8297033328480515, "8440080.0--8585733.0": 0.7941904300360869, "8440096.0--8585733.0": 0.7405240960526596, "8440124.0--8585733.0": 0.792605796271719, "8440063.0--8585733.0": 0.7845220538321906, "8440037.0--8585733.0": 0.7406057686446494, "8440040.0--8585733.0": 0.7674645533580271, "8440056.0--8585733.0": 0.7703977356946324, "8440116.0--8585733.0": 0.7860727335118003, "8444102.0--8585733.0": 0.772008738858277, "8440824.0--8585733.0": 0.7738942868033766, "8493612.0--8585733.0": 0.7603613780990606, "8440850.0--8585733.0": 0.7973549005079039, "8456856.0--8585733.0": 0.8037888541464695, "8447439.0--8585733.0": 0.7819297611174302, "8440805.0--8585733.0": 0.7752060166293399, "8440811.0--8585733.0": 0.7740514867927434, "8440856.0--8585733.0": 0.8124054551895541, "8440822.0--8585733.0": 0.7898017816605523, "8440828.0--8585733.0": 0.777547835038596, "8440851.0--8585733.0": 0.8082102943858833, "8457476.0--8585733.0": 0.8080177133884006, "8440848.0--8585733.0": 0.7783485443166962, "8440839.0--8585733.0": 0.8014827550363383, "8443395.0--8585733.0": 0.7795841244494098, "8440832.0--8585733.0": 0.781206505477302, "8440816.0--8585733.0": 0.7775404378189152, "8440835.0--8585733.0": 0.7897840653758784, "8440818.0--8585733.0": 0.8048211432421271, "8440853.0--8585733.0": 0.7806713564877912, "8440840.0--8585733.0": 0.812824471738985, "8440857.0--8585733.0": 0.7965397749278441, "8449328.0--8585733.0": 0.7914217804004909, "8440829.0--8585733.0": 0.8280436219197811, "8440807.0--8585733.0": 0.7906870260517178, "8440831.0--8585733.0": 0.8284556816156193, "8440852.0--8585733.0": 0.7969147778270556, "8440841.0--8585733.0": 0.7913592909357908, "8440859.0--8585733.0": 0.7751243483619786, "8440821.0--8585733.0": 0.7943728916054507, "8440842.0--8585733.0": 0.7879953307117041, "8443131.0--8585733.0": 0.7745627849303215, "8440815.0--8585733.0": 0.8150917332063888, "8500765.0--8585733.0": 0.8244637920272297, "8440804.0--8585733.0": 0.8067567218992304, "8454276.0--8585733.0": 0.816990774055242, "8464305.0--8585733.0": 0.7941497628053473, "8494828.0--8585733.0": 0.8024221473257864, "8440825.0--8585733.0": 0.7864702233592984, "8440814.0--8585733.0": 0.811019266212436, "8440838.0--8585733.0": 0.8128763635527181, "8440855.0--8585733.0": 0.7754006815096122, "8454489.0--8585733.0": 0.8085432727130093, "8440834.0--8585733.0": 0.7435315598182168, "8440826.0--8585733.0": 0.7961775739620088, "8440823.0--8585733.0": 0.7719967512863641, "8440845.0--8585733.0": 0.8054873471877257, "8440810.0--8585733.0": 0.7835524209691241, "8440806.0--8585733.0": 0.776613294131757, "8440817.0--8585733.0": 0.7629455458384468, "8440813.0--8585733.0": 0.8043972300903597, "8443125.0--8585733.0": 0.7663204730930168, "8456575.0--8585733.0": 0.8223031918432343, "8440860.0--8585733.0": 0.8119825304703331, "8454343.0--8585733.0": 0.8054173018687065, "8440803.0--8585733.0": 0.7966425707002449, "8454344.0--8585733.0": 0.7920221792040131, "8440854.0--8585733.0": 0.8146836214260926, "8454346.0--8585733.0": 0.7747039013227179, "8440827.0--8585733.0": 0.7922343334057983, "8440836.0--8585733.0": 0.7853169212045503, "8440844.0--8585733.0": 0.7864931734295468, "8440808.0--8585733.0": 0.7900616487727696, "8440837.0--8585733.0": 0.78036834671271, "8440858.0--8585733.0": 0.7694858699087865, "8440820.0--8585733.0": 0.781385087858038, "8440833.0--8585733.0": 0.7721827609624277, "8444072.0--8585733.0": 0.7808104919216098, "8440812.0--8585733.0": 0.8081180634911651, "8440809.0--8585733.0": 0.802536312711724, "8454904.0--8585733.0": 0.8192992683971827, "8440846.0--8585733.0": 0.7738912976836635, "8440830.0--8585733.0": 0.7884772583372099, "8444077.0--8585733.0": 0.7870419629633071, "8440847.0--8585733.0": 0.828513435986572, "8440849.0--8585733.0": 0.795996875505474, "8443124.0--8585733.0": 0.7614783158970307, "8440843.0--8585733.0": 0.7875125700129727, "8585733.0--8807265.0": 0.7874598342001597, "8585733.0--8816695.0": 0.7932443207984365, "8585733.0--8805426.0": 0.7714717126364312, "8585733.0--8805421.0": 0.8227561491726191, "8585733.0--8812684.0": 0.7804626496203348, "8585733.0--8805461.0": 0.7944616496812045, "8585733.0--8807255.0": 0.8003949432806448, "8585733.0--8805460.0": 0.7898400612599136, "8585733.0--8807292.0": 0.7875910215530163, "8585733.0--8807354.0": 0.8119964672649759, "8585733.0--8809711.0": 0.8149923016019798, "8585733.0--8805422.0": 0.7526889077896624, "8585733.0--8805424.0": 0.7565718638106533, "8585733.0--8794517.0": 0.7644279447135728, "8585733.0--8805451.0": 0.7775884707587317, "8585733.0--8807223.0": 0.7707396078520989, "8585733.0--8794560.0": 0.7631223090415215, "8481543.0--8585733.0": 0.7513634489751144, "8585733.0--8802285.0": 0.7542162413045808, "8585733.0--8807245.0": 0.7930684180614127, "8585733.0--8805456.0": 0.7720149268526163, "8585733.0--8827944.0": 0.7977995242549847, "8585733.0--8807296.0": 0.7596769082300001, "8585733.0--8827951.0": 0.772111653622069, "8585733.0--8854335.0": 0.7961846718575458, "8585733.0--8805446.0": 0.7567478191178402, "8585733.0--8805436.0": 0.8008371759485522, "8585733.0--8805433.0": 0.7724284074288372, "8546802.0--8585733.0": 0.784177279775625, "8585733.0--8805427.0": 0.7687005957845174, "8585733.0--8836120.0": 0.7782241576968256, "8585733.0--8794768.0": 0.7886681671375605, "8585733.0--8809750.0": 0.7749206299763168, "8585733.0--8820172.0": 0.8217288914279595, "8476234.0--8585733.0": 0.810625916953279, "8585733.0--8807314.0": 0.7456609686274507, "8585733.0--8794520.0": 0.8162378155518915, "8585733.0--8805452.0": 0.7991888106724363, "8585733.0--8805462.0": 0.7892069343797278, "8585733.0--8807275.0": 0.7746621116193431, "8419285.0--8585733.0": 0.7840584098959612, "8585733.0--8807379.0": 0.7651647991972566, "8585733.0--8807234.0": 0.7988831124444039, "8423100.0--8585733.0": 0.7810342022991953, "8585733.0--8805455.0": 0.7356380262755905, "8585733.0--8727493.0": 0.757154777064192, "8585733.0--8807369.0": 0.7464219184700562, "8532319.0--8585733.0": 0.7542369061792197, "8419325.0--8585733.0": 0.7621071914622449, "8585733.0--8805430.0": 0.7932933521848229, "8585733.0--8807301.0": 0.8122977649938495, "8585733.0--8713940.0": 0.7886464589361896, "8585733.0--8637795.0": 0.8143337870484569, "7999244.0--8585733.0": 0.8174473591657753, "8585733.0--8805439.0": 0.8489504471563392, "8585733.0--8805428.0": 0.8007052555679088, "8585733.0--8809223.0": 0.7735278863818669, "8585733.0--8795584.0": 0.7987028188856435, "8585733.0--8807264.0": 0.7994615734056087, "8585733.0--8805431.0": 0.7521808450114695, "8453863.0--8585733.0": 0.7654632917425578, "8400404.0--8585733.0": 0.7524434799025211, "8585733.0--8809834.0": 0.7879654999853589,