{"8440827.0--8454346.0": 0.7561486095772034, "8440836.0--8454346.0": 0.7786530562151602, "8440844.0--8454346.0": 0.8215900461733886, "8440808.0--8454346.0": 0.793881086087987, "8440837.0--8454346.0": 0.807311121920071, "8440858.0--8454346.0": 0.7687176490404943, "8440820.0--8454346.0": 0.784142510681103, "8440833.0--8454346.0": 0.784717142259276, "8444072.0--8454346.0": 0.7738692673356464, "8440812.0--8454346.0": 0.8313264388033077, "8440809.0--8454346.0": 0.8574968759897245, "8454346.0--8454904.0": 0.8056383300263952, "8440846.0--8454346.0": 0.810804976835475, "8440830.0--8454346.0": 0.7965467764126712, "8444077.0--8454346.0": 0.7998732518748438, "8440847.0--8454346.0": 0.8198324349019037, "8440849.0--8454346.0": 0.8016530033989344, "8443124.0--8454346.0": 0.784373604354009, "8440843.0--8454346.0": 0.797800922591322, "8454346.0--8807265.0": 0.7641549423033533, "8454346.0--8816695.0": 0.8307262271598338, "8454346.0--8805426.0": 0.7787945682536775, "8454346.0--8805421.0": 0.7918791331117055, "8454346.0--8812684.0": 0.793588086384486, "8454346.0--8805461.0": 0.8140610361978786, "8454346.0--8807255.0": 0.7655969040632077, "8454346.0--8805460.0": 0.7834045957658324, "8454346.0--8807292.0": 0.8182639665757059, "8454346.0--8807354.0": 0.7820775309915797, "8454346.0--8809711.0": 0.8187984216139211, "8454346.0--8805422.0": 0.8049617069148924, "8454346.0--8805424.0": 0.8145617613279105, "8454346.0--8794517.0": 0.7575944598385086, "8454346.0--8805451.0": 0.742427617768854, "8454346.0--8807223.0": 0.7415065679488563, "8454346.0--8794560.0": 0.7788921795201809, "8454346.0--8481543.0": 0.7752252346231302, "8454346.0--8802285.0": 0.7065418626610951, "8454346.0--8807245.0": 0.7888436572805041, "8454346.0--8805456.0": 0.7720227861136015, "8454346.0--8827944.0": 0.7428578401214707, "8454346.0--8807296.0": 0.8147404292326812, "8454346.0--8827951.0": 0.7573830803012319, "8454346.0--8854335.0": 0.7580963646232642, "8454346.0--8805446.0": 0.7528413124585047, "8454346.0--8805436.0": 0.7804321430647672, "8454346.0--8805433.0": 0.7688246659834318, "8454346.0--8546802.0": 0.7920792531295338, "8454346.0--8805427.0": 0.8403085012015385, "8454346.0--8836120.0": 0.835598529869141, "8454346.0--8794768.0": 0.8419782386927179, "8454346.0--8809750.0": 0.8095668369141344, "8454346.0--8820172.0": 0.8197088358867208, "8454346.0--8476234.0": 0.8492945977162334, "8454346.0--8807314.0": 0.7503147539352286, "8454346.0--8794520.0": 0.8012245684520946, "8454346.0--8805452.0": 0.8095482933134536, "8454346.0--8805462.0": 0.7678325114264715, "8454346.0--8807275.0": 0.7794595250730819, "8419285.0--8454346.0": 0.7713763971699763, "8454346.0--8807379.0": 0.7925702533887669, "8454346.0--8807234.0": 0.798587238472007, "8423100.0--8454346.0": 0.792231776619416, "8454346.0--8805455.0": 0.7498929977555568, "8454346.0--8727493.0": 0.7349647187338976, "8454346.0--8807369.0": 0.7302046705933343, "8454346.0--8532319.0": 0.7585945783167622, "8419325.0--8454346.0": 0.7584764756385349, "8454346.0--8805430.0": 0.8223539933250272, "8454346.0--8807301.0": 0.7945828290125615, "8454346.0--8713940.0": 0.8179546539696291, "8454346.0--8637795.0": 0.8098435886204183, "7999244.0--8454346.0": 0.8017507088725976, "8454346.0--8805439.0": 0.7869582433449627, "8454346.0--8805428.0": 0.811457493755596, "8454346.0--8809223.0": 0.8217639949127962, "8454346.0--8795584.0": 0.7727046873578052, "8454346.0--8807264.0": 0.7500505572816876, "8454346.0--8805431.0": 0.8233678994313613, "8453863.0--8454346.0": 0.7762288309035026, "8400404.0--8454346.0": 0.7659762620087966, "8454346.0--8809834.0": 0.7868889284610647, "8454346.0--8663447.0": 0.7678977184342596, "8454346.0--8807213.0": 0.8450499006390211, "8454346.0--8640251.0": 0.7960628551418105, "8454346.0--8807220.0": 0.8163921479278028, "8454346.0--8617736.0": 0.7871614211192085, "8454346.0--8617746.0": 0.7626718072573699, "8454346.0--8640072.0": 0.7975322834522851, "8454346.0--8636208.0": 0.780042690652355, "8454346.0--8805458.0": 0.8417537523520495, "8454346.0--8807271.0": 0.8289085459064531, "8454346.0--8809678.0": 0.8223504811678211, "8454346.0--8807226.0": 0.8108770378735805, "8454346.0--8805467.0": 0.8090873217229226, "8454346.0--8611113.0": 0.7871023812121298, "8454346.0--8854316.0": 0.8007462092617085, "8454346.0--8794607.0": 0.8150143260812373, "8454346.0--8805418.0": 0.7929389264767933, "8454346.0--8836087.0": 0.8244688127664739, "8454346.0--8807283.0": 0.7622479480762366, "8454346.0--8820171.0": 0.8150972206248231, "8454346.0--8807288.0": 0.7661883162708376, "8454346.0--8807302.0": 0.7648121722838437, "8454346.0--8805466.0": 0.7607242455255057, "8454346.0--8807351.0": 0.7812178638649938, "8454346.0--8805420.0": 0.7896338706067463, "8454346.0--8807299.0": 0.7810336226402776, "8454346.0--8812988.0": 0.7922658992159873, "8454346.0--8807294.0": 0.7966733453207235, "8454346.0--8805434.0": 0.8131598558630037, "8454346.0--8732351.0": 0.7554502023890298, "8454346.0--8807232.0": 0.7700377375979512, "8419271.0--8454346.0": 0.7536293643278055, "8454346.0--8625484.0": 0.7947510508789848, "8454346.0--8807349.0": 0.7824369529389883, "8454346.0--8809730.0": 0.7748160750478267, "8454346.0--8730513.0": 0.8063192503851072, "8454346.0--8809833.0": 0.7959547566892015, "8454346.0--8523628.0": 0.758293284348375, "8434356.0--8454346.0": 0.7748240326561966, "8454346.0--8807303.0": 0.8017003803246048, "8454346.0--8811606.0": 0.7631245345951507, "8454346.0--8807244.0": 0.7830178313838363, "8454346.0--8490694.0": 0.8015887415809004, "8454346.0--8809844.0": 0.7789058132664355, "8454346.0--8809850.0": 0.8259146323069739, "8454346.0--8805445.0": 0.7598649073250816, "8412138.0--8454346.0": 0.7832787059782533, "8454346.0--8807247.0": 0.7789729873322477, "8454346.0--8848845.0": 0.787982562281444, "8454346.0--8695851.0": 0.7915089406631138, "8454346.0--8713907.0": 0.837820171742839, "8454346.0--8809847.0": 0.7877858933498619, "8454346.0--8727480.0": 0.7983363499138203, "8454346.0--8706590.0": 0.7850143583971163, "8454346.0--8735916.0": 0.7851332980311448, "8454346.0--8474512.0": 0.7807597038701264, "8454346.0--8809845.0": 0.7684139082254658, "8454346.0--8540796.0": 0.8212910242786521, "8454346.0--8807233.0": 0.7887179624159465, "8454346.0--8617747.0": 0.7561527146703435, "8454346.0--8474486.0": 0.793741450150665, "8454346.0--8474516.0": 0.8201294760854057, "8454346.0--8663650.0": 0.7792289528615328, "8454346.0--8663646.0": 0.778364195853528, "8454346.0--8794553.0": 0.7904597662687401, "8454346.0--8863966.0": 0.7883458381973878, "8454346.0--8525340.0": 0.7529049583109199, "8454346.0--8805448.0": 0.8248820607826077, "8405549.0--8454346.0": 0.803148448201026, "8454346.0--8611178.0": 0.8346609050536757, "8454346.0--8827593.0": 0.7986015472359582, "8454346.0--8805463.0": 0.7438519661965068, "8454346.0--8805457.0": 0.8135454175605203, "8454346.0--8805442.0": 0.790823391392745, "8454346.0--8807266.0": 0.8039880377836661, "8454346.0--8813126.0": 0.7999337511513986, "8454346.0--8585103.0": 0.7795724942957087, "8454346.0--8807235.0": 0.7892100108114468, "8454346.0--8585048.0": 0.8252908708852329, "8454346.0--8809843.0": 0.7543932107197021, "8454346.0--8809842.0": 0.7718696638434385, "8454346.0--8842614.0": 0.7798261401823547, "8454346.0--8805441.0": 0.7325877832440832, "8454346.0--8809920.0": 0.734389750090256, "8454346.0--8663312.0": 0.7619623401734371, "8454346.0--8477126.0": 0.8235440365851948, "8454346.0--8807224.0": 0.8056546792710393, "8454346.0--8807355.0": 0.7632251388372979, "8454346.0--8807320.0": 0.8449988140747918, "8454346.0--8665933.0": 0.8189925574551569, "8454346.0--8845772.0": 0.7756144185980975, "8454346.0--8812989.0": 0.8124836633456107, "8454346.0--8636969.0": 0.7791223283031504, "8454346.0--8805450.0": 0.7690291877136362, "8454346.0--8807243.0": 0.7790696676992115, "8454346.0--8805443.0": 0.7998765356453209, "8454346.0--8673661.0": 0.7967074371237529, "8454346.0--8805419.0": 0.7781795189287206, "8451903.0--8454346.0": 0.7514446825839666, "8454346.0--8805429.0": 0.8713866704186852,