{"8440807.0--8440831.0": 0.7870773602643043, "8440807.0--8440852.0": 0.8048933390735856, "8440807.0--8440841.0": 0.798950559345007, "8440807.0--8440859.0": 0.7581399358751302, "8440807.0--8440821.0": 0.7542375152974324, "8440807.0--8440842.0": 0.7667334610404647, "8440807.0--8443131.0": 0.7712928543114818, "8440807.0--8440815.0": 0.7768502374576596, "8440807.0--8500765.0": 0.800186873286185, "8440804.0--8440807.0": 0.7576789803115784, "8440807.0--8454276.0": 0.7459471895252878, "8440807.0--8464305.0": 0.7596633682062979, "8440807.0--8494828.0": 0.7646906580518965, "8440807.0--8440825.0": 0.804072526480706, "8440807.0--8440814.0": 0.763979325998991, "8440807.0--8440838.0": 0.7732970697258554, "8440807.0--8440855.0": 0.7704848666245602, "8440807.0--8454489.0": 0.776482750389142, "8440807.0--8440834.0": 0.7377041363668329, "8440807.0--8440826.0": 0.7710726658339315, "8440807.0--8440823.0": 0.7606541285868014, "8440807.0--8440845.0": 0.7663785057684296, "8440807.0--8440810.0": 0.7708823937370844, "8440806.0--8440807.0": 0.7612744359295048, "8440807.0--8440817.0": 0.7439308325595201, "8440807.0--8440813.0": 0.7968176325988252, "8440807.0--8443125.0": 0.7311528398349068, "8440807.0--8456575.0": 0.7765803399159206, "8440807.0--8440860.0": 0.7744330759803744, "8440807.0--8454343.0": 0.7519657666474189, "8440803.0--8440807.0": 0.7773438993340852, "8440807.0--8454344.0": 0.7988858185038513, "8440807.0--8440854.0": 0.8293642620136503, "8440807.0--8454346.0": 0.7456885920232706, "8440807.0--8440827.0": 0.7721175195189817, "8440807.0--8440836.0": 0.7634013323881658, "8440807.0--8440844.0": 0.7692272389789258, "8440807.0--8440808.0": 0.7751117287568339, "8440807.0--8440837.0": 0.7578662450559587, "8440807.0--8440858.0": 0.7560845734013214, "8440807.0--8440820.0": 0.7482996112458485, "8440807.0--8440833.0": 0.7351633904226282, "8440807.0--8444072.0": 0.7599111191128649, "8440807.0--8440812.0": 0.7658418212374968, "8440807.0--8440809.0": 0.8086308545262588, "8440807.0--8454904.0": 0.7863492186715058, "8440807.0--8440846.0": 0.7607866584344845, "8440807.0--8440830.0": 0.7446415241864388, "8440807.0--8444077.0": 0.7524268091977189, "8440807.0--8440847.0": 0.7846491388926056, "8440807.0--8440849.0": 0.7537220334915179, "8440807.0--8443124.0": 0.7619674506068097, "8440807.0--8440843.0": 0.757763250491631, "8440807.0--8807265.0": 0.7703666941485037, "8440807.0--8816695.0": 0.778031887830516, "8440807.0--8805426.0": 0.7558247910296629, "8440807.0--8805421.0": 0.7754715120993363, "8440807.0--8812684.0": 0.7536425464555128, "8440807.0--8805461.0": 0.7463672411480188, "8440807.0--8807255.0": 0.7608034653313022, "8440807.0--8805460.0": 0.7607896359999502, "8440807.0--8807292.0": 0.774739485578442, "8440807.0--8807354.0": 0.7896719308867106, "8440807.0--8809711.0": 0.7581399399209086, "8440807.0--8805422.0": 0.7486636376687681, "8440807.0--8805424.0": 0.7502414952663022, "8440807.0--8794517.0": 0.7296912899543309, "8440807.0--8805451.0": 0.7665906158285083, "8440807.0--8807223.0": 0.7361681583383699, "8440807.0--8794560.0": 0.7804444990758834, "8440807.0--8481543.0": 0.737818828821085, "8440807.0--8802285.0": 0.7378955090786531, "8440807.0--8807245.0": 0.7815711985839772, "8440807.0--8805456.0": 0.7484862824038984, "8440807.0--8827944.0": 0.7789026125508235, "8440807.0--8807296.0": 0.7500232101997515, "8440807.0--8827951.0": 0.7381764916055499, "8440807.0--8854335.0": 0.7837571286664426, "8440807.0--8805446.0": 0.756647872929969, "8440807.0--8805436.0": 0.7665304853640129, "8440807.0--8805433.0": 0.7315831587711422, "8440807.0--8546802.0": 0.7677046635804919, "8440807.0--8805427.0": 0.7403824449124496, "8440807.0--8836120.0": 0.7534012311894284, "8440807.0--8794768.0": 0.7556430959630887, "8440807.0--8809750.0": 0.7588918140539811, "8440807.0--8820172.0": 0.8016077750316649, "8440807.0--8476234.0": 0.7650345945074061, "8440807.0--8807314.0": 0.7412610695403379, "8440807.0--8794520.0": 0.7830534501236031, "8440807.0--8805452.0": 0.7905185644460442, "8440807.0--8805462.0": 0.7558677773615109, "8440807.0--8807275.0": 0.7880999193509846, "8419285.0--8440807.0": 0.7739363693564232, "8440807.0--8807379.0": 0.7874635638621685, "8440807.0--8807234.0": 0.8064486830343177, "8423100.0--8440807.0": 0.789817184194568, "8440807.0--8805455.0": 0.7070013552703684, "8440807.0--8727493.0": 0.731482999457313, "8440807.0--8807369.0": 0.7384691589523347, "8440807.0--8532319.0": 0.7596724163540358, "8419325.0--8440807.0": 0.7534510684783521, "8440807.0--8805430.0": 0.733749415680127, "8440807.0--8807301.0": 0.7638335197413363, "8440807.0--8713940.0": 0.7830655268035849, "8440807.0--8637795.0": 0.7607172874425807, "7999244.0--8440807.0": 0.7580417784879143, "8440807.0--8805439.0": 0.7462117424885965, "8440807.0--8805428.0": 0.7799854715533806, "8440807.0--8809223.0": 0.7673086103239873, "8440807.0--8795584.0": 0.7637984220956551, "8440807.0--8807264.0": 0.77366210771986, "8440807.0--8805431.0": 0.7339322066952074, "8440807.0--8453863.0": 0.7568605524704914, "8400404.0--8440807.0": 0.7414000936777334, "8440807.0--8809834.0": 0.7515834942245994, "8440807.0--8663447.0": 0.7577899428637304, "8440807.0--8807213.0": 0.7851582067766251, "8440807.0--8640251.0": 0.7701509893871363, "8440807.0--8807220.0": 0.7788028503171771, "8440807.0--8617736.0": 0.7624192641546159, "8440807.0--8617746.0": 0.7987797453383696, "8440807.0--8640072.0": 0.763606056421328, "8440807.0--8636208.0": 0.7759165727254775, "8440807.0--8805458.0": 0.7518430784886385, "8440807.0--8807271.0": 0.7732876552674153, "8440807.0--8809678.0": 0.764980688049818, "8440807.0--8807226.0": 0.7977183061526444, "8440807.0--8805467.0": 0.7938338194048106, "8440807.0--8611113.0": 0.7784866061683537, "8440807.0--8854316.0": 0.7611480017683214, "8440807.0--8794607.0": 0.7639354321257783, "8440807.0--8805418.0": 0.7349307006718011, "8440807.0--8836087.0": 0.7700266350085974, "8440807.0--8807283.0": 0.7796987956352612, "8440807.0--8820171.0": 0.7708973178039009, "8440807.0--8807288.0": 0.7534821412651767, "8440807.0--8807302.0": 0.7466634346698858, "8440807.0--8805466.0": 0.7531491994365007, "8440807.0--8807351.0": 0.7496948629046434, "8440807.0--8805420.0": 0.7833276957726281, "8440807.0--8807299.0": 0.7816764867604483, "8440807.0--8812988.0": 0.8080906437305975, "8440807.0--8807294.0": 0.764715704480456, "8440807.0--8805434.0": 0.7961184957840668, "8440807.0--8732351.0": 0.7858110094267379, "8440807.0--8807232.0": 0.7675758623575731, "8419271.0--8440807.0": 0.7612010371281938, "8440807.0--8625484.0": 0.7617037793184239, "8440807.0--8807349.0": 0.7590934370172155, "8440807.0--8809730.0": 0.7724201247198357, "8440807.0--8730513.0": 0.7823974763509243, "8440807.0--8809833.0": 0.7809389499905779, "8440807.0--8523628.0": 0.7636918603889049, "8434356.0--8440807.0": 0.7608055128142756, "8440807.0--8807303.0": 0.7784912235925481, "8440807.0--8811606.0": 0.7575521980452224, "8440807.0--8807244.0": 0.7539082194075208, "8440807.0--8490694.0": 0.7793546953279511, "8440807.0--8809844.0": 0.7578600330160566, "8440807.0--8809850.0": 0.7586350687734347, "8440807.0--8805445.0": 0.7539436296838837, "8412138.0--8440807.0": 0.7443650185324371, "8440807.0--8807247.0": 0.7618953268298457, "8440807.0--8848845.0": 0.7529230312153516, "8440807.0--8695851.0": 0.7649929048300725, "8440807.0--8713907.0": 0.7814863708800017, "8440807.0--8809847.0": 0.782837290222384, "8440807.0--8727480.0": 0.7758264834191338, "8440807.0--8706590.0": 0.7604883834864232, "8440807.0--8735916.0": 0.7719166570846991, "8440807.0--8474512.0": 0.7765351010891103, "8440807.0--8809845.0": 0.7710973888597431, "8440807.0--8540796.0": 0.7815709868444148, "8440807.0--8807233.0": 0.7920017130617965, "8440807.0--8617747.0": 0.7394916456975095, "8440807.0--8474486.0": 0.7872981486241724, "8440807.0--8474516.0": 0.7960462115070416, "8440807.0--8663650.0": 0.7401008333664928, "8440807.0--8663646.0": 0.7715643522293276, "8440807.0--8794553.0": 0.7665917074107782, "8440807.0--8863966.0": 0.7554620089466313,