{"9222325.0--9222367.0": 0.7756572592638877, "9222367.0--9222510.0": 0.7734306333264862, "9222367.0--9246250.0": 0.7856147056383666, "9222367.0--9308627.0": 0.7859046834683784, "9222367.0--9224186.0": 0.8017310104244637, "9222367.0--9229232.0": 0.7549326944918342, "9222367.0--9226404.0": 0.7325304699272623, "9222367.0--9308631.0": 0.7678615051967164, "9222255.0--9222367.0": 0.753068075290133, "9222261.0--9222367.0": 0.7998788504232579, "9222338.0--9222367.0": 0.7708185217934214, "9222284.0--9222367.0": 0.7797659552961271, "9222367.0--9230430.0": 0.788109795424507, "9222367.0--9308622.0": 0.7355912837161317, "9222367.0--9286903.0": 0.7179871910667436, "9222367.0--9234473.0": 0.7392380601039296, "9222367.0--9241426.0": 0.7848290281104899, "9222269.0--9222367.0": 0.7723962525443779, "9222367.0--9237999.0": 0.782918919911192, "9222072.0--9222367.0": 0.7748421036837674, "9222367.0--9224197.0": 0.7471633502871515, "9222367.0--9246282.0": 0.7904622766274478, "9222314.0--9222367.0": 0.7786591691448077, "9222357.0--9222367.0": 0.7672497548843517, "9222086.0--9222367.0": 0.7863394832722728, "9222360.0--9222367.0": 0.8106795909299821, "9222065.0--9222367.0": 0.7632419562893122, "9222367.0--9228894.0": 0.7652966832389696, "9222367.0--9233264.0": 0.7624817838860499, "9222343.0--9222367.0": 0.7516984394959015, "9222367.0--9308621.0": 0.7784629927842133, "9222367.0--9308625.0": 0.7508457945153992, "9222367.0--9241744.0": 0.7998550645705416, "9222367.0--9308629.0": 0.7468451498995585, "9222068.0--9222367.0": 0.7394264398058583, "9222248.0--9222367.0": 0.7452389149589667, "9222274.0--9222367.0": 0.7857498078563967, "9222367.0--9229116.0": 0.7899894591115801, "9222367.0--9233993.0": 0.7568111718717203, "9222367.0--9308623.0": 0.7452357484542067, "9222367.0--9222553.0": 0.7761345430848888, "9222341.0--9222367.0": 0.7668495605216132, "9222346.0--9222367.0": 0.7759119228507892, "9222367.0--9308628.0": 0.7781764675074465, "9222294.0--9222367.0": 0.7719653353839374, "9222367.0--9241732.0": 0.7712527947948119, "9222060.0--9222367.0": 0.7858729417864254, "9222280.0--9222367.0": 0.793876905533696}