{"8805451.0--8807223.0": 0.8012463730750133, "8794560.0--8805451.0": 0.8322840035623984, "8481543.0--8805451.0": 0.7992983248604586, "8802285.0--8805451.0": 0.7484302271814257, "8805451.0--8807245.0": 0.7898872825181978, "8805451.0--8805456.0": 0.784955345325245, "8805451.0--8827944.0": 0.7664833204783909, "8805451.0--8807296.0": 0.780902163790808, "8805451.0--8827951.0": 0.7755651925729542, "8805451.0--8854335.0": 0.8155690503499986, "8805446.0--8805451.0": 0.8544574296051681, "8805436.0--8805451.0": 0.8411882940632254, "8805433.0--8805451.0": 0.7752142081137932, "8546802.0--8805451.0": 0.8022994559932414, "8805427.0--8805451.0": 0.7461379485059989, "8805451.0--8836120.0": 0.7596270467383627, "8794768.0--8805451.0": 0.7745783076909344, "8805451.0--8809750.0": 0.7481783963727833, "8805451.0--8820172.0": 0.8376367359659499, "8476234.0--8805451.0": 0.7641173423389823, "8805451.0--8807314.0": 0.7749034574108192, "8794520.0--8805451.0": 0.8097914459192082, "8805451.0--8805452.0": 0.7688776757641254, "8805451.0--8805462.0": 0.7719731418775041, "8805451.0--8807275.0": 0.7908077433853851, "8419285.0--8805451.0": 0.7853620422125582, "8805451.0--8807379.0": 0.8166640974823768, "8805451.0--8807234.0": 0.8121854999091368, "8423100.0--8805451.0": 0.7790211234781472, "8805451.0--8805455.0": 0.8141077839657576, "8727493.0--8805451.0": 0.7885561806697479, "8805451.0--8807369.0": 0.7920406551005756, "8532319.0--8805451.0": 0.7997041345805604, "8419325.0--8805451.0": 0.8161038870945028, "8805430.0--8805451.0": 0.7536254433277948, "8805451.0--8807301.0": 0.7640786536570471, "8713940.0--8805451.0": 0.7668227871993074, "8637795.0--8805451.0": 0.7928817509709825, "7999244.0--8805451.0": 0.772889376323386, "8805439.0--8805451.0": 0.7829659406357136, "8805428.0--8805451.0": 0.7721775951536302, "8805451.0--8809223.0": 0.7786946695806193, "8795584.0--8805451.0": 0.7771068120000851, "8805451.0--8807264.0": 0.7925117918417616, "8805431.0--8805451.0": 0.7486695923160871, "8453863.0--8805451.0": 0.7802494311077002, "8400404.0--8805451.0": 0.7833723114192752, "8805451.0--8809834.0": 0.776795301632792, "8663447.0--8805451.0": 0.8051357201272527, "8805451.0--8807213.0": 0.7958878575897843, "8640251.0--8805451.0": 0.7626712365113966, "8805451.0--8807220.0": 0.8092803134045283, "8617736.0--8805451.0": 0.774972018938291, "8617746.0--8805451.0": 0.7317435993929001, "8640072.0--8805451.0": 0.7693625007031906, "8636208.0--8805451.0": 0.8043769365371325, "8805451.0--8805458.0": 0.7459345737983941, "8805451.0--8807271.0": 0.7739446938214578, "8805451.0--8809678.0": 0.7583632510779188, "8805451.0--8807226.0": 0.7819721438054359, "8805451.0--8805467.0": 0.8081429852638656, "8611113.0--8805451.0": 0.7451235032287251, "8805451.0--8854316.0": 0.772844901007097, "8794607.0--8805451.0": 0.7659268199528162, "8805418.0--8805451.0": 0.7188016615364448, "8805451.0--8836087.0": 0.7825504725354069, "8805451.0--8807283.0": 0.7728381282581486, "8805451.0--8820171.0": 0.768348516230675, "8805451.0--8807288.0": 0.730392819838849, "8805451.0--8807302.0": 0.764023085226685, "8805451.0--8805466.0": 0.7662947989499052, "8805451.0--8807351.0": 0.7831852728633336, "8805420.0--8805451.0": 0.7782081468906934, "8805451.0--8807299.0": 0.7653784327647104, "8805451.0--8812988.0": 0.7676614465215016, "8805451.0--8807294.0": 0.7685381141552647, "8805434.0--8805451.0": 0.801433517811214, "8732351.0--8805451.0": 0.7750829612144845, "8805451.0--8807232.0": 0.7694405210264259, "8419271.0--8805451.0": 0.7462966077775044, "8625484.0--8805451.0": 0.7884063535127799, "8805451.0--8807349.0": 0.7651762333373745, "8805451.0--8809730.0": 0.7770681332649432, "8730513.0--8805451.0": 0.7951513380440538, "8805451.0--8809833.0": 0.7798366228262197, "8523628.0--8805451.0": 0.7508865091218774, "8434356.0--8805451.0": 0.7643066870229995, "8805451.0--8807303.0": 0.7908578511143725, "8805451.0--8811606.0": 0.7899019661207076, "8805451.0--8807244.0": 0.7802593635767197, "8490694.0--8805451.0": 0.779623098719379, "8805451.0--8809844.0": 0.7704989499663512, "8805451.0--8809850.0": 0.7678251058403823, "8805445.0--8805451.0": 0.7824529527899837, "8412138.0--8805451.0": 0.78756070082254, "8805451.0--8807247.0": 0.7759187679795148, "8805451.0--8848845.0": 0.7613115620842169, "8695851.0--8805451.0": 0.7916937070249214, "8713907.0--8805451.0": 0.8237428034413261, "8805451.0--8809847.0": 0.7860039293862418, "8727480.0--8805451.0": 0.8371835133925496, "8706590.0--8805451.0": 0.784403009249186, "8735916.0--8805451.0": 0.7897815861397344, "8474512.0--8805451.0": 0.7626187961851868, "8805451.0--8809845.0": 0.8004610292084611, "8540796.0--8805451.0": 0.7887163199406235, "8805451.0--8807233.0": 0.7986456843809455, "8617747.0--8805451.0": 0.7572639547643569, "8474486.0--8805451.0": 0.770978307500378, "8474516.0--8805451.0": 0.7869463046134688, "8663650.0--8805451.0": 0.7604452600491423, "8663646.0--8805451.0": 0.7913056934192144, "8794553.0--8805451.0": 0.8119521912086753, "8805451.0--8863966.0": 0.7620310948109718, "8525340.0--8805451.0": 0.8007089879180816, "8805448.0--8805451.0": 0.7575542563581483, "8405549.0--8805451.0": 0.7965978871447599, "8611178.0--8805451.0": 0.7648929425037965, "8805451.0--8827593.0": 0.771225180080858, "8805451.0--8805463.0": 0.7391443663621963, "8805451.0--8805457.0": 0.7708679188063257, "8805442.0--8805451.0": 0.7785703737263107, "8805451.0--8807266.0": 0.7813089701007736, "8805451.0--8813126.0": 0.7686703203844562, "8585103.0--8805451.0": 0.7666199036722922, "8805451.0--8807235.0": 0.776089419420165, "8585048.0--8805451.0": 0.8014092233199734, "8805451.0--8809843.0": 0.769878485313019, "8805451.0--8809842.0": 0.7723343420920692, "8805451.0--8842614.0": 0.7466092641930289, "8805441.0--8805451.0": 0.7536914075537083, "8805451.0--8809920.0": 0.7266440486247793, "8663312.0--8805451.0": 0.7580959815827606, "8477126.0--8805451.0": 0.807892425497104, "8805451.0--8807224.0": 0.7776413398070543, "8805451.0--8807355.0": 0.7663903207912918, "8805451.0--8807320.0": 0.7532635920462849, "8665933.0--8805451.0": 0.7608287549760439, "8805451.0--8845772.0": 0.7688178254142342, "8805451.0--8812989.0": 0.7798690354459925, "8636969.0--8805451.0": 0.7814973627792814, "8805450.0--8805451.0": 0.753683344350125, "8805451.0--8807243.0": 0.7926062182111118, "8805443.0--8805451.0": 0.7663536813191396, "8673661.0--8805451.0": 0.8222535709839995, "8805419.0--8805451.0": 0.7636478829771552, "8451903.0--8805451.0": 0.770296774117145, "8805429.0--8805451.0": 0.7609092853079837, "8805451.0--8809846.0": 0.7295229824250854, "8805451.0--8809832.0": 0.7626225688947676, "8413174.0--8805451.0": 0.757422255806142, "8494817.0--8805451.0": 0.7525274187324417, "8637778.0--8805451.0": 0.7609481222976168, "8805451.0--8809742.0": 0.7508936961049437, "8805451.0--8807280.0": 0.7837587664418376, "8805451.0--8807274.0": 0.7884745692476958, "8805451.0--9216586.0": 0.7802013167397991, "8805451.0--9237132.0": 0.766211625108931, "8805451.0--9216572.0": 0.7623946609628885, "8805451.0--9217952.0": 0.7520910954239344, "8805451.0--9217931.0": 0.787154748076617, "8805451.0--9216507.0": 0.7602477351729097, "8805451.0--9222368.0": 0.788597268069219, "8805451.0--9220137.0": 0.7492637765447601, "8805451.0--9233460.0": 0.7765245859800506, "8805451.0--9222263.0": 0.7508386527603064, "8805451.0--9293003.0": 0.7703871765432476, "8805451.0--9222102.0": 0.7656401406405015, "8805451.0--9222323.0": 0.7616772845396762, "8805451.0--9222287.0": 0.7673698465050658, "8805451.0--9223736.0": 0.7627105921954072, "8805451.0--9224191.0": 0.786538820601325, "8805451.0--9222251.0": 0.7494279512986318, "8805451.0--9229242.0": 0.7704554398566459, "8805451.0--9282195.0": 0.7812592356990335, "8805451.0--9222098.0": 0.790980579425586, "8805451.0--9234027.0": 0.7764526133021273, "8805451.0--9246308.0": 0.7885699082293142, "8805451.0--9240072.0": 0.7988707303562566, "8805451.0--9222353.0": 0.800231820690862, "8805451.0--9222293.0": 0.7797380960679781, "8805451.0--9222089.0": 0.7635744637794876,