{"8440850.0--8493612.0": 0.7911147091867089, "8456856.0--8493612.0": 0.7830139387325148, "8447439.0--8493612.0": 0.8052749482713091, "8440805.0--8493612.0": 0.7819446242905197, "8440811.0--8493612.0": 0.7233625154825394, "8440856.0--8493612.0": 0.7645813677862997, "8440822.0--8493612.0": 0.7867947614506644, "8440828.0--8493612.0": 0.7384709442987112, "8440851.0--8493612.0": 0.7523998100739381, "8457476.0--8493612.0": 0.7242485791678344, "8440848.0--8493612.0": 0.7121480964746342, "8440839.0--8493612.0": 0.7853799117541064, "8443395.0--8493612.0": 0.7185633887512625, "8440832.0--8493612.0": 0.7493252143986521, "8440816.0--8493612.0": 0.7680854672857358, "8440835.0--8493612.0": 0.7886360383007873, "8440818.0--8493612.0": 0.7728400711078348, "8440853.0--8493612.0": 0.7620447403693158, "8440840.0--8493612.0": 0.7891225230563478, "8440857.0--8493612.0": 0.7672119741859913, "8449328.0--8493612.0": 0.7513981254668542, "8440829.0--8493612.0": 0.7730362774236161, "8440807.0--8493612.0": 0.7392039251697287, "8440831.0--8493612.0": 0.7620273705604236, "8440852.0--8493612.0": 0.7668498331472677, "8440841.0--8493612.0": 0.7420914931105048, "8440859.0--8493612.0": 0.7705766303880021, "8440821.0--8493612.0": 0.7684010741162615, "8440842.0--8493612.0": 0.7759490318328439, "8443131.0--8493612.0": 0.7165964264880936, "8440815.0--8493612.0": 0.734945471288662, "8493612.0--8500765.0": 0.7862857041513478, "8440804.0--8493612.0": 0.7395840958665323, "8454276.0--8493612.0": 0.7788203219646108, "8464305.0--8493612.0": 0.7505966527386654, "8493612.0--8494828.0": 0.7351895686890006, "8440825.0--8493612.0": 0.7614525896719739, "8440814.0--8493612.0": 0.7892373845037426, "8440838.0--8493612.0": 0.8177111222614508, "8440855.0--8493612.0": 0.7813713138385571, "8454489.0--8493612.0": 0.7521561902527965, "8440834.0--8493612.0": 0.7468161124894347, "8440826.0--8493612.0": 0.767861903806645, "8440823.0--8493612.0": 0.7760590242452344, "8440845.0--8493612.0": 0.775757283734207, "8440810.0--8493612.0": 0.7518936556800822, "8440806.0--8493612.0": 0.7437806224190654, "8440817.0--8493612.0": 0.7567331326342197, "8440813.0--8493612.0": 0.7648393719230339, "8443125.0--8493612.0": 0.7265557267592406, "8456575.0--8493612.0": 0.782170924807329, "8440860.0--8493612.0": 0.7466534262224644, "8454343.0--8493612.0": 0.7358778465514257, "8440803.0--8493612.0": 0.7638646140187374, "8454344.0--8493612.0": 0.7745901132286033, "8440854.0--8493612.0": 0.7763502720675117, "8454346.0--8493612.0": 0.737117207667709, "8440827.0--8493612.0": 0.7360024924112427, "8440836.0--8493612.0": 0.7788555674190604, "8440844.0--8493612.0": 0.7959562157544338, "8440808.0--8493612.0": 0.7900689631612834, "8440837.0--8493612.0": 0.7817431984719406, "8440858.0--8493612.0": 0.7888904756010906, "8440820.0--8493612.0": 0.7821906874058294, "8440833.0--8493612.0": 0.7423805154856711, "8444072.0--8493612.0": 0.7525094747068282, "8440812.0--8493612.0": 0.7706595837341583, "8440809.0--8493612.0": 0.762814042610158, "8454904.0--8493612.0": 0.7721490296109175, "8440846.0--8493612.0": 0.7660120931316945, "8440830.0--8493612.0": 0.7479164736358282, "8444077.0--8493612.0": 0.7553841177229595, "8440847.0--8493612.0": 0.7765287640340369, "8440849.0--8493612.0": 0.7574389603614076, "8443124.0--8493612.0": 0.783785838660543, "8440843.0--8493612.0": 0.7893455574693322, "8493612.0--8807265.0": 0.7409599771069769, "8493612.0--8816695.0": 0.7407043051703142, "8493612.0--8805426.0": 0.8035678739778755, "8493612.0--8805421.0": 0.7925261027709147, "8493612.0--8812684.0": 0.7593330223762823, "8493612.0--8805461.0": 0.7617434699714641, "8493612.0--8807255.0": 0.7435657226569429, "8493612.0--8805460.0": 0.7216143575903621, "8493612.0--8807292.0": 0.7581331712025061, "8493612.0--8807354.0": 0.740751107175316, "8493612.0--8809711.0": 0.7514355811013039, "8493612.0--8805422.0": 0.7389557785859019, "8493612.0--8805424.0": 0.7252750817874056, "8493612.0--8794517.0": 0.7751142296879476, "8493612.0--8805451.0": 0.800678802767385, "8493612.0--8807223.0": 0.7966291474469609, "8493612.0--8794560.0": 0.7815127998957264, "8481543.0--8493612.0": 0.7851493227787005, "8493612.0--8802285.0": 0.7848734199203776, "8493612.0--8807245.0": 0.7914510635493084, "8493612.0--8805456.0": 0.7832159970086486, "8493612.0--8827944.0": 0.7480239905120668, "8493612.0--8807296.0": 0.7931674154474178, "8493612.0--8827951.0": 0.7512591674344702, "8493612.0--8854335.0": 0.7975411005965795, "8493612.0--8805446.0": 0.7877477083837372, "8493612.0--8805436.0": 0.7975042041714238, "8493612.0--8805433.0": 0.7553847683264753, "8493612.0--8546802.0": 0.7750823320677276, "8493612.0--8805427.0": 0.7176414887495822, "8493612.0--8836120.0": 0.7404620831662647, "8493612.0--8794768.0": 0.7546523957453726, "8493612.0--8809750.0": 0.7694268054196196, "8493612.0--8820172.0": 0.8071310757926838, "8476234.0--8493612.0": 0.72716990049724, "8493612.0--8807314.0": 0.760923748731276, "8493612.0--8794520.0": 0.8111327392724282, "8493612.0--8805452.0": 0.7543186839191626, "8493612.0--8805462.0": 0.7870172214506107, "8493612.0--8807275.0": 0.7654855682611044, "8419285.0--8493612.0": 0.7564791005484439, "8493612.0--8807379.0": 0.7644760406027259, "8493612.0--8807234.0": 0.796284283073571, "8423100.0--8493612.0": 0.7481512902961001, "8493612.0--8805455.0": 0.7998935312226094, "8493612.0--8727493.0": 0.7730567979494825, "8493612.0--8807369.0": 0.7557964755129971, "8493612.0--8532319.0": 0.7890909245739981, "8419325.0--8493612.0": 0.8290898790327037, "8493612.0--8805430.0": 0.7397691609570063, "8493612.0--8807301.0": 0.7425467769337141, "8493612.0--8713940.0": 0.7795032088033533, "8493612.0--8637795.0": 0.7995149345617122, "7999244.0--8493612.0": 0.7641631831407112, "8493612.0--8805439.0": 0.7294085268768056, "8493612.0--8805428.0": 0.7709664263832492, "8493612.0--8809223.0": 0.7478448014769199, "8493612.0--8795584.0": 0.7522328509903613, "8493612.0--8807264.0": 0.7550072091718861, "8493612.0--8805431.0": 0.7200146858422619, "8453863.0--8493612.0": 0.7881736125175701, "8400404.0--8493612.0": 0.7278862581965595, "8493612.0--8809834.0": 0.7824435444149918, "8493612.0--8663447.0": 0.7964157751481302, "8493612.0--8807213.0": 0.7639922014878114, "8493612.0--8640251.0": 0.791448783490636, "8493612.0--8807220.0": 0.7672276627831015, "8493612.0--8617736.0": 0.7635330235692412, "8493612.0--8617746.0": 0.7304362681442909, "8493612.0--8640072.0": 0.7749957387467437, "8493612.0--8636208.0": 0.7713356100380775, "8493612.0--8805458.0": 0.7359278324423221, "8493612.0--8807271.0": 0.753316202206979, "8493612.0--8809678.0": 0.7333638142783174, "8493612.0--8807226.0": 0.77494883438178, "8493612.0--8805467.0": 0.7765850361295201, "8493612.0--8611113.0": 0.8065022155408195, "8493612.0--8854316.0": 0.7844716552359318, "8493612.0--8794607.0": 0.8353339064190879, "8493612.0--8805418.0": 0.7412073152866705, "8493612.0--8836087.0": 0.803300834804707, "8493612.0--8807283.0": 0.7680033392630438, "8493612.0--8820171.0": 0.7819923209294964, "8493612.0--8807288.0": 0.7461485694037007, "8493612.0--8807302.0": 0.7232008415388645, "8493612.0--8805466.0": 0.7530111831927837, "8493612.0--8807351.0": 0.773743517765924, "8493612.0--8805420.0": 0.7461240748523595, "8493612.0--8807299.0": 0.7685577208134777, "8493612.0--8812988.0": 0.753170763178633, "8493612.0--8807294.0": 0.7593104518926432, "8493612.0--8805434.0": 0.7819940625331008, "8493612.0--8732351.0": 0.737129249927603, "8493612.0--8807232.0": 0.7735915386357849, "8419271.0--8493612.0": 0.7359977787106429, "8493612.0--8625484.0": 0.7478803806537493, "8493612.0--8807349.0": 0.7609122162611924, "8493612.0--8809730.0": 0.7624226772803582, "8493612.0--8730513.0": 0.7757155078317218, "8493612.0--8809833.0": 0.7497722322639926, "8493612.0--8523628.0": 0.7817769228318285, "8434356.0--8493612.0": 0.7700436559223939, "8493612.0--8807303.0": 0.7959590548415245, "8493612.0--8811606.0": 0.777927432138665, "8493612.0--8807244.0": 0.785322782652125, "8490694.0--8493612.0": 0.7667562713361489,