{"8807234.0--8807379.0": 0.8366996653554523, "8423100.0--8807379.0": 0.8376632405429882, "8805455.0--8807379.0": 0.7875843383664777, "8727493.0--8807379.0": 0.7653489549606493, "8807369.0--8807379.0": 0.7431201947646178, "8532319.0--8807379.0": 0.8059979433511378, "8419325.0--8807379.0": 0.7858696743286012, "8805430.0--8807379.0": 0.7765171847458658, "8807301.0--8807379.0": 0.765097825371701, "8713940.0--8807379.0": 0.8173346772545333, "8637795.0--8807379.0": 0.7923232039788557, "7999244.0--8807379.0": 0.7863701776509636, "8805439.0--8807379.0": 0.7555129771258502, "8805428.0--8807379.0": 0.8058710654561687, "8807379.0--8809223.0": 0.8011293667552972, "8795584.0--8807379.0": 0.7768102622397839, "8807264.0--8807379.0": 0.7701455514509815, "8805431.0--8807379.0": 0.7874097410855114, "8453863.0--8807379.0": 0.7947294672630281, "8400404.0--8807379.0": 0.766503052379936, "8807379.0--8809834.0": 0.7917763358586946, "8663447.0--8807379.0": 0.8096614799202706, "8807213.0--8807379.0": 0.8181457607070752, "8640251.0--8807379.0": 0.7723721910674097, "8807220.0--8807379.0": 0.815804680550814, "8617736.0--8807379.0": 0.7989526243937536, "8617746.0--8807379.0": 0.7822783280075142, "8640072.0--8807379.0": 0.7871001089011502, "8636208.0--8807379.0": 0.8571022505383904, "8805458.0--8807379.0": 0.7711892594499916, "8807271.0--8807379.0": 0.7937918722182105, "8807379.0--8809678.0": 0.8056199849497291, "8807226.0--8807379.0": 0.8063949608941259, "8805467.0--8807379.0": 0.7928099706387326, "8611113.0--8807379.0": 0.7835711405688274, "8807379.0--8854316.0": 0.7762948861200296, "8794607.0--8807379.0": 0.7920226234896446, "8805418.0--8807379.0": 0.7636631508746856, "8807379.0--8836087.0": 0.8018861200236126, "8807283.0--8807379.0": 0.7649216351946221, "8807379.0--8820171.0": 0.7674908427626312, "8807288.0--8807379.0": 0.7586662918018582, "8807302.0--8807379.0": 0.7441567723142396, "8805466.0--8807379.0": 0.7802454208917264, "8807351.0--8807379.0": 0.7603153858276225, "8805420.0--8807379.0": 0.7569322359303965, "8807299.0--8807379.0": 0.767209942963496, "8807379.0--8812988.0": 0.7777563733635406, "8807294.0--8807379.0": 0.7816213021799113, "8805434.0--8807379.0": 0.8052329360466467, "8732351.0--8807379.0": 0.8396455854892652, "8807232.0--8807379.0": 0.7719378615944232, "8419271.0--8807379.0": 0.7963499234573967, "8625484.0--8807379.0": 0.813533829804951, "8807349.0--8807379.0": 0.7928914304255251, "8807379.0--8809730.0": 0.7964891090062339, "8730513.0--8807379.0": 0.8016540446279113, "8807379.0--8809833.0": 0.8352380127831371, "8523628.0--8807379.0": 0.7585713875640687, "8434356.0--8807379.0": 0.8003631832297691, "8807303.0--8807379.0": 0.8007218949317654, "8807379.0--8811606.0": 0.8044381476435751, "8807244.0--8807379.0": 0.7913339283275911, "8490694.0--8807379.0": 0.8167003118883283, "8807379.0--8809844.0": 0.8030554073623863, "8807379.0--8809850.0": 0.7952110265316638, "8805445.0--8807379.0": 0.7821037584593464, "8412138.0--8807379.0": 0.8093611314893556, "8807247.0--8807379.0": 0.7813694704845479, "8807379.0--8848845.0": 0.7921264726747006, "8695851.0--8807379.0": 0.7899629469884207, "8713907.0--8807379.0": 0.8230865867470232, "8807379.0--8809847.0": 0.8005499165178531, "8727480.0--8807379.0": 0.8104447751168209, "8706590.0--8807379.0": 0.7901508580570304, "8735916.0--8807379.0": 0.7982692106478099, "8474512.0--8807379.0": 0.78855268490359, "8807379.0--8809845.0": 0.7911293156408952, "8540796.0--8807379.0": 0.7983361172026378, "8807233.0--8807379.0": 0.813353358034918, "8617747.0--8807379.0": 0.7773571854407865, "8474486.0--8807379.0": 0.7807873211344771, "8474516.0--8807379.0": 0.811798785646614, "8663650.0--8807379.0": 0.758278425842585, "8663646.0--8807379.0": 0.8018388012293288, "8794553.0--8807379.0": 0.8274681307979361, "8807379.0--8863966.0": 0.7844132588777197, "8525340.0--8807379.0": 0.7768272352745268, "8805448.0--8807379.0": 0.7987484240611874, "8405549.0--8807379.0": 0.7930175399122604, "8611178.0--8807379.0": 0.7807326121065378, "8807379.0--8827593.0": 0.7914116525627511, "8805463.0--8807379.0": 0.7566594942865095, "8805457.0--8807379.0": 0.791326922294845, "8805442.0--8807379.0": 0.7860213903277805, "8807266.0--8807379.0": 0.8136938647759553, "8807379.0--8813126.0": 0.8021236032914563, "8585103.0--8807379.0": 0.7842608953617526, "8807235.0--8807379.0": 0.7859084303331234, "8585048.0--8807379.0": 0.811754809583771, "8807379.0--8809843.0": 0.7828263520670642, "8807379.0--8809842.0": 0.7837568738484141, "8807379.0--8842614.0": 0.7785923913650566, "8805441.0--8807379.0": 0.7429253350295548, "8807379.0--8809920.0": 0.7624637668250771, "8663312.0--8807379.0": 0.7735654357529573, "8477126.0--8807379.0": 0.8216902992438626, "8807224.0--8807379.0": 0.8079051588466493, "8807355.0--8807379.0": 0.7775399076049034, "8807320.0--8807379.0": 0.8008864486688396, "8665933.0--8807379.0": 0.8037909152804197, "8807379.0--8845772.0": 0.8203702604020511, "8807379.0--8812989.0": 0.7792950347084896, "8636969.0--8807379.0": 0.8392816561676376, "8805450.0--8807379.0": 0.7602786460053246, "8807243.0--8807379.0": 0.7969293239899989, "8805443.0--8807379.0": 0.7770905126186252, "8673661.0--8807379.0": 0.8438136637521186, "8805419.0--8807379.0": 0.8039271436878891, "8451903.0--8807379.0": 0.7762593724901677, "8805429.0--8807379.0": 0.7861558354024492, "8807379.0--8809846.0": 0.7763313125736933, "8807379.0--8809832.0": 0.8180851171463357, "8413174.0--8807379.0": 0.7952345232343454, "8494817.0--8807379.0": 0.7732975817623287, "8637778.0--8807379.0": 0.7769310200120225, "8807379.0--8809742.0": 0.7696444684804531, "8807280.0--8807379.0": 0.8094696405942736, "8807274.0--8807379.0": 0.8133930384610935, "8807379.0--9216586.0": 0.8024198762949821, "8807379.0--9237132.0": 0.7874850648897541, "8807379.0--9216572.0": 0.789638321606654, "8807379.0--9217952.0": 0.789353106667427, "8807379.0--9217931.0": 0.8227514215636037, "8807379.0--9216507.0": 0.7646420351539815, "8807379.0--9222368.0": 0.8063332702279148, "8807379.0--9220137.0": 0.7858291023117641, "8807379.0--9233460.0": 0.7753029576617313, "8807379.0--9222263.0": 0.7730249297764457, "8807379.0--9293003.0": 0.8053960749540418, "8807379.0--9222102.0": 0.7879605169036754, "8807379.0--9222323.0": 0.8049022301334161, "8807379.0--9222287.0": 0.7992364321318968, "8807379.0--9223736.0": 0.824254845553241, "8807379.0--9224191.0": 0.8388068065029463, "8807379.0--9222251.0": 0.7703176368234331, "8807379.0--9229242.0": 0.7868805957327685, "8807379.0--9282195.0": 0.8638703212645049, "8807379.0--9222098.0": 0.8113946060439541, "8807379.0--9234027.0": 0.7798240424382421, "8807379.0--9246308.0": 0.8082119407915657, "8807379.0--9240072.0": 0.8486649467761733, "8807379.0--9222353.0": 0.8171142687734547, "8807379.0--9222293.0": 0.7956538688384954, "8807379.0--9222089.0": 0.7854133331310611, "8807379.0--9228893.0": 0.8020565620134241, "8807379.0--9224192.0": 0.8092480027720858, "8807379.0--9222289.0": 0.8081286589826875, "8807379.0--9222038.0": 0.7961265845315652, "8807379.0--9229072.0": 0.8025587254566859, "8807379.0--9222295.0": 0.8324474395751083, "8807379.0--9222342.0": 0.7757741422409639, "8807379.0--9241407.0": 0.7998702391357212, "8807379.0--9288884.0": 0.8056679105329643, "8807379.0--9222351.0": 0.793234834610245, "8807379.0--9223669.0": 0.7888152591530412, "8807379.0--9222315.0": 0.7791855148049347, "8807379.0--9222335.0": 0.8100630306977196, "8807379.0--9222327.0": 0.7794443246496205, "8807379.0--9233469.0": 0.7979004525835717, "8807379.0--9226461.0": 0.8127275041972346, "8807379.0--9238508.0": 0.8156225277845459, "8807379.0--9222266.0": 0.7526704110145144, "8807379.0--9225008.0": 0.7953442934323681, "8807379.0--9290431.0": 0.8628617676375039, "8807379.0--9239918.0": 0.7964116258256274, "8807379.0--9231271.0": 0.7894646556796779, "8807379.0--9222313.0": 0.7772902675982845, "8807379.0--9231268.0": 0.8068156561255233, "8807379.0--9222035.0": 0.7929509891857324, "8807379.0--9222091.0": 0.8270028303365354, "8807379.0--9229515.0": 0.7626870544978467,