{"8585638.0--8585647.0": 0.7903372520884259, "8585638.0--8585646.0": 0.7915869717233056, "8585638.0--8585658.0": 0.8687513566005137, "8585638.0--8585669.0": 0.7822786492334572, "8585638.0--8585665.0": 0.7759474692009876, "8585638.0--8585720.0": 0.7984281444984596, "8585638.0--8585733.0": 0.7807121732256319, "8585638.0--8585721.0": 0.7931243683960557, "8454906.0--8585638.0": 0.7622764914275275, "8457259.0--8585638.0": 0.8102272811328568, "8440091.0--8585638.0": 0.7822397402693488, "8440097.0--8585638.0": 0.7397089269110279, "8440049.0--8585638.0": 0.7565424362649114, "8440034.0--8585638.0": 0.7501066933751337, "8454905.0--8585638.0": 0.7553340648153042, "8440039.0--8585638.0": 0.808519307503333, "8440086.0--8585638.0": 0.761822282619933, "8445644.0--8585638.0": 0.7770132812879752, "8494830.0--8585638.0": 0.7460860109575665, "8440038.0--8585638.0": 0.768096586367891, "8440110.0--8585638.0": 0.7921355180343447, "8440109.0--8585638.0": 0.7474329862230079, "8453873.0--8585638.0": 0.7391809052026778, "8440115.0--8585638.0": 0.7686470530272461, "8467383.0--8585638.0": 0.7551346489875477, "8440120.0--8585638.0": 0.7972481003634964, "8440076.0--8585638.0": 0.7594703759508825, "8440043.0--8585638.0": 0.7707025970043146, "8467535.0--8585638.0": 0.8029659159257064, "8440121.0--8585638.0": 0.7994117460572987, "8440044.0--8585638.0": 0.7948045082551987, "8440089.0--8585638.0": 0.7710151584638829, "8440052.0--8585638.0": 0.7711556138392093, "8440085.0--8585638.0": 0.7988046891236783, "8440070.0--8585638.0": 0.777584144053663, "8440048.0--8585638.0": 0.8082484508977387, "8440118.0--8585638.0": 0.7769931175520446, "8440081.0--8585638.0": 0.754412190183073, "8440102.0--8585638.0": 0.7793171243526653, "8440080.0--8585638.0": 0.7818528997704618, "8440096.0--8585638.0": 0.7397500063737844, "8440124.0--8585638.0": 0.7690224368659933, "8440063.0--8585638.0": 0.754715044870715, "8440037.0--8585638.0": 0.7546044936258188, "8440040.0--8585638.0": 0.802613473007411, "8440056.0--8585638.0": 0.7692488210839606, "8440116.0--8585638.0": 0.7707765634813517, "8444102.0--8585638.0": 0.7519078698855214, "8440824.0--8585638.0": 0.7775580588409252, "8493612.0--8585638.0": 0.7517602968133341, "8440850.0--8585638.0": 0.79579927462566, "8456856.0--8585638.0": 0.7797475765592087, "8447439.0--8585638.0": 0.7544881144622068, "8440805.0--8585638.0": 0.7666253237442409, "8440811.0--8585638.0": 0.8373517934331602, "8440856.0--8585638.0": 0.7943899753222797, "8440822.0--8585638.0": 0.7775507637008727, "8440828.0--8585638.0": 0.7846769183431386, "8440851.0--8585638.0": 0.8106069332432988, "8457476.0--8585638.0": 0.7790103736585811, "8440848.0--8585638.0": 0.761110593089941, "8440839.0--8585638.0": 0.7971565124474386, "8443395.0--8585638.0": 0.7785018714941228, "8440832.0--8585638.0": 0.7866268346708285, "8440816.0--8585638.0": 0.7940752157011711, "8440835.0--8585638.0": 0.7681640339406817, "8440818.0--8585638.0": 0.8110930375551368, "8440853.0--8585638.0": 0.7749053304851794, "8440840.0--8585638.0": 0.7987099844768693, "8440857.0--8585638.0": 0.7997429147198407, "8449328.0--8585638.0": 0.7868254920340143, "8440829.0--8585638.0": 0.7818033322390718, "8440807.0--8585638.0": 0.7749862066471259, "8440831.0--8585638.0": 0.808278197151837, "8440852.0--8585638.0": 0.8077942652172332, "8440841.0--8585638.0": 0.8176072192909027, "8440859.0--8585638.0": 0.7657347470285011, "8440821.0--8585638.0": 0.7699471190601505, "8440842.0--8585638.0": 0.8071070901403845, "8443131.0--8585638.0": 0.7708594809510015, "8440815.0--8585638.0": 0.798091094689682, "8500765.0--8585638.0": 0.8254980500903331, "8440804.0--8585638.0": 0.7830259276891868, "8454276.0--8585638.0": 0.7842477292547085, "8464305.0--8585638.0": 0.7865628024703637, "8494828.0--8585638.0": 0.780875763988969, "8440825.0--8585638.0": 0.7887665078124606, "8440814.0--8585638.0": 0.7846369807491855, "8440838.0--8585638.0": 0.7883042884866212, "8440855.0--8585638.0": 0.8053411106285184, "8454489.0--8585638.0": 0.8127860352722732, "8440834.0--8585638.0": 0.7744671708351167, "8440826.0--8585638.0": 0.7971720907422235, "8440823.0--8585638.0": 0.7966345238479664, "8440845.0--8585638.0": 0.7762188375940857, "8440810.0--8585638.0": 0.8124242091945494, "8440806.0--8585638.0": 0.7544075165056323, "8440817.0--8585638.0": 0.8047866442917878, "8440813.0--8585638.0": 0.8186768685445134, "8443125.0--8585638.0": 0.7569230628884857, "8456575.0--8585638.0": 0.8009216610041834, "8440860.0--8585638.0": 0.7885297317363309, "8454343.0--8585638.0": 0.7814024287518778, "8440803.0--8585638.0": 0.7865043702072787, "8454344.0--8585638.0": 0.8054930543881111, "8440854.0--8585638.0": 0.8083213966103944, "8454346.0--8585638.0": 0.7838227295335052, "8440827.0--8585638.0": 0.7555576013941443, "8440836.0--8585638.0": 0.7824246234120366, "8440844.0--8585638.0": 0.8111124928819177, "8440808.0--8585638.0": 0.7858417195378841, "8440837.0--8585638.0": 0.8087531720123409, "8440858.0--8585638.0": 0.7595694593745875, "8440820.0--8585638.0": 0.7697291205989404, "8440833.0--8585638.0": 0.7627000358894516, "8444072.0--8585638.0": 0.7833432665018194, "8440812.0--8585638.0": 0.8111978891933455, "8440809.0--8585638.0": 0.7915806996291364, "8454904.0--8585638.0": 0.7749934964999122, "8440846.0--8585638.0": 0.8035384660415257, "8440830.0--8585638.0": 0.7700800424644462, "8444077.0--8585638.0": 0.7595866039296817, "8440847.0--8585638.0": 0.7766245650334078, "8440849.0--8585638.0": 0.781923909401547, "8443124.0--8585638.0": 0.8038663053423316, "8440843.0--8585638.0": 0.7616759925893364, "8585638.0--8807265.0": 0.7816734497472706, "8585638.0--8816695.0": 0.7830065042190606, "8585638.0--8805426.0": 0.7730272666831912, "8585638.0--8805421.0": 0.7830878091536098, "8585638.0--8812684.0": 0.7651691737925862, "8585638.0--8805461.0": 0.7824676836997746, "8585638.0--8807255.0": 0.7628378429263054, "8585638.0--8805460.0": 0.7663415986073996, "8585638.0--8807292.0": 0.7750295322243094, "8585638.0--8807354.0": 0.7987145622490391, "8585638.0--8809711.0": 0.7779639524088877, "8585638.0--8805422.0": 0.7757458554441266, "8585638.0--8805424.0": 0.7649864740089303, "8585638.0--8794517.0": 0.7554273326399037, "8585638.0--8805451.0": 0.7716916191078583, "8585638.0--8807223.0": 0.748062960865172, "8585638.0--8794560.0": 0.7915579161056268, "8481543.0--8585638.0": 0.7896434568761488, "8585638.0--8802285.0": 0.7409329826474065, "8585638.0--8807245.0": 0.7852779164903653, "8585638.0--8805456.0": 0.7642661716998841, "8585638.0--8827944.0": 0.7667916337671445, "8585638.0--8807296.0": 0.8189679614831075, "8585638.0--8827951.0": 0.7583675197014752, "8585638.0--8854335.0": 0.7911011815950031, "8585638.0--8805446.0": 0.7794495825829686, "8585638.0--8805436.0": 0.7908404506365373, "8585638.0--8805433.0": 0.7719042741483751, "8546802.0--8585638.0": 0.8193551595216931, "8585638.0--8805427.0": 0.7664466806644361, "8585638.0--8836120.0": 0.7853166772356959, "8585638.0--8794768.0": 0.7683179197057122, "8585638.0--8809750.0": 0.7691966617020299, "8585638.0--8820172.0": 0.8132394551267054, "8476234.0--8585638.0": 0.7826373350923272, "8585638.0--8807314.0": 0.7589410166101954, "8585638.0--8794520.0": 0.8199285484431487, "8585638.0--8805452.0": 0.7880498785407023, "8585638.0--8805462.0": 0.7907288589293311, "8585638.0--8807275.0": 0.7983970099040539, "8419285.0--8585638.0": 0.7718432753549774, "8585638.0--8807379.0": 0.7820541055185279, "8585638.0--8807234.0": 0.7891828122016848, "8423100.0--8585638.0": 0.7855003062432031, "8585638.0--8805455.0": 0.7433654586982894, "8585638.0--8727493.0": 0.766255737843135, "8585638.0--8807369.0": 0.752233690798116, "8532319.0--8585638.0": 0.7649206316385146, "8419325.0--8585638.0": 0.7882827670929933, "8585638.0--8805430.0": 0.7733374275755787, "8585638.0--8807301.0": 0.7741987931187801, "8585638.0--8713940.0": 0.8070484328489401, "8585638.0--8637795.0": 0.7823855147967937, "7999244.0--8585638.0": 0.7932056447036857, "8585638.0--8805439.0": 0.7859508673144217, "8585638.0--8805428.0": 0.8011728902639551,