{"8440076.0--8440120.0": 0.7605211040909424, "8440043.0--8440120.0": 0.789627270038864, "8440120.0--8467535.0": 0.7968545000820797, "8440120.0--8440121.0": 0.8217729660567286, "8440044.0--8440120.0": 0.7369020956265261, "8440089.0--8440120.0": 0.8024576143176989, "8440052.0--8440120.0": 0.814470049857925, "8440085.0--8440120.0": 0.8100157985215266, "8440070.0--8440120.0": 0.8098492235973808, "8440048.0--8440120.0": 0.8114179517980192, "8440118.0--8440120.0": 0.8001806471536763, "8440081.0--8440120.0": 0.7735266882220988, "8440102.0--8440120.0": 0.7894277262418337, "8440080.0--8440120.0": 0.7807071287283819, "8440096.0--8440120.0": 0.7504862840156235, "8440120.0--8440124.0": 0.7827093286790896, "8440063.0--8440120.0": 0.7856505503280355, "8440037.0--8440120.0": 0.7815938791487801, "8440040.0--8440120.0": 0.764762447804184, "8440056.0--8440120.0": 0.8088926288200655, "8440116.0--8440120.0": 0.7687381673721732, "8440120.0--8444102.0": 0.7919700047259837, "8440120.0--8440824.0": 0.8341239305715198, "8440120.0--8493612.0": 0.8314432251612985, "8440120.0--8440850.0": 0.811897988320805, "8440120.0--8456856.0": 0.8021477978611049, "8440120.0--8447439.0": 0.8364721756194075, "8440120.0--8440805.0": 0.7945100518312518, "8440120.0--8440811.0": 0.7699922929562021, "8440120.0--8440856.0": 0.8244386877713665, "8440120.0--8440822.0": 0.780908751434001, "8440120.0--8440828.0": 0.7774719091396161, "8440120.0--8440851.0": 0.7763932935985409, "8440120.0--8457476.0": 0.7630641428032776, "8440120.0--8440848.0": 0.723586869537294, "8440120.0--8440839.0": 0.802501798963389, "8440120.0--8443395.0": 0.7536529425639339, "8440120.0--8440832.0": 0.7733273473903983, "8440120.0--8440816.0": 0.7921871629466238, "8440120.0--8440835.0": 0.7898689356590105, "8440120.0--8440818.0": 0.8061679151640189, "8440120.0--8440853.0": 0.790500178772306, "8440120.0--8440840.0": 0.8323504420070441, "8440120.0--8440857.0": 0.8158523911247173, "8440120.0--8449328.0": 0.7838913681357147, "8440120.0--8440829.0": 0.81789618087594, "8440120.0--8440807.0": 0.7453721903341958, "8440120.0--8440831.0": 0.7928673091234137, "8440120.0--8440852.0": 0.8046405144861675, "8440120.0--8440841.0": 0.7525556995630062, "8440120.0--8440859.0": 0.7682800021325782, "8440120.0--8440821.0": 0.7768822572644463, "8440120.0--8440842.0": 0.7851739827820942, "8440120.0--8443131.0": 0.7579558594242786, "8440120.0--8440815.0": 0.7595875284496323, "8440120.0--8500765.0": 0.8063442711101039, "8440120.0--8440804.0": 0.7727449353334654, "8440120.0--8454276.0": 0.787012023727214, "8440120.0--8464305.0": 0.780220839797254, "8440120.0--8494828.0": 0.7713870254730253, "8440120.0--8440825.0": 0.7846715578326735, "8440120.0--8440814.0": 0.8209725192689137, "8440120.0--8440838.0": 0.8348209290057127, "8440120.0--8440855.0": 0.8131161221692351, "8440120.0--8454489.0": 0.7952258915512597, "8440120.0--8440834.0": 0.7894701562652613, "8440120.0--8440826.0": 0.8428562760263805, "8440120.0--8440823.0": 0.7989108901312765, "8440120.0--8440845.0": 0.7840034365462687, "8440120.0--8440810.0": 0.7875412044095513, "8440120.0--8440806.0": 0.7528163118225168, "8440120.0--8440817.0": 0.7889031954835732, "8440120.0--8440813.0": 0.7957102840032213, "8440120.0--8443125.0": 0.7679859355141663, "8440120.0--8456575.0": 0.8146271433066111, "8440120.0--8440860.0": 0.7783973559791613, "8440120.0--8454343.0": 0.8030003929446872, "8440120.0--8440803.0": 0.7878078042184524, "8440120.0--8454344.0": 0.8202223836718421, "8440120.0--8440854.0": 0.8057377134427155, "8440120.0--8454346.0": 0.7864548762505073, "8440120.0--8440827.0": 0.7446401717072448, "8440120.0--8440836.0": 0.7971027539332063, "8440120.0--8440844.0": 0.8031775859213305, "8440120.0--8440808.0": 0.8053451068002431, "8440120.0--8440837.0": 0.8083627036805066, "8440120.0--8440858.0": 0.7618047690533694, "8440120.0--8440820.0": 0.7892926828874431, "8440120.0--8440833.0": 0.7679071797738479, "8440120.0--8444072.0": 0.7807719108484616, "8440120.0--8440812.0": 0.8007781334977305, "8440120.0--8440809.0": 0.7798750445469027, "8440120.0--8454904.0": 0.7718472874320179, "8440120.0--8440846.0": 0.8146973719697121, "8440120.0--8440830.0": 0.7705252466942767, "8440120.0--8444077.0": 0.7797463001605289, "8440120.0--8440847.0": 0.7810409604266606, "8440120.0--8440849.0": 0.7807460024209921, "8440120.0--8443124.0": 0.8144313199439591, "8440120.0--8440843.0": 0.8091659253454883, "8440120.0--8807265.0": 0.7729050431963579, "8440120.0--8816695.0": 0.7743330417115553, "8440120.0--8805426.0": 0.8234804033281923, "8440120.0--8805421.0": 0.8037750610989125, "8440120.0--8812684.0": 0.7766881190006594, "8440120.0--8805461.0": 0.7837738896653574, "8440120.0--8807255.0": 0.7721766674599903, "8440120.0--8805460.0": 0.741206707544735, "8440120.0--8807292.0": 0.7867941734400269, "8440120.0--8807354.0": 0.7635905626012993, "8440120.0--8809711.0": 0.7753845719888872, "8440120.0--8805422.0": 0.7568175301798495, "8440120.0--8805424.0": 0.7669993667782883, "8440120.0--8794517.0": 0.7923405773079764, "8440120.0--8805451.0": 0.7852680861801487, "8440120.0--8807223.0": 0.780761287226988, "8440120.0--8794560.0": 0.7911649714118375, "8440120.0--8481543.0": 0.8214643522223335, "8440120.0--8802285.0": 0.7891033319697212, "8440120.0--8807245.0": 0.8128195185439262, "8440120.0--8805456.0": 0.7810078504665252, "8440120.0--8827944.0": 0.7487258813711863, "8440120.0--8807296.0": 0.8152270488930695, "8440120.0--8827951.0": 0.7819363200762481, "8440120.0--8854335.0": 0.799255690913376, "8440120.0--8805446.0": 0.7982665444398946, "8440120.0--8805436.0": 0.8089739383395598, "8440120.0--8805433.0": 0.7688298757239661, "8440120.0--8546802.0": 0.8204502829662553, "8440120.0--8805427.0": 0.7587546793149962, "8440120.0--8836120.0": 0.789961173627411, "8440120.0--8794768.0": 0.7818878670765728, "8440120.0--8809750.0": 0.8020205727045434, "8440120.0--8820172.0": 0.8096366197839241, "8440120.0--8476234.0": 0.7805774975063147, "8440120.0--8807314.0": 0.7717142523340315, "8440120.0--8794520.0": 0.8358869056365004, "8440120.0--8805452.0": 0.7693887212614284, "8440120.0--8805462.0": 0.7922022942997388, "8440120.0--8807275.0": 0.780818457529419, "8419285.0--8440120.0": 0.7844743413213263, "8440120.0--8807379.0": 0.7833450922724714, "8440120.0--8807234.0": 0.808131225784412, "8423100.0--8440120.0": 0.7893648323167354, "8440120.0--8805455.0": 0.7762120094100666, "8440120.0--8727493.0": 0.7761127417837594, "8440120.0--8807369.0": 0.7514057335190223, "8440120.0--8532319.0": 0.7980547015285963, "8419325.0--8440120.0": 0.8174639144853958, "8440120.0--8805430.0": 0.7850153932135715, "8440120.0--8807301.0": 0.7688618776815521, "8440120.0--8713940.0": 0.8051199922531554, "8440120.0--8637795.0": 0.8018617126350401, "7999244.0--8440120.0": 0.812958065991707, "8440120.0--8805439.0": 0.7791845261636695, "8440120.0--8805428.0": 0.8143091356338894, "8440120.0--8809223.0": 0.8241358892754075, "8440120.0--8795584.0": 0.7947194435475653, "8440120.0--8807264.0": 0.7803454822435741, "8440120.0--8805431.0": 0.7718379969023437, "8440120.0--8453863.0": 0.8277958773949545, "8400404.0--8440120.0": 0.792494974945356, "8440120.0--8809834.0": 0.7906579856793655, "8440120.0--8663447.0": 0.8174001364167498, "8440120.0--8807213.0": 0.8029986987519329, "8440120.0--8640251.0": 0.8044034825030996, "8440120.0--8807220.0": 0.8067711685041346, "8440120.0--8617736.0": 0.8047638197424258, "8440120.0--8617746.0": 0.7496222479940337, "8440120.0--8640072.0": 0.8089613395673502, "8440120.0--8636208.0": 0.7932743314291822, "8440120.0--8805458.0": 0.7776919653828975, "8440120.0--8807271.0": 0.7903338385003361, "8440120.0--8809678.0": 0.7562840833393213, "8440120.0--8807226.0": 0.7947808432264636, "8440120.0--8805467.0": 0.787626025844937, "8440120.0--8611113.0": 0.7867723518183445, "8440120.0--8854316.0": 0.8218725965810674, "8440120.0--8794607.0": 0.7838595173918261, "8440120.0--8805418.0": 0.7496933536801227, "8440120.0--8836087.0": 0.8158228856329184, "8440120.0--8807283.0": 0.7920870201520633,