{"9222313.0--9231268.0": 0.7879676174536563, "9222035.0--9222313.0": 0.7668592303261861, "9222091.0--9222313.0": 0.8090088602660735, "9222313.0--9229515.0": 0.7623598075779251, "9222301.0--9222313.0": 0.8156085812641571, "9222313.0--9222358.0": 0.8025294022116801, "9222313.0--9229135.0": 0.8117942164364598, "9222047.0--9222313.0": 0.781141282732184, "9222272.0--9222313.0": 0.7969888882948211, "9222110.0--9222313.0": 0.8078839777666196, "9222313.0--9222364.0": 0.7876939196408704, "9222088.0--9222313.0": 0.803306538878789, "9216518.0--9222313.0": 0.8059251039174373, "9222309.0--9222313.0": 0.7788641518946187, "9216595.0--9222313.0": 0.7837557484106691, "9216538.0--9222313.0": 0.7813660210023943, "9216549.0--9222313.0": 0.8065149251824113, "9216559.0--9222313.0": 0.8009645335629663, "9222313.0--9222376.0": 0.7902597127737878, "9222313.0--9222374.0": 0.8284265402824752, "9222313.0--9224194.0": 0.7864628732235587, "9222254.0--9222313.0": 0.8377523789600674, "9222049.0--9222313.0": 0.7624709227622263, "9222313.0--9222562.0": 0.7925262251077987, "9222313.0--9226126.0": 0.8193849134389318, "9222313.0--9240062.0": 0.8270107058039912, "9222313.0--9226101.0": 0.7906314042915593, "9222313.0--9222377.0": 0.8069670871551101, "9222313.0--9233392.0": 0.8332779827496635, "9222093.0--9222313.0": 0.7625205563936619, "9222313.0--9224154.0": 0.7700787890139733, "9222313.0--9240061.0": 0.7887143499160462, "9222313.0--9222512.0": 0.7932474303348033, "9222313.0--9241413.0": 0.8037161069556749, "9222313.0--9224646.0": 0.7760109824975272, "9222313.0--9222372.0": 0.7804635486616129, "9222253.0--9222313.0": 0.7979138951867499, "9222092.0--9222313.0": 0.8298158471436439, "9222271.0--9222313.0": 0.7948673436251148, "9222313.0--9230431.0": 0.8005717532052956, "9222076.0--9222313.0": 0.8241024515008318, "9222053.0--9222313.0": 0.8143609489859694, "9216532.0--9222313.0": 0.7985333496616378, "9222085.0--9222313.0": 0.8232937185157088, "9216629.0--9222313.0": 0.790677355898056, "9222313.0--9308630.0": 0.8196202255303965, "9222313.0--9308624.0": 0.770316467481695, "9219240.0--9222313.0": 0.7988475877647934, "9216630.0--9222313.0": 0.7912210584544033, "9217981.0--9222313.0": 0.8096444272212762, "9222313.0--9224153.0": 0.7702130141652886, "9222313.0--9286505.0": 0.777674508241149, "9216512.0--9222313.0": 0.7951997508085143, "9216579.0--9222313.0": 0.8160993209703237, "9222249.0--9222313.0": 0.8064355326513492, "9222313.0--9222367.0": 0.7805571538572389, "9222313.0--9222325.0": 0.7644396711563519, "9222313.0--9222510.0": 0.7603837185082497, "9222313.0--9246250.0": 0.792163349442522, "9222313.0--9308627.0": 0.8222645887144818, "9222313.0--9224186.0": 0.8403285576370543, "9222313.0--9229232.0": 0.7675207863045515, "9222313.0--9226404.0": 0.778179634436787, "9222313.0--9308631.0": 0.7971803882637772, "9222255.0--9222313.0": 0.7905518371048691, "9222261.0--9222313.0": 0.7940151206645878, "9222313.0--9222338.0": 0.7984230581306789, "9222284.0--9222313.0": 0.7984617052353736, "9222313.0--9230430.0": 0.8150080416030521, "9222313.0--9308622.0": 0.7536733473598276, "9222313.0--9286903.0": 0.7656667697810966, "9222313.0--9234473.0": 0.7829401112329174, "9222313.0--9241426.0": 0.8053662102279202, "9222269.0--9222313.0": 0.7748741317840282, "9222313.0--9237999.0": 0.7986948585346736, "9222072.0--9222313.0": 0.8185635521333015, "9222313.0--9224197.0": 0.8106125463689775, "9222313.0--9246282.0": 0.8067679420695488, "9222313.0--9222314.0": 0.8326232950473137, "9222313.0--9222357.0": 0.7948617612122938, "9222086.0--9222313.0": 0.775662446466924, "9222313.0--9222360.0": 0.8348820600576723, "9222065.0--9222313.0": 0.7632145912605189, "9222313.0--9228894.0": 0.8286994725841841, "9222313.0--9233264.0": 0.8011756368328447, "9222313.0--9222343.0": 0.7641666115886235, "9222313.0--9308621.0": 0.8095346567760399, "9222313.0--9308625.0": 0.8292472458201154, "9222313.0--9241744.0": 0.8128993186905267, "9222313.0--9308629.0": 0.8070389634247741, "9222068.0--9222313.0": 0.7891950793195965, "9222248.0--9222313.0": 0.7836738351358893, "9222274.0--9222313.0": 0.8173110473456254, "9222313.0--9229116.0": 0.8330551540872679, "9222313.0--9233993.0": 0.7905343064851977, "9222313.0--9308623.0": 0.7996768997589021, "9222313.0--9222553.0": 0.7760143097745482, "9222313.0--9222341.0": 0.8229776834331549, "9222313.0--9222346.0": 0.8590798985531036, "9222313.0--9308628.0": 0.8592143645968479, "9222294.0--9222313.0": 0.791793255715763, "9222313.0--9241732.0": 0.7994501123212889, "9222060.0--9222313.0": 0.8033323342895689, "9222280.0--9222313.0": 0.8152141454262172}