{"8807294.0--8812988.0": 0.8334123416809758, "8805434.0--8812988.0": 0.8273655258074186, "8732351.0--8812988.0": 0.8052180279445403, "8807232.0--8812988.0": 0.8300363464423415, "8419271.0--8812988.0": 0.7827782368678794, "8625484.0--8812988.0": 0.7993561456354124, "8807349.0--8812988.0": 0.8143108660967868, "8809730.0--8812988.0": 0.8014597371820082, "8730513.0--8812988.0": 0.8091456994054606, "8809833.0--8812988.0": 0.7936965447703569, "8523628.0--8812988.0": 0.8053515484289824, "8434356.0--8812988.0": 0.7884099471602287, "8807303.0--8812988.0": 0.7922832754433091, "8811606.0--8812988.0": 0.7871999826465907, "8807244.0--8812988.0": 0.7580719396692606, "8490694.0--8812988.0": 0.8204089455531961, "8809844.0--8812988.0": 0.7804933487551635, "8809850.0--8812988.0": 0.8006760008325206, "8805445.0--8812988.0": 0.754083898226094, "8412138.0--8812988.0": 0.7884876609828513, "8807247.0--8812988.0": 0.7743319941641278, "8812988.0--8848845.0": 0.77856317240137, "8695851.0--8812988.0": 0.8116092929582273, "8713907.0--8812988.0": 0.8066386899036773, "8809847.0--8812988.0": 0.7967132908267411, "8727480.0--8812988.0": 0.8043980074098771, "8706590.0--8812988.0": 0.7772477343159951, "8735916.0--8812988.0": 0.8174215765889774, "8474512.0--8812988.0": 0.7863048292075285, "8809845.0--8812988.0": 0.7632593638240776, "8540796.0--8812988.0": 0.8050335077617974, "8807233.0--8812988.0": 0.8237059208708896, "8617747.0--8812988.0": 0.7885406785527991, "8474486.0--8812988.0": 0.7959787290005749, "8474516.0--8812988.0": 0.8580453967203261, "8663650.0--8812988.0": 0.7752461557197587, "8663646.0--8812988.0": 0.7828888700305636, "8794553.0--8812988.0": 0.7811922370984286, "8812988.0--8863966.0": 0.7964492524255284, "8525340.0--8812988.0": 0.7434333961353572, "8805448.0--8812988.0": 0.7617983310582122, "8405549.0--8812988.0": 0.8131498850465533, "8611178.0--8812988.0": 0.7900875894349618, "8812988.0--8827593.0": 0.8305105135645583, "8805463.0--8812988.0": 0.8408876884332299, "8805457.0--8812988.0": 0.8656336730737587, "8805442.0--8812988.0": 0.7886372744076291, "8807266.0--8812988.0": 0.8078245065324858, "8812988.0--8813126.0": 0.8059672647746885, "8585103.0--8812988.0": 0.7946814241592424, "8807235.0--8812988.0": 0.7875045155320365, "8585048.0--8812988.0": 0.8342480008160834, "8809843.0--8812988.0": 0.793014066024687, "8809842.0--8812988.0": 0.7789626873161695, "8812988.0--8842614.0": 0.7766610165857348, "8805441.0--8812988.0": 0.7666905174623553, "8809920.0--8812988.0": 0.7604828892522981, "8663312.0--8812988.0": 0.7953991513129925, "8477126.0--8812988.0": 0.809262338845812, "8807224.0--8812988.0": 0.8269326803394379, "8807355.0--8812988.0": 0.7764449047405091, "8807320.0--8812988.0": 0.7737321084436384, "8665933.0--8812988.0": 0.785738185862388, "8812988.0--8845772.0": 0.7536363851959444, "8812988.0--8812989.0": 0.8389652761861741, "8636969.0--8812988.0": 0.7813605705424443, "8805450.0--8812988.0": 0.7497150548645317, "8807243.0--8812988.0": 0.7858376614710351, "8805443.0--8812988.0": 0.7996869354216107, "8673661.0--8812988.0": 0.8005240896201422, "8805419.0--8812988.0": 0.7738300533681178, "8451903.0--8812988.0": 0.8057569439594022, "8805429.0--8812988.0": 0.7917771338475201, "8809846.0--8812988.0": 0.781035260817591, "8809832.0--8812988.0": 0.8029667946553479, "8413174.0--8812988.0": 0.7744238037466544, "8494817.0--8812988.0": 0.7581610010047178, "8637778.0--8812988.0": 0.7628164859817806, "8809742.0--8812988.0": 0.8027471689489984, "8807280.0--8812988.0": 0.8154943479607716, "8807274.0--8812988.0": 0.8260179187072629, "8812988.0--9216586.0": 0.7773145872316022, "8812988.0--9237132.0": 0.8090198969399349, "8812988.0--9216572.0": 0.7786932477646501, "8812988.0--9217952.0": 0.7890615871681845, "8812988.0--9217931.0": 0.8255369145758809, "8812988.0--9216507.0": 0.8063394561474059, "8812988.0--9222368.0": 0.8034743883040288, "8812988.0--9220137.0": 0.7875678622760303, "8812988.0--9233460.0": 0.7855487477767074, "8812988.0--9222263.0": 0.7754312696667008, "8812988.0--9293003.0": 0.8234129892275351, "8812988.0--9222102.0": 0.8097089511364332, "8812988.0--9222323.0": 0.7982244392448029, "8812988.0--9222287.0": 0.7761956762770106, "8812988.0--9223736.0": 0.7782858921252269, "8812988.0--9224191.0": 0.7979348330781513, "8812988.0--9222251.0": 0.7876778974430602, "8812988.0--9229242.0": 0.8028447748552476, "8812988.0--9282195.0": 0.7556530711363565, "8812988.0--9222098.0": 0.7885492397013487, "8812988.0--9234027.0": 0.7591906952934269, "8812988.0--9246308.0": 0.8044532808798643, "8812988.0--9240072.0": 0.7927773807831979, "8812988.0--9222353.0": 0.7968431821411979, "8812988.0--9222293.0": 0.8124763836359818, "8812988.0--9222089.0": 0.7717771401402426, "8812988.0--9228893.0": 0.8140501279320631, "8812988.0--9224192.0": 0.769559054984896, "8812988.0--9222289.0": 0.7979843423850383, "8812988.0--9222038.0": 0.7690161305665264, "8812988.0--9229072.0": 0.8197921940455584, "8812988.0--9222295.0": 0.8032664185771746, "8812988.0--9222342.0": 0.8222890053273191, "8812988.0--9241407.0": 0.7659824813619333, "8812988.0--9288884.0": 0.7735443935751686, "8812988.0--9222351.0": 0.7960939174788892, "8812988.0--9223669.0": 0.8104221977552523, "8812988.0--9222315.0": 0.8094142429351743, "8812988.0--9222335.0": 0.8217803601465317, "8812988.0--9222327.0": 0.7983871747511961, "8812988.0--9233469.0": 0.8228707384306827, "8812988.0--9226461.0": 0.8065060577997538, "8812988.0--9238508.0": 0.8508281273247459, "8812988.0--9222266.0": 0.8052853833271969, "8812988.0--9225008.0": 0.8111054614561376, "8812988.0--9290431.0": 0.7823888644050554, "8812988.0--9239918.0": 0.7843472947635848, "8812988.0--9231271.0": 0.7670888750152869, "8812988.0--9222313.0": 0.8073425463410286, "8812988.0--9231268.0": 0.7782585079051902, "8812988.0--9222035.0": 0.7540278535717179, "8812988.0--9222091.0": 0.7955121375113571, "8812988.0--9229515.0": 0.7845209534421221, "8812988.0--9222301.0": 0.7885248715554746, "8812988.0--9222358.0": 0.8231180716431105, "8812988.0--9229135.0": 0.8363779982174349, "8812988.0--9222047.0": 0.7761086971764902, "8812988.0--9222272.0": 0.8567894039543434, "8812988.0--9222110.0": 0.7783647201097554, "8812988.0--9222364.0": 0.7923311545846019, "8812988.0--9222088.0": 0.7861491798197697, "8812988.0--9216518.0": 0.8447692213345206, "8812988.0--9222309.0": 0.7747711952373996, "8812988.0--9216595.0": 0.7650676517240418, "8812988.0--9216538.0": 0.7517463199323988, "8812988.0--9216549.0": 0.7695707348007187, "8812988.0--9216559.0": 0.7908636679085385, "8812988.0--9222376.0": 0.8010592910827558, "8812988.0--9222374.0": 0.782683662129714, "8812988.0--9224194.0": 0.7875717777390128, "8812988.0--9222254.0": 0.7912726834971734, "8812988.0--9222049.0": 0.7540117397464616, "8812988.0--9222562.0": 0.8023784247643919, "8812988.0--9226126.0": 0.7970473873177351, "8812988.0--9240062.0": 0.8520322030923368, "8812988.0--9226101.0": 0.7842738741155164, "8812988.0--9222377.0": 0.7811415563354749, "8812988.0--9233392.0": 0.8124737447844287, "8812988.0--9222093.0": 0.7553699797860277, "8812988.0--9224154.0": 0.7669037106723838, "8812988.0--9240061.0": 0.7754386808330317, "8812988.0--9222512.0": 0.7683063117593188, "8812988.0--9241413.0": 0.7894582438539602, "8812988.0--9224646.0": 0.76302453260904, "8812988.0--9222372.0": 0.7398219918932745, "8812988.0--9222253.0": 0.7852039326923195, "8812988.0--9222092.0": 0.8194317076370458, "8812988.0--9222271.0": 0.7876901605978042, "8812988.0--9230431.0": 0.82362206913382, "8812988.0--9222076.0": 0.8033068849740438, "8812988.0--9222053.0": 0.811471594856154, "8812988.0--9216532.0": 0.8080256465016737, "8812988.0--9222085.0": 0.7974464205857417, "8812988.0--9216629.0": 0.8285979650534285, "8812988.0--9308630.0": 0.8011953481916937, "8812988.0--9308624.0": 0.8016711039629976, "8812988.0--9219240.0": 0.8668136903062928, "8812988.0--9216630.0": 0.7954771812149043, "8812988.0--9217981.0": 0.7885255475569679, "8812988.0--9224153.0": 0.8362320253480322, "8812988.0--9286505.0": 0.7838932020602362,