{"8440823.0--8440845.0": 0.7704564731349033, "8440810.0--8440823.0": 0.7940685568315258, "8440806.0--8440823.0": 0.7728096765067605, "8440817.0--8440823.0": 0.7846845387221184, "8440813.0--8440823.0": 0.8114206308057044, "8440823.0--8443125.0": 0.7731571728996002, "8440823.0--8456575.0": 0.802514667360799, "8440823.0--8440860.0": 0.7906654699824847, "8440823.0--8454343.0": 0.7743034197119748, "8440803.0--8440823.0": 0.7880043982458079, "8440823.0--8454344.0": 0.7959180444173618, "8440823.0--8440854.0": 0.8112789981555956, "8440823.0--8454346.0": 0.7735409143468295, "8440823.0--8440827.0": 0.7479599015204569, "8440823.0--8440836.0": 0.827344982574522, "8440823.0--8440844.0": 0.8074208374788817, "8440808.0--8440823.0": 0.8291139427386865, "8440823.0--8440837.0": 0.8260126564080827, "8440823.0--8440858.0": 0.7626765103373767, "8440820.0--8440823.0": 0.7739573265522964, "8440823.0--8440833.0": 0.7697052121479607, "8440823.0--8444072.0": 0.7774512749945074, "8440812.0--8440823.0": 0.8238737136156475, "8440809.0--8440823.0": 0.7956731763594623, "8440823.0--8454904.0": 0.7858798050974447, "8440823.0--8440846.0": 0.8091959872932338, "8440823.0--8440830.0": 0.7933002077139415, "8440823.0--8444077.0": 0.7787791197677593, "8440823.0--8440847.0": 0.8031385717077946, "8440823.0--8440849.0": 0.7714507667865906, "8440823.0--8443124.0": 0.8127166627238936, "8440823.0--8440843.0": 0.7727346179071958, "8440823.0--8807265.0": 0.7885797470118583, "8440823.0--8816695.0": 0.7822510042062376, "8440823.0--8805426.0": 0.7899401198770118, "8440823.0--8805421.0": 0.7879141113739411, "8440823.0--8812684.0": 0.7834866465283028, "8440823.0--8805461.0": 0.7812126006507156, "8440823.0--8807255.0": 0.753075752058636, "8440823.0--8805460.0": 0.7791492970225671, "8440823.0--8807292.0": 0.7864348740390594, "8440823.0--8807354.0": 0.790798464741923, "8440823.0--8809711.0": 0.7882138293524091, "8440823.0--8805422.0": 0.7626749072590886, "8440823.0--8805424.0": 0.7723653513204473, "8440823.0--8794517.0": 0.7823548222674355, "8440823.0--8805451.0": 0.7724824535490132, "8440823.0--8807223.0": 0.7779009720150215, "8440823.0--8794560.0": 0.792925835518622, "8440823.0--8481543.0": 0.7827733320186482, "8440823.0--8802285.0": 0.7696133437285904, "8440823.0--8807245.0": 0.8066206624469046, "8440823.0--8805456.0": 0.7933503654132096, "8440823.0--8827944.0": 0.7707004376738631, "8440823.0--8807296.0": 0.8024803537356443, "8440823.0--8827951.0": 0.7702828857361447, "8440823.0--8854335.0": 0.8056247483679717, "8440823.0--8805446.0": 0.8186857241687351, "8440823.0--8805436.0": 0.8034539169096245, "8440823.0--8805433.0": 0.7863110763635733, "8440823.0--8546802.0": 0.8340976560365515, "8440823.0--8805427.0": 0.772237484327966, "8440823.0--8836120.0": 0.7791481548724251, "8440823.0--8794768.0": 0.7879507384270151, "8440823.0--8809750.0": 0.7994160760501835, "8440823.0--8820172.0": 0.8118004497375024, "8440823.0--8476234.0": 0.8087894388458632, "8440823.0--8807314.0": 0.7912851268195528, "8440823.0--8794520.0": 0.8425087225530048, "8440823.0--8805452.0": 0.7880292761516683, "8440823.0--8805462.0": 0.7891019376326274, "8440823.0--8807275.0": 0.7910915279086417, "8419285.0--8440823.0": 0.7973661751718297, "8440823.0--8807379.0": 0.8066700804605964, "8440823.0--8807234.0": 0.8199837927074739, "8423100.0--8440823.0": 0.8094231716968034, "8440823.0--8805455.0": 0.7871911546377831, "8440823.0--8727493.0": 0.7819125980864845, "8440823.0--8807369.0": 0.7571578246549988, "8440823.0--8532319.0": 0.8001704383971102, "8419325.0--8440823.0": 0.8153777579907643, "8440823.0--8805430.0": 0.7863187155409939, "8440823.0--8807301.0": 0.7667017148376745, "8440823.0--8713940.0": 0.8001694156273925, "8440823.0--8637795.0": 0.808124132206852, "7999244.0--8440823.0": 0.7960448613374369, "8440823.0--8805439.0": 0.763883015633224, "8440823.0--8805428.0": 0.8282780155575269, "8440823.0--8809223.0": 0.8190973153523016, "8440823.0--8795584.0": 0.8278783184433811, "8440823.0--8807264.0": 0.7878559275245884, "8440823.0--8805431.0": 0.8261826232928404, "8440823.0--8453863.0": 0.7906441390571828, "8400404.0--8440823.0": 0.8210288643726273, "8440823.0--8809834.0": 0.793664810138286, "8440823.0--8663447.0": 0.7852384980811113, "8440823.0--8807213.0": 0.8117556595287936, "8440823.0--8640251.0": 0.8087552907996209, "8440823.0--8807220.0": 0.8224199511942794, "8440823.0--8617736.0": 0.8005464104665041, "8440823.0--8617746.0": 0.7538115129196344, "8440823.0--8640072.0": 0.7965950644451447, "8440823.0--8636208.0": 0.7922323517158122, "8440823.0--8805458.0": 0.7822290951848078, "8440823.0--8807271.0": 0.7779310119060594, "8440823.0--8809678.0": 0.7638366123162073, "8440823.0--8807226.0": 0.7964654392770247, "8440823.0--8805467.0": 0.8265650037866699, "8440823.0--8611113.0": 0.7929274397445285, "8440823.0--8854316.0": 0.8201807290099514, "8440823.0--8794607.0": 0.7882705825733701, "8440823.0--8805418.0": 0.7527384992310833, "8440823.0--8836087.0": 0.8045703655536052, "8440823.0--8807283.0": 0.7936186862574417, "8440823.0--8820171.0": 0.8145134072896809, "8440823.0--8807288.0": 0.7398387765504809, "8440823.0--8807302.0": 0.7541913654008456, "8440823.0--8805466.0": 0.7693522083887849, "8440823.0--8807351.0": 0.7965540199656637, "8440823.0--8805420.0": 0.7718017581211675, "8440823.0--8807299.0": 0.7545029218757852, "8440823.0--8812988.0": 0.7735720877578562, "8440823.0--8807294.0": 0.7859077465506281, "8440823.0--8805434.0": 0.8057513172778032, "8440823.0--8732351.0": 0.7801197852590447, "8440823.0--8807232.0": 0.7834379194835522, "8419271.0--8440823.0": 0.7393831648832646, "8440823.0--8625484.0": 0.7775593334885108, "8440823.0--8807349.0": 0.7724434054732741, "8440823.0--8809730.0": 0.7718132672923801, "8440823.0--8730513.0": 0.7671987377553529, "8440823.0--8809833.0": 0.7820666066135855, "8440823.0--8523628.0": 0.7849430025021857, "8434356.0--8440823.0": 0.8023055599548582, "8440823.0--8807303.0": 0.80701248576879, "8440823.0--8811606.0": 0.7939584902186555, "8440823.0--8807244.0": 0.7975539012375485, "8440823.0--8490694.0": 0.803137333460105, "8440823.0--8809844.0": 0.7893084083223905, "8440823.0--8809850.0": 0.7812867041931036, "8440823.0--8805445.0": 0.8078050168858244, "8412138.0--8440823.0": 0.7910230062859169, "8440823.0--8807247.0": 0.7965541253247324, "8440823.0--8848845.0": 0.8035836439067431, "8440823.0--8695851.0": 0.7954649709029632, "8440823.0--8713907.0": 0.8010561385339872, "8440823.0--8809847.0": 0.800897559086456, "8440823.0--8727480.0": 0.8196629967531899, "8440823.0--8706590.0": 0.7782008065449542, "8440823.0--8735916.0": 0.8300278128038969, "8440823.0--8474512.0": 0.7879522062873222, "8440823.0--8809845.0": 0.7913961876454387, "8440823.0--8540796.0": 0.8240433814074287, "8440823.0--8807233.0": 0.8284590300597812, "8440823.0--8617747.0": 0.7815788867652161, "8440823.0--8474486.0": 0.7757470180249996, "8440823.0--8474516.0": 0.8016260614854209, "8440823.0--8663650.0": 0.7505772963773185, "8440823.0--8663646.0": 0.7886616958395953, "8440823.0--8794553.0": 0.8003353627639094, "8440823.0--8863966.0": 0.7596891882000867, "8440823.0--8525340.0": 0.7877198316429965, "8440823.0--8805448.0": 0.7772166925099233, "8405549.0--8440823.0": 0.8232453488614434, "8440823.0--8611178.0": 0.774760883474399, "8440823.0--8827593.0": 0.7661333677864123, "8440823.0--8805463.0": 0.7760705140926158, "8440823.0--8805457.0": 0.7854890425021177, "8440823.0--8805442.0": 0.7754739863277522, "8440823.0--8807266.0": 0.783427515786246, "8440823.0--8813126.0": 0.7736674269387082, "8440823.0--8585103.0": 0.7971975894577074, "8440823.0--8807235.0": 0.7934306569868409, "8440823.0--8585048.0": 0.7976576919067416, "8440823.0--8809843.0": 0.7697771528134315, "8440823.0--8809842.0": 0.7830575280930173, "8440823.0--8842614.0": 0.7563496986286453, "8440823.0--8805441.0": 0.7397096715114765, "8440823.0--8809920.0": 0.770937686258388, "8440823.0--8663312.0": 0.8132543379167557, "8440823.0--8477126.0": 0.8154560733402668, "8440823.0--8807224.0": 0.795314079806158,