{"9222351.0--9288884.0": 0.806118212457156, "9223669.0--9288884.0": 0.818482504790538, "9222315.0--9288884.0": 0.7963825485080452, "9222335.0--9288884.0": 0.7884669106824836, "9222327.0--9288884.0": 0.8358815485801838, "9233469.0--9288884.0": 0.8058778562545471, "9226461.0--9288884.0": 0.7883590469097945, "9238508.0--9288884.0": 0.8887323781910309, "9222266.0--9288884.0": 0.7637736909337276, "9225008.0--9288884.0": 0.8330261417543496, "9288884.0--9290431.0": 0.8131416222083232, "9239918.0--9288884.0": 0.8473218929067678, "9231271.0--9288884.0": 0.7779678921755468, "9222313.0--9288884.0": 0.8026765818736941, "9231268.0--9288884.0": 0.7699106413141589, "9222035.0--9288884.0": 0.7851791168361067, "9222091.0--9288884.0": 0.8072864284122203, "9229515.0--9288884.0": 0.768539511649421, "9222301.0--9288884.0": 0.8028005649781356, "9222358.0--9288884.0": 0.8122121612662538, "9229135.0--9288884.0": 0.8208318901667193, "9222047.0--9288884.0": 0.8983337014499294, "9222272.0--9288884.0": 0.7991648529877956, "9222110.0--9288884.0": 0.790490107182944, "9222364.0--9288884.0": 0.8601971720716333, "9222088.0--9288884.0": 0.8078329104106863, "9216518.0--9288884.0": 0.7949688709350081, "9222309.0--9288884.0": 0.8047334690248205, "9216595.0--9288884.0": 0.7829016593077498, "9216538.0--9288884.0": 0.765783917251942, "9216549.0--9288884.0": 0.7901350226764139, "9216559.0--9288884.0": 0.8171659285546549, "9222376.0--9288884.0": 0.7635781309831462, "9222374.0--9288884.0": 0.8135572881417381, "9224194.0--9288884.0": 0.8137015107227612, "9222254.0--9288884.0": 0.7695289437758298, "9222049.0--9288884.0": 0.8086980556398607, "9222562.0--9288884.0": 0.7906466470391378, "9226126.0--9288884.0": 0.7673085265749243, "9240062.0--9288884.0": 0.786057729478614, "9226101.0--9288884.0": 0.8032130337578638, "9222377.0--9288884.0": 0.7591111441333953, "9233392.0--9288884.0": 0.8027551985722718, "9222093.0--9288884.0": 0.765126501540784, "9224154.0--9288884.0": 0.7376655149661349, "9240061.0--9288884.0": 0.7621498148586959, "9222512.0--9288884.0": 0.7980070380660227, "9241413.0--9288884.0": 0.7791609890258043, "9224646.0--9288884.0": 0.7997619864254855, "9222372.0--9288884.0": 0.7671241700192897, "9222253.0--9288884.0": 0.8067860755420544, "9222092.0--9288884.0": 0.8154113069609294, "9222271.0--9288884.0": 0.8130997881787413, "9230431.0--9288884.0": 0.7868623282907614, "9222076.0--9288884.0": 0.8306160882969678, "9222053.0--9288884.0": 0.7876900730008445, "9216532.0--9288884.0": 0.7980821867364258, "9222085.0--9288884.0": 0.7833703097013229, "9216629.0--9288884.0": 0.8008756184946297, "9288884.0--9308630.0": 0.7690776402984731, "9288884.0--9308624.0": 0.7708790331672466, "9219240.0--9288884.0": 0.7818452477656563, "9216630.0--9288884.0": 0.7905570058778529, "9217981.0--9288884.0": 0.7955615397449205, "9224153.0--9288884.0": 0.7613065789763891, "9286505.0--9288884.0": 0.798871302714405, "9216512.0--9288884.0": 0.802208416382922, "9216579.0--9288884.0": 0.7766169439508879, "9222249.0--9288884.0": 0.786306883030155, "9222367.0--9288884.0": 0.7640245377267693, "9222325.0--9288884.0": 0.7479951859061439, "9222510.0--9288884.0": 0.7725166476984175, "9246250.0--9288884.0": 0.8056901672391665, "9288884.0--9308627.0": 0.7965439348683705, "9224186.0--9288884.0": 0.8109806706793357, "9229232.0--9288884.0": 0.7631244381087402, "9226404.0--9288884.0": 0.8005387196818587, "9288884.0--9308631.0": 0.8021299963343, "9222255.0--9288884.0": 0.7950231995004761, "9222261.0--9288884.0": 0.7815998014616243, "9222338.0--9288884.0": 0.7732478345654685, "9222284.0--9288884.0": 0.8013500768861868, "9230430.0--9288884.0": 0.7990053562526775, "9288884.0--9308622.0": 0.7457769244674659, "9286903.0--9288884.0": 0.7436559937047688, "9234473.0--9288884.0": 0.7851189434158808, "9241426.0--9288884.0": 0.8273054926805444, "9222269.0--9288884.0": 0.8257861505023931, "9237999.0--9288884.0": 0.7892845695076903, "9222072.0--9288884.0": 0.793576973178643, "9224197.0--9288884.0": 0.7835682696058938, "9246282.0--9288884.0": 0.7880183098420758, "9222314.0--9288884.0": 0.7693783279964427, "9222357.0--9288884.0": 0.7891186653765558, "9222086.0--9288884.0": 0.7663509771844272, "9222360.0--9288884.0": 0.8038594681013262, "9222065.0--9288884.0": 0.7764445400694997, "9228894.0--9288884.0": 0.8119197755265359, "9233264.0--9288884.0": 0.8230645199864676, "9222343.0--9288884.0": 0.7606701606298955, "9288884.0--9308621.0": 0.7654280853086317, "9288884.0--9308625.0": 0.7990843404898216, "9241744.0--9288884.0": 0.7833434494977309, "9288884.0--9308629.0": 0.8066029634222195, "9222068.0--9288884.0": 0.7666167760574227, "9222248.0--9288884.0": 0.7955515878569452, "9222274.0--9288884.0": 0.7742363621166802, "9229116.0--9288884.0": 0.7897494158083778, "9233993.0--9288884.0": 0.7900597975779231, "9288884.0--9308623.0": 0.8108960700854235, "9222553.0--9288884.0": 0.7858587722909265, "9222341.0--9288884.0": 0.7992584804936484, "9222346.0--9288884.0": 0.8035975708192964, "9288884.0--9308628.0": 0.790815864624502, "9222294.0--9288884.0": 0.7822595996173687, "9241732.0--9288884.0": 0.7844374977430836, "9222060.0--9288884.0": 0.8010765616648174, "9222280.0--9288884.0": 0.8146461365239621}