{"9226404.0--9308631.0": 0.7797290976054825, "9222255.0--9226404.0": 0.786305588565326, "9222261.0--9226404.0": 0.7473185983478422, "9222338.0--9226404.0": 0.7690378030868803, "9222284.0--9226404.0": 0.7803755741084643, "9226404.0--9230430.0": 0.7759743181632989, "9226404.0--9308622.0": 0.7254404028072815, "9226404.0--9286903.0": 0.7401174130372239, "9226404.0--9234473.0": 0.7569137342344704, "9226404.0--9241426.0": 0.792369016879475, "9222269.0--9226404.0": 0.8490490244651872, "9226404.0--9237999.0": 0.8114749324362018, "9222072.0--9226404.0": 0.7962672676092806, "9224197.0--9226404.0": 0.7671231476095501, "9226404.0--9246282.0": 0.7548809998199133, "9222314.0--9226404.0": 0.7626313509237429, "9222357.0--9226404.0": 0.7577391951558266, "9222086.0--9226404.0": 0.7441811369323228, "9222360.0--9226404.0": 0.7741488859537679, "9222065.0--9226404.0": 0.8491352273611392, "9226404.0--9228894.0": 0.8172473440364687, "9226404.0--9233264.0": 0.7937424172228874, "9222343.0--9226404.0": 0.782854627150366, "9226404.0--9308621.0": 0.7376827084057438, "9226404.0--9308625.0": 0.8087304167703196, "9226404.0--9241744.0": 0.7580165873780929, "9226404.0--9308629.0": 0.84874255926425, "9222068.0--9226404.0": 0.7417964848630776, "9222248.0--9226404.0": 0.8149379984474296, "9222274.0--9226404.0": 0.7692830544390359, "9226404.0--9229116.0": 0.7763775110551706, "9226404.0--9233993.0": 0.7630177442134485, "9226404.0--9308623.0": 0.8757379483649229, "9222553.0--9226404.0": 0.7625717725334044, "9222341.0--9226404.0": 0.7777044483058946, "9222346.0--9226404.0": 0.7617383355597366, "9226404.0--9308628.0": 0.787772773770788, "9222294.0--9226404.0": 0.7700571582151875, "9226404.0--9241732.0": 0.7919966911880394, "9222060.0--9226404.0": 0.7909537341608146, "9222280.0--9226404.0": 0.7738197573940749}