{"9216629.0--9222085.0": 0.8043488416468249, "9222085.0--9308630.0": 0.7877711257810561, "9222085.0--9308624.0": 0.780881535971738, "9219240.0--9222085.0": 0.7885178822779471, "9216630.0--9222085.0": 0.7883828515985272, "9217981.0--9222085.0": 0.7865545179976524, "9222085.0--9224153.0": 0.7591266544241445, "9222085.0--9286505.0": 0.7812485375044577, "9216512.0--9222085.0": 0.7904685918590526, "9216579.0--9222085.0": 0.8000813731029799, "9222085.0--9222249.0": 0.7901350339927937, "9222085.0--9222367.0": 0.772206332898392, "9222085.0--9222325.0": 0.768924124536581, "9222085.0--9222510.0": 0.7674822588039983, "9222085.0--9246250.0": 0.8004968704229578, "9222085.0--9308627.0": 0.7956058727077875, "9222085.0--9224186.0": 0.8233055692850262, "9222085.0--9229232.0": 0.7764723396531847, "9222085.0--9226404.0": 0.7618941604735894, "9222085.0--9308631.0": 0.77441606995176, "9222085.0--9222255.0": 0.7880837422743243, "9222085.0--9222261.0": 0.787719429772397, "9222085.0--9222338.0": 0.8047940010351415, "9222085.0--9222284.0": 0.8107298575149731, "9222085.0--9230430.0": 0.7896467804693589, "9222085.0--9308622.0": 0.7601240220347468, "9222085.0--9286903.0": 0.7778759293671592, "9222085.0--9234473.0": 0.8042761423941076, "9222085.0--9241426.0": 0.8018258909637814, "9222085.0--9222269.0": 0.7823049140263034, "9222085.0--9237999.0": 0.7938690045026716, "9222072.0--9222085.0": 0.8140829576852963, "9222085.0--9224197.0": 0.8124735709827016, "9222085.0--9246282.0": 0.787710225835349, "9222085.0--9222314.0": 0.7878866405783548, "9222085.0--9222357.0": 0.8007873131636358, "9222085.0--9222086.0": 0.7797660292952675, "9222085.0--9222360.0": 0.810851390650903, "9222065.0--9222085.0": 0.7723261938616831, "9222085.0--9228894.0": 0.8112173608795242, "9222085.0--9233264.0": 0.806292342464023, "9222085.0--9222343.0": 0.775782894446683, "9222085.0--9308621.0": 0.7851092367751535, "9222085.0--9308625.0": 0.8048715227757156, "9222085.0--9241744.0": 0.7925179604922848, "9222085.0--9308629.0": 0.8102708500435609, "9222068.0--9222085.0": 0.757241724091778, "9222085.0--9222248.0": 0.7969785092630002, "9222085.0--9222274.0": 0.7777961181788561, "9222085.0--9229116.0": 0.8104840857386122, "9222085.0--9233993.0": 0.7687453797282446, "9222085.0--9308623.0": 0.7936624818580322, "9222085.0--9222553.0": 0.786587913509138, "9222085.0--9222341.0": 0.8220451083501092, "9222085.0--9222346.0": 0.8049630023755459, "9222085.0--9308628.0": 0.7977234446020702, "9222085.0--9222294.0": 0.8084534034637549, "9222085.0--9241732.0": 0.8205994761176101, "9222060.0--9222085.0": 0.7983423815340878, "9222085.0--9222280.0": 0.8023780145436442}