{"8695851.0--8713907.0": 0.8735502175125756, "8695851.0--8809847.0": 0.8742980689336228, "8695851.0--8727480.0": 0.8817743539285272, "8695851.0--8706590.0": 0.8380580679510191, "8695851.0--8735916.0": 0.826871353278051, "8474512.0--8695851.0": 0.7930499513696014, "8695851.0--8809845.0": 0.7680313036030858, "8540796.0--8695851.0": 0.8373889315398161, "8695851.0--8807233.0": 0.8111725166795998, "8617747.0--8695851.0": 0.7632033751575253, "8474486.0--8695851.0": 0.7914424478582045, "8474516.0--8695851.0": 0.8256810651794433, "8663650.0--8695851.0": 0.8419487178830993, "8663646.0--8695851.0": 0.8267874155846322, "8695851.0--8794553.0": 0.8112153646225283, "8695851.0--8863966.0": 0.789823084844554, "8525340.0--8695851.0": 0.7985372702432193, "8695851.0--8805448.0": 0.7594079205686181, "8405549.0--8695851.0": 0.8194528011407808, "8611178.0--8695851.0": 0.7856810229854522, "8695851.0--8827593.0": 0.8000949550110518, "8695851.0--8805463.0": 0.7726400606306796, "8695851.0--8805457.0": 0.81632370049245, "8695851.0--8805442.0": 0.7858604696995826, "8695851.0--8807266.0": 0.8032083015715046, "8695851.0--8813126.0": 0.7864092597829431, "8585103.0--8695851.0": 0.7748500566208183, "8695851.0--8807235.0": 0.7891938168674288, "8585048.0--8695851.0": 0.8154185901970511, "8695851.0--8809843.0": 0.8366794534709859, "8695851.0--8809842.0": 0.8063304590085855, "8695851.0--8842614.0": 0.781565693868682, "8695851.0--8805441.0": 0.7658231944313019, "8695851.0--8809920.0": 0.7439000549465913, "8663312.0--8695851.0": 0.7553749589564357, "8477126.0--8695851.0": 0.7997977335630397, "8695851.0--8807224.0": 0.8044494591134084, "8695851.0--8807355.0": 0.7788468954084313, "8695851.0--8807320.0": 0.7926835335993733, "8665933.0--8695851.0": 0.7840086549419821, "8695851.0--8845772.0": 0.7748352600341822, "8695851.0--8812989.0": 0.8075159461338592, "8636969.0--8695851.0": 0.8070744148526978, "8695851.0--8805450.0": 0.7743779543640489, "8695851.0--8807243.0": 0.8003901105396861, "8695851.0--8805443.0": 0.7833718057821907, "8673661.0--8695851.0": 0.7917313450459973, "8695851.0--8805419.0": 0.7791028357679226, "8451903.0--8695851.0": 0.7632668979651476, "8695851.0--8805429.0": 0.789464387837045, "8695851.0--8809846.0": 0.7782382482816919, "8695851.0--8809832.0": 0.8019305602239246, "8413174.0--8695851.0": 0.7823987405727869, "8494817.0--8695851.0": 0.7653511525840524, "8637778.0--8695851.0": 0.7923332874908804, "8695851.0--8809742.0": 0.7920168771059455, "8695851.0--8807280.0": 0.818404290085902, "8695851.0--8807274.0": 0.8478091963495429, "8695851.0--9216586.0": 0.8164902837683081, "8695851.0--9237132.0": 0.8219684366222759, "8695851.0--9216572.0": 0.8069699930482858, "8695851.0--9217952.0": 0.7724368578838925, "8695851.0--9217931.0": 0.8521938937567911, "8695851.0--9216507.0": 0.7893116516309566, "8695851.0--9222368.0": 0.8199233590010864, "8695851.0--9220137.0": 0.774947031247269, "8695851.0--9233460.0": 0.7916362152910776, "8695851.0--9222263.0": 0.7810119440338268, "8695851.0--9293003.0": 0.8133311808424692, "8695851.0--9222102.0": 0.7878846728130557, "8695851.0--9222323.0": 0.8043973689521687, "8695851.0--9222287.0": 0.7767830008560705, "8695851.0--9223736.0": 0.7740816899934403, "8695851.0--9224191.0": 0.8110542283666121, "8695851.0--9222251.0": 0.7729012443629424, "8695851.0--9229242.0": 0.8312707214968929, "8695851.0--9282195.0": 0.8176475177153752, "8695851.0--9222098.0": 0.8355781444428132, "8695851.0--9234027.0": 0.7802389312681016, "8695851.0--9246308.0": 0.8066622050160346, "8695851.0--9240072.0": 0.7985852493346772, "8695851.0--9222353.0": 0.8126602666468503, "8695851.0--9222293.0": 0.7804295222100964, "8695851.0--9222089.0": 0.7776896289854732, "8695851.0--9228893.0": 0.7949353189182011, "8695851.0--9224192.0": 0.7896707886310083, "8695851.0--9222289.0": 0.8010378869732266, "8695851.0--9222038.0": 0.8153886580970876, "8695851.0--9229072.0": 0.7970530020236292, "8695851.0--9222295.0": 0.8080935329325835, "8695851.0--9222342.0": 0.8009975285978508, "8695851.0--9241407.0": 0.8035285877560436, "8695851.0--9288884.0": 0.7934451194708751, "8695851.0--9222351.0": 0.7954657593402578, "8695851.0--9223669.0": 0.8322810390933755, "8695851.0--9222315.0": 0.7966298534427196, "8695851.0--9222335.0": 0.8013201509391191, "8695851.0--9222327.0": 0.7910829461539257, "8695851.0--9233469.0": 0.797547508057886, "8695851.0--9226461.0": 0.8237264836127215, "8695851.0--9238508.0": 0.8193430099372339, "8695851.0--9222266.0": 0.7644586308506525, "8695851.0--9225008.0": 0.8068512059757408, "8695851.0--9290431.0": 0.7861614518439967, "8695851.0--9239918.0": 0.7849097463887693, "8695851.0--9231271.0": 0.7779065069322355, "8695851.0--9222313.0": 0.8263489263633819, "8695851.0--9231268.0": 0.7917399433388573, "8695851.0--9222035.0": 0.7672012267392597, "8695851.0--9222091.0": 0.8286561400382388, "8695851.0--9229515.0": 0.7818525109276829, "8695851.0--9222301.0": 0.8193325949617176, "8695851.0--9222358.0": 0.8149556310818965, "8695851.0--9229135.0": 0.8060882561323794, "8695851.0--9222047.0": 0.7706442637742349, "8695851.0--9222272.0": 0.8059647445248882, "8695851.0--9222110.0": 0.8105260099255169, "8695851.0--9222364.0": 0.7739560592219836, "8695851.0--9222088.0": 0.8218129089950176, "8695851.0--9216518.0": 0.8551555067639152, "8695851.0--9222309.0": 0.7801030810831225, "8695851.0--9216595.0": 0.7587661768014428, "8695851.0--9216538.0": 0.7939656909923192, "8695851.0--9216549.0": 0.8546121597137428, "8695851.0--9216559.0": 0.8103130460449268, "8695851.0--9222376.0": 0.8296146386277188, "8695851.0--9222374.0": 0.842753215973775, "8695851.0--9224194.0": 0.8052746429036362, "8695851.0--9222254.0": 0.8031526757285328, "8695851.0--9222049.0": 0.8235823483879205, "8695851.0--9222562.0": 0.855569164239486, "8695851.0--9226126.0": 0.8400878479068918, "8695851.0--9240062.0": 0.826148841875174, "8695851.0--9226101.0": 0.7947170533235411, "8695851.0--9222377.0": 0.7804707736343006, "8695851.0--9233392.0": 0.7927749889544806, "8695851.0--9222093.0": 0.7942895171647169, "8695851.0--9224154.0": 0.7832560956192453, "8695851.0--9240061.0": 0.7920280515252864, "8695851.0--9222512.0": 0.8011871920876903, "8695851.0--9241413.0": 0.7957480365153062, "8695851.0--9224646.0": 0.8406154876181309, "8695851.0--9222372.0": 0.8316208408869221, "8695851.0--9222253.0": 0.7938102922487553, "8695851.0--9222092.0": 0.824399306916286, "8695851.0--9222271.0": 0.8225951967207986, "8695851.0--9230431.0": 0.8149013077793685, "8695851.0--9222076.0": 0.865407820334009, "8695851.0--9222053.0": 0.8508362658622166, "8695851.0--9216532.0": 0.8025172336382447, "8695851.0--9222085.0": 0.807307231001243, "8695851.0--9216629.0": 0.786797225161878, "8695851.0--9308630.0": 0.7941249362956126, "8695851.0--9308624.0": 0.7603372095264189, "8695851.0--9219240.0": 0.7956647922326898, "8695851.0--9216630.0": 0.8217936043409217, "8695851.0--9217981.0": 0.8182425685104643, "8695851.0--9224153.0": 0.7814856984688625, "8695851.0--9286505.0": 0.7693775195735475, "8695851.0--9216512.0": 0.7869235385467666, "8695851.0--9216579.0": 0.7961111209003487, "8695851.0--9222249.0": 0.8189609162356088, "8695851.0--9222367.0": 0.7769663313744912, "8695851.0--9222325.0": 0.7776374022353504, "8695851.0--9222510.0": 0.8024410124886754, "8695851.0--9246250.0": 0.7884495089500752, "8695851.0--9308627.0": 0.8074560749021892, "8695851.0--9224186.0": 0.8183270458176106, "8695851.0--9229232.0": 0.7578955090419934, "8695851.0--9226404.0": 0.7799962790491036, "8695851.0--9308631.0": 0.7943284108525143, "8695851.0--9222255.0": 0.8052524930514594, "8695851.0--9222261.0": 0.8004604155261642, "8695851.0--9222338.0": 0.788018084392051, "8695851.0--9222284.0": 0.7949751307733084, "8695851.0--9230430.0": 0.8197464194898384, "8695851.0--9308622.0": 0.7505023702896897, "8695851.0--9286903.0": 0.7339449649364459, "8695851.0--9234473.0": 0.8038833521208173, "8695851.0--9241426.0": 0.8058612510191696, "8695851.0--9222269.0": 0.7853044593584296, "8695851.0--9237999.0": 0.8038256723513908,