{"8795584.0--8807264.0": 0.8658772021643971, "8795584.0--8805431.0": 0.7911627986193983, "8453863.0--8795584.0": 0.7770418024183673, "8400404.0--8795584.0": 0.8631429827067589, "8795584.0--8809834.0": 0.8101115743362419, "8663447.0--8795584.0": 0.7861030160907183, "8795584.0--8807213.0": 0.8285905740264948, "8640251.0--8795584.0": 0.8013230290956301, "8795584.0--8807220.0": 0.8353725099140931, "8617736.0--8795584.0": 0.7867127771223414, "8617746.0--8795584.0": 0.784597904572808, "8640072.0--8795584.0": 0.8100488448322591, "8636208.0--8795584.0": 0.791896476576689, "8795584.0--8805458.0": 0.7987328308451829, "8795584.0--8807271.0": 0.798033560993813, "8795584.0--8809678.0": 0.7711555096640169, "8795584.0--8807226.0": 0.8107978265438814, "8795584.0--8805467.0": 0.8421889902595241, "8611113.0--8795584.0": 0.7855931918952515, "8795584.0--8854316.0": 0.8698661749754011, "8794607.0--8795584.0": 0.7763058714625147, "8795584.0--8805418.0": 0.7723309930253652, "8795584.0--8836087.0": 0.8007477452709845, "8795584.0--8807283.0": 0.8253400280406662, "8795584.0--8820171.0": 0.8222009350448849, "8795584.0--8807288.0": 0.7406990925476191, "8795584.0--8807302.0": 0.7780019778369922, "8795584.0--8805466.0": 0.7888027519133919, "8795584.0--8807351.0": 0.8115520044263748, "8795584.0--8805420.0": 0.7869188464100522, "8795584.0--8807299.0": 0.7873717794092719, "8795584.0--8812988.0": 0.7917337369581885, "8795584.0--8807294.0": 0.7885669421549811, "8795584.0--8805434.0": 0.8207655844486941, "8732351.0--8795584.0": 0.771326631845773, "8795584.0--8807232.0": 0.8084596939094681, "8419271.0--8795584.0": 0.7568898637036019, "8625484.0--8795584.0": 0.7910336636786444, "8795584.0--8807349.0": 0.8011372660850635, "8795584.0--8809730.0": 0.7979524675735659, "8730513.0--8795584.0": 0.7745483993211263, "8795584.0--8809833.0": 0.7953260554704313, "8523628.0--8795584.0": 0.7910466969684553, "8434356.0--8795584.0": 0.7959509729526151, "8795584.0--8807303.0": 0.830955729127759, "8795584.0--8811606.0": 0.8029501847327742, "8795584.0--8807244.0": 0.8010797858626667, "8490694.0--8795584.0": 0.8144219253062339, "8795584.0--8809844.0": 0.7925047079198295, "8795584.0--8809850.0": 0.7977931870427056, "8795584.0--8805445.0": 0.8090168545517942, "8412138.0--8795584.0": 0.7863078999114281, "8795584.0--8807247.0": 0.7873128903330037, "8795584.0--8848845.0": 0.8021788452120804, "8695851.0--8795584.0": 0.8120345465163245, "8713907.0--8795584.0": 0.8124597566469177, "8795584.0--8809847.0": 0.8447600067112755, "8727480.0--8795584.0": 0.8478108739568764, "8706590.0--8795584.0": 0.795282766260709, "8735916.0--8795584.0": 0.8174759282141082, "8474512.0--8795584.0": 0.7969915399772126, "8795584.0--8809845.0": 0.7647855154862889, "8540796.0--8795584.0": 0.8571897889013462, "8795584.0--8807233.0": 0.8132382691792238, "8617747.0--8795584.0": 0.762071469861126, "8474486.0--8795584.0": 0.8002501934930477, "8474516.0--8795584.0": 0.7959502101224468, "8663650.0--8795584.0": 0.7692194083757171, "8663646.0--8795584.0": 0.7896466420046667, "8794553.0--8795584.0": 0.8015787015210823, "8795584.0--8863966.0": 0.7736237099049861, "8525340.0--8795584.0": 0.7635537985657508, "8795584.0--8805448.0": 0.7815926396543678, "8405549.0--8795584.0": 0.8211352596095591, "8611178.0--8795584.0": 0.8085795119621407, "8795584.0--8827593.0": 0.7671754156844148, "8795584.0--8805463.0": 0.782629840458744, "8795584.0--8805457.0": 0.7918920255716426, "8795584.0--8805442.0": 0.7992389317085359, "8795584.0--8807266.0": 0.8061830762358736, "8795584.0--8813126.0": 0.7866345533691695, "8585103.0--8795584.0": 0.8107078284093899, "8795584.0--8807235.0": 0.8096712226509033, "8585048.0--8795584.0": 0.8130991203851021, "8795584.0--8809843.0": 0.7697273774570121, "8795584.0--8809842.0": 0.8054989953933616, "8795584.0--8842614.0": 0.7690165415494576, "8795584.0--8805441.0": 0.7706461285144669, "8795584.0--8809920.0": 0.7682380635792952, "8663312.0--8795584.0": 0.7886414327810454, "8477126.0--8795584.0": 0.8163671473866674, "8795584.0--8807224.0": 0.8112403940690817, "8795584.0--8807355.0": 0.7906336192612831, "8795584.0--8807320.0": 0.8021152393110005, "8665933.0--8795584.0": 0.8092275980637847, "8795584.0--8845772.0": 0.7933244150743943, "8795584.0--8812989.0": 0.8182245026718471, "8636969.0--8795584.0": 0.7861646587197058, "8795584.0--8805450.0": 0.8149214699199983, "8795584.0--8807243.0": 0.8005847112379672, "8795584.0--8805443.0": 0.8046855679278645, "8673661.0--8795584.0": 0.8046829006039982, "8795584.0--8805419.0": 0.7876143298923842, "8451903.0--8795584.0": 0.7937816874078985, "8795584.0--8805429.0": 0.7804005970278034, "8795584.0--8809846.0": 0.780233009807199, "8795584.0--8809832.0": 0.7957890800892322, "8413174.0--8795584.0": 0.7673429278401891, "8494817.0--8795584.0": 0.7761882229035004, "8637778.0--8795584.0": 0.7737390607419449, "8795584.0--8809742.0": 0.8091773463917397, "8795584.0--8807280.0": 0.8232930485344665, "8795584.0--8807274.0": 0.8661105002611378, "8795584.0--9216586.0": 0.8005950827568781, "8795584.0--9237132.0": 0.811665126815283, "8795584.0--9216572.0": 0.7628333576086879, "8795584.0--9217952.0": 0.7880664253158984, "8795584.0--9217931.0": 0.8290610818183763, "8795584.0--9216507.0": 0.7850425296504717, "8795584.0--9222368.0": 0.8229401038797703, "8795584.0--9220137.0": 0.7923294797816649, "8795584.0--9233460.0": 0.7926689045959501, "8795584.0--9222263.0": 0.756304155443461, "8795584.0--9293003.0": 0.810512088987005, "8795584.0--9222102.0": 0.7930448340095229, "8795584.0--9222323.0": 0.8009228021157351, "8795584.0--9222287.0": 0.7892413701996221, "8795584.0--9223736.0": 0.7903625693321535, "8795584.0--9224191.0": 0.7877782754775816, "8795584.0--9222251.0": 0.7759262687082231, "8795584.0--9229242.0": 0.7957992644192775, "8795584.0--9282195.0": 0.7663595166036508, "8795584.0--9222098.0": 0.8324920926463992, "8795584.0--9234027.0": 0.7829458213397197, "8795584.0--9246308.0": 0.8091050380884711, "8795584.0--9240072.0": 0.7864307446454532, "8795584.0--9222353.0": 0.7938369643608167, "8795584.0--9222293.0": 0.7985192705740266, "8795584.0--9222089.0": 0.7770622383869277, "8795584.0--9228893.0": 0.7994349213573325, "8795584.0--9224192.0": 0.7813120258984901, "8795584.0--9222289.0": 0.7913636041763351, "8795584.0--9222038.0": 0.8105321861846186, "8795584.0--9229072.0": 0.7786507434196912, "8795584.0--9222295.0": 0.8116384052763816, "8795584.0--9222342.0": 0.7797659511616537, "8795584.0--9241407.0": 0.7867885004539881, "8795584.0--9288884.0": 0.8081190137677772, "8795584.0--9222351.0": 0.8010664312747225, "8795584.0--9223669.0": 0.8015188143462042, "8795584.0--9222315.0": 0.7946881777590226, "8795584.0--9222335.0": 0.8094928462575754, "8795584.0--9222327.0": 0.7851931114501225, "8795584.0--9233469.0": 0.7770741273926991, "8795584.0--9226461.0": 0.7968329570392538, "8795584.0--9238508.0": 0.8139772275151698, "8795584.0--9222266.0": 0.7662824915571986, "8795584.0--9225008.0": 0.7982575774060533, "8795584.0--9290431.0": 0.7746202091769238, "8795584.0--9239918.0": 0.7843542810872778, "8795584.0--9231271.0": 0.812884122567362, "8795584.0--9222313.0": 0.8993443297657862, "8795584.0--9231268.0": 0.7910123133051098, "8795584.0--9222035.0": 0.7657614089845334, "8795584.0--9222091.0": 0.8045348011394357, "8795584.0--9229515.0": 0.7851689104570608, "8795584.0--9222301.0": 0.8299676100212315, "8795584.0--9222358.0": 0.7891116125948381, "8795584.0--9229135.0": 0.8086012960210768, "8795584.0--9222047.0": 0.7897535226882928, "8795584.0--9222272.0": 0.7884286572490908, "8795584.0--9222110.0": 0.795274235182095, "8795584.0--9222364.0": 0.7908866339542086, "8795584.0--9222088.0": 0.8025648483035979, "8795584.0--9216518.0": 0.7981572521481198, "8795584.0--9222309.0": 0.7822746696622889, "8795584.0--9216595.0": 0.7784839015340747, "8795584.0--9216538.0": 0.7893606369477897, "8795584.0--9216549.0": 0.7783431292269738, "8795584.0--9216559.0": 0.8111529991313479, "8795584.0--9222376.0": 0.7667902949034279, "8795584.0--9222374.0": 0.8345366762132987,