{"9240072.0--9246308.0": 0.7994908218069763, "9222353.0--9246308.0": 0.8158804003380101, "9222293.0--9246308.0": 0.8453615381793145, "9222089.0--9246308.0": 0.8327373450643396, "9228893.0--9246308.0": 0.8285973862016962, "9224192.0--9246308.0": 0.781075250966176, "9222289.0--9246308.0": 0.8178779601301261, "9222038.0--9246308.0": 0.7828956920789722, "9229072.0--9246308.0": 0.7726912060024156, "9222295.0--9246308.0": 0.8127400938050707, "9222342.0--9246308.0": 0.8004036537521584, "9241407.0--9246308.0": 0.7603924133752213, "9246308.0--9288884.0": 0.8095986564670875, "9222351.0--9246308.0": 0.7858104383958959, "9223669.0--9246308.0": 0.8137054969396931, "9222315.0--9246308.0": 0.8024746435037391, "9222335.0--9246308.0": 0.8031935795514779, "9222327.0--9246308.0": 0.8166150349773159, "9233469.0--9246308.0": 0.8164120811969643, "9226461.0--9246308.0": 0.779816520901037, "9238508.0--9246308.0": 0.8404792728856698, "9222266.0--9246308.0": 0.772839478402093, "9225008.0--9246308.0": 0.8378984510342297, "9246308.0--9290431.0": 0.8101871289611515, "9239918.0--9246308.0": 0.8236852976238036, "9231271.0--9246308.0": 0.7801611347355524, "9222313.0--9246308.0": 0.7985453556479217, "9231268.0--9246308.0": 0.8089076404516922, "9222035.0--9246308.0": 0.7713670620382987, "9222091.0--9246308.0": 0.8399692640798788, "9229515.0--9246308.0": 0.8221804859489205, "9222301.0--9246308.0": 0.8146145809167953, "9222358.0--9246308.0": 0.8044470752274893, "9229135.0--9246308.0": 0.8484019556369404, "9222047.0--9246308.0": 0.8018493169453532, "9222272.0--9246308.0": 0.8088269106933043, "9222110.0--9246308.0": 0.7996905665930001, "9222364.0--9246308.0": 0.8121408352246811, "9222088.0--9246308.0": 0.8092381778904234, "9216518.0--9246308.0": 0.8157737573055323, "9222309.0--9246308.0": 0.8206408137774985, "9216595.0--9246308.0": 0.7791981360093363, "9216538.0--9246308.0": 0.7717731811660704, "9216549.0--9246308.0": 0.8003566268271166, "9216559.0--9246308.0": 0.7949437975694976, "9222376.0--9246308.0": 0.7725543612824507, "9222374.0--9246308.0": 0.8007784321405246, "9224194.0--9246308.0": 0.7878306729081148, "9222254.0--9246308.0": 0.7882602405506537, "9222049.0--9246308.0": 0.7892792593565381, "9222562.0--9246308.0": 0.7828613012282668, "9226126.0--9246308.0": 0.7690313625632497, "9240062.0--9246308.0": 0.8042296332121206, "9226101.0--9246308.0": 0.7929482904290357, "9222377.0--9246308.0": 0.7719496166897735, "9233392.0--9246308.0": 0.8091422471999133, "9222093.0--9246308.0": 0.79154207037165, "9224154.0--9246308.0": 0.7735218459242891, "9240061.0--9246308.0": 0.7694227947306534, "9222512.0--9246308.0": 0.7705182958362441, "9241413.0--9246308.0": 0.8227176454153442, "9224646.0--9246308.0": 0.7826519692254812, "9222372.0--9246308.0": 0.7535980246980174, "9222253.0--9246308.0": 0.7793505604393842, "9222092.0--9246308.0": 0.8057601845844888, "9222271.0--9246308.0": 0.8132107362736442, "9230431.0--9246308.0": 0.8008568452011509, "9222076.0--9246308.0": 0.8148413962754106, "9222053.0--9246308.0": 0.7835007240631945, "9216532.0--9246308.0": 0.8096072932266205, "9222085.0--9246308.0": 0.7907855794738846, "9216629.0--9246308.0": 0.8324457562089397, "9246308.0--9308630.0": 0.7715232861524851, "9246308.0--9308624.0": 0.7955344426183935, "9219240.0--9246308.0": 0.8215657512732999, "9216630.0--9246308.0": 0.7982838185326566, "9217981.0--9246308.0": 0.8406509987110107, "9224153.0--9246308.0": 0.7853773153178925, "9246308.0--9286505.0": 0.7908945908097111, "9216512.0--9246308.0": 0.8132527670468407, "9216579.0--9246308.0": 0.8102386300923794, "9222249.0--9246308.0": 0.8255780476628384, "9222367.0--9246308.0": 0.7778776832971047, "9222325.0--9246308.0": 0.7816789951100752, "9222510.0--9246308.0": 0.7615650116366763, "9246250.0--9246308.0": 0.806681902587876, "9246308.0--9308627.0": 0.8363594233631784, "9224186.0--9246308.0": 0.8569400955044482, "9229232.0--9246308.0": 0.7952717904517668, "9226404.0--9246308.0": 0.7960496984352079, "9246308.0--9308631.0": 0.814934462655778, "9222255.0--9246308.0": 0.8034742846918173, "9222261.0--9246308.0": 0.8017039315309483, "9222338.0--9246308.0": 0.7834645609973585, "9222284.0--9246308.0": 0.8237410893268907, "9230430.0--9246308.0": 0.813883176509463, "9246308.0--9308622.0": 0.7752059661050201, "9246308.0--9286903.0": 0.767506568869182, "9234473.0--9246308.0": 0.7682425398276159, "9241426.0--9246308.0": 0.8535675481195952, "9222269.0--9246308.0": 0.8048692814997185, "9237999.0--9246308.0": 0.8305841446952664, "9222072.0--9246308.0": 0.8152043348563998, "9224197.0--9246308.0": 0.7712453181956224, "9246282.0--9246308.0": 0.7951354006945036, "9222314.0--9246308.0": 0.7903409579225323, "9222357.0--9246308.0": 0.822589539044394, "9222086.0--9246308.0": 0.756305538538707, "9222360.0--9246308.0": 0.8198483729304258, "9222065.0--9246308.0": 0.7942861589832428, "9228894.0--9246308.0": 0.8198797191212188, "9233264.0--9246308.0": 0.8164209708443548, "9222343.0--9246308.0": 0.7717622613417954, "9246308.0--9308621.0": 0.7951635137524655, "9246308.0--9308625.0": 0.8317390672701922, "9241744.0--9246308.0": 0.7881580811992793, "9246308.0--9308629.0": 0.8061815068949564, "9222068.0--9246308.0": 0.8010180158688311, "9222248.0--9246308.0": 0.8066980797840468, "9222274.0--9246308.0": 0.776343067360993, "9229116.0--9246308.0": 0.8357445587065803, "9233993.0--9246308.0": 0.7935965669949951, "9246308.0--9308623.0": 0.822802635447166, "9222553.0--9246308.0": 0.7971107522680899, "9222341.0--9246308.0": 0.831985964098395, "9222346.0--9246308.0": 0.8152842442896497, "9246308.0--9308628.0": 0.7995862000063226, "9222294.0--9246308.0": 0.8080774487871005, "9241732.0--9246308.0": 0.795039018556398, "9222060.0--9246308.0": 0.8219913639681599, "9222280.0--9246308.0": 0.8291289349672983}