{"8440109.0--8440110.0": 0.7327866620440044, "8440110.0--8453873.0": 0.8138457575769684, "8440110.0--8440115.0": 0.7711996930540309, "8440110.0--8467383.0": 0.8063479948377641, "8440110.0--8440120.0": 0.8022039661117704, "8440076.0--8440110.0": 0.7940050241424759, "8440043.0--8440110.0": 0.773680005661, "8440110.0--8467535.0": 0.7850588406255385, "8440110.0--8440121.0": 0.8066998184552283, "8440044.0--8440110.0": 0.7664130366535519, "8440089.0--8440110.0": 0.8105137181040222, "8440052.0--8440110.0": 0.7962607143857559, "8440085.0--8440110.0": 0.8064964793276526, "8440070.0--8440110.0": 0.8362862679648241, "8440048.0--8440110.0": 0.7680260429038279, "8440110.0--8440118.0": 0.8202772145551313, "8440081.0--8440110.0": 0.772747558577611, "8440102.0--8440110.0": 0.7961994917118734, "8440080.0--8440110.0": 0.7680589214637952, "8440096.0--8440110.0": 0.7838464851282552, "8440110.0--8440124.0": 0.7698119233574394, "8440063.0--8440110.0": 0.7908567305152152, "8440037.0--8440110.0": 0.8045269524011571, "8440040.0--8440110.0": 0.8002516714740675, "8440056.0--8440110.0": 0.8185996704274602, "8440110.0--8440116.0": 0.7597845990875494, "8440110.0--8444102.0": 0.7823894604721281, "8440110.0--8440824.0": 0.7957510638275734, "8440110.0--8493612.0": 0.7841570975036956, "8440110.0--8440850.0": 0.8144566776206734, "8440110.0--8456856.0": 0.8105315284914089, "8440110.0--8447439.0": 0.8152858501448493, "8440110.0--8440805.0": 0.8244622176409918, "8440110.0--8440811.0": 0.7783821129045656, "8440110.0--8440856.0": 0.7941779908470559, "8440110.0--8440822.0": 0.7752315257962791, "8440110.0--8440828.0": 0.7782041586238742, "8440110.0--8440851.0": 0.7597882903159063, "8440110.0--8457476.0": 0.7853076639785166, "8440110.0--8440848.0": 0.7473691665827289, "8440110.0--8440839.0": 0.78480356553292, "8440110.0--8443395.0": 0.7844211252815975, "8440110.0--8440832.0": 0.7964624203646066, "8440110.0--8440816.0": 0.7748885416339791, "8440110.0--8440835.0": 0.7887117794715715, "8440110.0--8440818.0": 0.8102234311005346, "8440110.0--8440853.0": 0.7837853817068274, "8440110.0--8440840.0": 0.8022284968947411, "8440110.0--8440857.0": 0.8060930170096521, "8440110.0--8449328.0": 0.7870222701695987, "8440110.0--8440829.0": 0.7912786040835229, "8440110.0--8440807.0": 0.7684090356270751, "8440110.0--8440831.0": 0.7811958701911776, "8440110.0--8440852.0": 0.8052862087124355, "8440110.0--8440841.0": 0.7743833782408983, "8440110.0--8440859.0": 0.7880332717115062, "8440110.0--8440821.0": 0.775210969769809, "8440110.0--8440842.0": 0.8128904993969727, "8440110.0--8443131.0": 0.7852899446505346, "8440110.0--8440815.0": 0.7794759465752575, "8440110.0--8500765.0": 0.776152477951283, "8440110.0--8440804.0": 0.7948629724651076, "8440110.0--8454276.0": 0.790854366690372, "8440110.0--8464305.0": 0.8035233783177348, "8440110.0--8494828.0": 0.765953106807987, "8440110.0--8440825.0": 0.7778932687044626, "8440110.0--8440814.0": 0.7894181766978126, "8440110.0--8440838.0": 0.7976773558807944, "8440110.0--8440855.0": 0.7969756461173703, "8440110.0--8454489.0": 0.7944226116740054, "8440110.0--8440834.0": 0.7731169841651027, "8440110.0--8440826.0": 0.8068766249100395, "8440110.0--8440823.0": 0.7890759590654141, "8440110.0--8440845.0": 0.7704832859064733, "8440110.0--8440810.0": 0.8018048813613378, "8440110.0--8440806.0": 0.766486324313594, "8440110.0--8440817.0": 0.7834887903907841, "8440110.0--8440813.0": 0.7959918682416425, "8440110.0--8443125.0": 0.7701948438546136, "8440110.0--8456575.0": 0.7852998504302681, "8440110.0--8440860.0": 0.7754606482645946, "8440110.0--8454343.0": 0.7793946732330469, "8440110.0--8440803.0": 0.7795033607787711, "8440110.0--8454344.0": 0.7994158667902412, "8440110.0--8440854.0": 0.8323117224231412, "8440110.0--8454346.0": 0.7810921005726705, "8440110.0--8440827.0": 0.7621226857340977, "8440110.0--8440836.0": 0.7781418694838703, "8440110.0--8440844.0": 0.811265208297111, "8440110.0--8440808.0": 0.8149840104255235, "8440110.0--8440837.0": 0.8007302005259538, "8440110.0--8440858.0": 0.7707701814571646, "8440110.0--8440820.0": 0.7851105028154829, "8440110.0--8440833.0": 0.7470983625714729, "8440110.0--8444072.0": 0.7778702754309276, "8440110.0--8440812.0": 0.796818883928469, "8440110.0--8440809.0": 0.7862289026296418, "8440110.0--8454904.0": 0.7975336525566961, "8440110.0--8440846.0": 0.7973859600656994, "8440110.0--8440830.0": 0.783771193449907, "8440110.0--8444077.0": 0.7590180167240612, "8440110.0--8440847.0": 0.7918645072621037, "8440110.0--8440849.0": 0.7997825160362884, "8440110.0--8443124.0": 0.8064491761836973, "8440110.0--8440843.0": 0.8027614445087103, "8440110.0--8807265.0": 0.7766895586224448, "8440110.0--8816695.0": 0.7895138511798966, "8440110.0--8805426.0": 0.7711010691123734, "8440110.0--8805421.0": 0.8059589550276114, "8440110.0--8812684.0": 0.7792490659659774, "8440110.0--8805461.0": 0.7858749762292303, "8440110.0--8807255.0": 0.7680103417267476, "8440110.0--8805460.0": 0.7568204498049411, "8440110.0--8807292.0": 0.7853567332141589, "8440110.0--8807354.0": 0.7910384538836145, "8440110.0--8809711.0": 0.7818329216057377, "8440110.0--8805422.0": 0.7698624611233722, "8440110.0--8805424.0": 0.7586314911125895, "8440110.0--8794517.0": 0.7825443891763513, "8440110.0--8805451.0": 0.7796524346040711, "8440110.0--8807223.0": 0.8082686731551695, "8440110.0--8794560.0": 0.7842148952063531, "8440110.0--8481543.0": 0.7855233153229869, "8440110.0--8802285.0": 0.7663386035782579, "8440110.0--8807245.0": 0.7795744167674414, "8440110.0--8805456.0": 0.7775966867961475, "8440110.0--8827944.0": 0.7507839630309212, "8440110.0--8807296.0": 0.7993980237747375, "8440110.0--8827951.0": 0.7712250157718906, "8440110.0--8854335.0": 0.7756993541790399, "8440110.0--8805446.0": 0.835399246292553, "8440110.0--8805436.0": 0.8348221050363908, "8440110.0--8805433.0": 0.8008322146559462, "8440110.0--8546802.0": 0.8112423826837545, "8440110.0--8805427.0": 0.7524109878657251, "8440110.0--8836120.0": 0.7750789467099073, "8440110.0--8794768.0": 0.7818277370051826, "8440110.0--8809750.0": 0.7634578630857681, "8440110.0--8820172.0": 0.8173698260315649, "8440110.0--8476234.0": 0.780337279401035, "8440110.0--8807314.0": 0.7838508263353732, "8440110.0--8794520.0": 0.8205545498290043, "8440110.0--8805452.0": 0.7741241382320756, "8440110.0--8805462.0": 0.7652578806707228, "8440110.0--8807275.0": 0.7880469152527407, "8419285.0--8440110.0": 0.7721684763225494, "8440110.0--8807379.0": 0.7952206887721297, "8440110.0--8807234.0": 0.813268141392198, "8423100.0--8440110.0": 0.7754987026939859, "8440110.0--8805455.0": 0.7730260303426244, "8440110.0--8727493.0": 0.7768409123631561, "8440110.0--8807369.0": 0.7647977500123695, "8440110.0--8532319.0": 0.8059963688193046, "8419325.0--8440110.0": 0.7958295179742652, "8440110.0--8805430.0": 0.7926208695317196, "8440110.0--8807301.0": 0.7607480588003406, "8440110.0--8713940.0": 0.7934614507485002, "8440110.0--8637795.0": 0.820343643376066, "7999244.0--8440110.0": 0.7769188655640047, "8440110.0--8805439.0": 0.7752177986216346, "8440110.0--8805428.0": 0.7973818607395149, "8440110.0--8809223.0": 0.8141316663006847, "8440110.0--8795584.0": 0.7965288847374248, "8440110.0--8807264.0": 0.7694664877400036, "8440110.0--8805431.0": 0.7647372905372178, "8440110.0--8453863.0": 0.7825553193982492, "8400404.0--8440110.0": 0.7817743851475035, "8440110.0--8809834.0": 0.7869004934666504, "8440110.0--8663447.0": 0.785159267265086, "8440110.0--8807213.0": 0.8105409680245528, "8440110.0--8640251.0": 0.7847235502463162, "8440110.0--8807220.0": 0.8103024292554428, "8440110.0--8617736.0": 0.7898542211978179, "8440110.0--8617746.0": 0.7619429953587614, "8440110.0--8640072.0": 0.7746242889042115, "8440110.0--8636208.0": 0.8101749242697471, "8440110.0--8805458.0": 0.7695092057362416, "8440110.0--8807271.0": 0.771967535394961, "8440110.0--8809678.0": 0.7540256827428824, "8440110.0--8807226.0": 0.7993171433339945, "8440110.0--8805467.0": 0.8126161345281684, "8440110.0--8611113.0": 0.7727686084781776,