{"8440826.0--8440834.0": 0.7786613315604949, "8440823.0--8440834.0": 0.7463632313314077, "8440834.0--8440845.0": 0.7212272249383573, "8440810.0--8440834.0": 0.7841857856199244, "8440806.0--8440834.0": 0.7309692748836056, "8440817.0--8440834.0": 0.7477738072014596, "8440813.0--8440834.0": 0.7340377577040544, "8440834.0--8443125.0": 0.7588748154734092, "8440834.0--8456575.0": 0.7536866336817796, "8440834.0--8440860.0": 0.7667447361880289, "8440834.0--8454343.0": 0.7692820809635135, "8440803.0--8440834.0": 0.7687416217060161, "8440834.0--8454344.0": 0.7596096729252052, "8440834.0--8440854.0": 0.7716253741548962, "8440834.0--8454346.0": 0.753237800629603, "8440827.0--8440834.0": 0.7408771031763711, "8440834.0--8440836.0": 0.7614993263053008, "8440834.0--8440844.0": 0.7513973992085896, "8440808.0--8440834.0": 0.7678361236433882, "8440834.0--8440837.0": 0.7442696013341047, "8440834.0--8440858.0": 0.7462537738093732, "8440820.0--8440834.0": 0.7566808883748365, "8440833.0--8440834.0": 0.760816416575188, "8440834.0--8444072.0": 0.7680654253767745, "8440812.0--8440834.0": 0.7784375343651209, "8440809.0--8440834.0": 0.7769463564752588, "8440834.0--8454904.0": 0.7849554008836387, "8440834.0--8440846.0": 0.7835174921371852, "8440830.0--8440834.0": 0.7637474920105585, "8440834.0--8444077.0": 0.7368568113734407, "8440834.0--8440847.0": 0.7740544258389281, "8440834.0--8440849.0": 0.7547389340783974, "8440834.0--8443124.0": 0.7683040056262689, "8440834.0--8440843.0": 0.7475467157386897, "8440834.0--8807265.0": 0.7880797084299018, "8440834.0--8816695.0": 0.7850805585163935, "8440834.0--8805426.0": 0.7659700993901725, "8440834.0--8805421.0": 0.763419419152042, "8440834.0--8812684.0": 0.7828754330747882, "8440834.0--8805461.0": 0.7533500838995275, "8440834.0--8807255.0": 0.7721204131793159, "8440834.0--8805460.0": 0.770441271063418, "8440834.0--8807292.0": 0.7793210751866139, "8440834.0--8807354.0": 0.7814537345317665, "8440834.0--8809711.0": 0.7739344902582999, "8440834.0--8805422.0": 0.7422880741602046, "8440834.0--8805424.0": 0.7627745947277329, "8440834.0--8794517.0": 0.7337100850759828, "8440834.0--8805451.0": 0.7449623598022922, "8440834.0--8807223.0": 0.7399027512385743, "8440834.0--8794560.0": 0.7483437191038663, "8440834.0--8481543.0": 0.7502199530044309, "8440834.0--8802285.0": 0.7489750879741585, "8440834.0--8807245.0": 0.7371540502272358, "8440834.0--8805456.0": 0.7257986880733414, "8440834.0--8827944.0": 0.7701209174659507, "8440834.0--8807296.0": 0.7759045021854563, "8440834.0--8827951.0": 0.7548803455693971, "8440834.0--8854335.0": 0.771585446505529, "8440834.0--8805446.0": 0.7433724050109869, "8440834.0--8805436.0": 0.7469704360400784, "8440834.0--8805433.0": 0.7272026126152382, "8440834.0--8546802.0": 0.7770288567818858, "8440834.0--8805427.0": 0.7398238837684472, "8440834.0--8836120.0": 0.7667087388801738, "8440834.0--8794768.0": 0.7132794732208206, "8440834.0--8809750.0": 0.7543558884877707, "8440834.0--8820172.0": 0.7729375195244826, "8440834.0--8476234.0": 0.7820567709272187, "8440834.0--8807314.0": 0.7400506204137295, "8440834.0--8794520.0": 0.7792084915265215, "8440834.0--8805452.0": 0.7495513895557342, "8440834.0--8805462.0": 0.7491396808875641, "8440834.0--8807275.0": 0.7591430418891457, "8419285.0--8440834.0": 0.7490275901262108, "8440834.0--8807379.0": 0.7558753268424954, "8440834.0--8807234.0": 0.7751215462549744, "8423100.0--8440834.0": 0.7506902578448365, "8440834.0--8805455.0": 0.7406511751160803, "8440834.0--8727493.0": 0.731889650970794, "8440834.0--8807369.0": 0.7404186483433072, "8440834.0--8532319.0": 0.7417633036655608, "8419325.0--8440834.0": 0.7565819761785542, "8440834.0--8805430.0": 0.7693421667282353, "8440834.0--8807301.0": 0.7855290885164563, "8440834.0--8713940.0": 0.7741332172956987, "8440834.0--8637795.0": 0.7647533129007611, "7999244.0--8440834.0": 0.7954984485973418, "8440834.0--8805439.0": 0.7469185395943664, "8440834.0--8805428.0": 0.7612799901850761, "8440834.0--8809223.0": 0.7710697300414032, "8440834.0--8795584.0": 0.7887485556523539, "8440834.0--8807264.0": 0.7580691267505688, "8440834.0--8805431.0": 0.7346089243199109, "8440834.0--8453863.0": 0.7409133243085835, "8400404.0--8440834.0": 0.7749016524533846, "8440834.0--8809834.0": 0.7640143330225679, "8440834.0--8663447.0": 0.7500941329889874, "8440834.0--8807213.0": 0.7963970534263425, "8440834.0--8640251.0": 0.7732013390669051, "8440834.0--8807220.0": 0.8103221747926606, "8440834.0--8617736.0": 0.7936274504933106, "8440834.0--8617746.0": 0.7365830908626589, "8440834.0--8640072.0": 0.7818278472442731, "8440834.0--8636208.0": 0.7685408292343452, "8440834.0--8805458.0": 0.766787827363032, "8440834.0--8807271.0": 0.7689613344653947, "8440834.0--8809678.0": 0.7752186644111744, "8440834.0--8807226.0": 0.7780785784242997, "8440834.0--8805467.0": 0.7989162211448361, "8440834.0--8611113.0": 0.7679402595121199, "8440834.0--8854316.0": 0.7698960678632676, "8440834.0--8794607.0": 0.7553953462563792, "8440834.0--8805418.0": 0.7438094804376351, "8440834.0--8836087.0": 0.7703737547430877, "8440834.0--8807283.0": 0.7897418863090764, "8440834.0--8820171.0": 0.7592939127558491, "8440834.0--8807288.0": 0.7431674537965106, "8440834.0--8807302.0": 0.741986585193136, "8440834.0--8805466.0": 0.7791962796920242, "8440834.0--8807351.0": 0.7773800269568163, "8440834.0--8805420.0": 0.7806171376281618, "8440834.0--8807299.0": 0.7757050418547355, "8440834.0--8812988.0": 0.7719677188524259, "8440834.0--8807294.0": 0.7621012918321903, "8440834.0--8805434.0": 0.7868357266627883, "8440834.0--8732351.0": 0.7559799178125396, "8440834.0--8807232.0": 0.7896936601632337, "8419271.0--8440834.0": 0.7476740292855935, "8440834.0--8625484.0": 0.7711519430868526, "8440834.0--8807349.0": 0.7771871531478969, "8440834.0--8809730.0": 0.7544592397769279, "8440834.0--8730513.0": 0.7809806084513715, "8440834.0--8809833.0": 0.7655817296143719, "8440834.0--8523628.0": 0.7480192961818175, "8434356.0--8440834.0": 0.7459308084972733, "8440834.0--8807303.0": 0.7616562023774605, "8440834.0--8811606.0": 0.7197340541456644, "8440834.0--8807244.0": 0.7253061095890514, "8440834.0--8490694.0": 0.7391950347426416, "8440834.0--8809844.0": 0.7425533581093394, "8440834.0--8809850.0": 0.7674494318192017, "8440834.0--8805445.0": 0.7427805821622719, "8412138.0--8440834.0": 0.7412544724074661, "8440834.0--8807247.0": 0.7371191952964659, "8440834.0--8848845.0": 0.7357464644383528, "8440834.0--8695851.0": 0.7677892739634907, "8440834.0--8713907.0": 0.772145703771947, "8440834.0--8809847.0": 0.7886793195611995, "8440834.0--8727480.0": 0.779985886001042, "8440834.0--8706590.0": 0.76489890864264, "8440834.0--8735916.0": 0.792446322016476, "8440834.0--8474512.0": 0.7693684959478452, "8440834.0--8809845.0": 0.7607112138066112, "8440834.0--8540796.0": 0.7774164459689269, "8440834.0--8807233.0": 0.7948263359590342, "8440834.0--8617747.0": 0.7552167194291639, "8440834.0--8474486.0": 0.7915950728947572, "8440834.0--8474516.0": 0.7849739584582185, "8440834.0--8663650.0": 0.7432103589775527, "8440834.0--8663646.0": 0.7600078482621009, "8440834.0--8794553.0": 0.7564459840489819, "8440834.0--8863966.0": 0.7211461745030974, "8440834.0--8525340.0": 0.728973375058094, "8440834.0--8805448.0": 0.7630708905679482, "8405549.0--8440834.0": 0.7572332853667642, "8440834.0--8611178.0": 0.7405026440934437, "8440834.0--8827593.0": 0.7600250009912336, "8440834.0--8805463.0": 0.7603312581317667, "8440834.0--8805457.0": 0.7998135043554062, "8440834.0--8805442.0": 0.7804613422379416, "8440834.0--8807266.0": 0.810917937943, "8440834.0--8813126.0": 0.7875885944864103, "8440834.0--8585103.0": 0.7701569496908715, "8440834.0--8807235.0": 0.7724523143238783, "8440834.0--8585048.0": 0.7784637020352865, "8440834.0--8809843.0": 0.7560763043827239, "8440834.0--8809842.0": 0.7714485432332332, "8440834.0--8842614.0": 0.7512174689734556, "8440834.0--8805441.0": 0.7599576281168872, "8440834.0--8809920.0": 0.7619740189188025, "8440834.0--8663312.0": 0.7732644549810902,