{"8440080.0--8440096.0": 0.7315708400061095, "8440080.0--8440124.0": 0.8178175009047207, "8440063.0--8440080.0": 0.8458423716825263, "8440037.0--8440080.0": 0.781064128770207, "8440040.0--8440080.0": 0.7437580265041462, "8440056.0--8440080.0": 0.7679461815446034, "8440080.0--8440116.0": 0.7948655741037343, "8440080.0--8444102.0": 0.7726617340290376, "8440080.0--8440824.0": 0.7746375126041299, "8440080.0--8493612.0": 0.7492130160468529, "8440080.0--8440850.0": 0.8269322958685625, "8440080.0--8456856.0": 0.7938458859023837, "8440080.0--8447439.0": 0.7850212962350998, "8440080.0--8440805.0": 0.776322682910302, "8440080.0--8440811.0": 0.7791827578707541, "8440080.0--8440856.0": 0.8228199114534728, "8440080.0--8440822.0": 0.7861741846839234, "8440080.0--8440828.0": 0.846921322831957, "8440080.0--8440851.0": 0.782023518206268, "8440080.0--8457476.0": 0.8273033694849357, "8440080.0--8440848.0": 0.8086032134795273, "8440080.0--8440839.0": 0.7626546367752892, "8440080.0--8443395.0": 0.8308750245539259, "8440080.0--8440832.0": 0.8490603325588828, "8440080.0--8440816.0": 0.7973710764949745, "8440080.0--8440835.0": 0.7859214996130977, "8440080.0--8440818.0": 0.8486530921355803, "8440080.0--8440853.0": 0.7892653998372001, "8440080.0--8440840.0": 0.8032235897440554, "8440080.0--8440857.0": 0.8053024115300536, "8440080.0--8449328.0": 0.7999292156703597, "8440080.0--8440829.0": 0.8057031002521553, "8440080.0--8440807.0": 0.7727625256143318, "8440080.0--8440831.0": 0.8190089324562404, "8440080.0--8440852.0": 0.8471499291933675, "8440080.0--8440841.0": 0.7876145496464018, "8440080.0--8440859.0": 0.7594099931826952, "8440080.0--8440821.0": 0.8275875575978895, "8440080.0--8440842.0": 0.8135720309920689, "8440080.0--8443131.0": 0.7814985017678353, "8440080.0--8440815.0": 0.8032122305353872, "8440080.0--8500765.0": 0.8408395870597389, "8440080.0--8440804.0": 0.7733075868975074, "8440080.0--8454276.0": 0.7708305935786279, "8440080.0--8464305.0": 0.8033069973237503, "8440080.0--8494828.0": 0.793001528264137, "8440080.0--8440825.0": 0.7711196828039345, "8440080.0--8440814.0": 0.8195301382407097, "8440080.0--8440838.0": 0.8119195345082926, "8440080.0--8440855.0": 0.8037058552003785, "8440080.0--8454489.0": 0.8352696042512535, "8440080.0--8440834.0": 0.7784260404486745, "8440080.0--8440826.0": 0.8077100048709405, "8440080.0--8440823.0": 0.7772825423102225, "8440080.0--8440845.0": 0.7784643287292268, "8440080.0--8440810.0": 0.8502562612336361, "8440080.0--8440806.0": 0.7945965384433538, "8440080.0--8440817.0": 0.7981326097114435, "8440080.0--8440813.0": 0.8261940404796102, "8440080.0--8443125.0": 0.7613037794613483, "8440080.0--8456575.0": 0.7992483321424194, "8440080.0--8440860.0": 0.846819498144201, "8440080.0--8454343.0": 0.8330296516203717, "8440080.0--8440803.0": 0.8678512973815852, "8440080.0--8454344.0": 0.8175082695241868, "8440080.0--8440854.0": 0.8398744398367429, "8440080.0--8454346.0": 0.8051218190886942, "8440080.0--8440827.0": 0.8346263838504236, "8440080.0--8440836.0": 0.8150920705851071, "8440080.0--8440844.0": 0.7994465147558838, "8440080.0--8440808.0": 0.7935320804169936, "8440080.0--8440837.0": 0.7935519886172572, "8440080.0--8440858.0": 0.8192690207978492, "8440080.0--8440820.0": 0.8002821181830273, "8440080.0--8440833.0": 0.797600791726073, "8440080.0--8444072.0": 0.848598946503686, "8440080.0--8440812.0": 0.8178762621794617, "8440080.0--8440809.0": 0.8167437451160229, "8440080.0--8454904.0": 0.8269057198921114, "8440080.0--8440846.0": 0.8231113312213731, "8440080.0--8440830.0": 0.820043280211578, "8440080.0--8444077.0": 0.8092987117436303, "8440080.0--8440847.0": 0.8491041327919192, "8440080.0--8440849.0": 0.7862272945292899, "8440080.0--8443124.0": 0.814247241431211, "8440080.0--8440843.0": 0.7927058384840482, "8440080.0--8807265.0": 0.8225652214417768, "8440080.0--8816695.0": 0.8486142046789371, "8440080.0--8805426.0": 0.7996824170848107, "8440080.0--8805421.0": 0.7985119233912046, "8440080.0--8812684.0": 0.8330139620600732, "8440080.0--8805461.0": 0.7691779583087355, "8440080.0--8807255.0": 0.7841358459769503, "8440080.0--8805460.0": 0.7830625033400752, "8440080.0--8807292.0": 0.8471783679286286, "8440080.0--8807354.0": 0.8065372234123867, "8440080.0--8809711.0": 0.8562684494540034, "8440080.0--8805422.0": 0.817679489906328, "8440080.0--8805424.0": 0.8162936367252897, "8440080.0--8794517.0": 0.7669168747832407, "8440080.0--8805451.0": 0.771967429542536, "8440080.0--8807223.0": 0.7590120078198517, "8440080.0--8794560.0": 0.7713554868989072, "8440080.0--8481543.0": 0.7676135984341744, "8440080.0--8802285.0": 0.7643208540506863, "8440080.0--8807245.0": 0.7909345578809953, "8440080.0--8805456.0": 0.7670119007022222, "8440080.0--8827944.0": 0.7854420486637554, "8440080.0--8807296.0": 0.790880074055099, "8440080.0--8827951.0": 0.7495158187957566, "8440080.0--8854335.0": 0.8132365627193798, "8440080.0--8805446.0": 0.7840169016078388, "8440080.0--8805436.0": 0.7827967193400625, "8440080.0--8805433.0": 0.7654145178428977, "8440080.0--8546802.0": 0.7910867020362224, "8440080.0--8805427.0": 0.781569983536291, "8440080.0--8836120.0": 0.8074055698004485, "8440080.0--8794768.0": 0.7861442797081236, "8440080.0--8809750.0": 0.788981017155252, "8440080.0--8820172.0": 0.8328460843508931, "8440080.0--8476234.0": 0.8414238857752907, "8440080.0--8807314.0": 0.7703198247348203, "8440080.0--8794520.0": 0.8026295049052194, "8440080.0--8805452.0": 0.8385578533896161, "8440080.0--8805462.0": 0.779579783997588, "8440080.0--8807275.0": 0.8327246208955812, "8419285.0--8440080.0": 0.7767048140140519, "8440080.0--8807379.0": 0.7898117942399879, "8440080.0--8807234.0": 0.8204180810873237, "8423100.0--8440080.0": 0.784614665318796, "8440080.0--8805455.0": 0.7744787831895186, "8440080.0--8727493.0": 0.7439871703250193, "8440080.0--8807369.0": 0.7512934347261508, "8440080.0--8532319.0": 0.778848610815686, "8419325.0--8440080.0": 0.7582667277406283, "8440080.0--8805430.0": 0.7920588226488906, "8440080.0--8807301.0": 0.8331129567762681, "8440080.0--8713940.0": 0.8416646140734854, "8440080.0--8637795.0": 0.8208751057335251, "7999244.0--8440080.0": 0.7999690385040376, "8440080.0--8805439.0": 0.8165143245259714, "8440080.0--8805428.0": 0.8142598229800497, "8440080.0--8809223.0": 0.8098350737411076, "8440080.0--8795584.0": 0.7817197315252167, "8440080.0--8807264.0": 0.7778368694190994, "8440080.0--8805431.0": 0.7859912603808787, "8440080.0--8453863.0": 0.7886503095563145, "8400404.0--8440080.0": 0.7593387497789212, "8440080.0--8809834.0": 0.7712549554524231, "8440080.0--8663447.0": 0.7866615925315511, "8440080.0--8807213.0": 0.8236898335047068, "8440080.0--8640251.0": 0.8278521730178671, "8440080.0--8807220.0": 0.8160097824144229, "8440080.0--8617736.0": 0.8340615397413647, "8440080.0--8617746.0": 0.7847696342774766, "8440080.0--8640072.0": 0.8351163565205736, "8440080.0--8636208.0": 0.8315376444715987, "8440080.0--8805458.0": 0.8159458366515684, "8440080.0--8807271.0": 0.8451035472786478, "8440080.0--8809678.0": 0.8186665623835205, "8440080.0--8807226.0": 0.891401018329126, "8440080.0--8805467.0": 0.8154691888406572, "8440080.0--8611113.0": 0.8244272865291605, "8440080.0--8854316.0": 0.7910789078627316, "8440080.0--8794607.0": 0.8274413501277074, "8440080.0--8805418.0": 0.7784163133516905, "8440080.0--8836087.0": 0.8202099199101012, "8440080.0--8807283.0": 0.7839245079593756, "8440080.0--8820171.0": 0.8094329187106031, "8440080.0--8807288.0": 0.8094505955213331, "8440080.0--8807302.0": 0.7768385100490947, "8440080.0--8805466.0": 0.7903165492289869, "8440080.0--8807351.0": 0.7728530106622652, "8440080.0--8805420.0": 0.7920558314923704, "8440080.0--8807299.0": 0.8191234259504352, "8440080.0--8812988.0": 0.8042170918924612, "8440080.0--8807294.0": 0.7962184116590597, "8440080.0--8805434.0": 0.8423827604270557, "8440080.0--8732351.0": 0.7938254586224149, "8440080.0--8807232.0": 0.7688315343790832, "8419271.0--8440080.0": 0.7870672817018656, "8440080.0--8625484.0": 0.8355969086130898,