{"8419285.0--8807379.0": 0.85603025260565, "8419285.0--8807234.0": 0.8321603220855717, "8419285.0--8423100.0": 0.7967532557871766, "8419285.0--8805455.0": 0.7842865314742974, "8419285.0--8727493.0": 0.7675812395590043, "8419285.0--8807369.0": 0.759303157664123, "8419285.0--8532319.0": 0.7874979846460637, "8419285.0--8419325.0": 0.813531341919554, "8419285.0--8805430.0": 0.7721052213826143, "8419285.0--8807301.0": 0.7587689188508758, "8419285.0--8713940.0": 0.780244245699686, "8419285.0--8637795.0": 0.7911416285960486, "7999244.0--8419285.0": 0.7738161847253975, "8419285.0--8805439.0": 0.7625376545300707, "8419285.0--8805428.0": 0.8069219743702692, "8419285.0--8809223.0": 0.7794703787218437, "8419285.0--8795584.0": 0.7846492317062015, "8419285.0--8807264.0": 0.7817009178658156, "8419285.0--8805431.0": 0.7858717232972681, "8419285.0--8453863.0": 0.7840371988936563, "8400404.0--8419285.0": 0.749530467570007, "8419285.0--8809834.0": 0.802766683222903, "8419285.0--8663447.0": 0.830680511113129, "8419285.0--8807213.0": 0.7851706582514422, "8419285.0--8640251.0": 0.763562284855698, "8419285.0--8807220.0": 0.7938142664086152, "8419285.0--8617736.0": 0.7740302424346097, "8419285.0--8617746.0": 0.7879148929715227, "8419285.0--8640072.0": 0.7785429595752172, "8419285.0--8636208.0": 0.8208449880267074, "8419285.0--8805458.0": 0.7495723284786159, "8419285.0--8807271.0": 0.7804045618093374, "8419285.0--8809678.0": 0.791900576836795, "8419285.0--8807226.0": 0.7805945205540127, "8419285.0--8805467.0": 0.7657443427719715, "8419285.0--8611113.0": 0.7719488034013056, "8419285.0--8854316.0": 0.7689698196974016, "8419285.0--8794607.0": 0.7715009982958083, "8419285.0--8805418.0": 0.7551681914280767, "8419285.0--8836087.0": 0.7861618376069338, "8419285.0--8807283.0": 0.7674381815240656, "8419285.0--8820171.0": 0.7619951772826332, "8419285.0--8807288.0": 0.7597696154598216, "8419285.0--8807302.0": 0.7635716505640227, "8419285.0--8805466.0": 0.7607375189523902, "8419285.0--8807351.0": 0.7609114276711287, "8419285.0--8805420.0": 0.7814635694161767, "8419285.0--8807299.0": 0.7622428754387477, "8419285.0--8812988.0": 0.7835118123297569, "8419285.0--8807294.0": 0.7917536722628404, "8419285.0--8805434.0": 0.7824959358289687, "8419285.0--8732351.0": 0.8093411374987904, "8419285.0--8807232.0": 0.7453804831559303, "8419271.0--8419285.0": 0.7637734734806132, "8419285.0--8625484.0": 0.8032151347002912, "8419285.0--8807349.0": 0.7804263392429146, "8419285.0--8809730.0": 0.7801094137407293, "8419285.0--8730513.0": 0.7688913032972367, "8419285.0--8809833.0": 0.7752483754073227, "8419285.0--8523628.0": 0.7557043541699635, "8419285.0--8434356.0": 0.8124491265695917, "8419285.0--8807303.0": 0.7818940435643943, "8419285.0--8811606.0": 0.8580630235411072, "8419285.0--8807244.0": 0.814398093942749, "8419285.0--8490694.0": 0.8219649896881278, "8419285.0--8809844.0": 0.8118298204014585, "8419285.0--8809850.0": 0.8187943674272975, "8419285.0--8805445.0": 0.7994556482922258, "8412138.0--8419285.0": 0.7953766473315942, "8419285.0--8807247.0": 0.7966519983624382, "8419285.0--8848845.0": 0.8053324426512037, "8419285.0--8695851.0": 0.7987595407876391, "8419285.0--8713907.0": 0.7950903959845969, "8419285.0--8809847.0": 0.7761013249770807, "8419285.0--8727480.0": 0.7895889353976664, "8419285.0--8706590.0": 0.7804353665691881, "8419285.0--8735916.0": 0.8063383189450748, "8419285.0--8474512.0": 0.7747875166022539, "8419285.0--8809845.0": 0.7737958503088245, "8419285.0--8540796.0": 0.7824741646205483, "8419285.0--8807233.0": 0.7958451792062866, "8419285.0--8617747.0": 0.778152246933725, "8419285.0--8474486.0": 0.7761071907867263, "8419285.0--8474516.0": 0.8083190616762608, "8419285.0--8663650.0": 0.7492606393918811, "8419285.0--8663646.0": 0.7897320949347169, "8419285.0--8794553.0": 0.829224126598073, "8419285.0--8863966.0": 0.8001261626783269, "8419285.0--8525340.0": 0.8070547781482442, "8419285.0--8805448.0": 0.7832443076903103, "8405549.0--8419285.0": 0.7702219350661731, "8419285.0--8611178.0": 0.7742995429454647, "8419285.0--8827593.0": 0.7674030744644624, "8419285.0--8805463.0": 0.7600225659566101, "8419285.0--8805457.0": 0.8013816474872769, "8419285.0--8805442.0": 0.755114401444402, "8419285.0--8807266.0": 0.7819553935076902, "8419285.0--8813126.0": 0.7707520722832126, "8419285.0--8585103.0": 0.7594390690467983, "8419285.0--8807235.0": 0.7674552059225439, "8419285.0--8585048.0": 0.7791454358299341, "8419285.0--8809843.0": 0.7788280952552907, "8419285.0--8809842.0": 0.7887295866243501, "8419285.0--8842614.0": 0.7529568893762308, "8419285.0--8805441.0": 0.7307649623572003, "8419285.0--8809920.0": 0.7314456551435367, "8419285.0--8663312.0": 0.7622536051422487, "8419285.0--8477126.0": 0.8035588103642223, "8419285.0--8807224.0": 0.7967936265635495, "8419285.0--8807355.0": 0.7880968654327594, "8419285.0--8807320.0": 0.7924748817811087, "8419285.0--8665933.0": 0.7884082446598699, "8419285.0--8845772.0": 0.7850380175950561, "8419285.0--8812989.0": 0.7822243908136943, "8419285.0--8636969.0": 0.8060258237152746, "8419285.0--8805450.0": 0.7561479513312828, "8419285.0--8807243.0": 0.774211558429261, "8419285.0--8805443.0": 0.7765843861516585, "8419285.0--8673661.0": 0.8270589123818862, "8419285.0--8805419.0": 0.7701720308716087, "8419285.0--8451903.0": 0.7706292279958602, "8419285.0--8805429.0": 0.7920278403368465, "8419285.0--8809846.0": 0.7634398170384935, "8419285.0--8809832.0": 0.8009482835547852, "8413174.0--8419285.0": 0.770640780613982, "8419285.0--8494817.0": 0.7699558535489888, "8419285.0--8637778.0": 0.7801770043591849, "8419285.0--8809742.0": 0.7655661178598303, "8419285.0--8807280.0": 0.7908614403174813, "8419285.0--8807274.0": 0.7939398752474756, "8419285.0--9216586.0": 0.7787837900502909, "8419285.0--9237132.0": 0.777387868596535, "8419285.0--9216572.0": 0.7765158593731752, "8419285.0--9217952.0": 0.7850204451329303, "8419285.0--9217931.0": 0.791950660107843, "8419285.0--9216507.0": 0.7711522058870821, "8419285.0--9222368.0": 0.7830877408044454, "8419285.0--9220137.0": 0.7660915782403402, "8419285.0--9233460.0": 0.756858001933153, "8419285.0--9222263.0": 0.7885735603466287, "8419285.0--9293003.0": 0.779333385946088, "8419285.0--9222102.0": 0.7812851345488179, "8419285.0--9222323.0": 0.7853703441225806, "8419285.0--9222287.0": 0.754207402597953, "8419285.0--9223736.0": 0.7885957131683057, "8419285.0--9224191.0": 0.8329447711225577, "8419285.0--9222251.0": 0.7557507361880593, "8419285.0--9229242.0": 0.7655288754674465, "8419285.0--9282195.0": 0.8932939523663811, "8419285.0--9222098.0": 0.790486874995711, "8419285.0--9234027.0": 0.7819384490949933, "8419285.0--9246308.0": 0.777365948045077, "8419285.0--9240072.0": 0.8287518449627487, "8419285.0--9222353.0": 0.8154965321211789, "8419285.0--9222293.0": 0.7629410519554781, "8419285.0--9222089.0": 0.7871874671366976, "8419285.0--9228893.0": 0.7931348323019553, "8419285.0--9224192.0": 0.8152000951619401, "8419285.0--9222289.0": 0.7760332194578329, "8419285.0--9222038.0": 0.8096453616607825, "8419285.0--9229072.0": 0.8024553389038569, "8419285.0--9222295.0": 0.8311655348211852, "8419285.0--9222342.0": 0.7599745016929836, "8419285.0--9241407.0": 0.8261118307781761, "8419285.0--9288884.0": 0.7818926134997372, "8419285.0--9222351.0": 0.8017624325429165, "8419285.0--9223669.0": 0.7627213485635983, "8419285.0--9222315.0": 0.7767115794924522, "8419285.0--9222335.0": 0.811276798492078, "8419285.0--9222327.0": 0.7782525592159548, "8419285.0--9233469.0": 0.7856454520475498, "8419285.0--9226461.0": 0.7932557446465014, "8419285.0--9238508.0": 0.8062048131603585, "8419285.0--9222266.0": 0.7557706067931707, "8419285.0--9225008.0": 0.7734485355783802, "8419285.0--9290431.0": 0.837269930241406, "8419285.0--9239918.0": 0.791488060474817, "8419285.0--9231271.0": 0.7717312187750737, "8419285.0--9222313.0": 0.7832669361708855, "8419285.0--9231268.0": 0.7868924752938041, "8419285.0--9222035.0": 0.830396452197675, "8419285.0--9222091.0": 0.8124608601083713,