{"8454906.0--8585721.0": 0.823745673794412, "8457259.0--8585721.0": 0.7888967741719772, "8440091.0--8585721.0": 0.8226847688375688, "8440097.0--8585721.0": 0.7607572882596102, "8440049.0--8585721.0": 0.8098881985307581, "8440034.0--8585721.0": 0.7383136384716694, "8454905.0--8585721.0": 0.8257001862778877, "8440039.0--8585721.0": 0.7905887585519763, "8440086.0--8585721.0": 0.728177995579076, "8445644.0--8585721.0": 0.7699660210787082, "8494830.0--8585721.0": 0.7997984246645478, "8440038.0--8585721.0": 0.7862944351604051, "8440110.0--8585721.0": 0.7950946170797071, "8440109.0--8585721.0": 0.7736360398045277, "8453873.0--8585721.0": 0.7562559121760161, "8440115.0--8585721.0": 0.7861909968420973, "8467383.0--8585721.0": 0.7768021188771437, "8440120.0--8585721.0": 0.7742121628478661, "8440076.0--8585721.0": 0.7596479960727315, "8440043.0--8585721.0": 0.76359634487755, "8467535.0--8585721.0": 0.8241748589502124, "8440121.0--8585721.0": 0.7889409670414568, "8440044.0--8585721.0": 0.7753427457466366, "8440089.0--8585721.0": 0.7847489178814411, "8440052.0--8585721.0": 0.7900293662579536, "8440085.0--8585721.0": 0.8429038145595021, "8440070.0--8585721.0": 0.7771773666000992, "8440048.0--8585721.0": 0.801197811900245, "8440118.0--8585721.0": 0.7854672498921904, "8440081.0--8585721.0": 0.7575483789297034, "8440102.0--8585721.0": 0.8046807842711423, "8440080.0--8585721.0": 0.8104469950628694, "8440096.0--8585721.0": 0.747988779482102, "8440124.0--8585721.0": 0.790957341196543, "8440063.0--8585721.0": 0.7942708023217211, "8440037.0--8585721.0": 0.765211036726138, "8440040.0--8585721.0": 0.780535524163614, "8440056.0--8585721.0": 0.768806002391065, "8440116.0--8585721.0": 0.7909199531188285, "8444102.0--8585721.0": 0.776391479992934, "8440824.0--8585721.0": 0.7622613440920186, "8493612.0--8585721.0": 0.7593286046461302, "8440850.0--8585721.0": 0.8050704879919748, "8456856.0--8585721.0": 0.7826906775782846, "8447439.0--8585721.0": 0.7697501887076372, "8440805.0--8585721.0": 0.7926284222034906, "8440811.0--8585721.0": 0.7847268974648148, "8440856.0--8585721.0": 0.8023584071427236, "8440822.0--8585721.0": 0.7722873778951879, "8440828.0--8585721.0": 0.8132322263184779, "8440851.0--8585721.0": 0.7908269171326402, "8457476.0--8585721.0": 0.7742018525339196, "8440848.0--8585721.0": 0.7830080580323038, "8440839.0--8585721.0": 0.7827075112296891, "8443395.0--8585721.0": 0.7823574139032448, "8440832.0--8585721.0": 0.8058308309068286, "8440816.0--8585721.0": 0.8010999291883542, "8440835.0--8585721.0": 0.7662857398709362, "8440818.0--8585721.0": 0.8116766182418693, "8440853.0--8585721.0": 0.7707222157159133, "8440840.0--8585721.0": 0.8077502388787273, "8440857.0--8585721.0": 0.8005663994040536, "8449328.0--8585721.0": 0.7702872363450337, "8440829.0--8585721.0": 0.8078689858211359, "8440807.0--8585721.0": 0.7676164565349523, "8440831.0--8585721.0": 0.8272930362618979, "8440852.0--8585721.0": 0.8093415452158703, "8440841.0--8585721.0": 0.7976731351513862, "8440859.0--8585721.0": 0.7965227961276854, "8440821.0--8585721.0": 0.7892495506414793, "8440842.0--8585721.0": 0.8953308043849441, "8443131.0--8585721.0": 0.7835732878662147, "8440815.0--8585721.0": 0.779525764965018, "8500765.0--8585721.0": 0.8115086073424281, "8440804.0--8585721.0": 0.7736276524275226, "8454276.0--8585721.0": 0.7878485654423145, "8464305.0--8585721.0": 0.8029459271754148, "8494828.0--8585721.0": 0.8606454767045253, "8440825.0--8585721.0": 0.784527458780099, "8440814.0--8585721.0": 0.7967401754255952, "8440838.0--8585721.0": 0.7913630173379289, "8440855.0--8585721.0": 0.7756377088283293, "8454489.0--8585721.0": 0.7894409297466533, "8440834.0--8585721.0": 0.7633392741622635, "8440826.0--8585721.0": 0.815908033438968, "8440823.0--8585721.0": 0.806780275497907, "8440845.0--8585721.0": 0.7575960287555347, "8440810.0--8585721.0": 0.810199160329992, "8440806.0--8585721.0": 0.8482157900277101, "8440817.0--8585721.0": 0.7728282592936482, "8440813.0--8585721.0": 0.830501775525354, "8443125.0--8585721.0": 0.7567996225038534, "8456575.0--8585721.0": 0.8054216639743378, "8440860.0--8585721.0": 0.8205213057698886, "8454343.0--8585721.0": 0.7759221596409656, "8440803.0--8585721.0": 0.7850354324247883, "8454344.0--8585721.0": 0.7972067687186369, "8440854.0--8585721.0": 0.8350710333844757, "8454346.0--8585721.0": 0.7717109823873923, "8440827.0--8585721.0": 0.7562467385978201, "8440836.0--8585721.0": 0.7832628133729775, "8440844.0--8585721.0": 0.7831693609664317, "8440808.0--8585721.0": 0.7981227497753726, "8440837.0--8585721.0": 0.8066079031061226, "8440858.0--8585721.0": 0.7530822831196224, "8440820.0--8585721.0": 0.7866189123067208, "8440833.0--8585721.0": 0.7677792306468385, "8444072.0--8585721.0": 0.7962075045648572, "8440812.0--8585721.0": 0.8136071936765821, "8440809.0--8585721.0": 0.7766375969365199, "8454904.0--8585721.0": 0.8753669702455682, "8440846.0--8585721.0": 0.7845496355340549, "8440830.0--8585721.0": 0.7799111628662128, "8444077.0--8585721.0": 0.7785179269783558, "8440847.0--8585721.0": 0.8072164792808212, "8440849.0--8585721.0": 0.776795550758774, "8443124.0--8585721.0": 0.8096107356843741, "8440843.0--8585721.0": 0.7609706771413407, "8585721.0--8807265.0": 0.8169969989386991, "8585721.0--8816695.0": 0.7730312810702681, "8585721.0--8805426.0": 0.8061658029341733, "8585721.0--8805421.0": 0.8283085145632769, "8585721.0--8812684.0": 0.7640277450737856, "8585721.0--8805461.0": 0.7973738665473354, "8585721.0--8807255.0": 0.7985840245082151, "8585721.0--8805460.0": 0.7697087619268146, "8585721.0--8807292.0": 0.779585568147155, "8585721.0--8807354.0": 0.799566062243432, "8585721.0--8809711.0": 0.7679716671628365, "8585721.0--8805422.0": 0.7659467049969979, "8585721.0--8805424.0": 0.7595618448967202, "8585721.0--8794517.0": 0.7680579755166933, "8585721.0--8805451.0": 0.7716521568036019, "8585721.0--8807223.0": 0.7757001440391091, "8585721.0--8794560.0": 0.7871564406045878, "8481543.0--8585721.0": 0.7705996055825406, "8585721.0--8802285.0": 0.8027910721101708, "8585721.0--8807245.0": 0.8021543507028018, "8585721.0--8805456.0": 0.7931850164732844, "8585721.0--8827944.0": 0.806644321061688, "8585721.0--8807296.0": 0.8068195193004317, "8585721.0--8827951.0": 0.7648158616437777, "8585721.0--8854335.0": 0.8080275980005607, "8585721.0--8805446.0": 0.7792852132186423, "8585721.0--8805436.0": 0.7840928612322076, "8585721.0--8805433.0": 0.7655912716956288, "8546802.0--8585721.0": 0.7998819819864903, "8585721.0--8805427.0": 0.7524582923961165, "8585721.0--8836120.0": 0.7809306740611501, "8585721.0--8794768.0": 0.7575948405495878, "8585721.0--8809750.0": 0.7792919979205781, "8585721.0--8820172.0": 0.8456121428557801, "8476234.0--8585721.0": 0.7912477641711924, "8585721.0--8807314.0": 0.7698099287476132, "8585721.0--8794520.0": 0.8014018890790534, "8585721.0--8805452.0": 0.8260376571402096, "8585721.0--8805462.0": 0.7566656604906269, "8585721.0--8807275.0": 0.8572003590852502, "8419285.0--8585721.0": 0.7765673655334323, "8585721.0--8807379.0": 0.8072957322559557, "8585721.0--8807234.0": 0.8036823952449526, "8423100.0--8585721.0": 0.7910321158774789, "8585721.0--8805455.0": 0.7547395042989431, "8585721.0--8727493.0": 0.7263932246890812, "8585721.0--8807369.0": 0.7495313677715704, "8532319.0--8585721.0": 0.8100253454038217, "8419325.0--8585721.0": 0.7804227947217667, "8585721.0--8805430.0": 0.7974489208859253, "8585721.0--8807301.0": 0.8059373001374901, "8585721.0--8713940.0": 0.7989678639519686, "8585721.0--8637795.0": 0.8015938821782922, "7999244.0--8585721.0": 0.7944493850488468, "8585721.0--8805439.0": 0.7928848598042574, "8585721.0--8805428.0": 0.8068811331979276, "8585721.0--8809223.0": 0.7902137984339156, "8585721.0--8795584.0": 0.7894325659788776, "8585721.0--8807264.0": 0.7806520091070273, "8585721.0--8805431.0": 0.7629335244990163, "8453863.0--8585721.0": 0.7554480747332748, "8400404.0--8585721.0": 0.7783422844951029, "8585721.0--8809834.0": 0.7877012219569464, "8585721.0--8663447.0": 0.7841534210271432,