{"9222038.0--9222289.0": 0.8286548692937679, "9222289.0--9229072.0": 0.8131967362597926, "9222289.0--9222295.0": 0.7968839954698894, "9222289.0--9222342.0": 0.8460368866990473, "9222289.0--9241407.0": 0.7605899256794312, "9222289.0--9288884.0": 0.8041517760250355, "9222289.0--9222351.0": 0.7965923063980004, "9222289.0--9223669.0": 0.8416002913734743, "9222289.0--9222315.0": 0.8079667528267879, "9222289.0--9222335.0": 0.8568308092483019, "9222289.0--9222327.0": 0.7947231546066198, "9222289.0--9233469.0": 0.8281468510189464, "9222289.0--9226461.0": 0.816646107352484, "9222289.0--9238508.0": 0.8230218743601199, "9222266.0--9222289.0": 0.7810109753174754, "9222289.0--9225008.0": 0.8409236491145458, "9222289.0--9290431.0": 0.7990828436498407, "9222289.0--9239918.0": 0.7931225178651505, "9222289.0--9231271.0": 0.7945146261319886, "9222289.0--9222313.0": 0.8141177281108529, "9222289.0--9231268.0": 0.8025856190477503, "9222035.0--9222289.0": 0.765874175329381, "9222091.0--9222289.0": 0.8612525337949848, "9222289.0--9229515.0": 0.7741842361405921, "9222289.0--9222301.0": 0.831185574167978, "9222289.0--9222358.0": 0.8126362654794196, "9222289.0--9229135.0": 0.8477945142898963, "9222047.0--9222289.0": 0.7880265804273822, "9222272.0--9222289.0": 0.810292625127454, "9222110.0--9222289.0": 0.8459266975841114, "9222289.0--9222364.0": 0.800210417213419, "9222088.0--9222289.0": 0.8327466695230252, "9216518.0--9222289.0": 0.8168738980665324, "9222289.0--9222309.0": 0.7927194978675889, "9216595.0--9222289.0": 0.8138596825392503, "9216538.0--9222289.0": 0.7754244304735487, "9216549.0--9222289.0": 0.7912578254757492, "9216559.0--9222289.0": 0.8081369767951464, "9222289.0--9222376.0": 0.766183342828296, "9222289.0--9222374.0": 0.8229926399354911, "9222289.0--9224194.0": 0.7762159955824733, "9222254.0--9222289.0": 0.8012499439191445, "9222049.0--9222289.0": 0.757620414908314, "9222289.0--9222562.0": 0.7888824181754582, "9222289.0--9226126.0": 0.7882269152158858, "9222289.0--9240062.0": 0.8392001443671993, "9222289.0--9226101.0": 0.7786827399025542, "9222289.0--9222377.0": 0.7896484422024469, "9222289.0--9233392.0": 0.8064102555744106, "9222093.0--9222289.0": 0.7650488793577788, "9222289.0--9224154.0": 0.7434385284724093, "9222289.0--9240061.0": 0.789718961754818, "9222289.0--9222512.0": 0.7882506176434914, "9222289.0--9241413.0": 0.8284500012065265, "9222289.0--9224646.0": 0.7743789669156655, "9222289.0--9222372.0": 0.7596780176701186, "9222253.0--9222289.0": 0.7789129055971601, "9222092.0--9222289.0": 0.8184331942974482, "9222271.0--9222289.0": 0.7769560870599672, "9222289.0--9230431.0": 0.8022440678354802, "9222076.0--9222289.0": 0.8062774471006946, "9222053.0--9222289.0": 0.78368302992611, "9216532.0--9222289.0": 0.8270068935825485, "9222085.0--9222289.0": 0.8012303512263448, "9216629.0--9222289.0": 0.8219443011144576, "9222289.0--9308630.0": 0.7980046667235074, "9222289.0--9308624.0": 0.7774174234116827, "9219240.0--9222289.0": 0.8069405566983057, "9216630.0--9222289.0": 0.7940420954249656, "9217981.0--9222289.0": 0.7788007788920527, "9222289.0--9224153.0": 0.7832216994815264, "9222289.0--9286505.0": 0.8016659543575537, "9216512.0--9222289.0": 0.8001361370225764, "9216579.0--9222289.0": 0.7858115188215387, "9222249.0--9222289.0": 0.8202882215160441, "9222289.0--9222367.0": 0.7869216775384058, "9222289.0--9222325.0": 0.789307514912738, "9222289.0--9222510.0": 0.7437448945542489, "9222289.0--9246250.0": 0.7952316767862327, "9222289.0--9308627.0": 0.8054293829238897, "9222289.0--9224186.0": 0.8548158750064985, "9222289.0--9229232.0": 0.7976529369480522, "9222289.0--9226404.0": 0.7603114462815411, "9222289.0--9308631.0": 0.7743710573767029, "9222255.0--9222289.0": 0.8047275026571292, "9222261.0--9222289.0": 0.8244352230503221, "9222289.0--9222338.0": 0.8168785099656806, "9222284.0--9222289.0": 0.8338795165347888, "9222289.0--9230430.0": 0.8215728853862724, "9222289.0--9308622.0": 0.7455318176936946, "9222289.0--9286903.0": 0.725715300799424, "9222289.0--9234473.0": 0.7946504313682046, "9222289.0--9241426.0": 0.8118047650503163, "9222269.0--9222289.0": 0.782686280407747, "9222289.0--9237999.0": 0.800388044047669, "9222072.0--9222289.0": 0.8064477204776358, "9222289.0--9224197.0": 0.8014036636877881, "9222289.0--9246282.0": 0.8324911854024829, "9222289.0--9222314.0": 0.7930459317477002, "9222289.0--9222357.0": 0.8228011854067412, "9222086.0--9222289.0": 0.7899624401594008, "9222289.0--9222360.0": 0.8396377884767847, "9222065.0--9222289.0": 0.7393772313665766, "9222289.0--9228894.0": 0.7976053428037361, "9222289.0--9233264.0": 0.8037904355632299, "9222289.0--9222343.0": 0.7658057968933656, "9222289.0--9308621.0": 0.8247957782724398, "9222289.0--9308625.0": 0.7945235527879351, "9222289.0--9241744.0": 0.8221343181653934, "9222289.0--9308629.0": 0.789994754846534, "9222068.0--9222289.0": 0.7706496128947554, "9222248.0--9222289.0": 0.7872093138826453, "9222274.0--9222289.0": 0.7725429181312885, "9222289.0--9229116.0": 0.848334500275245, "9222289.0--9233993.0": 0.7866870805118956, "9222289.0--9308623.0": 0.79001339458067, "9222289.0--9222553.0": 0.8019232259668141, "9222289.0--9222341.0": 0.8378622656795468, "9222289.0--9222346.0": 0.8496984393679897, "9222289.0--9308628.0": 0.8070807528545397, "9222289.0--9222294.0": 0.791859498079741, "9222289.0--9241732.0": 0.7685308035864767, "9222060.0--9222289.0": 0.8071617883411915, "9222280.0--9222289.0": 0.8376422129125355}