{"9234473.0--9241426.0": 0.7885241235797171, "9222269.0--9234473.0": 0.7629914142389406, "9234473.0--9237999.0": 0.779166674269368, "9222072.0--9234473.0": 0.7747956738272247, "9224197.0--9234473.0": 0.7735438323151194, "9234473.0--9246282.0": 0.7662752868653216, "9222314.0--9234473.0": 0.7575335227788336, "9222357.0--9234473.0": 0.7719127201741934, "9222086.0--9234473.0": 0.7515982036019702, "9222360.0--9234473.0": 0.7921196526742504, "9222065.0--9234473.0": 0.7569002369043951, "9228894.0--9234473.0": 0.7866482713213607, "9233264.0--9234473.0": 0.7815930345403106, "9222343.0--9234473.0": 0.7399076506111982, "9234473.0--9308621.0": 0.7858143623481171, "9234473.0--9308625.0": 0.7826711681085863, "9234473.0--9241744.0": 0.7764800514003757, "9234473.0--9308629.0": 0.7734818606310256, "9222068.0--9234473.0": 0.7438805456031576, "9222248.0--9234473.0": 0.7940070401978622, "9222274.0--9234473.0": 0.7505149351740772, "9229116.0--9234473.0": 0.7987677007417984, "9233993.0--9234473.0": 0.7578249847021279, "9234473.0--9308623.0": 0.7984713452865446, "9222553.0--9234473.0": 0.7895608802943894, "9222341.0--9234473.0": 0.7994201742894934, "9222346.0--9234473.0": 0.8045430648737271, "9234473.0--9308628.0": 0.7651291867369522, "9222294.0--9234473.0": 0.7721289120243854, "9234473.0--9241732.0": 0.8173201637421332, "9222060.0--9234473.0": 0.7957751748802648, "9222280.0--9234473.0": 0.7877252991920628}