{"9216538.0--9216549.0": 0.8017941421117136, "9216538.0--9216559.0": 0.7941077786162687, "9216538.0--9222376.0": 0.778436943554297, "9216538.0--9222374.0": 0.8217743135281523, "9216538.0--9224194.0": 0.7970720105709679, "9216538.0--9222254.0": 0.8073052998380483, "9216538.0--9222049.0": 0.7663895431443564, "9216538.0--9222562.0": 0.7903854557503176, "9216538.0--9226126.0": 0.7760115757427622, "9216538.0--9240062.0": 0.7863777730120759, "9216538.0--9226101.0": 0.7754227784837827, "9216538.0--9222377.0": 0.7616423002764781, "9216538.0--9233392.0": 0.8143632575261186, "9216538.0--9222093.0": 0.8060421904431931, "9216538.0--9224154.0": 0.8179506878423745, "9216538.0--9240061.0": 0.7707873896822451, "9216538.0--9222512.0": 0.8301679372607347, "9216538.0--9241413.0": 0.7782664821626737, "9216538.0--9224646.0": 0.7785529046604267, "9216538.0--9222372.0": 0.7845044217161928, "9216538.0--9222253.0": 0.8005329722735309, "9216538.0--9222092.0": 0.8139141747632046, "9216538.0--9222271.0": 0.7843018583794807, "9216538.0--9230431.0": 0.8012066355068381, "9216538.0--9222076.0": 0.8056670164655927, "9216538.0--9222053.0": 0.8070991877583472, "9216532.0--9216538.0": 0.7810413955183684, "9216538.0--9222085.0": 0.7868948293779301, "9216538.0--9216629.0": 0.7621880541676933, "9216538.0--9308630.0": 0.752186477714298, "9216538.0--9308624.0": 0.7610942535468957, "9216538.0--9219240.0": 0.7827662546072531, "9216538.0--9216630.0": 0.7746708862166632, "9216538.0--9217981.0": 0.7554983983021819, "9216538.0--9224153.0": 0.7833926947996992, "9216538.0--9286505.0": 0.7495710060291788, "9216512.0--9216538.0": 0.7501755633639374, "9216538.0--9216579.0": 0.7477679074688904, "9216538.0--9222249.0": 0.7768185196855099, "9216538.0--9222367.0": 0.7542850999893314, "9216538.0--9222325.0": 0.7615367280087096, "9216538.0--9222510.0": 0.7625260318697578, "9216538.0--9246250.0": 0.7780641722081361, "9216538.0--9308627.0": 0.789285224911347, "9216538.0--9224186.0": 0.767870459799314, "9216538.0--9229232.0": 0.7586315096917744, "9216538.0--9226404.0": 0.7682015058743976, "9216538.0--9308631.0": 0.7796390827377806, "9216538.0--9222255.0": 0.7722861527714857, "9216538.0--9222261.0": 0.7776174730793899, "9216538.0--9222338.0": 0.7771502348523808, "9216538.0--9222284.0": 0.7669669367820986, "9216538.0--9230430.0": 0.7835637483151647, "9216538.0--9308622.0": 0.771660974050044, "9216538.0--9286903.0": 0.7465626892549077, "9216538.0--9234473.0": 0.7675148262338124, "9216538.0--9241426.0": 0.7897528917423441, "9216538.0--9222269.0": 0.7951304208672578, "9216538.0--9237999.0": 0.7729827167888947, "9216538.0--9222072.0": 0.7905007000226356, "9216538.0--9224197.0": 0.767316445604635, "9216538.0--9246282.0": 0.7494996431744783, "9216538.0--9222314.0": 0.7666250295211052, "9216538.0--9222357.0": 0.7729353291398325, "9216538.0--9222086.0": 0.7476648791493876, "9216538.0--9222360.0": 0.773370075487302, "9216538.0--9222065.0": 0.7686832999556844, "9216538.0--9228894.0": 0.8101327623792893, "9216538.0--9233264.0": 0.7651081935522503, "9216538.0--9222343.0": 0.7505023599376919, "9216538.0--9308621.0": 0.7565358457625675, "9216538.0--9308625.0": 0.7920597269035796, "9216538.0--9241744.0": 0.7732610848091219, "9216538.0--9308629.0": 0.7589180061436884, "9216538.0--9222068.0": 0.7565310982239581, "9216538.0--9222248.0": 0.8136188172375765, "9216538.0--9222274.0": 0.745018357730728, "9216538.0--9229116.0": 0.7827027341064807, "9216538.0--9233993.0": 0.7661449750430357, "9216538.0--9308623.0": 0.7913995663964526, "9216538.0--9222553.0": 0.7665946363585379, "9216538.0--9222341.0": 0.7886427381754202, "9216538.0--9222346.0": 0.7849350221506978, "9216538.0--9308628.0": 0.7837229454423967, "9216538.0--9222294.0": 0.7749853523863119, "9216538.0--9241732.0": 0.7850690603457988, "9216538.0--9222060.0": 0.7789308230746905, "9216538.0--9222280.0": 0.7792582499601219}