{"8440052.0--8440085.0": 0.799440795365261, "8440052.0--8440070.0": 0.7719356087174272, "8440048.0--8440052.0": 0.789075449933315, "8440052.0--8440118.0": 0.8133522634863564, "8440052.0--8440081.0": 0.756864308514971, "8440052.0--8440102.0": 0.8204576712946591, "8440052.0--8440080.0": 0.7837496029118004, "8440052.0--8440096.0": 0.7796262594966842, "8440052.0--8440124.0": 0.7634470574590142, "8440052.0--8440063.0": 0.7747700752108602, "8440037.0--8440052.0": 0.7792029862096432, "8440040.0--8440052.0": 0.8039900501247252, "8440052.0--8440056.0": 0.7772439837929863, "8440052.0--8440116.0": 0.7853942937301444, "8440052.0--8444102.0": 0.7644193288572272, "8440052.0--8440824.0": 0.787078816101193, "8440052.0--8493612.0": 0.7839636314367525, "8440052.0--8440850.0": 0.8172762554608695, "8440052.0--8456856.0": 0.8004225347000427, "8440052.0--8447439.0": 0.7899885326260412, "8440052.0--8440805.0": 0.7917371847847674, "8440052.0--8440811.0": 0.7617050470136683, "8440052.0--8440856.0": 0.7963925128801708, "8440052.0--8440822.0": 0.7877409754767144, "8440052.0--8440828.0": 0.7817691159063634, "8440052.0--8440851.0": 0.7497712570374109, "8440052.0--8457476.0": 0.7981728877047374, "8440052.0--8440848.0": 0.7487310081677195, "8440052.0--8440839.0": 0.8414632298287983, "8440052.0--8443395.0": 0.7558171403069569, "8440052.0--8440832.0": 0.7571205601661151, "8440052.0--8440816.0": 0.852987235255825, "8440052.0--8440835.0": 0.7803858372589891, "8440052.0--8440818.0": 0.8245521922107553, "8440052.0--8440853.0": 0.8094092199982169, "8440052.0--8440840.0": 0.8229492062319264, "8440052.0--8440857.0": 0.805570176159714, "8440052.0--8449328.0": 0.7751016370116822, "8440052.0--8440829.0": 0.8219740350944904, "8440052.0--8440807.0": 0.7448797930314487, "8440052.0--8440831.0": 0.7725445183796835, "8440052.0--8440852.0": 0.7871529914427882, "8440052.0--8440841.0": 0.7445539447857402, "8440052.0--8440859.0": 0.7716028386876518, "8440052.0--8440821.0": 0.767229967138175, "8440052.0--8440842.0": 0.7837468464520216, "8440052.0--8443131.0": 0.7708151159231936, "8440052.0--8440815.0": 0.7715570266815825, "8440052.0--8500765.0": 0.7840211042248707, "8440052.0--8440804.0": 0.7856287672730247, "8440052.0--8454276.0": 0.771593373249323, "8440052.0--8464305.0": 0.7914023520033574, "8440052.0--8494828.0": 0.7837092911365697, "8440052.0--8440825.0": 0.7755808944038798, "8440052.0--8440814.0": 0.7971565758821555, "8440052.0--8440838.0": 0.839514820909192, "8440052.0--8440855.0": 0.8046390388805682, "8440052.0--8454489.0": 0.781867815894908, "8440052.0--8440834.0": 0.7478162872774208, "8440052.0--8440826.0": 0.8046754985686664, "8440052.0--8440823.0": 0.7836723821981604, "8440052.0--8440845.0": 0.7788843687318893, "8440052.0--8440810.0": 0.7763246554404051, "8440052.0--8440806.0": 0.7545727888058855, "8440052.0--8440817.0": 0.8073125947891691, "8440052.0--8440813.0": 0.7958631070074497, "8440052.0--8443125.0": 0.7569849572157367, "8440052.0--8456575.0": 0.8049678244461607, "8440052.0--8440860.0": 0.7744073374402621, "8440052.0--8454343.0": 0.7898751428269508, "8440052.0--8440803.0": 0.7769218573733342, "8440052.0--8454344.0": 0.8046737881582919, "8440052.0--8440854.0": 0.8037974727478899, "8440052.0--8454346.0": 0.7784023588271785, "8440052.0--8440827.0": 0.7511798099331743, "8440052.0--8440836.0": 0.7728421972182844, "8440052.0--8440844.0": 0.780296898776457, "8440052.0--8440808.0": 0.789144928498738, "8440052.0--8440837.0": 0.8823070580079686, "8440052.0--8440858.0": 0.7322803141560708, "8440052.0--8440820.0": 0.7838673669838124, "8440052.0--8440833.0": 0.7639247537176994, "8440052.0--8444072.0": 0.7662055366487368, "8440052.0--8440812.0": 0.8063344438875577, "8440052.0--8440809.0": 0.7806181662684132, "8440052.0--8454904.0": 0.7973514529094212, "8440052.0--8440846.0": 0.777607896372018, "8440052.0--8440830.0": 0.7770006424824635, "8440052.0--8444077.0": 0.7559043823197353, "8440052.0--8440847.0": 0.7965195456733962, "8440052.0--8440849.0": 0.7962772010859005, "8440052.0--8443124.0": 0.8010507727873917, "8440052.0--8440843.0": 0.8235495131234092, "8440052.0--8807265.0": 0.7735855382060143, "8440052.0--8816695.0": 0.7767689075526412, "8440052.0--8805426.0": 0.8132006740869657, "8440052.0--8805421.0": 0.816619597044491, "8440052.0--8812684.0": 0.7615221176306053, "8440052.0--8805461.0": 0.7897005390412273, "8440052.0--8807255.0": 0.7736021349425575, "8440052.0--8805460.0": 0.7455673396635377, "8440052.0--8807292.0": 0.7802203857656094, "8440052.0--8807354.0": 0.7580346317874553, "8440052.0--8809711.0": 0.7630949086485213, "8440052.0--8805422.0": 0.7968607104576354, "8440052.0--8805424.0": 0.7466779350307329, "8440052.0--8794517.0": 0.812850024845869, "8440052.0--8805451.0": 0.7877466659802018, "8440052.0--8807223.0": 0.7639110913586296, "8440052.0--8794560.0": 0.7842844757600717, "8440052.0--8481543.0": 0.7817392821861997, "8440052.0--8802285.0": 0.7483755524178853, "8440052.0--8807245.0": 0.7841572839891424, "8440052.0--8805456.0": 0.7972949539633944, "8440052.0--8827944.0": 0.7523506196579622, "8440052.0--8807296.0": 0.8158378754516118, "8440052.0--8827951.0": 0.7776533631847111, "8440052.0--8854335.0": 0.7939250518378018, "8440052.0--8805446.0": 0.8138416761322979, "8440052.0--8805436.0": 0.8014444372313076, "8440052.0--8805433.0": 0.824381815479876, "8440052.0--8546802.0": 0.8066856265827738, "8440052.0--8805427.0": 0.7710460931005437, "8440052.0--8836120.0": 0.7885301917165877, "8440052.0--8794768.0": 0.8075449007671648, "8440052.0--8809750.0": 0.8036784185805449, "8440052.0--8820172.0": 0.8115467335213324, "8440052.0--8476234.0": 0.7768999758157407, "8440052.0--8807314.0": 0.7655452546886927, "8440052.0--8794520.0": 0.8245750922792049, "8440052.0--8805452.0": 0.7724003993051145, "8440052.0--8805462.0": 0.7814716632910138, "8440052.0--8807275.0": 0.7774403571390001, "8419285.0--8440052.0": 0.7804638190318082, "8440052.0--8807379.0": 0.792220606725117, "8440052.0--8807234.0": 0.805506591458294, "8423100.0--8440052.0": 0.7793505754450769, "8440052.0--8805455.0": 0.7734508103947197, "8440052.0--8727493.0": 0.7913767966764945, "8440052.0--8807369.0": 0.7866796025355395, "8440052.0--8532319.0": 0.7965519063844626, "8419325.0--8440052.0": 0.8104676649710326, "8440052.0--8805430.0": 0.7632321299138272, "8440052.0--8807301.0": 0.7663390154109773, "8440052.0--8713940.0": 0.7884027209200559, "8440052.0--8637795.0": 0.794751390167977, "7999244.0--8440052.0": 0.7802973237040844, "8440052.0--8805439.0": 0.7731061781342857, "8440052.0--8805428.0": 0.8058008098059026, "8440052.0--8809223.0": 0.8124627009407384, "8440052.0--8795584.0": 0.8003257330851827, "8440052.0--8807264.0": 0.7692183116855884, "8440052.0--8805431.0": 0.7564378526913329, "8440052.0--8453863.0": 0.7983266352541036, "8400404.0--8440052.0": 0.796795199372674, "8440052.0--8809834.0": 0.7662707006949104, "8440052.0--8663447.0": 0.7813485612064976, "8440052.0--8807213.0": 0.8048847439139855, "8440052.0--8640251.0": 0.7695323908092653, "8440052.0--8807220.0": 0.8019835141584993, "8440052.0--8617736.0": 0.7615070984097297, "8440052.0--8617746.0": 0.7651927929135962, "8440052.0--8640072.0": 0.7709323896315856, "8440052.0--8636208.0": 0.7750710759814791, "8440052.0--8805458.0": 0.7485752142459743, "8440052.0--8807271.0": 0.7822044061198905, "8440052.0--8809678.0": 0.7450097043583157, "8440052.0--8807226.0": 0.787997284514792, "8440052.0--8805467.0": 0.7883862259099337, "8440052.0--8611113.0": 0.743711041907835, "8440052.0--8854316.0": 0.7841674246173488, "8440052.0--8794607.0": 0.7742970092572796, "8440052.0--8805418.0": 0.7394063667101485, "8440052.0--8836087.0": 0.7890753814807421, "8440052.0--8807283.0": 0.768800320908022, "8440052.0--8820171.0": 0.7605625661121453, "8440052.0--8807288.0": 0.7358206878589684, "8440052.0--8807302.0": 0.7579879208241105, "8440052.0--8805466.0": 0.7706656361634647, "8440052.0--8807351.0": 0.7830143132972601, "8440052.0--8805420.0": 0.7369370719225532, "8440052.0--8807299.0": 0.7727804959234001,