{"8706590.0--8727480.0": 0.8284021284942122, "8727480.0--8735916.0": 0.8461678372660337, "8474512.0--8727480.0": 0.7968162203699491, "8727480.0--8809845.0": 0.785622586680543, "8540796.0--8727480.0": 0.8512061667653887, "8727480.0--8807233.0": 0.8391069680639595, "8617747.0--8727480.0": 0.7957528451362554, "8474486.0--8727480.0": 0.7907715303235834, "8474516.0--8727480.0": 0.8319752826228821, "8663650.0--8727480.0": 0.822491620715278, "8663646.0--8727480.0": 0.829046367908996, "8727480.0--8794553.0": 0.8268712916039913, "8727480.0--8863966.0": 0.8168445354796059, "8525340.0--8727480.0": 0.8182820248930676, "8727480.0--8805448.0": 0.7843517091341868, "8405549.0--8727480.0": 0.8457756774019376, "8611178.0--8727480.0": 0.8018478147815774, "8727480.0--8827593.0": 0.8042214124217408, "8727480.0--8805463.0": 0.7692681326250701, "8727480.0--8805457.0": 0.8169959027373448, "8727480.0--8805442.0": 0.7905088424914966, "8727480.0--8807266.0": 0.8230699682168787, "8727480.0--8813126.0": 0.7928797735410826, "8585103.0--8727480.0": 0.7903321274455506, "8727480.0--8807235.0": 0.8007338036624367, "8585048.0--8727480.0": 0.8420575805525156, "8727480.0--8809843.0": 0.8221825769279627, "8727480.0--8809842.0": 0.831521513660104, "8727480.0--8842614.0": 0.7918974830717376, "8727480.0--8805441.0": 0.7613976829628332, "8727480.0--8809920.0": 0.7575215384805616, "8663312.0--8727480.0": 0.7734534635013424, "8477126.0--8727480.0": 0.8103208941576102, "8727480.0--8807224.0": 0.8026636725458692, "8727480.0--8807355.0": 0.7696531191518846, "8727480.0--8807320.0": 0.8145579908282609, "8665933.0--8727480.0": 0.782377699354365, "8727480.0--8845772.0": 0.8017628768724729, "8727480.0--8812989.0": 0.8229077573328138, "8636969.0--8727480.0": 0.8145854145534814, "8727480.0--8805450.0": 0.8153044510491737, "8727480.0--8807243.0": 0.8173742763795125, "8727480.0--8805443.0": 0.7912555362155856, "8673661.0--8727480.0": 0.8243914080456384, "8727480.0--8805419.0": 0.7986162066215134, "8451903.0--8727480.0": 0.7777057946188458, "8727480.0--8805429.0": 0.8085837604823156, "8727480.0--8809846.0": 0.7823494080551283, "8727480.0--8809832.0": 0.7985614923598358, "8413174.0--8727480.0": 0.7848997030417266, "8494817.0--8727480.0": 0.7890522695253469, "8637778.0--8727480.0": 0.8020078655256437, "8727480.0--8809742.0": 0.8137963096729364, "8727480.0--8807280.0": 0.8227321241404284, "8727480.0--8807274.0": 0.8585583076090708, "8727480.0--9216586.0": 0.8142085357532951, "8727480.0--9237132.0": 0.8247345650686355, "8727480.0--9216572.0": 0.7949791857124836, "8727480.0--9217952.0": 0.8018665593958787, "8727480.0--9217931.0": 0.851522042823851, "8727480.0--9216507.0": 0.8275279405230676, "8727480.0--9222368.0": 0.8331751389227859, "8727480.0--9220137.0": 0.7742666588135781, "8727480.0--9233460.0": 0.7955062713164809, "8727480.0--9222263.0": 0.7867552106254565, "8727480.0--9293003.0": 0.807873711885201, "8727480.0--9222102.0": 0.8000009064288944, "8727480.0--9222323.0": 0.8008627248857298, "8727480.0--9222287.0": 0.8041618776853047, "8727480.0--9223736.0": 0.7853689791472948, "8727480.0--9224191.0": 0.8379469671587066, "8727480.0--9222251.0": 0.7791210199738823, "8727480.0--9229242.0": 0.8414653561237214, "8727480.0--9282195.0": 0.8013969033310142, "8727480.0--9222098.0": 0.8493923972114644, "8727480.0--9234027.0": 0.7861126427301863, "8727480.0--9246308.0": 0.8281089578597169, "8727480.0--9240072.0": 0.8050918981708535, "8727480.0--9222353.0": 0.8206405480652609, "8727480.0--9222293.0": 0.8115959095379126, "8727480.0--9222089.0": 0.789805539350451, "8727480.0--9228893.0": 0.8195007839758437, "8727480.0--9224192.0": 0.7946216749319484, "8727480.0--9222289.0": 0.81078317601488, "8727480.0--9222038.0": 0.8296620664194694, "8727480.0--9229072.0": 0.799667285031384, "8727480.0--9222295.0": 0.8235949743267856, "8727480.0--9222342.0": 0.7909199247577834, "8727480.0--9241407.0": 0.7929073323961574, "8727480.0--9288884.0": 0.8226277530940762, "8727480.0--9222351.0": 0.792497792027677, "8727480.0--9223669.0": 0.8255600969317622, "8727480.0--9222315.0": 0.7817910850799348, "8727480.0--9222335.0": 0.8172349512229793, "8727480.0--9222327.0": 0.8020873336742774, "8727480.0--9233469.0": 0.8109026427846604, "8727480.0--9226461.0": 0.7974140218846776, "8727480.0--9238508.0": 0.8504438612503282, "8727480.0--9222266.0": 0.7811991512957576, "8727480.0--9225008.0": 0.8308516295670297, "8727480.0--9290431.0": 0.8121692357126308, "8727480.0--9239918.0": 0.8006455069039919, "8727480.0--9231271.0": 0.8196080216243028, "8727480.0--9222313.0": 0.8438491975070057, "8727480.0--9231268.0": 0.823399223670207, "8727480.0--9222035.0": 0.7895104681773351, "8727480.0--9222091.0": 0.8233741526118729, "8727480.0--9229515.0": 0.7821882712936591, "8727480.0--9222301.0": 0.857291285708268, "8727480.0--9222358.0": 0.818572685031021, "8727480.0--9229135.0": 0.8279646595032802, "8727480.0--9222047.0": 0.8039986170517073, "8727480.0--9222272.0": 0.8002962067768776, "8727480.0--9222110.0": 0.8217585077068442, "8727480.0--9222364.0": 0.8057022739055291, "8727480.0--9222088.0": 0.8121119852034664, "8727480.0--9216518.0": 0.8615262208987793, "8727480.0--9222309.0": 0.8002462110078833, "8727480.0--9216595.0": 0.792206120802855, "8727480.0--9216538.0": 0.8175810454520247, "8727480.0--9216549.0": 0.836440722442135, "8727480.0--9216559.0": 0.8210371053712776, "8727480.0--9222376.0": 0.8201981470017896, "8727480.0--9222374.0": 0.8569309245832134, "8727480.0--9224194.0": 0.8328623064742146, "8727480.0--9222254.0": 0.8108903881326827, "8727480.0--9222049.0": 0.8344383050006393, "8727480.0--9222562.0": 0.8475114314022495, "8727480.0--9226126.0": 0.8411935195755273, "8727480.0--9240062.0": 0.8370813337881179, "8727480.0--9226101.0": 0.8129892694004051, "8727480.0--9222377.0": 0.7946828477339072, "8727480.0--9233392.0": 0.8295051913379293, "8727480.0--9222093.0": 0.8112971584489344, "8727480.0--9224154.0": 0.7825676587843081, "8727480.0--9240061.0": 0.8054329932738123, "8727480.0--9222512.0": 0.8140436966158942, "8727480.0--9241413.0": 0.809792084706549, "8727480.0--9224646.0": 0.847488399860734, "8727480.0--9222372.0": 0.8475335394000991, "8727480.0--9222253.0": 0.8253992526025322, "8727480.0--9222092.0": 0.8627805995844077, "8727480.0--9222271.0": 0.8324308243054235, "8727480.0--9230431.0": 0.8254415034942065, "8727480.0--9222076.0": 0.8899288709689561, "8727480.0--9222053.0": 0.8331383123174712, "8727480.0--9216532.0": 0.8298875745416067, "8727480.0--9222085.0": 0.839730047774492, "8727480.0--9216629.0": 0.8119287965128454, "8727480.0--9308630.0": 0.7958805999220391, "8727480.0--9308624.0": 0.7762087050275922, "8727480.0--9219240.0": 0.8211329208631253, "8727480.0--9216630.0": 0.8264130778016636, "8727480.0--9217981.0": 0.81738115176365, "8727480.0--9224153.0": 0.7747798227969631, "8727480.0--9286505.0": 0.7877616749387562, "8727480.0--9216512.0": 0.7924117043776827, "8727480.0--9216579.0": 0.8131064921763257, "8727480.0--9222249.0": 0.8143212472751092, "8727480.0--9222367.0": 0.7804520000994468, "8727480.0--9222325.0": 0.7867462215363425, "8727480.0--9222510.0": 0.7973256662481685, "8727480.0--9246250.0": 0.8052102161242736, "8727480.0--9308627.0": 0.8290476093206458, "8727480.0--9224186.0": 0.8441894740895216, "8727480.0--9229232.0": 0.7798168812839308, "8727480.0--9226404.0": 0.8181520767155015, "8727480.0--9308631.0": 0.8127950938308447, "8727480.0--9222255.0": 0.8096837926905309, "8727480.0--9222261.0": 0.7994449993601342, "8727480.0--9222338.0": 0.8079385345471476, "8727480.0--9222284.0": 0.8124437273534101, "8727480.0--9230430.0": 0.827647924034451, "8727480.0--9308622.0": 0.7746828514552191, "8727480.0--9286903.0": 0.7733621779684501, "8727480.0--9234473.0": 0.8122704150291745, "8727480.0--9241426.0": 0.8319599254433026, "8727480.0--9222269.0": 0.8320721151165775, "8727480.0--9237999.0": 0.8071149223776073, "8727480.0--9222072.0": 0.86556993261432, "8727480.0--9224197.0": 0.8246474004204082, "8727480.0--9246282.0": 0.8131529016146203,