{"9222261.0--9222338.0": 0.791302695065474, "9222261.0--9222284.0": 0.809256686711942, "9222261.0--9230430.0": 0.7979917196054322, "9222261.0--9308622.0": 0.75161408266397, "9222261.0--9286903.0": 0.7337364535354498, "9222261.0--9234473.0": 0.7977904782977067, "9222261.0--9241426.0": 0.7975670757153095, "9222261.0--9222269.0": 0.7832096708242755, "9222261.0--9237999.0": 0.8122925035089582, "9222072.0--9222261.0": 0.823737647570619, "9222261.0--9224197.0": 0.7810332923079724, "9222261.0--9246282.0": 0.7944519590119029, "9222261.0--9222314.0": 0.7749499959097482, "9222261.0--9222357.0": 0.8092550211867964, "9222086.0--9222261.0": 0.7928155368531811, "9222261.0--9222360.0": 0.7958688932144248, "9222065.0--9222261.0": 0.7792108726108494, "9222261.0--9228894.0": 0.7971193738938098, "9222261.0--9233264.0": 0.787135752893463, "9222261.0--9222343.0": 0.7559773372369143, "9222261.0--9308621.0": 0.8241191828740448, "9222261.0--9308625.0": 0.8021990315121592, "9222261.0--9241744.0": 0.7742172394090437, "9222261.0--9308629.0": 0.7664894060602302, "9222068.0--9222261.0": 0.7754749564595174, "9222248.0--9222261.0": 0.7899298248785617, "9222261.0--9222274.0": 0.7568371804854728, "9222261.0--9229116.0": 0.8127058894936232, "9222261.0--9233993.0": 0.7553021055299735, "9222261.0--9308623.0": 0.7866370841581811, "9222261.0--9222553.0": 0.8081754923436127, "9222261.0--9222341.0": 0.8310543881674536, "9222261.0--9222346.0": 0.802610023060627, "9222261.0--9308628.0": 0.7829673725863324, "9222261.0--9222294.0": 0.7719084944344573, "9222261.0--9241732.0": 0.794607406045908, "9222060.0--9222261.0": 0.7932601023984225, "9222261.0--9222280.0": 0.8075262313314002}