{"8585505.0--8585594.0": 0.772412205755999, "8585498.0--8585505.0": 0.7810572793528255, "8585505.0--8585613.0": 0.7600481958556886, "8585505.0--8585638.0": 0.7668771088379858, "8585505.0--8585647.0": 0.7837277449186648, "8585505.0--8585646.0": 0.7629090598876294, "8585505.0--8585658.0": 0.7914001143930899, "8585505.0--8585669.0": 0.7917906098225076, "8585505.0--8585665.0": 0.7592120324302902, "8585505.0--8585720.0": 0.7780202640928349, "8585505.0--8585733.0": 0.7874181905089163, "8585505.0--8585721.0": 0.772890897845596, "8454906.0--8585505.0": 0.7549873913447376, "8457259.0--8585505.0": 0.7673155241990806, "8440091.0--8585505.0": 0.7750417316874723, "8440097.0--8585505.0": 0.7499773357578133, "8440049.0--8585505.0": 0.7217495210980377, "8440034.0--8585505.0": 0.749830858502128, "8454905.0--8585505.0": 0.7136710557310145, "8440039.0--8585505.0": 0.74026092580875, "8440086.0--8585505.0": 0.7359983756363199, "8445644.0--8585505.0": 0.7689611497243652, "8494830.0--8585505.0": 0.7585154643883723, "8440038.0--8585505.0": 0.7810656634487856, "8440110.0--8585505.0": 0.7665946948152527, "8440109.0--8585505.0": 0.7473890187333606, "8453873.0--8585505.0": 0.7415905825158108, "8440115.0--8585505.0": 0.7983271560267362, "8467383.0--8585505.0": 0.7624643199909751, "8440120.0--8585505.0": 0.7684615696382944, "8440076.0--8585505.0": 0.7415567357874999, "8440043.0--8585505.0": 0.7588439953264623, "8467535.0--8585505.0": 0.7880405850733929, "8440121.0--8585505.0": 0.798091623064524, "8440044.0--8585505.0": 0.7620030626022932, "8440089.0--8585505.0": 0.752731075239606, "8440052.0--8585505.0": 0.7467541867927654, "8440085.0--8585505.0": 0.7676881088653543, "8440070.0--8585505.0": 0.7856673814874751, "8440048.0--8585505.0": 0.7768975544132627, "8440118.0--8585505.0": 0.7630725492096045, "8440081.0--8585505.0": 0.7485292577059645, "8440102.0--8585505.0": 0.7857821956126227, "8440080.0--8585505.0": 0.8071033015901926, "8440096.0--8585505.0": 0.742092229243014, "8440124.0--8585505.0": 0.7680216290718822, "8440063.0--8585505.0": 0.7711855241734166, "8440037.0--8585505.0": 0.7477279496520086, "8440040.0--8585505.0": 0.7520330053252663, "8440056.0--8585505.0": 0.7430712683146532, "8440116.0--8585505.0": 0.7593117988487984, "8444102.0--8585505.0": 0.7611860739404454, "8440824.0--8585505.0": 0.758449026690253, "8493612.0--8585505.0": 0.7309146412662914, "8440850.0--8585505.0": 0.7850413035071963, "8456856.0--8585505.0": 0.7643226619099216, "8447439.0--8585505.0": 0.7566644562313198, "8440805.0--8585505.0": 0.7610505713101852, "8440811.0--8585505.0": 0.7673506356502179, "8440856.0--8585505.0": 0.7895475173590348, "8440822.0--8585505.0": 0.7704862932176911, "8440828.0--8585505.0": 0.7814258793204655, "8440851.0--8585505.0": 0.777113747279862, "8457476.0--8585505.0": 0.7710165579172426, "8440848.0--8585505.0": 0.7665856220907152, "8440839.0--8585505.0": 0.7649983254876552, "8443395.0--8585505.0": 0.7514991292045164, "8440832.0--8585505.0": 0.834813338363337, "8440816.0--8585505.0": 0.7423283948097524, "8440835.0--8585505.0": 0.7429254359291287, "8440818.0--8585505.0": 0.8010276427382262, "8440853.0--8585505.0": 0.7495320534213046, "8440840.0--8585505.0": 0.7627372606896228, "8440857.0--8585505.0": 0.7779382624457828, "8449328.0--8585505.0": 0.7834655658217198, "8440829.0--8585505.0": 0.7689231415749949, "8440807.0--8585505.0": 0.7358527516088693, "8440831.0--8585505.0": 0.7718488343647734, "8440852.0--8585505.0": 0.8086534901819854, "8440841.0--8585505.0": 0.7982892839678879, "8440859.0--8585505.0": 0.7575360115662362, "8440821.0--8585505.0": 0.766365088372069, "8440842.0--8585505.0": 0.7557797094385486, "8443131.0--8585505.0": 0.7719738393808979, "8440815.0--8585505.0": 0.7841109445761134, "8500765.0--8585505.0": 0.7834678169437037, "8440804.0--8585505.0": 0.7705356648778084, "8454276.0--8585505.0": 0.7900539195082514, "8464305.0--8585505.0": 0.7641478908005314, "8494828.0--8585505.0": 0.795406463177073, "8440825.0--8585505.0": 0.769868158975159, "8440814.0--8585505.0": 0.7578782006806949, "8440838.0--8585505.0": 0.7698347549051004, "8440855.0--8585505.0": 0.7750938483869765, "8454489.0--8585505.0": 0.7725212337453342, "8440834.0--8585505.0": 0.772500614643225, "8440826.0--8585505.0": 0.7776474134797199, "8440823.0--8585505.0": 0.7606312400976298, "8440845.0--8585505.0": 0.7582728482784141, "8440810.0--8585505.0": 0.8281366248964852, "8440806.0--8585505.0": 0.7333100486359904, "8440817.0--8585505.0": 0.7413034548528182, "8440813.0--8585505.0": 0.7560792099993999, "8443125.0--8585505.0": 0.7380269068556651, "8456575.0--8585505.0": 0.7757420350816785, "8440860.0--8585505.0": 0.7726309239548703, "8454343.0--8585505.0": 0.7670212381915815, "8440803.0--8585505.0": 0.782070562439042, "8454344.0--8585505.0": 0.7823889617570939, "8440854.0--8585505.0": 0.7872848422132102, "8454346.0--8585505.0": 0.7565204518920889, "8440827.0--8585505.0": 0.7594835817539443, "8440836.0--8585505.0": 0.7532902295530955, "8440844.0--8585505.0": 0.745059282554663, "8440808.0--8585505.0": 0.7609595325210694, "8440837.0--8585505.0": 0.7583205163867746, "8440858.0--8585505.0": 0.7413961322050439, "8440820.0--8585505.0": 0.7693806534528993, "8440833.0--8585505.0": 0.7493091709735833, "8444072.0--8585505.0": 0.7618238973567263, "8440812.0--8585505.0": 0.7954505986234897, "8440809.0--8585505.0": 0.7731094098666141, "8454904.0--8585505.0": 0.7800479945239824, "8440846.0--8585505.0": 0.7833988764424431, "8440830.0--8585505.0": 0.7727021255145772, "8444077.0--8585505.0": 0.7681893350053169, "8440847.0--8585505.0": 0.7611541710869208, "8440849.0--8585505.0": 0.7619390683905897, "8443124.0--8585505.0": 0.761680484809758, "8440843.0--8585505.0": 0.7444829197987295, "8585505.0--8807265.0": 0.7552472588250938, "8585505.0--8816695.0": 0.7734205754069633, "8585505.0--8805426.0": 0.7443895145043007, "8585505.0--8805421.0": 0.7760439784622265, "8585505.0--8812684.0": 0.7519467479769049, "8585505.0--8805461.0": 0.7629244277053712, "8585505.0--8807255.0": 0.7644821085608386, "8585505.0--8805460.0": 0.7733738053589088, "8585505.0--8807292.0": 0.7822822523848021, "8585505.0--8807354.0": 0.7680139427987365, "8585505.0--8809711.0": 0.7887502507900211, "8585505.0--8805422.0": 0.750938367093744, "8585505.0--8805424.0": 0.7635434050215482, "8585505.0--8794517.0": 0.7323596216564623, "8585505.0--8805451.0": 0.7520152198264315, "8585505.0--8807223.0": 0.7510183525699371, "8585505.0--8794560.0": 0.7634611342574839, "8481543.0--8585505.0": 0.7691470256099693, "8585505.0--8802285.0": 0.726834404243534, "8585505.0--8807245.0": 0.743276035991562, "8585505.0--8805456.0": 0.7383480483239517, "8585505.0--8827944.0": 0.7467165518737486, "8585505.0--8807296.0": 0.7403565338303777, "8585505.0--8827951.0": 0.7601142360664961, "8585505.0--8854335.0": 0.7634561179529862, "8585505.0--8805446.0": 0.7666849093601329, "8585505.0--8805436.0": 0.7702431689381887, "8585505.0--8805433.0": 0.7553518834889517, "8546802.0--8585505.0": 0.7704465146326582, "8585505.0--8805427.0": 0.7641502928374827, "8585505.0--8836120.0": 0.7654350338657349, "8585505.0--8794768.0": 0.7549183993028248, "8585505.0--8809750.0": 0.7649324721608861, "8585505.0--8820172.0": 0.7624577899224336, "8476234.0--8585505.0": 0.7878686593721234, "8585505.0--8807314.0": 0.7472013887520219, "8585505.0--8794520.0": 0.7738475570207782, "8585505.0--8805452.0": 0.75328125982318, "8585505.0--8805462.0": 0.7480412562666267, "8585505.0--8807275.0": 0.7410780762230595, "8419285.0--8585505.0": 0.7340334992958054, "8585505.0--8807379.0": 0.7435235208245126, "8585505.0--8807234.0": 0.7691139502372085, "8423100.0--8585505.0": 0.7597874559425047, "8585505.0--8805455.0": 0.7499125743433629, "8585505.0--8727493.0": 0.7251731395973713, "8585505.0--8807369.0": 0.7301790543661797, "8532319.0--8585505.0": 0.7284712095088834, "8419325.0--8585505.0": 0.7337264396704184, "8585505.0--8805430.0": 0.7689200340421773, "8585505.0--8807301.0": 0.7958502120889788, "8585505.0--8713940.0": 0.782547564673413,