{"8440081.0--8440102.0": 0.7653910121306051, "8440080.0--8440081.0": 0.756468647653795, "8440081.0--8440096.0": 0.7586611899635306, "8440081.0--8440124.0": 0.7526925647163313, "8440063.0--8440081.0": 0.7704960721861657, "8440037.0--8440081.0": 0.7510030078363187, "8440040.0--8440081.0": 0.7714817752275994, "8440056.0--8440081.0": 0.7650910879198022, "8440081.0--8440116.0": 0.7379341086651126, "8440081.0--8444102.0": 0.7749499988805134, "8440081.0--8440824.0": 0.8316087187521328, "8440081.0--8493612.0": 0.7940433128473486, "8440081.0--8440850.0": 0.7785774738110278, "8440081.0--8456856.0": 0.7839596953671191, "8440081.0--8447439.0": 0.7950318753830136, "8440081.0--8440805.0": 0.7801356161129729, "8440081.0--8440811.0": 0.739972593098331, "8440081.0--8440856.0": 0.7814121615149142, "8440081.0--8440822.0": 0.7754233401873478, "8440081.0--8440828.0": 0.7404608137669887, "8440081.0--8440851.0": 0.7537499599877087, "8440081.0--8457476.0": 0.7730203359764476, "8440081.0--8440848.0": 0.7261760235031155, "8440081.0--8440839.0": 0.7451932255533098, "8440081.0--8443395.0": 0.7372910478752774, "8440081.0--8440832.0": 0.7443633969603864, "8440081.0--8440816.0": 0.7718962628103863, "8440081.0--8440835.0": 0.8040163359718429, "8440081.0--8440818.0": 0.7866525097466863, "8440081.0--8440853.0": 0.7721487267518578, "8440081.0--8440840.0": 0.795783648291904, "8440081.0--8440857.0": 0.7579525199716908, "8440081.0--8449328.0": 0.7577300693914665, "8440081.0--8440829.0": 0.7798549001396199, "8440081.0--8440807.0": 0.7482308966049733, "8440081.0--8440831.0": 0.762651399573943, "8440081.0--8440852.0": 0.7671395302808153, "8440081.0--8440841.0": 0.75552362849797, "8440081.0--8440859.0": 0.7657388521487409, "8440081.0--8440821.0": 0.7603982680822812, "8440081.0--8440842.0": 0.7369660579461423, "8440081.0--8443131.0": 0.7575609535391788, "8440081.0--8440815.0": 0.749735717426091, "8440081.0--8500765.0": 0.7619897587504463, "8440081.0--8440804.0": 0.7730834019886328, "8440081.0--8454276.0": 0.7441263056789595, "8440081.0--8464305.0": 0.7383413925803755, "8440081.0--8494828.0": 0.7463612774822665, "8440081.0--8440825.0": 0.7439169827630245, "8440081.0--8440814.0": 0.7661902585918811, "8440081.0--8440838.0": 0.7837110141647763, "8440081.0--8440855.0": 0.7563216838327393, "8440081.0--8454489.0": 0.7727992307261542, "8440081.0--8440834.0": 0.7103604764376897, "8440081.0--8440826.0": 0.7726276145663724, "8440081.0--8440823.0": 0.756715209190999, "8440081.0--8440845.0": 0.796605213057503, "8440081.0--8440810.0": 0.7584827940142657, "8440081.0--8440806.0": 0.7434511523531835, "8440081.0--8440817.0": 0.7681545626619418, "8440081.0--8440813.0": 0.8111898530200246, "8440081.0--8443125.0": 0.7313800519463104, "8440081.0--8456575.0": 0.7654730914177077, "8440081.0--8440860.0": 0.7306068669682487, "8440081.0--8454343.0": 0.7706555482290911, "8440081.0--8440803.0": 0.7725310054800996, "8440081.0--8454344.0": 0.7849547722351666, "8440081.0--8440854.0": 0.7994508289792398, "8440081.0--8454346.0": 0.7522435611311601, "8440081.0--8440827.0": 0.7474391055933127, "8440081.0--8440836.0": 0.7730624404974592, "8440081.0--8440844.0": 0.7779315205103521, "8440081.0--8440808.0": 0.7741337747100312, "8440081.0--8440837.0": 0.7670504707392156, "8440081.0--8440858.0": 0.7478786519428547, "8440081.0--8440820.0": 0.7420938939894164, "8440081.0--8440833.0": 0.7250992947368187, "8440081.0--8444072.0": 0.731906891699652, "8440081.0--8440812.0": 0.7558565334489645, "8440081.0--8440809.0": 0.7572223876530342, "8440081.0--8454904.0": 0.7581092278547572, "8440081.0--8440846.0": 0.7456556785747351, "8440081.0--8440830.0": 0.7482465666709444, "8440081.0--8444077.0": 0.7409862430303176, "8440081.0--8440847.0": 0.7681201192401335, "8440081.0--8440849.0": 0.7730792044872706, "8440081.0--8443124.0": 0.7716346031236472, "8440081.0--8440843.0": 0.7553951729955604, "8440081.0--8807265.0": 0.7275984978345291, "8440081.0--8816695.0": 0.7529304435706158, "8440081.0--8805426.0": 0.7420686140968209, "8440081.0--8805421.0": 0.7906494318108832, "8440081.0--8812684.0": 0.7468338018140093, "8440081.0--8805461.0": 0.7661161534794887, "8440081.0--8807255.0": 0.730392411559138, "8440081.0--8805460.0": 0.7380025170760818, "8440081.0--8807292.0": 0.7423598405719259, "8440081.0--8807354.0": 0.7514393446447764, "8440081.0--8809711.0": 0.7573872965004604, "8440081.0--8805422.0": 0.7454073704712681, "8440081.0--8805424.0": 0.7456344066229516, "8440081.0--8794517.0": 0.7500138689819552, "8440081.0--8805451.0": 0.8056177832291354, "8440081.0--8807223.0": 0.8007641172382176, "8440081.0--8794560.0": 0.7971893834321143, "8440081.0--8481543.0": 0.7852372153863789, "8440081.0--8802285.0": 0.711559003245852, "8440081.0--8807245.0": 0.7795980832314482, "8440081.0--8805456.0": 0.7672821302308148, "8440081.0--8827944.0": 0.7374314155639663, "8440081.0--8807296.0": 0.7553940353050588, "8440081.0--8827951.0": 0.7612916651164714, "8440081.0--8854335.0": 0.773699744750797, "8440081.0--8805446.0": 0.7865022736990004, "8440081.0--8805436.0": 0.8001920654531058, "8440081.0--8805433.0": 0.7628668899655906, "8440081.0--8546802.0": 0.7673995224871049, "8440081.0--8805427.0": 0.7459478786179714, "8440081.0--8836120.0": 0.7598575979900941, "8440081.0--8794768.0": 0.7555260295440318, "8440081.0--8809750.0": 0.752617680910673, "8440081.0--8820172.0": 0.8077681776530117, "8440081.0--8476234.0": 0.7610784665351331, "8440081.0--8807314.0": 0.7824321608250697, "8440081.0--8794520.0": 0.8177746661028545, "8440081.0--8805452.0": 0.7894098410178083, "8440081.0--8805462.0": 0.7622897361440457, "8440081.0--8807275.0": 0.7673116768515693, "8419285.0--8440081.0": 0.7591949503970309, "8440081.0--8807379.0": 0.7968914530631361, "8440081.0--8807234.0": 0.7901868005103576, "8423100.0--8440081.0": 0.7750323295902972, "8440081.0--8805455.0": 0.7589249070301252, "8440081.0--8727493.0": 0.7350203053103935, "8440081.0--8807369.0": 0.7413765199627493, "8440081.0--8532319.0": 0.7527574354480973, "8419325.0--8440081.0": 0.7660452799018176, "8440081.0--8805430.0": 0.7520642449481406, "8440081.0--8807301.0": 0.7313370267618312, "8440081.0--8713940.0": 0.76844052144227, "8440081.0--8637795.0": 0.77731276793387, "7999244.0--8440081.0": 0.7584802465621356, "8440081.0--8805439.0": 0.7617396666346175, "8440081.0--8805428.0": 0.7596555253622375, "8440081.0--8809223.0": 0.7532555332827104, "8440081.0--8795584.0": 0.7531757129293748, "8440081.0--8807264.0": 0.761347849046834, "8440081.0--8805431.0": 0.7289205803157609, "8440081.0--8453863.0": 0.7651814979268375, "8400404.0--8440081.0": 0.7252510888389532, "8440081.0--8809834.0": 0.7450875460807093, "8440081.0--8663447.0": 0.788520547120168, "8440081.0--8807213.0": 0.7832171896105646, "8440081.0--8640251.0": 0.7610481436624663, "8440081.0--8807220.0": 0.7872026456230143, "8440081.0--8617736.0": 0.7481546829675247, "8440081.0--8617746.0": 0.6993063379902056, "8440081.0--8640072.0": 0.762275382178435, "8440081.0--8636208.0": 0.8039807670044814, "8440081.0--8805458.0": 0.7657914698143563, "8440081.0--8807271.0": 0.7716540329900422, "8440081.0--8809678.0": 0.7498259813480617, "8440081.0--8807226.0": 0.7695160522616912, "8440081.0--8805467.0": 0.7589820482205095, "8440081.0--8611113.0": 0.7486984420072739, "8440081.0--8854316.0": 0.7901535998546733, "8440081.0--8794607.0": 0.7602377103107272, "8440081.0--8805418.0": 0.7397195167360973, "8440081.0--8836087.0": 0.7823920534340172, "8440081.0--8807283.0": 0.7333209947866269, "8440081.0--8820171.0": 0.7611435867534924, "8440081.0--8807288.0": 0.7270055637726445, "8440081.0--8807302.0": 0.7475578934116747, "8440081.0--8805466.0": 0.7457642057977052, "8440081.0--8807351.0": 0.7491260527896715, "8440081.0--8805420.0": 0.735815001272502, "8440081.0--8807299.0": 0.7396752584373604, "8440081.0--8812988.0": 0.7532971137150596, "8440081.0--8807294.0": 0.7615990424580483, "8440081.0--8805434.0": 0.7736632940512217, "8440081.0--8732351.0": 0.7607765995956253, "8440081.0--8807232.0": 0.7485589684588851,