{"8807283.0--8820171.0": 0.7978499849888026, "8807283.0--8807288.0": 0.7578464087552164, "8807283.0--8807302.0": 0.7700378455747116, "8805466.0--8807283.0": 0.7779866714367296, "8807283.0--8807351.0": 0.8451906890014722, "8805420.0--8807283.0": 0.8224411341880139, "8807283.0--8807299.0": 0.8286153278239298, "8807283.0--8812988.0": 0.831564774982751, "8807283.0--8807294.0": 0.8162589669912163, "8805434.0--8807283.0": 0.7915076917831877, "8732351.0--8807283.0": 0.7759237410066302, "8807232.0--8807283.0": 0.8085084816830304, "8419271.0--8807283.0": 0.7399098364049307, "8625484.0--8807283.0": 0.7782564327177148, "8807283.0--8807349.0": 0.8158401163828808, "8807283.0--8809730.0": 0.7807917841056836, "8730513.0--8807283.0": 0.7845441987700766, "8807283.0--8809833.0": 0.7822032374423681, "8523628.0--8807283.0": 0.7733062003610358, "8434356.0--8807283.0": 0.8000438332989871, "8807283.0--8807303.0": 0.8012247410282891, "8807283.0--8811606.0": 0.7817374907574176, "8807244.0--8807283.0": 0.7637768914334956, "8490694.0--8807283.0": 0.8102491126778142, "8807283.0--8809844.0": 0.7941205864868226, "8807283.0--8809850.0": 0.8100120795030458, "8805445.0--8807283.0": 0.781047794398593, "8412138.0--8807283.0": 0.7969423660658013, "8807247.0--8807283.0": 0.7791583638862107, "8807283.0--8848845.0": 0.7816952555550091, "8695851.0--8807283.0": 0.7903367588550118, "8713907.0--8807283.0": 0.7883011481977387, "8807283.0--8809847.0": 0.8211618053532121, "8727480.0--8807283.0": 0.8059747591835058, "8706590.0--8807283.0": 0.776204581588911, "8735916.0--8807283.0": 0.8391204110047161, "8474512.0--8807283.0": 0.7836030590118731, "8807283.0--8809845.0": 0.7635848174750678, "8540796.0--8807283.0": 0.8357805115484542, "8807233.0--8807283.0": 0.8133888234470552, "8617747.0--8807283.0": 0.7687613027166512, "8474486.0--8807283.0": 0.7956970970689885, "8474516.0--8807283.0": 0.8233322874518139, "8663650.0--8807283.0": 0.7333014675657821, "8663646.0--8807283.0": 0.7612279810914933, "8794553.0--8807283.0": 0.7846696819551068, "8807283.0--8863966.0": 0.7792508763604805, "8525340.0--8807283.0": 0.7583752179725101, "8805448.0--8807283.0": 0.7711079258168285, "8405549.0--8807283.0": 0.7871077023639198, "8611178.0--8807283.0": 0.7794055535873989, "8807283.0--8827593.0": 0.7859847507594393, "8805463.0--8807283.0": 0.8269075509732543, "8805457.0--8807283.0": 0.8490041916193122, "8805442.0--8807283.0": 0.7894068801859844, "8807266.0--8807283.0": 0.8230325521830938, "8807283.0--8813126.0": 0.8095932904454141, "8585103.0--8807283.0": 0.8060969774276945, "8807235.0--8807283.0": 0.8198045998368416, "8585048.0--8807283.0": 0.8144142132077904, "8807283.0--8809843.0": 0.777061172144653, "8807283.0--8809842.0": 0.7929074636228366, "8807283.0--8842614.0": 0.7543088594278801, "8805441.0--8807283.0": 0.7394572618248798, "8807283.0--8809920.0": 0.7500008286717886, "8663312.0--8807283.0": 0.8156550224539182, "8477126.0--8807283.0": 0.829609604078979, "8807224.0--8807283.0": 0.8709363801427732, "8807283.0--8807355.0": 0.781302267585378, "8807283.0--8807320.0": 0.7569673013877996, "8665933.0--8807283.0": 0.8126118858003349, "8807283.0--8845772.0": 0.7586674813178323, "8807283.0--8812989.0": 0.8217225295300473, "8636969.0--8807283.0": 0.775888997193961, "8805450.0--8807283.0": 0.7768305739681856, "8807243.0--8807283.0": 0.8032249746496395, "8805443.0--8807283.0": 0.7813152006873778, "8673661.0--8807283.0": 0.8081516183240164, "8805419.0--8807283.0": 0.820111691311641, "8451903.0--8807283.0": 0.8585633433858448, "8805429.0--8807283.0": 0.7644967498676185, "8807283.0--8809846.0": 0.7896946336632847, "8807283.0--8809832.0": 0.7760126252222687, "8413174.0--8807283.0": 0.7649813862628001, "8494817.0--8807283.0": 0.7642312585408415, "8637778.0--8807283.0": 0.7533998069433742, "8807283.0--8809742.0": 0.8086536106246356, "8807280.0--8807283.0": 0.8121432714002819, "8807274.0--8807283.0": 0.8416925773399918, "8807283.0--9216586.0": 0.7678290837356276, "8807283.0--9237132.0": 0.7880285540576781, "8807283.0--9216572.0": 0.759175683044949, "8807283.0--9217952.0": 0.8005917068111412, "8807283.0--9217931.0": 0.8286094797255581, "8807283.0--9216507.0": 0.8112224314625428, "8807283.0--9222368.0": 0.8009554820251924, "8807283.0--9220137.0": 0.7987179694922082, "8807283.0--9233460.0": 0.7834301778935796, "8807283.0--9222263.0": 0.7548673160583873, "8807283.0--9293003.0": 0.7985785860763059, "8807283.0--9222102.0": 0.8140373627395828, "8807283.0--9222323.0": 0.7589335181684991, "8807283.0--9222287.0": 0.7767161821303749, "8807283.0--9223736.0": 0.7754326090726548, "8807283.0--9224191.0": 0.7997770404520317, "8807283.0--9222251.0": 0.7811058567983749, "8807283.0--9229242.0": 0.7832513570508014, "8807283.0--9282195.0": 0.7594134146567928, "8807283.0--9222098.0": 0.7934648522522767, "8807283.0--9234027.0": 0.7700788531092395, "8807283.0--9246308.0": 0.796140601893809, "8807283.0--9240072.0": 0.8038713494567153, "8807283.0--9222353.0": 0.7708143395243259, "8807283.0--9222293.0": 0.8072243316864545, "8807283.0--9222089.0": 0.7640435130141805, "8807283.0--9228893.0": 0.7762648919899546, "8807283.0--9224192.0": 0.7646860936667517, "8807283.0--9222289.0": 0.8126644694548099, "8807283.0--9222038.0": 0.7816318886591569, "8807283.0--9229072.0": 0.7907699213645291, "8807283.0--9222295.0": 0.7798585773477447, "8807283.0--9222342.0": 0.7968198743787385, "8807283.0--9241407.0": 0.7582221060181127, "8807283.0--9288884.0": 0.7827302507233467, "8807283.0--9222351.0": 0.7880657176313184, "8807283.0--9223669.0": 0.8056295392203796, "8807283.0--9222315.0": 0.7863813991103321, "8807283.0--9222335.0": 0.8135515276083735, "8807283.0--9222327.0": 0.7747458656633736, "8807283.0--9233469.0": 0.8141804479253307, "8807283.0--9226461.0": 0.7997483856761418, "8807283.0--9238508.0": 0.7909114671317693, "8807283.0--9222266.0": 0.7783293592143169, "8807283.0--9225008.0": 0.8142599357168282, "8807283.0--9290431.0": 0.777450863668782, "8807283.0--9239918.0": 0.7946960372735048, "8807283.0--9231271.0": 0.7895845083398586, "8807283.0--9222313.0": 0.8085299155296717, "8807283.0--9231268.0": 0.8136567948578749, "8807283.0--9222035.0": 0.7595679777463896, "8807283.0--9222091.0": 0.7835632330289335, "8807283.0--9229515.0": 0.7868945134272349, "8807283.0--9222301.0": 0.8057725494182588, "8807283.0--9222358.0": 0.793927773515043, "8807283.0--9229135.0": 0.8103520055628501, "8807283.0--9222047.0": 0.751786474229532, "8807283.0--9222272.0": 0.8194850064222725, "8807283.0--9222110.0": 0.7882158378185709, "8807283.0--9222364.0": 0.7829883991983816, "8807283.0--9222088.0": 0.8110916086065887, "8807283.0--9216518.0": 0.8037802699039341, "8807283.0--9222309.0": 0.7905925407582723, "8807283.0--9216595.0": 0.7753086305056759, "8807283.0--9216538.0": 0.7583193938583289, "8807283.0--9216549.0": 0.7489377626766013, "8807283.0--9216559.0": 0.7891230784458794, "8807283.0--9222376.0": 0.769298039399166, "8807283.0--9222374.0": 0.789586583229722, "8807283.0--9224194.0": 0.7824605710506094, "8807283.0--9222254.0": 0.771599738995492, "8807283.0--9222049.0": 0.7653700336972609, "8807283.0--9222562.0": 0.7595716615195902, "8807283.0--9226126.0": 0.7674607694285573, "8807283.0--9240062.0": 0.8284826675846891, "8807283.0--9226101.0": 0.7866836305933149, "8807283.0--9222377.0": 0.7670743827150341, "8807283.0--9233392.0": 0.797249872453599, "8807283.0--9222093.0": 0.7675417804558823, "8807283.0--9224154.0": 0.7318085005795745, "8807283.0--9240061.0": 0.7790051197856049, "8807283.0--9222512.0": 0.7765043970571921, "8807283.0--9241413.0": 0.8036810725053035, "8807283.0--9224646.0": 0.7526509057394348, "8807283.0--9222372.0": 0.7633339733487237, "8807283.0--9222253.0": 0.7789684807426155, "8807283.0--9222092.0": 0.8043012763998706, "8807283.0--9222271.0": 0.7629019824805731, "8807283.0--9230431.0": 0.7980510418702822, "8807283.0--9222076.0": 0.8007167681351804, "8807283.0--9222053.0": 0.7846620736070504, "8807283.0--9216532.0": 0.8063123312914572, "8807283.0--9222085.0": 0.7772878336491547,