{"8805436.0--8805446.0": 0.8701071945502041, "8805433.0--8805446.0": 0.8395250146752528, "8546802.0--8805446.0": 0.8451016925220179, "8805427.0--8805446.0": 0.7520398970247013, "8805446.0--8836120.0": 0.7752470585829769, "8794768.0--8805446.0": 0.783112834008502, "8805446.0--8809750.0": 0.7842892376467897, "8805446.0--8820172.0": 0.8406867728655694, "8476234.0--8805446.0": 0.7696202402588224, "8805446.0--8807314.0": 0.7906545461389556, "8794520.0--8805446.0": 0.8325366676412917, "8805446.0--8805452.0": 0.7862555833887205, "8805446.0--8805462.0": 0.7721349863162019, "8805446.0--8807275.0": 0.8065053398376176, "8419285.0--8805446.0": 0.8056071277918522, "8805446.0--8807379.0": 0.8177079833546784, "8805446.0--8807234.0": 0.829251764379829, "8423100.0--8805446.0": 0.7969430402419766, "8805446.0--8805455.0": 0.8505309747311472, "8727493.0--8805446.0": 0.8391172657645166, "8805446.0--8807369.0": 0.8204742086165873, "8532319.0--8805446.0": 0.8534861503488098, "8419325.0--8805446.0": 0.8504387553663928, "8805430.0--8805446.0": 0.7599667550318635, "8805446.0--8807301.0": 0.7733567838302683, "8713940.0--8805446.0": 0.7974659838102136, "8637795.0--8805446.0": 0.8103922845821516, "7999244.0--8805446.0": 0.7630722673623684, "8805439.0--8805446.0": 0.7777224569616917, "8805428.0--8805446.0": 0.7954751070268778, "8805446.0--8809223.0": 0.8132398739147506, "8795584.0--8805446.0": 0.803891915296631, "8805446.0--8807264.0": 0.7714155208011373, "8805431.0--8805446.0": 0.7732907670978318, "8453863.0--8805446.0": 0.8019978188618734, "8400404.0--8805446.0": 0.800454145726511, "8805446.0--8809834.0": 0.7873700697163317, "8663447.0--8805446.0": 0.8004852396473205, "8805446.0--8807213.0": 0.790974886162208, "8640251.0--8805446.0": 0.7693004055852293, "8805446.0--8807220.0": 0.8040180070483468, "8617736.0--8805446.0": 0.7854017969132443, "8617746.0--8805446.0": 0.7515907598928343, "8640072.0--8805446.0": 0.7940035902785141, "8636208.0--8805446.0": 0.8195374021458213, "8805446.0--8805458.0": 0.7584436584305135, "8805446.0--8807271.0": 0.7787774666153991, "8805446.0--8809678.0": 0.7490779425721925, "8805446.0--8807226.0": 0.7812469764851785, "8805446.0--8805467.0": 0.816848518342712, "8611113.0--8805446.0": 0.7587035804926744, "8805446.0--8854316.0": 0.7996816174353019, "8794607.0--8805446.0": 0.7853754933849829, "8805418.0--8805446.0": 0.7559758620424357, "8805446.0--8836087.0": 0.7937580747415249, "8805446.0--8807283.0": 0.7696872280882027, "8805446.0--8820171.0": 0.7719122718540542, "8805446.0--8807288.0": 0.7385339613696501, "8805446.0--8807302.0": 0.7728926800095328, "8805446.0--8805466.0": 0.7537412190082802, "8805446.0--8807351.0": 0.7743907331654506, "8805420.0--8805446.0": 0.7523714321035803, "8805446.0--8807299.0": 0.7742737493971155, "8805446.0--8812988.0": 0.7773663006473851, "8805446.0--8807294.0": 0.7671718603145223, "8805434.0--8805446.0": 0.790484452300172, "8732351.0--8805446.0": 0.7818541733129718, "8805446.0--8807232.0": 0.7895771031756937, "8419271.0--8805446.0": 0.76001328009968, "8625484.0--8805446.0": 0.777218348467078, "8805446.0--8807349.0": 0.7725213151448489, "8805446.0--8809730.0": 0.7697853725136976, "8730513.0--8805446.0": 0.8003155365839828, "8805446.0--8809833.0": 0.775527104883904, "8523628.0--8805446.0": 0.7811194991533165, "8434356.0--8805446.0": 0.782965786162565, "8805446.0--8807303.0": 0.7934522889349367, "8805446.0--8811606.0": 0.8056538657614374, "8805446.0--8807244.0": 0.7852404207198674, "8490694.0--8805446.0": 0.7878676844011788, "8805446.0--8809844.0": 0.7975541391812385, "8805446.0--8809850.0": 0.7710344437997594, "8805445.0--8805446.0": 0.8132631657505851, "8412138.0--8805446.0": 0.789726364163613, "8805446.0--8807247.0": 0.7947179103681756, "8805446.0--8848845.0": 0.7998923808799515, "8695851.0--8805446.0": 0.8044241520416983, "8713907.0--8805446.0": 0.8289011998371756, "8805446.0--8809847.0": 0.7941147225540154, "8727480.0--8805446.0": 0.8303723927243518, "8706590.0--8805446.0": 0.774211888077803, "8735916.0--8805446.0": 0.8258922137899314, "8474512.0--8805446.0": 0.7873806277252544, "8805446.0--8809845.0": 0.8033020011503981, "8540796.0--8805446.0": 0.806514662385907, "8805446.0--8807233.0": 0.8262948572141353, "8617747.0--8805446.0": 0.7804224003399798, "8474486.0--8805446.0": 0.7810293456254559, "8474516.0--8805446.0": 0.7899643182789092, "8663650.0--8805446.0": 0.7827455222060438, "8663646.0--8805446.0": 0.7974683072955225, "8794553.0--8805446.0": 0.863475569162803, "8805446.0--8863966.0": 0.7883115493539163, "8525340.0--8805446.0": 0.8302063346070407, "8805446.0--8805448.0": 0.7523502453169035, "8405549.0--8805446.0": 0.8085167340368894, "8611178.0--8805446.0": 0.7796203469726772, "8805446.0--8827593.0": 0.7540448440738537, "8805446.0--8805463.0": 0.7586993581929673, "8805446.0--8805457.0": 0.7650207084110451, "8805442.0--8805446.0": 0.7681130652373528, "8805446.0--8807266.0": 0.8067091809742514, "8805446.0--8813126.0": 0.7608179798773258, "8585103.0--8805446.0": 0.7795977670040681, "8805446.0--8807235.0": 0.7782033131999899, "8585048.0--8805446.0": 0.8020670017434852, "8805446.0--8809843.0": 0.785650965449902, "8805446.0--8809842.0": 0.7925916208366535, "8805446.0--8842614.0": 0.7868918947820577, "8805441.0--8805446.0": 0.787631322822935, "8805446.0--8809920.0": 0.7548540772732523, "8663312.0--8805446.0": 0.765946911171887, "8477126.0--8805446.0": 0.8280137526569238, "8805446.0--8807224.0": 0.7950476101737416, "8805446.0--8807355.0": 0.790735990592383, "8805446.0--8807320.0": 0.77406127693743, "8665933.0--8805446.0": 0.7835902161249152, "8805446.0--8845772.0": 0.7938899305103673, "8805446.0--8812989.0": 0.7967721798042138, "8636969.0--8805446.0": 0.8078080500680596, "8805446.0--8805450.0": 0.7864094060597719, "8805446.0--8807243.0": 0.8035300317853867, "8805443.0--8805446.0": 0.7772479969519238, "8673661.0--8805446.0": 0.8103258773440771, "8805419.0--8805446.0": 0.7764523937585608, "8451903.0--8805446.0": 0.7649831484059876, "8805429.0--8805446.0": 0.7771282188009898, "8805446.0--8809846.0": 0.7441062668799743, "8805446.0--8809832.0": 0.7783179645069799, "8413174.0--8805446.0": 0.7749458054242694, "8494817.0--8805446.0": 0.7665519854797539, "8637778.0--8805446.0": 0.7760075477248322, "8805446.0--8809742.0": 0.7725160564477181, "8805446.0--8807280.0": 0.80732905226231, "8805446.0--8807274.0": 0.8175542033872921, "8805446.0--9216586.0": 0.7900577076735111, "8805446.0--9237132.0": 0.7829153823160118, "8805446.0--9216572.0": 0.7529445244283312, "8805446.0--9217952.0": 0.7819039625391289, "8805446.0--9217931.0": 0.7943275613806793, "8805446.0--9216507.0": 0.7755233604513063, "8805446.0--9222368.0": 0.7830060151296703, "8805446.0--9220137.0": 0.7684055812006579, "8805446.0--9233460.0": 0.7828753544906257, "8805446.0--9222263.0": 0.7628387641547174, "8805446.0--9293003.0": 0.7685275506942545, "8805446.0--9222102.0": 0.7708641464620924, "8805446.0--9222323.0": 0.7812231752147688, "8805446.0--9222287.0": 0.7542815014315417, "8805446.0--9223736.0": 0.778019002255989, "8805446.0--9224191.0": 0.8060296400346358, "8805446.0--9222251.0": 0.7401454902512866, "8805446.0--9229242.0": 0.7848145425538862, "8805446.0--9282195.0": 0.7841774527852674, "8805446.0--9222098.0": 0.8022707276908557, "8805446.0--9234027.0": 0.7739724006554837, "8805446.0--9246308.0": 0.7848228144443183, "8805446.0--9240072.0": 0.8098470022571631, "8805446.0--9222353.0": 0.8237588926045359, "8805446.0--9222293.0": 0.7701210946863944, "8805446.0--9222089.0": 0.7813006452275801, "8805446.0--9228893.0": 0.7858685124194583, "8805446.0--9224192.0": 0.804113614496586, "8805446.0--9222289.0": 0.7714769448565194, "8805446.0--9222038.0": 0.7865423644901082, "8805446.0--9229072.0": 0.7924964363495262, "8805446.0--9222295.0": 0.802995992126035, "8805446.0--9222342.0": 0.7636563902965637, "8805446.0--9241407.0": 0.7722283712530289, "8805446.0--9288884.0": 0.775187861414033, "8805446.0--9222351.0": 0.7626067713360002, "8805446.0--9223669.0": 0.7678205551006331,