{"9219240.0--9308624.0": 0.8181622494777819, "9216630.0--9308624.0": 0.7793800951985549, "9217981.0--9308624.0": 0.7750737563660134, "9224153.0--9308624.0": 0.7821895568231054, "9286505.0--9308624.0": 0.7797212129705692, "9216512.0--9308624.0": 0.7905487436215685, "9216579.0--9308624.0": 0.7835195276931094, "9222249.0--9308624.0": 0.8120326725905997, "9222367.0--9308624.0": 0.7804663501210066, "9222325.0--9308624.0": 0.8115026529571905, "9222510.0--9308624.0": 0.7989769780597138, "9246250.0--9308624.0": 0.8257588543641357, "9308624.0--9308627.0": 0.791401904941641, "9224186.0--9308624.0": 0.8036060349607779, "9229232.0--9308624.0": 0.7902029451270178, "9226404.0--9308624.0": 0.7512551689192031, "9308624.0--9308631.0": 0.7695538765884105, "9222255.0--9308624.0": 0.782833481493061, "9222261.0--9308624.0": 0.7650911414820062, "9222338.0--9308624.0": 0.7832220333222283, "9222284.0--9308624.0": 0.8075260029138767, "9230430.0--9308624.0": 0.7988098766633839, "9308622.0--9308624.0": 0.7991283859689623, "9286903.0--9308624.0": 0.7500044314241071, "9234473.0--9308624.0": 0.7734913690581001, "9241426.0--9308624.0": 0.789453238198343, "9222269.0--9308624.0": 0.7880959140642885, "9237999.0--9308624.0": 0.8147630022662544, "9222072.0--9308624.0": 0.786149415471247, "9224197.0--9308624.0": 0.7672034773673106, "9246282.0--9308624.0": 0.7827906947965122, "9222314.0--9308624.0": 0.7620592744950881, "9222357.0--9308624.0": 0.7908587205271075, "9222086.0--9308624.0": 0.7595925127634245, "9222360.0--9308624.0": 0.7932946260139053, "9222065.0--9308624.0": 0.7683666690368458, "9228894.0--9308624.0": 0.8145807709574634, "9233264.0--9308624.0": 0.7922135003140871, "9222343.0--9308624.0": 0.7573707902955581, "9308621.0--9308624.0": 0.768455741250784, "9308624.0--9308625.0": 0.8053719888349256, "9241744.0--9308624.0": 0.7630288714388087, "9308624.0--9308629.0": 0.7568304812490575, "9222068.0--9308624.0": 0.7649278353368393, "9222248.0--9308624.0": 0.7833460977946921, "9222274.0--9308624.0": 0.7940595946164731, "9229116.0--9308624.0": 0.8027274472179878, "9233993.0--9308624.0": 0.8041953099405439, "9308623.0--9308624.0": 0.7800796058794265, "9222553.0--9308624.0": 0.7909177451043728, "9222341.0--9308624.0": 0.8145854256743776, "9222346.0--9308624.0": 0.7711150771410031, "9308624.0--9308628.0": 0.7944438291761847, "9222294.0--9308624.0": 0.7898665108290898, "9241732.0--9308624.0": 0.8077300258617544, "9222060.0--9308624.0": 0.8182083898193812, "9222280.0--9308624.0": 0.8158964486398809}