{"8585646.0--8585647.0": 0.813893143437254, "8585647.0--8585658.0": 0.8205008651535031, "8585647.0--8585669.0": 0.8579462500059111, "8585647.0--8585665.0": 0.8300577099044478, "8585647.0--8585720.0": 0.8578889723378061, "8585647.0--8585733.0": 0.8200654500672859, "8585647.0--8585721.0": 0.8016522210433517, "8454906.0--8585647.0": 0.8162868269698118, "8457259.0--8585647.0": 0.7943907415114447, "8440091.0--8585647.0": 0.8439783818660517, "8440097.0--8585647.0": 0.7933957520009205, "8440049.0--8585647.0": 0.8094666354820155, "8440034.0--8585647.0": 0.781552247501763, "8454905.0--8585647.0": 0.8070875110207893, "8440039.0--8585647.0": 0.8132814144665995, "8440086.0--8585647.0": 0.7716485372626569, "8445644.0--8585647.0": 0.7769074494935366, "8494830.0--8585647.0": 0.7862337070259546, "8440038.0--8585647.0": 0.7990211771975335, "8440110.0--8585647.0": 0.7973185968592509, "8440109.0--8585647.0": 0.7844563237588229, "8453873.0--8585647.0": 0.7734899725428017, "8440115.0--8585647.0": 0.829244045594178, "8467383.0--8585647.0": 0.7912023331603399, "8440120.0--8585647.0": 0.8082818916431368, "8440076.0--8585647.0": 0.7724721703880775, "8440043.0--8585647.0": 0.8380753050257969, "8467535.0--8585647.0": 0.8579471567170464, "8440121.0--8585647.0": 0.820958689334919, "8440044.0--8585647.0": 0.7749950344456936, "8440089.0--8585647.0": 0.7821741974047366, "8440052.0--8585647.0": 0.7992946412393089, "8440085.0--8585647.0": 0.8515766043377682, "8440070.0--8585647.0": 0.802145301008649, "8440048.0--8585647.0": 0.8401310106014066, "8440118.0--8585647.0": 0.8112585815434759, "8440081.0--8585647.0": 0.7746584839377049, "8440102.0--8585647.0": 0.8203995748338719, "8440080.0--8585647.0": 0.8203057724152366, "8440096.0--8585647.0": 0.7685470667854598, "8440124.0--8585647.0": 0.8015285325015531, "8440063.0--8585647.0": 0.8099372429516624, "8440037.0--8585647.0": 0.8034683010174813, "8440040.0--8585647.0": 0.8181358537759947, "8440056.0--8585647.0": 0.7889665003859176, "8440116.0--8585647.0": 0.8144194837360689, "8444102.0--8585647.0": 0.7802557432402981, "8440824.0--8585647.0": 0.7968731829748481, "8493612.0--8585647.0": 0.7583594455010656, "8440850.0--8585647.0": 0.845678130286652, "8456856.0--8585647.0": 0.8148536684265789, "8447439.0--8585647.0": 0.8086233550222067, "8440805.0--8585647.0": 0.7873946596152391, "8440811.0--8585647.0": 0.797915715396024, "8440856.0--8585647.0": 0.8382114988822307, "8440822.0--8585647.0": 0.803235822485367, "8440828.0--8585647.0": 0.8087329831749918, "8440851.0--8585647.0": 0.803497415597378, "8457476.0--8585647.0": 0.8319131757542624, "8440848.0--8585647.0": 0.7642733184741913, "8440839.0--8585647.0": 0.8024707325157656, "8443395.0--8585647.0": 0.8036623434587467, "8440832.0--8585647.0": 0.8075369584757517, "8440816.0--8585647.0": 0.82284952887521, "8440835.0--8585647.0": 0.7875289189441517, "8440818.0--8585647.0": 0.8604196499038457, "8440853.0--8585647.0": 0.8188142947256345, "8440840.0--8585647.0": 0.8369546625632277, "8440857.0--8585647.0": 0.8495021165244776, "8449328.0--8585647.0": 0.8360484928863969, "8440829.0--8585647.0": 0.8423473537237789, "8440807.0--8585647.0": 0.7863863850117061, "8440831.0--8585647.0": 0.8212653847975617, "8440852.0--8585647.0": 0.8202275732433038, "8440841.0--8585647.0": 0.7884575744803635, "8440859.0--8585647.0": 0.7906846864608703, "8440821.0--8585647.0": 0.8220265545227964, "8440842.0--8585647.0": 0.8214106331215103, "8443131.0--8585647.0": 0.7900422460229615, "8440815.0--8585647.0": 0.8134685232700131, "8500765.0--8585647.0": 0.8450157622019829, "8440804.0--8585647.0": 0.805823914330043, "8454276.0--8585647.0": 0.8005084524088267, "8464305.0--8585647.0": 0.8253999259113846, "8494828.0--8585647.0": 0.8125422353438274, "8440825.0--8585647.0": 0.8111143191147149, "8440814.0--8585647.0": 0.8329199464925163, "8440838.0--8585647.0": 0.848150799792683, "8440855.0--8585647.0": 0.8025365946811698, "8454489.0--8585647.0": 0.8240654073566467, "8440834.0--8585647.0": 0.7892746669185062, "8440826.0--8585647.0": 0.8347985753591403, "8440823.0--8585647.0": 0.7901772539872494, "8440845.0--8585647.0": 0.7909445052918761, "8440810.0--8585647.0": 0.8180336554771831, "8440806.0--8585647.0": 0.8214917526834772, "8440817.0--8585647.0": 0.7923583955626813, "8440813.0--8585647.0": 0.8249247918563385, "8443125.0--8585647.0": 0.7781561695501568, "8456575.0--8585647.0": 0.8224157091365876, "8440860.0--8585647.0": 0.8215676690301437, "8454343.0--8585647.0": 0.8234018076412374, "8440803.0--8585647.0": 0.8317141534015665, "8454344.0--8585647.0": 0.8391395453343973, "8440854.0--8585647.0": 0.8625568961092126, "8454346.0--8585647.0": 0.816105110119035, "8440827.0--8585647.0": 0.79107676931638, "8440836.0--8585647.0": 0.8138548686472269, "8440844.0--8585647.0": 0.7911940860557937, "8440808.0--8585647.0": 0.8055695183731606, "8440837.0--8585647.0": 0.8199809900607595, "8440858.0--8585647.0": 0.7916779956964111, "8440820.0--8585647.0": 0.7968266542856437, "8440833.0--8585647.0": 0.795573422816283, "8444072.0--8585647.0": 0.8172865621079617, "8440812.0--8585647.0": 0.8062564223850467, "8440809.0--8585647.0": 0.8375170631110489, "8454904.0--8585647.0": 0.8422321999642312, "8440846.0--8585647.0": 0.8131994225538036, "8440830.0--8585647.0": 0.8217583817363675, "8444077.0--8585647.0": 0.7869560871685943, "8440847.0--8585647.0": 0.8519710860478222, "8440849.0--8585647.0": 0.8175087985009148, "8443124.0--8585647.0": 0.8044332332741619, "8440843.0--8585647.0": 0.8075393842131549, "8585647.0--8807265.0": 0.8018705796435317, "8585647.0--8816695.0": 0.8281734220377474, "8585647.0--8805426.0": 0.825436859384096, "8585647.0--8805421.0": 0.8559480899703021, "8585647.0--8812684.0": 0.8042721902408496, "8585647.0--8805461.0": 0.8135586364666223, "8585647.0--8807255.0": 0.8134390120286447, "8585647.0--8805460.0": 0.8040300748249534, "8585647.0--8807292.0": 0.8456950763893666, "8585647.0--8807354.0": 0.8161357118314709, "8585647.0--8809711.0": 0.830365597945334, "8585647.0--8805422.0": 0.8123387561976745, "8585647.0--8805424.0": 0.8179849043950869, "8585647.0--8794517.0": 0.7816254823978819, "8585647.0--8805451.0": 0.7984052536183835, "8585647.0--8807223.0": 0.7524018405902, "8585647.0--8794560.0": 0.7998576407258559, "8481543.0--8585647.0": 0.7843220030718718, "8585647.0--8802285.0": 0.7605264472183246, "8585647.0--8807245.0": 0.8119133546030066, "8585647.0--8805456.0": 0.7893353020211981, "8585647.0--8827944.0": 0.800252532783593, "8585647.0--8807296.0": 0.7996513308207914, "8585647.0--8827951.0": 0.7895319615335887, "8585647.0--8854335.0": 0.8026748828103731, "8585647.0--8805446.0": 0.8011803889562573, "8585647.0--8805436.0": 0.8055797182560914, "8585647.0--8805433.0": 0.7835792133146192, "8546802.0--8585647.0": 0.8267956518985824, "8585647.0--8805427.0": 0.7914433085261074, "8585647.0--8836120.0": 0.8205440428039936, "8585647.0--8794768.0": 0.8163288139792291, "8585647.0--8809750.0": 0.781414712905108, "8585647.0--8820172.0": 0.8467001297723646, "8476234.0--8585647.0": 0.8458778596277665, "8585647.0--8807314.0": 0.7876003909983956, "8585647.0--8794520.0": 0.8321606224340918, "8585647.0--8805452.0": 0.8297971284908734, "8585647.0--8805462.0": 0.7950642255649756, "8585647.0--8807275.0": 0.8159669276448575, "8419285.0--8585647.0": 0.8033296817598465, "8585647.0--8807379.0": 0.8134991422188527, "8585647.0--8807234.0": 0.8291460263596924, "8423100.0--8585647.0": 0.8128727656324072, "8585647.0--8805455.0": 0.7690044988690898, "8585647.0--8727493.0": 0.7637649835046838, "8585647.0--8807369.0": 0.7681662258549709, "8532319.0--8585647.0": 0.7814007224454859, "8419325.0--8585647.0": 0.7893894887069928, "8585647.0--8805430.0": 0.8107739840574476, "8585647.0--8807301.0": 0.8087682265974535, "8585647.0--8713940.0": 0.8087384121525291, "8585647.0--8637795.0": 0.8215561164844192, "7999244.0--8585647.0": 0.8159956637255454, "8585647.0--8805439.0": 0.8242016850002784, "8585647.0--8805428.0": 0.821094801454763, "8585647.0--8809223.0": 0.8319954875585545,