{"8794768.0--8809750.0": 0.8396891191901821, "8794768.0--8820172.0": 0.8288124864733153, "8476234.0--8794768.0": 0.817321457290519, "8794768.0--8807314.0": 0.768948727668351, "8794520.0--8794768.0": 0.8315560336092506, "8794768.0--8805452.0": 0.7940904819224217, "8794768.0--8805462.0": 0.7744452652331717, "8794768.0--8807275.0": 0.7785058569046288, "8419285.0--8794768.0": 0.8157295716845501, "8794768.0--8807379.0": 0.811383963186064, "8794768.0--8807234.0": 0.8039696462919721, "8423100.0--8794768.0": 0.7946759116470863, "8794768.0--8805455.0": 0.7609055477421582, "8727493.0--8794768.0": 0.7708459851814045, "8794768.0--8807369.0": 0.7543329657329572, "8532319.0--8794768.0": 0.7550144530878073, "8419325.0--8794768.0": 0.7739935322248208, "8794768.0--8805430.0": 0.7895225359381179, "8794768.0--8807301.0": 0.7535684187719298, "8713940.0--8794768.0": 0.7975045869655244, "8637795.0--8794768.0": 0.8229058171502057, "7999244.0--8794768.0": 0.7780831759934443, "8794768.0--8805439.0": 0.7877805978700049, "8794768.0--8805428.0": 0.8527184431756281, "8794768.0--8809223.0": 0.8337850315042103, "8794768.0--8795584.0": 0.7862042315174194, "8794768.0--8807264.0": 0.750139500191867, "8794768.0--8805431.0": 0.825869699799574, "8453863.0--8794768.0": 0.8093177161357415, "8400404.0--8794768.0": 0.7833002985677975, "8794768.0--8809834.0": 0.8079054231801406, "8663447.0--8794768.0": 0.7890279473294833, "8794768.0--8807213.0": 0.854164581461066, "8640251.0--8794768.0": 0.7849795626337552, "8794768.0--8807220.0": 0.813419191078304, "8617736.0--8794768.0": 0.7764863686894732, "8617746.0--8794768.0": 0.7846143465868125, "8640072.0--8794768.0": 0.7829185679241428, "8636208.0--8794768.0": 0.7880743479602139, "8794768.0--8805458.0": 0.7838557830320935, "8794768.0--8807271.0": 0.7904666935724656, "8794768.0--8809678.0": 0.7886650672521526, "8794768.0--8807226.0": 0.8006567954162088, "8794768.0--8805467.0": 0.7997573589668339, "8611113.0--8794768.0": 0.7740014660537542, "8794768.0--8854316.0": 0.7886830077329614, "8794607.0--8794768.0": 0.7950809864923535, "8794768.0--8805418.0": 0.7777535818058524, "8794768.0--8836087.0": 0.8216562734552135, "8794768.0--8807283.0": 0.7535845312354432, "8794768.0--8820171.0": 0.7811949474657325, "8794768.0--8807288.0": 0.7353782656481311, "8794768.0--8807302.0": 0.7619037422474146, "8794768.0--8805466.0": 0.7664307936887691, "8794768.0--8807351.0": 0.7714006338832249, "8794768.0--8805420.0": 0.7866668696068102, "8794768.0--8807299.0": 0.748879615030836, "8794768.0--8812988.0": 0.7650106293461538, "8794768.0--8807294.0": 0.7853751221929127, "8794768.0--8805434.0": 0.8012042251180292, "8732351.0--8794768.0": 0.762349875673992, "8794768.0--8807232.0": 0.7761349076424644, "8419271.0--8794768.0": 0.7523372085170625, "8625484.0--8794768.0": 0.7793772767199613, "8794768.0--8807349.0": 0.785430087582965, "8794768.0--8809730.0": 0.7808287349272429, "8730513.0--8794768.0": 0.774446247865776, "8794768.0--8809833.0": 0.7969034532011788, "8523628.0--8794768.0": 0.7557758111727307, "8434356.0--8794768.0": 0.8052725720308831, "8794768.0--8807303.0": 0.8186645974676527, "8794768.0--8811606.0": 0.8237093884554929, "8794768.0--8807244.0": 0.8380884162940632, "8490694.0--8794768.0": 0.8606219155568221, "8794768.0--8809844.0": 0.8265512575088713, "8794768.0--8809850.0": 0.8500931873787768, "8794768.0--8805445.0": 0.8059839208982673, "8412138.0--8794768.0": 0.783903629775231, "8794768.0--8807247.0": 0.8477892820738073, "8794768.0--8848845.0": 0.8426128579645873, "8695851.0--8794768.0": 0.7950751636280479, "8713907.0--8794768.0": 0.8226940078180383, "8794768.0--8809847.0": 0.7754148733179349, "8727480.0--8794768.0": 0.811531885812089, "8706590.0--8794768.0": 0.7939456027562087, "8735916.0--8794768.0": 0.7775638449059533, "8474512.0--8794768.0": 0.7701939604867103, "8794768.0--8809845.0": 0.7519802736824897, "8540796.0--8794768.0": 0.8265345496583023, "8794768.0--8807233.0": 0.7930432244598761, "8617747.0--8794768.0": 0.7454029810238434, "8474486.0--8794768.0": 0.7690500156632865, "8474516.0--8794768.0": 0.809025622925129, "8663650.0--8794768.0": 0.7755920695348064, "8663646.0--8794768.0": 0.7867465933297517, "8794553.0--8794768.0": 0.8286092787973123, "8794768.0--8863966.0": 0.8077843849214035, "8525340.0--8794768.0": 0.7867068160818687, "8794768.0--8805448.0": 0.8448219809602573, "8405549.0--8794768.0": 0.8230731058342351, "8611178.0--8794768.0": 0.83065371702821, "8794768.0--8827593.0": 0.7547969981917622, "8794768.0--8805463.0": 0.7402068919223077, "8794768.0--8805457.0": 0.7735660451872738, "8794768.0--8805442.0": 0.7843236650853282, "8794768.0--8807266.0": 0.7818142596372235, "8794768.0--8813126.0": 0.7851058944849709, "8585103.0--8794768.0": 0.7737095912110061, "8794768.0--8807235.0": 0.7697160072957294, "8585048.0--8794768.0": 0.8077281521341266, "8794768.0--8809843.0": 0.7446773733509732, "8794768.0--8809842.0": 0.7976807809901598, "8794768.0--8842614.0": 0.7577180423495746, "8794768.0--8805441.0": 0.719765539540944, "8794768.0--8809920.0": 0.7357066712894031, "8663312.0--8794768.0": 0.7648394864141917, "8477126.0--8794768.0": 0.780976909699034, "8794768.0--8807224.0": 0.7836522526580829, "8794768.0--8807355.0": 0.7854818579783938, "8794768.0--8807320.0": 0.8569128493855693, "8665933.0--8794768.0": 0.8065002999809187, "8794768.0--8845772.0": 0.7924527213732648, "8794768.0--8812989.0": 0.8123345146677154, "8636969.0--8794768.0": 0.7946454530240893, "8794768.0--8805450.0": 0.778505994957261, "8794768.0--8807243.0": 0.7878128228231059, "8794768.0--8805443.0": 0.8012844279267513, "8673661.0--8794768.0": 0.8080404870986109, "8794768.0--8805419.0": 0.7745784435019535, "8451903.0--8794768.0": 0.7585822224695913, "8794768.0--8805429.0": 0.8167854216487321, "8794768.0--8809846.0": 0.8043802059414338, "8794768.0--8809832.0": 0.7981704758140973, "8413174.0--8794768.0": 0.821912425601218, "8494817.0--8794768.0": 0.8516290408062344, "8637778.0--8794768.0": 0.8110694098665808, "8794768.0--8809742.0": 0.79333595267764, "8794768.0--8807280.0": 0.8125673721478666, "8794768.0--8807274.0": 0.8180679976882272, "8794768.0--9216586.0": 0.8076340704275778, "8794768.0--9237132.0": 0.826942818703574, "8794768.0--9216572.0": 0.800037430146523, "8794768.0--9217952.0": 0.8437779035902748, "8794768.0--9217931.0": 0.8002821198242764, "8794768.0--9216507.0": 0.8088011878950176, "8794768.0--9222368.0": 0.8109716740446548, "8794768.0--9220137.0": 0.7746154778060292, "8794768.0--9233460.0": 0.7703298837273868, "8794768.0--9222263.0": 0.7612307272443972, "8794768.0--9293003.0": 0.7895900672597804, "8794768.0--9222102.0": 0.7979752975937966, "8794768.0--9222323.0": 0.8046418823853918, "8794768.0--9222287.0": 0.7802204428759472, "8794768.0--9223736.0": 0.8183935724461404, "8794768.0--9224191.0": 0.8074902197108984, "8794768.0--9222251.0": 0.7689129357951927, "8794768.0--9229242.0": 0.815518224921236, "8794768.0--9282195.0": 0.7972142736480993, "8794768.0--9222098.0": 0.8527210405891772, "8794768.0--9234027.0": 0.7771233973620935, "8794768.0--9246308.0": 0.7947816133602625, "8794768.0--9240072.0": 0.787622843014804, "8794768.0--9222353.0": 0.8227526537907048, "8794768.0--9222293.0": 0.794034890431217, "8794768.0--9222089.0": 0.795955659794968, "8794768.0--9228893.0": 0.8251866490340942, "8794768.0--9224192.0": 0.7746473963102853, "8794768.0--9222289.0": 0.7873191598366377, "8794768.0--9222038.0": 0.8557540457906463, "8794768.0--9229072.0": 0.8098600418147953, "8794768.0--9222295.0": 0.8906217099996095, "8794768.0--9222342.0": 0.7441934899420619, "8794768.0--9241407.0": 0.7994377305353606, "8794768.0--9288884.0": 0.8576250155882241, "8794768.0--9222351.0": 0.8209543048646649, "8794768.0--9223669.0": 0.8001830770265408, "8794768.0--9222315.0": 0.7794211836560105, "8794768.0--9222335.0": 0.7938098109681457, "8794768.0--9222327.0": 0.8357742141016047, "8794768.0--9233469.0": 0.7866549611340504, "8794768.0--9226461.0": 0.8009526982493975, "8794768.0--9238508.0": 0.864393512958314,