{"8807349.0--8809730.0": 0.8170457924350325, "8730513.0--8807349.0": 0.8139459607003378, "8807349.0--8809833.0": 0.8102511084598051, "8523628.0--8807349.0": 0.7953320230654441, "8434356.0--8807349.0": 0.7874731577860354, "8807303.0--8807349.0": 0.8013908811492358, "8807349.0--8811606.0": 0.7988783469297966, "8807244.0--8807349.0": 0.786842725431927, "8490694.0--8807349.0": 0.8059313681102392, "8807349.0--8809844.0": 0.8013957765545263, "8807349.0--8809850.0": 0.8009898845626919, "8805445.0--8807349.0": 0.7872870912268282, "8412138.0--8807349.0": 0.8036605681278354, "8807247.0--8807349.0": 0.7752916275802512, "8807349.0--8848845.0": 0.7914652311266515, "8695851.0--8807349.0": 0.7909986598552415, "8713907.0--8807349.0": 0.8133621046371753, "8807349.0--8809847.0": 0.8136628267946842, "8727480.0--8807349.0": 0.7928188868008567, "8706590.0--8807349.0": 0.8063658237299703, "8735916.0--8807349.0": 0.7924979194524637, "8474512.0--8807349.0": 0.8064523926947365, "8807349.0--8809845.0": 0.7647411879679431, "8540796.0--8807349.0": 0.826493225594378, "8807233.0--8807349.0": 0.810898602355383, "8617747.0--8807349.0": 0.7656707537973948, "8474486.0--8807349.0": 0.8137035601049967, "8474516.0--8807349.0": 0.8274471621016877, "8663650.0--8807349.0": 0.7737825074743533, "8663646.0--8807349.0": 0.8246979773462638, "8794553.0--8807349.0": 0.7905874123312407, "8807349.0--8863966.0": 0.7855459480279983, "8525340.0--8807349.0": 0.7601122210577446, "8805448.0--8807349.0": 0.789632931420223, "8405549.0--8807349.0": 0.7916425611779129, "8611178.0--8807349.0": 0.7927235614156847, "8807349.0--8827593.0": 0.7872681181481493, "8805463.0--8807349.0": 0.7876602453463108, "8805457.0--8807349.0": 0.8341203676302504, "8805442.0--8807349.0": 0.8186649277469348, "8807266.0--8807349.0": 0.810264911670918, "8807349.0--8813126.0": 0.839710133547401, "8585103.0--8807349.0": 0.8091880907230584, "8807235.0--8807349.0": 0.8234667060354687, "8585048.0--8807349.0": 0.8257797808137348, "8807349.0--8809843.0": 0.7680609750398201, "8807349.0--8809842.0": 0.7776484284055192, "8807349.0--8842614.0": 0.7555023426155731, "8805441.0--8807349.0": 0.7297605446438559, "8807349.0--8809920.0": 0.7517768528861889, "8663312.0--8807349.0": 0.8098348584185968, "8477126.0--8807349.0": 0.832739834111614, "8807224.0--8807349.0": 0.8393808099175143, "8807349.0--8807355.0": 0.7785981967990846, "8807320.0--8807349.0": 0.7684814236837629, "8665933.0--8807349.0": 0.820279910944905, "8807349.0--8845772.0": 0.7806643316363732, "8807349.0--8812989.0": 0.8257417139895055, "8636969.0--8807349.0": 0.7959170053737246, "8805450.0--8807349.0": 0.7578540384319095, "8807243.0--8807349.0": 0.8212048881212006, "8805443.0--8807349.0": 0.8084162329296735, "8673661.0--8807349.0": 0.817065930507891, "8805419.0--8807349.0": 0.7795638581451093, "8451903.0--8807349.0": 0.7977121630335549, "8805429.0--8807349.0": 0.8163501922523997, "8807349.0--8809846.0": 0.7862271093062894, "8807349.0--8809832.0": 0.8261689228576845, "8413174.0--8807349.0": 0.7642345499943839, "8494817.0--8807349.0": 0.7606987000041243, "8637778.0--8807349.0": 0.7675409040304879, "8807349.0--8809742.0": 0.7879480801925086, "8807280.0--8807349.0": 0.8417830406140709, "8807274.0--8807349.0": 0.8461639320490859, "8807349.0--9216586.0": 0.7853721016704536, "8807349.0--9237132.0": 0.8094887235693221, "8807349.0--9216572.0": 0.7896122500477502, "8807349.0--9217952.0": 0.788606416943317, "8807349.0--9217931.0": 0.8390029461422264, "8807349.0--9216507.0": 0.7906628650010397, "8807349.0--9222368.0": 0.8424736772007626, "8807349.0--9220137.0": 0.8112769211410151, "8807349.0--9233460.0": 0.7942898990994306, "8807349.0--9222263.0": 0.7546593786400047, "8807349.0--9293003.0": 0.8010307300008453, "8807349.0--9222102.0": 0.8271532331410808, "8807349.0--9222323.0": 0.7899055238396226, "8807349.0--9222287.0": 0.8235275982638108, "8807349.0--9223736.0": 0.794386987272001, "8807349.0--9224191.0": 0.7955862031517651, "8807349.0--9222251.0": 0.8140608120027206, "8807349.0--9229242.0": 0.7961735966063386, "8807349.0--9282195.0": 0.7851914910352518, "8807349.0--9222098.0": 0.8305348145087634, "8807349.0--9234027.0": 0.799136340087614, "8807349.0--9246308.0": 0.8191753869057581, "8807349.0--9240072.0": 0.8148241376946508, "8807349.0--9222353.0": 0.8018386859411984, "8807349.0--9222293.0": 0.8213726996768904, "8807349.0--9222089.0": 0.8126155633405416, "8807349.0--9228893.0": 0.8011736375552421, "8807349.0--9224192.0": 0.7594480928298409, "8807349.0--9222289.0": 0.8333748496060372, "8807349.0--9222038.0": 0.8093559830900553, "8807349.0--9229072.0": 0.8204759132229851, "8807349.0--9222295.0": 0.8030309069592957, "8807349.0--9222342.0": 0.841567894829732, "8807349.0--9241407.0": 0.7677699456265501, "8807349.0--9288884.0": 0.790218548412842, "8807349.0--9222351.0": 0.8037090413845577, "8807349.0--9223669.0": 0.7954214764780053, "8807349.0--9222315.0": 0.8267158955924596, "8807349.0--9222335.0": 0.8324892964346426, "8807349.0--9222327.0": 0.7887007651642716, "8807349.0--9233469.0": 0.8184904054497109, "8807349.0--9226461.0": 0.8085182375759964, "8807349.0--9238508.0": 0.8049404768248708, "8807349.0--9222266.0": 0.7787825100951005, "8807349.0--9225008.0": 0.8041635681075869, "8807349.0--9290431.0": 0.7797940629713415, "8807349.0--9239918.0": 0.7878894536561001, "8807349.0--9231271.0": 0.7801261737313674, "8807349.0--9222313.0": 0.7848036242530941, "8807349.0--9231268.0": 0.7740022476458569, "8807349.0--9222035.0": 0.755636129907945, "8807349.0--9222091.0": 0.8225967466248699, "8807349.0--9229515.0": 0.8077253629888372, "8807349.0--9222301.0": 0.7925890845066165, "8807349.0--9222358.0": 0.8302973007582681, "8807349.0--9229135.0": 0.8264851433626312, "8807349.0--9222047.0": 0.7683486927505916, "8807349.0--9222272.0": 0.807414978350713, "8807349.0--9222110.0": 0.8009879106496818, "8807349.0--9222364.0": 0.7882967044133533, "8807349.0--9222088.0": 0.8130579299678601, "8807349.0--9216518.0": 0.802071036118164, "8807349.0--9222309.0": 0.7921437307338732, "8807349.0--9216595.0": 0.7877465927398146, "8807349.0--9216538.0": 0.7644823475594533, "8807349.0--9216549.0": 0.7745533173976588, "8807349.0--9216559.0": 0.8221797026857759, "8807349.0--9222376.0": 0.7491305224674073, "8807349.0--9222374.0": 0.8248400591130649, "8807349.0--9224194.0": 0.776742573713063, "8807349.0--9222254.0": 0.7938612565282016, "8807349.0--9222049.0": 0.7854971785328138, "8807349.0--9222562.0": 0.755902101432479, "8807349.0--9226126.0": 0.7644970459761221, "8807349.0--9240062.0": 0.8187211061153883, "8807349.0--9226101.0": 0.7790744413758367, "8807349.0--9222377.0": 0.7719164262691105, "8807349.0--9233392.0": 0.8128533502552218, "8807349.0--9222093.0": 0.7801374441319593, "8807349.0--9224154.0": 0.7576610377141758, "8807349.0--9240061.0": 0.7760307260161398, "8807349.0--9222512.0": 0.7669772126999502, "8807349.0--9241413.0": 0.8301143382426417, "8807349.0--9224646.0": 0.7660642028956768, "8807349.0--9222372.0": 0.7508206365779857, "8807349.0--9222253.0": 0.798788362319751, "8807349.0--9222092.0": 0.8073791393870104, "8807349.0--9222271.0": 0.7907520780028229, "8807349.0--9230431.0": 0.7926419950528363, "8807349.0--9222076.0": 0.8053991099097731, "8807349.0--9222053.0": 0.7751856767471779, "8807349.0--9216532.0": 0.8098727583005184, "8807349.0--9222085.0": 0.782437876948831, "8807349.0--9216629.0": 0.8115033922717816, "8807349.0--9308630.0": 0.7672959302411091, "8807349.0--9308624.0": 0.7761825995290853, "8807349.0--9219240.0": 0.8101924632749032, "8807349.0--9216630.0": 0.796568549393543, "8807349.0--9217981.0": 0.7989569676932743, "8807349.0--9224153.0": 0.7998414217102383, "8807349.0--9286505.0": 0.7867131200854789, "8807349.0--9216512.0": 0.8058999470935759, "8807349.0--9216579.0": 0.7979673947605425, "8807349.0--9222249.0": 0.8167706819204594, "8807349.0--9222367.0": 0.8197143672928354, "8807349.0--9222325.0": 0.799965614262655, "8807349.0--9222510.0": 0.7638183302139968, "8807349.0--9246250.0": 0.7916306335843407,