{"8440056.0--8440116.0": 0.75444929602142, "8440056.0--8444102.0": 0.7748915370152902, "8440056.0--8440824.0": 0.811225651278682, "8440056.0--8493612.0": 0.7978271202131295, "8440056.0--8440850.0": 0.8066702813935404, "8440056.0--8456856.0": 0.789624861048606, "8440056.0--8447439.0": 0.8694249129375885, "8440056.0--8440805.0": 0.8222918547160355, "8440056.0--8440811.0": 0.7630884104550294, "8440056.0--8440856.0": 0.7917237539112084, "8440056.0--8440822.0": 0.7941025770402952, "8440056.0--8440828.0": 0.7682286803802734, "8440056.0--8440851.0": 0.7573197465052353, "8440056.0--8457476.0": 0.7483750114568429, "8440056.0--8440848.0": 0.7357220761974792, "8440056.0--8440839.0": 0.7806615177341614, "8440056.0--8443395.0": 0.7534089149005775, "8440056.0--8440832.0": 0.7718802267460292, "8440056.0--8440816.0": 0.7751059439265852, "8440056.0--8440835.0": 0.7998909089910413, "8440056.0--8440818.0": 0.7920267176049004, "8440056.0--8440853.0": 0.7641488264231979, "8440056.0--8440840.0": 0.8294533493917248, "8440056.0--8440857.0": 0.7768096335115552, "8440056.0--8449328.0": 0.7663254578516299, "8440056.0--8440829.0": 0.7857229127983972, "8440056.0--8440807.0": 0.7344521131737759, "8440056.0--8440831.0": 0.76844460523553, "8440056.0--8440852.0": 0.7856104230149209, "8440056.0--8440841.0": 0.7561597336841341, "8440056.0--8440859.0": 0.756325140444879, "8440056.0--8440821.0": 0.7867855608249975, "8440056.0--8440842.0": 0.783831917278378, "8440056.0--8443131.0": 0.7480679681987805, "8440056.0--8440815.0": 0.7627015547833181, "8440056.0--8500765.0": 0.7815681863388724, "8440056.0--8440804.0": 0.7750946334332278, "8440056.0--8454276.0": 0.7843193605198348, "8440056.0--8464305.0": 0.7730647906847007, "8440056.0--8494828.0": 0.7694791381857876, "8440056.0--8440825.0": 0.7697488197872595, "8440056.0--8440814.0": 0.7953097100421798, "8440056.0--8440838.0": 0.8028331086258367, "8440056.0--8440855.0": 0.7715823540426645, "8440056.0--8454489.0": 0.7800921672591025, "8440056.0--8440834.0": 0.7526450309227707, "8440056.0--8440826.0": 0.8155432186228451, "8440056.0--8440823.0": 0.7966974259156436, "8440056.0--8440845.0": 0.7650996855233106, "8440056.0--8440810.0": 0.7785759327476958, "8440056.0--8440806.0": 0.7796539449259428, "8440056.0--8440817.0": 0.7624410900367513, "8440056.0--8440813.0": 0.7789551607101883, "8440056.0--8443125.0": 0.7432469883730206, "8440056.0--8456575.0": 0.7876995377044588, "8440056.0--8440860.0": 0.7600792257333882, "8440056.0--8454343.0": 0.7704357224686111, "8440056.0--8440803.0": 0.767406334064467, "8440056.0--8454344.0": 0.7901800100369458, "8440056.0--8440854.0": 0.7895584988674882, "8440056.0--8454346.0": 0.7737901889941226, "8440056.0--8440827.0": 0.7326496276325196, "8440056.0--8440836.0": 0.7724363969354988, "8440056.0--8440844.0": 0.8081191204356015, "8440056.0--8440808.0": 0.8248867876798835, "8440056.0--8440837.0": 0.7810219947787528, "8440056.0--8440858.0": 0.7592903595851975, "8440056.0--8440820.0": 0.8044341442144219, "8440056.0--8440833.0": 0.7342262418963251, "8440056.0--8444072.0": 0.7418287601605361, "8440056.0--8440812.0": 0.7741792894429467, "8440056.0--8440809.0": 0.7792293024223985, "8440056.0--8454904.0": 0.7939348911236283, "8440056.0--8440846.0": 0.7851140666710831, "8440056.0--8440830.0": 0.7652114664913449, "8440056.0--8444077.0": 0.7631936732920483, "8440056.0--8440847.0": 0.7814133425091152, "8440056.0--8440849.0": 0.7678624242188994, "8440056.0--8443124.0": 0.7841837837226096, "8440056.0--8440843.0": 0.7843146460297926, "8440056.0--8807265.0": 0.7719631730716784, "8440056.0--8816695.0": 0.7738964807586816, "8440056.0--8805426.0": 0.7825496534731928, "8440056.0--8805421.0": 0.794296374294772, "8440056.0--8812684.0": 0.7906984779475699, "8440056.0--8805461.0": 0.7824668692179461, "8440056.0--8807255.0": 0.7563985744992663, "8440056.0--8805460.0": 0.7427066647227455, "8440056.0--8807292.0": 0.7760413341062876, "8440056.0--8807354.0": 0.7497210460066382, "8440056.0--8809711.0": 0.7775052290409181, "8440056.0--8805422.0": 0.7427389358588344, "8440056.0--8805424.0": 0.7497072825887686, "8440056.0--8794517.0": 0.7802027059200508, "8440056.0--8805451.0": 0.7878157491972416, "8440056.0--8807223.0": 0.7966644139287327, "8440056.0--8794560.0": 0.7919311889245308, "8440056.0--8481543.0": 0.8030529143594144, "8440056.0--8802285.0": 0.7738834131973049, "8440056.0--8807245.0": 0.7854403900054373, "8440056.0--8805456.0": 0.7663531389093012, "8440056.0--8827944.0": 0.7644296537609898, "8440056.0--8807296.0": 0.7883011509579115, "8440056.0--8827951.0": 0.7733748103768794, "8440056.0--8854335.0": 0.7879184480253925, "8440056.0--8805446.0": 0.839589467681922, "8440056.0--8805436.0": 0.8568492546643841, "8440056.0--8805433.0": 0.7880136876933477, "8440056.0--8546802.0": 0.8104579408624452, "8440056.0--8805427.0": 0.7484933297552245, "8440056.0--8836120.0": 0.7709704334704108, "8440056.0--8794768.0": 0.7674555082281557, "8440056.0--8809750.0": 0.7685679853058558, "8440056.0--8820172.0": 0.8243523291920463, "8440056.0--8476234.0": 0.7744700543127447, "8440056.0--8807314.0": 0.7738912473383552, "8440056.0--8794520.0": 0.8185877394690995, "8440056.0--8805452.0": 0.7722535130731951, "8440056.0--8805462.0": 0.7691260465394333, "8440056.0--8807275.0": 0.7790062027374485, "8419285.0--8440056.0": 0.785226904937416, "8440056.0--8807379.0": 0.7774520182461416, "8440056.0--8807234.0": 0.8144335686858375, "8423100.0--8440056.0": 0.7763179914732171, "8440056.0--8805455.0": 0.8117021550167233, "8440056.0--8727493.0": 0.8036529842692295, "8440056.0--8807369.0": 0.7808622668908061, "8440056.0--8532319.0": 0.836233440091257, "8419325.0--8440056.0": 0.812853849947913, "8440056.0--8805430.0": 0.7799419313912357, "8440056.0--8807301.0": 0.7713475247059882, "8440056.0--8713940.0": 0.796006570141449, "8440056.0--8637795.0": 0.794179408006971, "7999244.0--8440056.0": 0.7795194487903161, "8440056.0--8805439.0": 0.7738514386207435, "8440056.0--8805428.0": 0.7757251481420573, "8440056.0--8809223.0": 0.7796223082449876, "8440056.0--8795584.0": 0.7899167762250322, "8440056.0--8807264.0": 0.777411731566443, "8440056.0--8805431.0": 0.7522710922490896, "8440056.0--8453863.0": 0.8165247515757885, "8400404.0--8440056.0": 0.7719537627441864, "8440056.0--8809834.0": 0.8078971315921146, "8440056.0--8663447.0": 0.7851556827745705, "8440056.0--8807213.0": 0.781287145910307, "8440056.0--8640251.0": 0.7800672755179865, "8440056.0--8807220.0": 0.7881289819072714, "8440056.0--8617736.0": 0.7849500758586063, "8440056.0--8617746.0": 0.7360629152707588, "8440056.0--8640072.0": 0.7883305397140727, "8440056.0--8636208.0": 0.7866363090293843, "8440056.0--8805458.0": 0.7504965788348383, "8440056.0--8807271.0": 0.7762597028358496, "8440056.0--8809678.0": 0.7523062485121218, "8440056.0--8807226.0": 0.7701738843267337, "8440056.0--8805467.0": 0.7995400958965216, "8440056.0--8611113.0": 0.7580418325274243, "8440056.0--8854316.0": 0.791932932225795, "8440056.0--8794607.0": 0.7919516232506463, "8440056.0--8805418.0": 0.7540647537286894, "8440056.0--8836087.0": 0.8030536962917316, "8440056.0--8807283.0": 0.7779597844330142, "8440056.0--8820171.0": 0.7870615060911721, "8440056.0--8807288.0": 0.7226320053118259, "8440056.0--8807302.0": 0.7410860321215381, "8440056.0--8805466.0": 0.7604610695740084, "8440056.0--8807351.0": 0.7821086035932183, "8440056.0--8805420.0": 0.7662709402372893, "8440056.0--8807299.0": 0.7716626689168239, "8440056.0--8812988.0": 0.7673380657251914, "8440056.0--8807294.0": 0.7789639589723003, "8440056.0--8805434.0": 0.7875736581813075, "8440056.0--8732351.0": 0.7545787712239855, "8440056.0--8807232.0": 0.7623018681224372, "8419271.0--8440056.0": 0.7364787090901707, "8440056.0--8625484.0": 0.7757152999432584, "8440056.0--8807349.0": 0.7679632734695473, "8440056.0--8809730.0": 0.7611212306432855, "8440056.0--8730513.0": 0.7603833970038243, "8440056.0--8809833.0": 0.7727567593177933, "8440056.0--8523628.0": 0.7822871253484971, "8434356.0--8440056.0": 0.7895427281990094,