{"8637795.0--8713940.0": 0.8250591197251909, "7999244.0--8713940.0": 0.8014695002421967, "8713940.0--8805439.0": 0.813722520803283, "8713940.0--8805428.0": 0.8091077964491711, "8713940.0--8809223.0": 0.8242926197438913, "8713940.0--8795584.0": 0.8037629918940624, "8713940.0--8807264.0": 0.7625110054003711, "8713940.0--8805431.0": 0.7765232357925447, "8453863.0--8713940.0": 0.7722822644443154, "8400404.0--8713940.0": 0.780101246013506, "8713940.0--8809834.0": 0.8127039896763479, "8663447.0--8713940.0": 0.804719554190542, "8713940.0--8807213.0": 0.8304124317721644, "8640251.0--8713940.0": 0.8292019754010824, "8713940.0--8807220.0": 0.8184158685301475, "8617736.0--8713940.0": 0.8318059709720181, "8617746.0--8713940.0": 0.7781082849373268, "8640072.0--8713940.0": 0.8266445052079527, "8636208.0--8713940.0": 0.8135795832176057, "8713940.0--8805458.0": 0.8071375884142095, "8713940.0--8807271.0": 0.82398845592689, "8713940.0--8809678.0": 0.8172849616113143, "8713940.0--8807226.0": 0.8422921121360161, "8713940.0--8805467.0": 0.8345687396014047, "8611113.0--8713940.0": 0.822354293091591, "8713940.0--8854316.0": 0.8015913726628773, "8713940.0--8794607.0": 0.8393190398839526, "8713940.0--8805418.0": 0.7935634953283959, "8713940.0--8836087.0": 0.8388983384643571, "8713940.0--8807283.0": 0.8103676788098215, "8713940.0--8820171.0": 0.8165924466838793, "8713940.0--8807288.0": 0.7731119918244342, "8713940.0--8807302.0": 0.7646651616130147, "8713940.0--8805466.0": 0.7825283608371038, "8713940.0--8807351.0": 0.7967699405208544, "8713940.0--8805420.0": 0.7940482747617486, "8713940.0--8807299.0": 0.8198348680778988, "8713940.0--8812988.0": 0.83226787321999, "8713940.0--8807294.0": 0.7922013537624506, "8713940.0--8805434.0": 0.8124781968766475, "8713940.0--8732351.0": 0.7840506258064366, "8713940.0--8807232.0": 0.8013825603190365, "8419271.0--8713940.0": 0.7788972031362047, "8625484.0--8713940.0": 0.8014945920143692, "8713940.0--8807349.0": 0.826088995795147, "8713940.0--8809730.0": 0.8055299138766582, "8713940.0--8730513.0": 0.8173346691544786, "8713940.0--8809833.0": 0.8087875980456163, "8523628.0--8713940.0": 0.8291532628204605, "8434356.0--8713940.0": 0.8203573714701513, "8713940.0--8807303.0": 0.8071623970136558, "8713940.0--8811606.0": 0.7929149298892344, "8713940.0--8807244.0": 0.7863973108306017, "8490694.0--8713940.0": 0.8245716395328337, "8713940.0--8809844.0": 0.7966940082602939, "8713940.0--8809850.0": 0.8350510387125808, "8713940.0--8805445.0": 0.7869455847496549, "8412138.0--8713940.0": 0.7994176546908932, "8713940.0--8807247.0": 0.7880602070340043, "8713940.0--8848845.0": 0.7921453302343019, "8695851.0--8713940.0": 0.82187265389396, "8713907.0--8713940.0": 0.8442824818946335, "8713940.0--8809847.0": 0.8173389127399728, "8713940.0--8727480.0": 0.8307709788104058, "8706590.0--8713940.0": 0.7919647656192853, "8713940.0--8735916.0": 0.8129211870512633, "8474512.0--8713940.0": 0.8059183594878657, "8713940.0--8809845.0": 0.7815216129658653, "8540796.0--8713940.0": 0.8259947903397565, "8713940.0--8807233.0": 0.814612645959147, "8617747.0--8713940.0": 0.7723195609484631, "8474486.0--8713940.0": 0.8005958061131119, "8474516.0--8713940.0": 0.8450780203670665, "8663650.0--8713940.0": 0.7914331580673885, "8663646.0--8713940.0": 0.7922306724088833, "8713940.0--8794553.0": 0.8009041173259756, "8713940.0--8863966.0": 0.7930288723026508, "8525340.0--8713940.0": 0.7650150399016329, "8713940.0--8805448.0": 0.7872988008734454, "8405549.0--8713940.0": 0.8311579576958975, "8611178.0--8713940.0": 0.787811848941582, "8713940.0--8827593.0": 0.7979316211716696, "8713940.0--8805463.0": 0.7926538036148767, "8713940.0--8805457.0": 0.8197702624768229, "8713940.0--8805442.0": 0.806079621724306, "8713940.0--8807266.0": 0.834956618231702, "8713940.0--8813126.0": 0.837422215960039, "8585103.0--8713940.0": 0.8163990699468469, "8713940.0--8807235.0": 0.8143594069841426, "8585048.0--8713940.0": 0.8451095731317183, "8713940.0--8809843.0": 0.7907688308747903, "8713940.0--8809842.0": 0.8075847499585576, "8713940.0--8842614.0": 0.774728946904818, "8713940.0--8805441.0": 0.7503334928387212, "8713940.0--8809920.0": 0.7295417254901968, "8663312.0--8713940.0": 0.7806195278621748, "8477126.0--8713940.0": 0.8334766980202157, "8713940.0--8807224.0": 0.8296123892494858, "8713940.0--8807355.0": 0.7920049129307933, "8713940.0--8807320.0": 0.8057602014199755, "8665933.0--8713940.0": 0.8153325816168278, "8713940.0--8845772.0": 0.7814613983040202, "8713940.0--8812989.0": 0.8072604902031388, "8636969.0--8713940.0": 0.8073763394082564, "8713940.0--8805450.0": 0.7798130624977342, "8713940.0--8807243.0": 0.7941005673947018, "8713940.0--8805443.0": 0.8039398274239061, "8673661.0--8713940.0": 0.8192298513749807, "8713940.0--8805419.0": 0.8233052708518013, "8451903.0--8713940.0": 0.7857914873240779, "8713940.0--8805429.0": 0.8190668769603378, "8713940.0--8809846.0": 0.8069269595387025, "8713940.0--8809832.0": 0.8346877106068443, "8413174.0--8713940.0": 0.8062339059768248, "8494817.0--8713940.0": 0.7817566746167073, "8637778.0--8713940.0": 0.8033168248331399, "8713940.0--8809742.0": 0.7908347840107814, "8713940.0--8807280.0": 0.8316944999606126, "8713940.0--8807274.0": 0.8393861251006696, "8713940.0--9216586.0": 0.8073119152466095, "8713940.0--9237132.0": 0.8435860788363001, "8713940.0--9216572.0": 0.8021862915877955, "8713940.0--9217952.0": 0.8071941728604664, "8713940.0--9217931.0": 0.8494490675576438, "8713940.0--9216507.0": 0.8023838366213717, "8713940.0--9222368.0": 0.8376183239631412, "8713940.0--9220137.0": 0.8023814536698566, "8713940.0--9233460.0": 0.8152949843821647, "8713940.0--9222263.0": 0.7695791391031769, "8713940.0--9293003.0": 0.8421839293984655, "8713940.0--9222102.0": 0.8356768290871548, "8713940.0--9222323.0": 0.8221750540214753, "8713940.0--9222287.0": 0.8155267384812912, "8713940.0--9223736.0": 0.8132345431807086, "8713940.0--9224191.0": 0.8031629020042388, "8713940.0--9222251.0": 0.7982907604352316, "8713940.0--9229242.0": 0.8416748789069297, "8713940.0--9282195.0": 0.7678063483237417, "8713940.0--9222098.0": 0.8294202892014217, "8713940.0--9234027.0": 0.7877775305576344, "8713940.0--9246308.0": 0.8142798813588259, "8713940.0--9240072.0": 0.8099551349221338, "8713940.0--9222353.0": 0.8150239066883509, "8713940.0--9222293.0": 0.8375353699252386, "8713940.0--9222089.0": 0.8044389888079726, "8713940.0--9228893.0": 0.8158758278144432, "8713940.0--9224192.0": 0.7907169840763594, "8713940.0--9222289.0": 0.8261250409328811, "8713940.0--9222038.0": 0.8113666074249326, "8713940.0--9229072.0": 0.8220662506681927, "8713940.0--9222295.0": 0.81541094604492, "8713940.0--9222342.0": 0.8054235461693783, "8713940.0--9241407.0": 0.804368810531721, "8713940.0--9288884.0": 0.8265573490146045, "8713940.0--9222351.0": 0.808219067073146, "8713940.0--9223669.0": 0.8392701617824123, "8713940.0--9222315.0": 0.8154210648007508, "8713940.0--9222335.0": 0.8159893679052064, "8713940.0--9222327.0": 0.8183919292308148, "8713940.0--9233469.0": 0.838202815583054, "8713940.0--9226461.0": 0.8261447017789538, "8713940.0--9238508.0": 0.8372563381069525, "8713940.0--9222266.0": 0.769269471518954, "8713940.0--9225008.0": 0.8514305079370816, "8713940.0--9290431.0": 0.7838980747880725, "8713940.0--9239918.0": 0.8239255716359896, "8713940.0--9231271.0": 0.7959859467775906, "8713940.0--9222313.0": 0.804894689087182, "8713940.0--9231268.0": 0.7824226270166709, "8713940.0--9222035.0": 0.7643072938064941, "8713940.0--9222091.0": 0.8447687966687559, "8713940.0--9229515.0": 0.7864244221416227, "8713940.0--9222301.0": 0.796867910204076, "8713940.0--9222358.0": 0.8623440552148957, "8713940.0--9229135.0": 0.8378697310542199, "8713940.0--9222047.0": 0.7956865571859018, "8713940.0--9222272.0": 0.8028012213513571, "8713940.0--9222110.0": 0.8229653981596494, "8713940.0--9222364.0": 0.8055664378636116, "8713940.0--9222088.0": 0.8139121671665065, "8713940.0--9216518.0": 0.8334989643551257, "8713940.0--9222309.0": 0.8254502585684074,