{"9222049.0--9222562.0": 0.7913066789284166, "9222049.0--9226126.0": 0.7666408256118954, "9222049.0--9240062.0": 0.7690699658923317, "9222049.0--9226101.0": 0.7662566075561367, "9222049.0--9222377.0": 0.7419131019497827, "9222049.0--9233392.0": 0.7925316201533118, "9222049.0--9222093.0": 0.8227519144280582, "9222049.0--9224154.0": 0.7615952688232993, "9222049.0--9240061.0": 0.7690135412341311, "9222049.0--9222512.0": 0.7852566073142819, "9222049.0--9241413.0": 0.7588376506934988, "9222049.0--9224646.0": 0.8274907519944531, "9222049.0--9222372.0": 0.790527671936158, "9222049.0--9222253.0": 0.8030136618325532, "9222049.0--9222092.0": 0.7964397416414216, "9222049.0--9222271.0": 0.8015012488895199, "9222049.0--9230431.0": 0.783498991835669, "9222049.0--9222076.0": 0.8338092120605556, "9222049.0--9222053.0": 0.7705059845410643, "9216532.0--9222049.0": 0.7740796013010667, "9222049.0--9222085.0": 0.7731494730692983, "9216629.0--9222049.0": 0.762800593909917, "9222049.0--9308630.0": 0.7421799723115996, "9222049.0--9308624.0": 0.7295063193221152, "9219240.0--9222049.0": 0.7611702724725076, "9216630.0--9222049.0": 0.8022952440038065, "9217981.0--9222049.0": 0.7906880940780154, "9222049.0--9224153.0": 0.7528923682654394, "9222049.0--9286505.0": 0.7684811001874732, "9216512.0--9222049.0": 0.7681774062254403, "9216579.0--9222049.0": 0.7595326305889523, "9222049.0--9222249.0": 0.7789352073928544, "9222049.0--9222367.0": 0.7465470565144194, "9222049.0--9222325.0": 0.7293007156024007, "9222049.0--9222510.0": 0.7713513550437242, "9222049.0--9246250.0": 0.765280170938917, "9222049.0--9308627.0": 0.7747855169012512, "9222049.0--9224186.0": 0.7813145995845733, "9222049.0--9229232.0": 0.7529576946185084, "9222049.0--9226404.0": 0.7769933700011121, "9222049.0--9308631.0": 0.762675640941124, "9222049.0--9222255.0": 0.7958989595986133, "9222049.0--9222261.0": 0.7810500138616001, "9222049.0--9222338.0": 0.7647687323104237, "9222049.0--9222284.0": 0.7725848014710122, "9222049.0--9230430.0": 0.7938285697606309, "9222049.0--9308622.0": 0.732900753086879, "9222049.0--9286903.0": 0.7340970625804928, "9222049.0--9234473.0": 0.7591381771039497, "9222049.0--9241426.0": 0.7720815716271053, "9222049.0--9222269.0": 0.771735687310547, "9222049.0--9237999.0": 0.7916145912509771, "9222049.0--9222072.0": 0.7987945231144328, "9222049.0--9224197.0": 0.7853968095379861, "9222049.0--9246282.0": 0.7733731461330486, "9222049.0--9222314.0": 0.7452603407118157, "9222049.0--9222357.0": 0.750834547861458, "9222049.0--9222086.0": 0.7417339092657876, "9222049.0--9222360.0": 0.772632442840123, "9222049.0--9222065.0": 0.7768592100200228, "9222049.0--9228894.0": 0.8049235393560273, "9222049.0--9233264.0": 0.7845338126512078, "9222049.0--9222343.0": 0.7593734922810477, "9222049.0--9308621.0": 0.7396208278964276, "9222049.0--9308625.0": 0.8127621644956309, "9222049.0--9241744.0": 0.7672876526675644, "9222049.0--9308629.0": 0.7901169138040167, "9222049.0--9222068.0": 0.7522452615856912, "9222049.0--9222248.0": 0.7997930656833441, "9222049.0--9222274.0": 0.7396684389213116, "9222049.0--9229116.0": 0.768135100463813, "9222049.0--9233993.0": 0.7605099524882926, "9222049.0--9308623.0": 0.782017740443964, "9222049.0--9222553.0": 0.7776382808166022, "9222049.0--9222341.0": 0.8025136231152803, "9222049.0--9222346.0": 0.7634009298178078, "9222049.0--9308628.0": 0.7740959404099901, "9222049.0--9222294.0": 0.7629873367277633, "9222049.0--9241732.0": 0.7809911337359072, "9222049.0--9222060.0": 0.7807376947587127, "9222049.0--9222280.0": 0.7689954093815803}