{"8805462.0--8807275.0": 0.7605104681648195, "8419285.0--8805462.0": 0.7564480843705593, "8805462.0--8807379.0": 0.7614241627197347, "8805462.0--8807234.0": 0.7740900588096908, "8423100.0--8805462.0": 0.7603137261858357, "8805455.0--8805462.0": 0.7481779247842613, "8727493.0--8805462.0": 0.739024177016017, "8805462.0--8807369.0": 0.7596819498223784, "8532319.0--8805462.0": 0.760442344303541, "8419325.0--8805462.0": 0.7837857169580968, "8805430.0--8805462.0": 0.7737233372866597, "8805462.0--8807301.0": 0.762273920155615, "8713940.0--8805462.0": 0.7907026619375871, "8637795.0--8805462.0": 0.7918012839099636, "7999244.0--8805462.0": 0.7756353209024522, "8805439.0--8805462.0": 0.7619027336341964, "8805428.0--8805462.0": 0.7732461925982164, "8805462.0--8809223.0": 0.8013463649677103, "8795584.0--8805462.0": 0.8154399967454433, "8805462.0--8807264.0": 0.7676512603195442, "8805431.0--8805462.0": 0.7623798480842582, "8453863.0--8805462.0": 0.7699458185921018, "8400404.0--8805462.0": 0.7962683655126159, "8805462.0--8809834.0": 0.7614404663068806, "8663447.0--8805462.0": 0.7721973128025632, "8805462.0--8807213.0": 0.7865175944529325, "8640251.0--8805462.0": 0.8271473435199855, "8805462.0--8807220.0": 0.7765766638937439, "8617736.0--8805462.0": 0.7919089143491693, "8617746.0--8805462.0": 0.7724374320270487, "8640072.0--8805462.0": 0.8232070021506386, "8636208.0--8805462.0": 0.7982280294898539, "8805458.0--8805462.0": 0.774742260760986, "8805462.0--8807271.0": 0.7932164468053502, "8805462.0--8809678.0": 0.7500775397152801, "8805462.0--8807226.0": 0.8171127195159636, "8805462.0--8805467.0": 0.8289683629739875, "8611113.0--8805462.0": 0.803321887077939, "8805462.0--8854316.0": 0.8488588419023199, "8794607.0--8805462.0": 0.8111638922222529, "8805418.0--8805462.0": 0.7520670275593846, "8805462.0--8836087.0": 0.809739521631403, "8805462.0--8807283.0": 0.7896384576597717, "8805462.0--8820171.0": 0.8379658102822073, "8805462.0--8807288.0": 0.7687032854852209, "8805462.0--8807302.0": 0.7656084688086086, "8805462.0--8805466.0": 0.7692918176715497, "8805462.0--8807351.0": 0.8018073773204493, "8805420.0--8805462.0": 0.7736826877469355, "8805462.0--8807299.0": 0.7976327561310479, "8805462.0--8812988.0": 0.7815933149864722, "8805462.0--8807294.0": 0.7915558439562094, "8805434.0--8805462.0": 0.8018632230751852, "8732351.0--8805462.0": 0.7595532511780155, "8805462.0--8807232.0": 0.7682912607563687, "8419271.0--8805462.0": 0.7939845971653549, "8625484.0--8805462.0": 0.78459184384268, "8805462.0--8807349.0": 0.7982018741745944, "8805462.0--8809730.0": 0.7983988092628511, "8730513.0--8805462.0": 0.8056612955322252, "8805462.0--8809833.0": 0.8091622314539564, "8523628.0--8805462.0": 0.8067789224133316, "8434356.0--8805462.0": 0.8216681138846563, "8805462.0--8807303.0": 0.7983269113780385, "8805462.0--8811606.0": 0.7768177758134858, "8805462.0--8807244.0": 0.7800176019304765, "8490694.0--8805462.0": 0.7843058338085035, "8805462.0--8809844.0": 0.7684513841739967, "8805462.0--8809850.0": 0.7811331825100425, "8805445.0--8805462.0": 0.7775694502282142, "8412138.0--8805462.0": 0.7758817362250262, "8805462.0--8807247.0": 0.7626546087726, "8805462.0--8848845.0": 0.7656053385592951, "8695851.0--8805462.0": 0.8181041344312386, "8713907.0--8805462.0": 0.83959454558574, "8805462.0--8809847.0": 0.8251299012159611, "8727480.0--8805462.0": 0.8202031152476886, "8706590.0--8805462.0": 0.759997192931006, "8735916.0--8805462.0": 0.7902777364853648, "8474512.0--8805462.0": 0.8177294890014665, "8805462.0--8809845.0": 0.7608719385121981, "8540796.0--8805462.0": 0.8246232733424119, "8805462.0--8807233.0": 0.8069734023162246, "8617747.0--8805462.0": 0.7416255614612312, "8474486.0--8805462.0": 0.7739324296460022, "8474516.0--8805462.0": 0.799338692688688, "8663650.0--8805462.0": 0.7961627087936645, "8663646.0--8805462.0": 0.7838988015798797, "8794553.0--8805462.0": 0.7787565089384781, "8805462.0--8863966.0": 0.7494548512246967, "8525340.0--8805462.0": 0.7742840692199063, "8805448.0--8805462.0": 0.7503779800451813, "8405549.0--8805462.0": 0.7943966572462726, "8611178.0--8805462.0": 0.7786902640229172, "8805462.0--8827593.0": 0.7687781220891122, "8805462.0--8805463.0": 0.7764263961851499, "8805457.0--8805462.0": 0.808387614476924, "8805442.0--8805462.0": 0.7762814161002725, "8805462.0--8807266.0": 0.769601782345976, "8805462.0--8813126.0": 0.7895015712770086, "8585103.0--8805462.0": 0.7544519149163885, "8805462.0--8807235.0": 0.7829087162374916, "8585048.0--8805462.0": 0.7941412675418562, "8805462.0--8809843.0": 0.7781358769754877, "8805462.0--8809842.0": 0.7798191744340044, "8805462.0--8842614.0": 0.7518593056311615, "8805441.0--8805462.0": 0.7390309775345982, "8805462.0--8809920.0": 0.7384287400102787, "8663312.0--8805462.0": 0.7514109365029239, "8477126.0--8805462.0": 0.7836676296108902, "8805462.0--8807224.0": 0.8104434073954596, "8805462.0--8807355.0": 0.7762710772183146, "8805462.0--8807320.0": 0.7690015555330458, "8665933.0--8805462.0": 0.7890739753111743, "8805462.0--8845772.0": 0.7541744049593422, "8805462.0--8812989.0": 0.8049723683203456, "8636969.0--8805462.0": 0.7777709124680641, "8805450.0--8805462.0": 0.7559944907737881, "8805462.0--8807243.0": 0.8357931658955073, "8805443.0--8805462.0": 0.7707324467425429, "8673661.0--8805462.0": 0.7849495454432791, "8805419.0--8805462.0": 0.7788099567217313, "8451903.0--8805462.0": 0.7633710434974953, "8805429.0--8805462.0": 0.7477530049670604, "8805462.0--8809846.0": 0.7616393129377304, "8805462.0--8809832.0": 0.7685809095932566, "8413174.0--8805462.0": 0.7681536104645579, "8494817.0--8805462.0": 0.766942589858126, "8637778.0--8805462.0": 0.7661191411139376, "8805462.0--8809742.0": 0.7659428139287714, "8805462.0--8807280.0": 0.81374945795613, "8805462.0--8807274.0": 0.8249475864196787, "8805462.0--9216586.0": 0.7887696139345342, "8805462.0--9237132.0": 0.8278309134813986, "8805462.0--9216572.0": 0.7845949075314631, "8805462.0--9217952.0": 0.7638732339716439, "8805462.0--9217931.0": 0.8082072444566415, "8805462.0--9216507.0": 0.7859998824382309, "8805462.0--9222368.0": 0.8058114607362004, "8805462.0--9220137.0": 0.762547045866578, "8805462.0--9233460.0": 0.7949047053770135, "8805462.0--9222263.0": 0.7404988118633683, "8805462.0--9293003.0": 0.7742535662014886, "8805462.0--9222102.0": 0.7795186709283819, "8805462.0--9222323.0": 0.7753770417658292, "8805462.0--9222287.0": 0.7665684079857562, "8805462.0--9223736.0": 0.763085931095811, "8805462.0--9224191.0": 0.7729314309156005, "8805462.0--9222251.0": 0.7790339682594296, "8805462.0--9229242.0": 0.8016161516856598, "8805462.0--9282195.0": 0.7589533421260157, "8805462.0--9222098.0": 0.8271419228370517, "8805462.0--9234027.0": 0.7895094116848, "8805462.0--9246308.0": 0.7937096012313597, "8805462.0--9240072.0": 0.7562232530090388, "8805462.0--9222353.0": 0.7974171350085187, "8805462.0--9222293.0": 0.7978931940063807, "8805462.0--9222089.0": 0.7767230456978735, "8805462.0--9228893.0": 0.7657311339030348, "8805462.0--9224192.0": 0.7894641773562774, "8805462.0--9222289.0": 0.8064789841954538, "8805462.0--9222038.0": 0.8020813369195835, "8805462.0--9229072.0": 0.7738957831114129, "8805462.0--9222295.0": 0.7856720688809982, "8805462.0--9222342.0": 0.7732001341877157, "8805462.0--9241407.0": 0.7763795224095962, "8805462.0--9288884.0": 0.7691813338708801, "8805462.0--9222351.0": 0.7590003840076067, "8805462.0--9223669.0": 0.8322048912613461, "8805462.0--9222315.0": 0.7774946334322761, "8805462.0--9222335.0": 0.7906389594724963, "8805462.0--9222327.0": 0.7592941018696686, "8805462.0--9233469.0": 0.7656447177063377, "8805462.0--9226461.0": 0.7862484465399716, "8805462.0--9238508.0": 0.773777107399026, "8805462.0--9222266.0": 0.782601504088462, "8805462.0--9225008.0": 0.808025932745054, "8805462.0--9290431.0": 0.7692074892447359, "8805462.0--9239918.0": 0.7735049150568718, "8805462.0--9231271.0": 0.7592555114943069, "8805462.0--9222313.0": 0.8361231236764649, "8805462.0--9231268.0": 0.7643239673288716,