{"9222372.0--9224646.0": 0.8187173944007156, "9222253.0--9224646.0": 0.7861370950183069, "9222092.0--9224646.0": 0.7788239705925828, "9222271.0--9224646.0": 0.8153065780071891, "9224646.0--9230431.0": 0.8116302487540166, "9222076.0--9224646.0": 0.8555597083001221, "9222053.0--9224646.0": 0.8416393674181314, "9216532.0--9224646.0": 0.7898578068650206, "9222085.0--9224646.0": 0.7973905260127707, "9216629.0--9224646.0": 0.7629664818662091, "9224646.0--9308630.0": 0.7648103169785363, "9224646.0--9308624.0": 0.7525193324616708, "9219240.0--9224646.0": 0.7697474863937251, "9216630.0--9224646.0": 0.7764834163749841, "9217981.0--9224646.0": 0.7814987771694253, "9224153.0--9224646.0": 0.7580368565751859, "9224646.0--9286505.0": 0.7521639725931353, "9216512.0--9224646.0": 0.8031648514110052, "9216579.0--9224646.0": 0.7610845876644925, "9222249.0--9224646.0": 0.7951019338954506, "9222367.0--9224646.0": 0.7596385083361397, "9222325.0--9224646.0": 0.7512107535521892, "9222510.0--9224646.0": 0.7973316037613192, "9224646.0--9246250.0": 0.7813610752669227, "9224646.0--9308627.0": 0.773689391872246, "9224186.0--9224646.0": 0.788257054830707, "9224646.0--9229232.0": 0.7336685966347075, "9224646.0--9226404.0": 0.7841606496863128, "9224646.0--9308631.0": 0.7618828346694768, "9222255.0--9224646.0": 0.7683909029533339, "9222261.0--9224646.0": 0.8060207344635587, "9222338.0--9224646.0": 0.7697130300466448, "9222284.0--9224646.0": 0.7895902826720959, "9224646.0--9230430.0": 0.8038139895836632, "9224646.0--9308622.0": 0.7372757187884994, "9224646.0--9286903.0": 0.7262602713189267, "9224646.0--9234473.0": 0.7727439729726641, "9224646.0--9241426.0": 0.7686869212476725, "9222269.0--9224646.0": 0.7958259777724719, "9224646.0--9237999.0": 0.7917648718358907, "9222072.0--9224646.0": 0.8283011261081797, "9224197.0--9224646.0": 0.7959080183465816, "9224646.0--9246282.0": 0.7740761294564639, "9222314.0--9224646.0": 0.7472725078968996, "9222357.0--9224646.0": 0.7708402063876677, "9222086.0--9224646.0": 0.7656386741915258, "9222360.0--9224646.0": 0.7883720164286812, "9222065.0--9224646.0": 0.84077231441785, "9224646.0--9228894.0": 0.8126337183290586, "9224646.0--9233264.0": 0.7939894403237432, "9222343.0--9224646.0": 0.7631793066036254, "9224646.0--9308621.0": 0.7486972256997462, "9224646.0--9308625.0": 0.8033562169074664, "9224646.0--9241744.0": 0.7660606063601437, "9224646.0--9308629.0": 0.7969516542117198, "9222068.0--9224646.0": 0.7491617238135622, "9222248.0--9224646.0": 0.8397348468131183, "9222274.0--9224646.0": 0.7506672066889505, "9224646.0--9229116.0": 0.7752612143719977, "9224646.0--9233993.0": 0.7932867562973724, "9224646.0--9308623.0": 0.7920862403630834, "9222553.0--9224646.0": 0.7924037625402419, "9222341.0--9224646.0": 0.8272622859249344, "9222346.0--9224646.0": 0.773524701914436, "9224646.0--9308628.0": 0.7840934759833308, "9222294.0--9224646.0": 0.7678043584348704, "9224646.0--9241732.0": 0.7762010624303002, "9222060.0--9224646.0": 0.7827220164228118, "9222280.0--9224646.0": 0.787729825123133}