{"8440038.0--8494830.0": 0.7842364591759718, "8440110.0--8494830.0": 0.7847878589100635, "8440109.0--8494830.0": 0.7399891679050473, "8453873.0--8494830.0": 0.7797822469602218, "8440115.0--8494830.0": 0.7800207891438348, "8467383.0--8494830.0": 0.7631137401779643, "8440120.0--8494830.0": 0.7698168710474569, "8440076.0--8494830.0": 0.7591359599230246, "8440043.0--8494830.0": 0.7545265626426165, "8467535.0--8494830.0": 0.7557207608299031, "8440121.0--8494830.0": 0.779328194273961, "8440044.0--8494830.0": 0.7576055556348373, "8440089.0--8494830.0": 0.7629063736711377, "8440052.0--8494830.0": 0.7648435138387629, "8440085.0--8494830.0": 0.7829689711971447, "8440070.0--8494830.0": 0.8154257475825384, "8440048.0--8494830.0": 0.7677712206886567, "8440118.0--8494830.0": 0.7585332283072218, "8440081.0--8494830.0": 0.8023046404010944, "8440102.0--8494830.0": 0.7761383488029434, "8440080.0--8494830.0": 0.7799534320621373, "8440096.0--8494830.0": 0.7526711943427427, "8440124.0--8494830.0": 0.7527767185772795, "8440063.0--8494830.0": 0.7683167775169017, "8440037.0--8494830.0": 0.752895772068567, "8440040.0--8494830.0": 0.7585919398033503, "8440056.0--8494830.0": 0.7582905427529588, "8440116.0--8494830.0": 0.7293327410007258, "8444102.0--8494830.0": 0.7551265113658505, "8440824.0--8494830.0": 0.7695394862961812, "8493612.0--8494830.0": 0.7585322226724429, "8440850.0--8494830.0": 0.7892124782759572, "8456856.0--8494830.0": 0.8500612146420832, "8447439.0--8494830.0": 0.7910740951818022, "8440805.0--8494830.0": 0.798739878217975, "8440811.0--8494830.0": 0.7572356438001595, "8440856.0--8494830.0": 0.7815710556910007, "8440822.0--8494830.0": 0.7593788122027596, "8440828.0--8494830.0": 0.7742886336503891, "8440851.0--8494830.0": 0.7585813582440362, "8457476.0--8494830.0": 0.7675277993700884, "8440848.0--8494830.0": 0.731327350066105, "8440839.0--8494830.0": 0.7505152052361426, "8443395.0--8494830.0": 0.7431364208285499, "8440832.0--8494830.0": 0.782193135632046, "8440816.0--8494830.0": 0.7596761736171159, "8440835.0--8494830.0": 0.7624719781356903, "8440818.0--8494830.0": 0.8020054207175168, "8440853.0--8494830.0": 0.7746738433577751, "8440840.0--8494830.0": 0.7730764908527542, "8440857.0--8494830.0": 0.7672687597829386, "8449328.0--8494830.0": 0.7326817971491285, "8440829.0--8494830.0": 0.7789918063920266, "8440807.0--8494830.0": 0.7435539808750359, "8440831.0--8494830.0": 0.7767005004624637, "8440852.0--8494830.0": 0.7956829169725079, "8440841.0--8494830.0": 0.7712651738461614, "8440859.0--8494830.0": 0.7646069383015752, "8440821.0--8494830.0": 0.7635678557554636, "8440842.0--8494830.0": 0.7821183392675747, "8443131.0--8494830.0": 0.7502391458866111, "8440815.0--8494830.0": 0.7610330287181143, "8494830.0--8500765.0": 0.7734907118711284, "8440804.0--8494830.0": 0.7616757449767612, "8454276.0--8494830.0": 0.7593123350665427, "8464305.0--8494830.0": 0.7490191390693566, "8494828.0--8494830.0": 0.772440995585511, "8440825.0--8494830.0": 0.7608339719271547, "8440814.0--8494830.0": 0.7859566794603493, "8440838.0--8494830.0": 0.7867219185509193, "8440855.0--8494830.0": 0.7553777381565678, "8454489.0--8494830.0": 0.7705213225256984, "8440834.0--8494830.0": 0.7297082690958171, "8440826.0--8494830.0": 0.7791269847920048, "8440823.0--8494830.0": 0.7615702693758243, "8440845.0--8494830.0": 0.7423873654632757, "8440810.0--8494830.0": 0.7911551595608228, "8440806.0--8494830.0": 0.7584009538241513, "8440817.0--8494830.0": 0.7515607276326873, "8440813.0--8494830.0": 0.8094988583258713, "8443125.0--8494830.0": 0.7367986339720886, "8456575.0--8494830.0": 0.7570056731393977, "8440860.0--8494830.0": 0.7698602476524814, "8454343.0--8494830.0": 0.7637290475651369, "8440803.0--8494830.0": 0.7822233197233823, "8454344.0--8494830.0": 0.7769976078103992, "8440854.0--8494830.0": 0.812712035896201, "8454346.0--8494830.0": 0.7610037839969179, "8440827.0--8494830.0": 0.7328613290464178, "8440836.0--8494830.0": 0.7791130449989603, "8440844.0--8494830.0": 0.7622754417799362, "8440808.0--8494830.0": 0.8097817333136332, "8440837.0--8494830.0": 0.7622030459712223, "8440858.0--8494830.0": 0.7607289212119663, "8440820.0--8494830.0": 0.7527144532369672, "8440833.0--8494830.0": 0.7483114276262678, "8444072.0--8494830.0": 0.7756964273753166, "8440812.0--8494830.0": 0.7706210236120861, "8440809.0--8494830.0": 0.7621925058509561, "8454904.0--8494830.0": 0.7761468260786907, "8440846.0--8494830.0": 0.7677510703769195, "8440830.0--8494830.0": 0.7516864930313849, "8444077.0--8494830.0": 0.7689493790599577, "8440847.0--8494830.0": 0.765006638501581, "8440849.0--8494830.0": 0.7414518976377267, "8443124.0--8494830.0": 0.7908721382321764, "8440843.0--8494830.0": 0.7535425308564138, "8494830.0--8807265.0": 0.7533380395767251, "8494830.0--8816695.0": 0.7803571679409498, "8494830.0--8805426.0": 0.7634256642653657, "8494830.0--8805421.0": 0.8117202528542755, "8494830.0--8812684.0": 0.7482513328811967, "8494830.0--8805461.0": 0.7712412698986917, "8494830.0--8807255.0": 0.7171036214825233, "8494830.0--8805460.0": 0.7537327632526488, "8494830.0--8807292.0": 0.7771065803933355, "8494830.0--8807354.0": 0.7752908574386023, "8494830.0--8809711.0": 0.769701278579993, "8494830.0--8805422.0": 0.7558340878608094, "8494830.0--8805424.0": 0.7713487662365895, "8494830.0--8794517.0": 0.7320191140798549, "8494830.0--8805451.0": 0.7565828949708655, "8494830.0--8807223.0": 0.785156274817729, "8494830.0--8794560.0": 0.7629730419014774, "8481543.0--8494830.0": 0.7750642174588884, "8494830.0--8802285.0": 0.7366787340175893, "8494830.0--8807245.0": 0.7607868363354627, "8494830.0--8805456.0": 0.7453631545538355, "8494830.0--8827944.0": 0.7385289360178929, "8494830.0--8807296.0": 0.7689027640585516, "8494830.0--8827951.0": 0.7654176444643511, "8494830.0--8854335.0": 0.790660179919656, "8494830.0--8805446.0": 0.7716658262872647, "8494830.0--8805436.0": 0.7731364461005882, "8494830.0--8805433.0": 0.7586006830116443, "8494830.0--8546802.0": 0.7561264224946147, "8494830.0--8805427.0": 0.740936522470047, "8494830.0--8836120.0": 0.7679282797068383, "8494830.0--8794768.0": 0.7449911355473675, "8494830.0--8809750.0": 0.7460442431701169, "8494830.0--8820172.0": 0.8077115246797886, "8476234.0--8494830.0": 0.7770567873369909, "8494830.0--8807314.0": 0.8328155844991297, "8494830.0--8794520.0": 0.8075530817551884, "8494830.0--8805452.0": 0.7621016856642787, "8494830.0--8805462.0": 0.7529594078754864, "8494830.0--8807275.0": 0.7758166421412307, "8419285.0--8494830.0": 0.7384015402319559, "8494830.0--8807379.0": 0.7944222916722089, "8494830.0--8807234.0": 0.7819708520657378, "8423100.0--8494830.0": 0.7805754543675407, "8494830.0--8805455.0": 0.7389642393915637, "8494830.0--8727493.0": 0.7216865057810029, "8494830.0--8807369.0": 0.7426962223585878, "8494830.0--8532319.0": 0.7500450941298841, "8419325.0--8494830.0": 0.755528582574472, "8494830.0--8805430.0": 0.7539354122188725, "8494830.0--8807301.0": 0.7517832285526422, "8494830.0--8713940.0": 0.7665048007701564, "8494830.0--8637795.0": 0.7911195582948366, "7999244.0--8494830.0": 0.7851170237446357, "8494830.0--8805439.0": 0.7600401886646811, "8494830.0--8805428.0": 0.7756173310841254, "8494830.0--8809223.0": 0.7757783751256409, "8494830.0--8795584.0": 0.7665200019238199, "8494830.0--8807264.0": 0.7671784733281535, "8494830.0--8805431.0": 0.7410293830952417, "8453863.0--8494830.0": 0.7526113171025381, "8400404.0--8494830.0": 0.743222332698528, "8494830.0--8809834.0": 0.7511983869475626, "8494830.0--8663447.0": 0.7547088247248782, "8494830.0--8807213.0": 0.7879811135704932, "8494830.0--8640251.0": 0.7788182845228977, "8494830.0--8807220.0": 0.7795322526806696, "8494830.0--8617736.0": 0.7748999451068974, "8494830.0--8617746.0": 0.7352251883388431, "8494830.0--8640072.0": 0.7615780095479971, "8494830.0--8636208.0": 0.8079155212383655, "8494830.0--8805458.0": 0.7833574997485163, "8494830.0--8807271.0": 0.7828011900777655, "8494830.0--8809678.0": 0.7515432149184654, "8494830.0--8807226.0": 0.7859168764734447,