{"8540796.0--8809845.0": 0.7886421988809798, "8807233.0--8809845.0": 0.8035815906976669, "8617747.0--8809845.0": 0.76722371364891, "8474486.0--8809845.0": 0.7765547098428445, "8474516.0--8809845.0": 0.7863267183657316, "8663650.0--8809845.0": 0.7356525926700749, "8663646.0--8809845.0": 0.7942539810989224, "8794553.0--8809845.0": 0.7943378119962089, "8809845.0--8863966.0": 0.753429859406508, "8525340.0--8809845.0": 0.7595981757081639, "8805448.0--8809845.0": 0.745250296393041, "8405549.0--8809845.0": 0.767774164199166, "8611178.0--8809845.0": 0.7662702269690963, "8809845.0--8827593.0": 0.7627332232749976, "8805463.0--8809845.0": 0.7299429467773926, "8805457.0--8809845.0": 0.7687389168983149, "8805442.0--8809845.0": 0.7428875801175239, "8807266.0--8809845.0": 0.7690173137087822, "8809845.0--8813126.0": 0.7590473275910248, "8585103.0--8809845.0": 0.7677809341950395, "8807235.0--8809845.0": 0.776152654762258, "8585048.0--8809845.0": 0.7732677377441839, "8809843.0--8809845.0": 0.7719199278217712, "8809842.0--8809845.0": 0.7681461325573011, "8809845.0--8842614.0": 0.7393234034879348, "8805441.0--8809845.0": 0.7322983359799295, "8809845.0--8809920.0": 0.7335295716869796, "8663312.0--8809845.0": 0.7682217032457959, "8477126.0--8809845.0": 0.7883016138859084, "8807224.0--8809845.0": 0.7825662066151695, "8807355.0--8809845.0": 0.7805861783631547, "8807320.0--8809845.0": 0.7500062613193119, "8665933.0--8809845.0": 0.7585212242944513, "8809845.0--8845772.0": 0.773383434350307, "8809845.0--8812989.0": 0.7697538908259974, "8636969.0--8809845.0": 0.7821695576189638, "8805450.0--8809845.0": 0.7643409218300103, "8807243.0--8809845.0": 0.7554617478432706, "8805443.0--8809845.0": 0.7522119381325221, "8673661.0--8809845.0": 0.7878327472832133, "8805419.0--8809845.0": 0.7797343162887773, "8451903.0--8809845.0": 0.7543535925297211, "8805429.0--8809845.0": 0.7691165995836415, "8809845.0--8809846.0": 0.7455590720625374, "8809832.0--8809845.0": 0.7655532161052834, "8413174.0--8809845.0": 0.7514935020807318, "8494817.0--8809845.0": 0.7628641231905492, "8637778.0--8809845.0": 0.7730460476250365, "8809742.0--8809845.0": 0.7448147551689315, "8807280.0--8809845.0": 0.7677237748570017, "8807274.0--8809845.0": 0.8135195983801389, "8809845.0--9216586.0": 0.7698221020070981, "8809845.0--9237132.0": 0.74839654505699, "8809845.0--9216572.0": 0.7671248865975957, "8809845.0--9217952.0": 0.7720293493469514, "8809845.0--9217931.0": 0.7858187139211851, "8809845.0--9216507.0": 0.7672003617529288, "8809845.0--9222368.0": 0.7753731340701102, "8809845.0--9220137.0": 0.7492940160387475, "8809845.0--9233460.0": 0.7702230629104307, "8809845.0--9222263.0": 0.7482595138187095, "8809845.0--9293003.0": 0.7602988341528458, "8809845.0--9222102.0": 0.7654041087642129, "8809845.0--9222323.0": 0.771148348018811, "8809845.0--9222287.0": 0.7407341831770212, "8809845.0--9223736.0": 0.7467201408543988, "8809845.0--9224191.0": 0.7867673726825496, "8809845.0--9222251.0": 0.7540633942359067, "8809845.0--9229242.0": 0.7766835214909301, "8809845.0--9282195.0": 0.7739657518117397, "8809845.0--9222098.0": 0.7934239365443111, "8809845.0--9234027.0": 0.7810429774891555, "8809845.0--9246308.0": 0.7737987708042027, "8809845.0--9240072.0": 0.8011873009542214, "8809845.0--9222353.0": 0.7829673387671967, "8809845.0--9222293.0": 0.7574281700632941, "8809845.0--9222089.0": 0.7508114951817345, "8809845.0--9228893.0": 0.7709326326443059, "8809845.0--9224192.0": 0.766484750201563, "8809845.0--9222289.0": 0.7638764075781403, "8809845.0--9222038.0": 0.7538490523916871, "8809845.0--9229072.0": 0.7741027449127423, "8809845.0--9222295.0": 0.7806921508282736, "8809845.0--9222342.0": 0.7486243391928362, "8809845.0--9241407.0": 0.7571868671911665, "8809845.0--9288884.0": 0.7614194078011721, "8809845.0--9222351.0": 0.7637246962150425, "8809845.0--9223669.0": 0.7624577715016602, "8809845.0--9222315.0": 0.7682710706489349, "8809845.0--9222335.0": 0.7771815254769128, "8809845.0--9222327.0": 0.7611781780672835, "8809845.0--9233469.0": 0.7589303874913734, "8809845.0--9226461.0": 0.7552513944384036, "8809845.0--9238508.0": 0.7696692885247424, "8809845.0--9222266.0": 0.7489558592867359, "8809845.0--9225008.0": 0.7748001334317896, "8809845.0--9290431.0": 0.788305429260186, "8809845.0--9239918.0": 0.7658147556822754, "8809845.0--9231271.0": 0.8020200141769608, "8809845.0--9222313.0": 0.7964003094223797, "8809845.0--9231268.0": 0.7893951293742374, "8809845.0--9222035.0": 0.7772659869500543, "8809845.0--9222091.0": 0.7601551416932213, "8809845.0--9229515.0": 0.7672493703858247, "8809845.0--9222301.0": 0.7945509384482432, "8809845.0--9222358.0": 0.7739138320411951, "8809845.0--9229135.0": 0.7693572178657825, "8809845.0--9222047.0": 0.735774963771772, "8809845.0--9222272.0": 0.7581132105423873, "8809845.0--9222110.0": 0.7734306993306359, "8809845.0--9222364.0": 0.766293601143432, "8809845.0--9222088.0": 0.7866643830414976, "8809845.0--9216518.0": 0.7639576488572384, "8809845.0--9222309.0": 0.7593522419443952, "8809845.0--9216595.0": 0.7815975264480076, "8809845.0--9216538.0": 0.7673550061518313, "8809845.0--9216549.0": 0.7821871853637611, "8809845.0--9216559.0": 0.7639464788140186, "8809845.0--9222376.0": 0.7736319546685654, "8809845.0--9222374.0": 0.8139663180701382, "8809845.0--9224194.0": 0.7713944219830905, "8809845.0--9222254.0": 0.8142556756046051, "8809845.0--9222049.0": 0.763968152856094, "8809845.0--9222562.0": 0.7546315694152467, "8809845.0--9226126.0": 0.7725337479057739, "8809845.0--9240062.0": 0.7650826487778641, "8809845.0--9226101.0": 0.7768276184621726, "8809845.0--9222377.0": 0.7484137554097622, "8809845.0--9233392.0": 0.7883205210128057, "8809845.0--9222093.0": 0.776386327576318, "8809845.0--9224154.0": 0.774990540946082, "8809845.0--9240061.0": 0.7889788818274568, "8809845.0--9222512.0": 0.7813307666795093, "8809845.0--9241413.0": 0.7690414602455583, "8809845.0--9224646.0": 0.7831179321646075, "8809845.0--9222372.0": 0.7494046267438059, "8809845.0--9222253.0": 0.780002684671675, "8809845.0--9222092.0": 0.7832772084868298, "8809845.0--9222271.0": 0.7935764416373232, "8809845.0--9230431.0": 0.7975998050162296, "8809845.0--9222076.0": 0.7792181986208686, "8809845.0--9222053.0": 0.7782744997224391, "8809845.0--9216532.0": 0.7909961354875987, "8809845.0--9222085.0": 0.7733167934299543, "8809845.0--9216629.0": 0.7512801561852348, "8809845.0--9308630.0": 0.7783181960361248, "8809845.0--9308624.0": 0.7649670799104213, "8809845.0--9219240.0": 0.7724584952188249, "8809845.0--9216630.0": 0.7843210492044345, "8809845.0--9217981.0": 0.7726933871197147, "8809845.0--9224153.0": 0.7551658919263646, "8809845.0--9286505.0": 0.7387952896837747, "8809845.0--9216512.0": 0.7594178951100975, "8809845.0--9216579.0": 0.7805629711739241, "8809845.0--9222249.0": 0.7721408862703039, "8809845.0--9222367.0": 0.7500221557761484, "8809845.0--9222325.0": 0.7275662480104926, "8809845.0--9222510.0": 0.7632647153926303, "8809845.0--9246250.0": 0.790858441923369, "8809845.0--9308627.0": 0.7918929086258844, "8809845.0--9224186.0": 0.7924688309255101, "8809845.0--9229232.0": 0.7444445732051934, "8809845.0--9226404.0": 0.753466486471916, "8809845.0--9308631.0": 0.7715071616887061, "8809845.0--9222255.0": 0.7525630521585374, "8809845.0--9222261.0": 0.770352094590976, "8809845.0--9222338.0": 0.7742485063178852, "8809845.0--9222284.0": 0.7720022518435123, "8809845.0--9230430.0": 0.7776720338477047, "8809845.0--9308622.0": 0.7680244406773151, "8809845.0--9286903.0": 0.7498409243611679, "8809845.0--9234473.0": 0.7824904375942067, "8809845.0--9241426.0": 0.7666759128389654, "8809845.0--9222269.0": 0.7715834457062778, "8809845.0--9237999.0": 0.7806725205604037, "8809845.0--9222072.0": 0.7917120335121259, "8809845.0--9224197.0": 0.768099812584534, "8809845.0--9246282.0": 0.7494121415584369, "8809845.0--9222314.0": 0.7784387954062619, "8809845.0--9222357.0": 0.7584753172825593, "8809845.0--9222086.0": 0.7466724283926285, "8809845.0--9222360.0": 0.7848967893366771,