{"8440034.0--8440049.0": 0.712614527436348, "8440049.0--8454905.0": 0.8292224288750168, "8440039.0--8440049.0": 0.7728557166670386, "8440049.0--8440086.0": 0.775858969666815, "8440049.0--8445644.0": 0.7277876571078045, "8440049.0--8494830.0": 0.7581746461304519, "8440038.0--8440049.0": 0.7971801825122008, "8440049.0--8440110.0": 0.7675458273661738, "8440049.0--8440109.0": 0.7607812257703968, "8440049.0--8453873.0": 0.7487079083507744, "8440049.0--8440115.0": 0.7824774649556024, "8440049.0--8467383.0": 0.7752537583440071, "8440049.0--8440120.0": 0.7618051611978951, "8440049.0--8440076.0": 0.741411738929167, "8440043.0--8440049.0": 0.765095656163209, "8440049.0--8467535.0": 0.8072129052007848, "8440049.0--8440121.0": 0.7551755684653995, "8440044.0--8440049.0": 0.7589770270207887, "8440049.0--8440089.0": 0.7326293607704801, "8440049.0--8440052.0": 0.7514734344946514, "8440049.0--8440085.0": 0.8465684172932837, "8440049.0--8440070.0": 0.7964083798121827, "8440048.0--8440049.0": 0.796538214159618, "8440049.0--8440118.0": 0.7453259840129586, "8440049.0--8440081.0": 0.7412090294557652, "8440049.0--8440102.0": 0.805927270309621, "8440049.0--8440080.0": 0.8068706149449396, "8440049.0--8440096.0": 0.7031989322858807, "8440049.0--8440124.0": 0.7821830260883319, "8440049.0--8440063.0": 0.8072325793241434, "8440037.0--8440049.0": 0.737394285986113, "8440040.0--8440049.0": 0.7595406597472207, "8440049.0--8440056.0": 0.7517418205232682, "8440049.0--8440116.0": 0.8113306229079527, "8440049.0--8444102.0": 0.7549634762750688, "8440049.0--8440824.0": 0.7492645951338499, "8440049.0--8493612.0": 0.7491276626598045, "8440049.0--8440850.0": 0.8016546186143363, "8440049.0--8456856.0": 0.8103516385747532, "8440049.0--8447439.0": 0.7857426843731368, "8440049.0--8440805.0": 0.7878347243743189, "8440049.0--8440811.0": 0.7429507993181992, "8440049.0--8440856.0": 0.7836981377931335, "8440049.0--8440822.0": 0.7490148076482801, "8440049.0--8440828.0": 0.7969059537504581, "8440049.0--8440851.0": 0.7651535835379065, "8440049.0--8457476.0": 0.7657115413498916, "8440049.0--8440848.0": 0.7501438172986495, "8440049.0--8440839.0": 0.7483322422118943, "8440049.0--8443395.0": 0.7796228300253605, "8440049.0--8440832.0": 0.7629160806140008, "8440049.0--8440816.0": 0.7827560306062941, "8440049.0--8440835.0": 0.7644493320073159, "8440049.0--8440818.0": 0.8090249093650188, "8440049.0--8440853.0": 0.76724315667411, "8440049.0--8440840.0": 0.7911717345612987, "8440049.0--8440857.0": 0.7890583807736256, "8440049.0--8449328.0": 0.7619180345347152, "8440049.0--8440829.0": 0.7679651573092148, "8440049.0--8440807.0": 0.7749275944123672, "8440049.0--8440831.0": 0.7874739673122186, "8440049.0--8440852.0": 0.7955683141672386, "8440049.0--8440841.0": 0.7791191306439003, "8440049.0--8440859.0": 0.7447937646257518, "8440049.0--8440821.0": 0.7828702914887355, "8440049.0--8440842.0": 0.8225639348969412, "8440049.0--8443131.0": 0.7518030298134315, "8440049.0--8440815.0": 0.7836772421756036, "8440049.0--8500765.0": 0.8229342154850579, "8440049.0--8440804.0": 0.7495816372678791, "8440049.0--8454276.0": 0.7682953601036563, "8440049.0--8464305.0": 0.8103987720851406, "8440049.0--8494828.0": 0.8054616285324767, "8440049.0--8440825.0": 0.782772529160276, "8440049.0--8440814.0": 0.7825305350144187, "8440049.0--8440838.0": 0.8121295197290734, "8440049.0--8440855.0": 0.7794718850418736, "8440049.0--8454489.0": 0.7945491768524502, "8440049.0--8440834.0": 0.7602119397054689, "8440049.0--8440826.0": 0.781275668774941, "8440049.0--8440823.0": 0.7528805323927746, "8440049.0--8440845.0": 0.7394792996870565, "8440049.0--8440810.0": 0.7809879191585065, "8440049.0--8440806.0": 0.8101997387997497, "8440049.0--8440817.0": 0.7703467062541295, "8440049.0--8440813.0": 0.804615076440034, "8440049.0--8443125.0": 0.7508561540020606, "8440049.0--8456575.0": 0.7615357730827932, "8440049.0--8440860.0": 0.8350331660631554, "8440049.0--8454343.0": 0.7643896947721613, "8440049.0--8440803.0": 0.801247231265207, "8440049.0--8454344.0": 0.7949619887554232, "8440049.0--8440854.0": 0.8242741273299214, "8440049.0--8454346.0": 0.7636590549901789, "8440049.0--8440827.0": 0.7861770941732552, "8440049.0--8440836.0": 0.780614096241878, "8440049.0--8440844.0": 0.7884568671510818, "8440049.0--8440808.0": 0.8023570632128387, "8440049.0--8440837.0": 0.7732731908137422, "8440049.0--8440858.0": 0.7997451318291986, "8440049.0--8440820.0": 0.7743520187201451, "8440049.0--8440833.0": 0.7707680667885721, "8440049.0--8444072.0": 0.7978394777029, "8440049.0--8440812.0": 0.7863713311122125, "8440049.0--8440809.0": 0.793126801573676, "8440049.0--8454904.0": 0.8461457184414717, "8440049.0--8440846.0": 0.7873968266287733, "8440049.0--8440830.0": 0.784638254693219, "8440049.0--8444077.0": 0.7662076622970782, "8440049.0--8440847.0": 0.8018594442213395, "8440049.0--8440849.0": 0.7718773206160829, "8440049.0--8443124.0": 0.771688672144432, "8440049.0--8440843.0": 0.7631550750185752, "8440049.0--8807265.0": 0.7989946349728463, "8440049.0--8816695.0": 0.8039524909940453, "8440049.0--8805426.0": 0.8275584672023905, "8440049.0--8805421.0": 0.8278370610131253, "8440049.0--8812684.0": 0.7812234302699967, "8440049.0--8805461.0": 0.7610759535728352, "8440049.0--8807255.0": 0.8109937328417037, "8440049.0--8805460.0": 0.7556046949155922, "8440049.0--8807292.0": 0.7704428188213759, "8440049.0--8807354.0": 0.7881923334023173, "8440049.0--8809711.0": 0.7701736885483226, "8440049.0--8805422.0": 0.7417542212095516, "8440049.0--8805424.0": 0.7833795255112574, "8440049.0--8794517.0": 0.742197140707685, "8440049.0--8805451.0": 0.7551325387039676, "8440049.0--8807223.0": 0.7477969263190911, "8440049.0--8794560.0": 0.7478378951901216, "8440049.0--8481543.0": 0.7308776937470135, "8440049.0--8802285.0": 0.8053712436724931, "8440049.0--8807245.0": 0.7847032660575006, "8440049.0--8805456.0": 0.7940432721085446, "8440049.0--8827944.0": 0.781201692902895, "8440049.0--8807296.0": 0.8254192559611605, "8440049.0--8827951.0": 0.7628945009279836, "8440049.0--8854335.0": 0.8059276221659947, "8440049.0--8805446.0": 0.7452904850969725, "8440049.0--8805436.0": 0.776756155152088, "8440049.0--8805433.0": 0.7269073131832092, "8440049.0--8546802.0": 0.7685287719631293, "8440049.0--8805427.0": 0.7243027144853558, "8440049.0--8836120.0": 0.7665555443026189, "8440049.0--8794768.0": 0.743919238660624, "8440049.0--8809750.0": 0.7751228147670435, "8440049.0--8820172.0": 0.8415043290304995, "8440049.0--8476234.0": 0.7828897807888154, "8440049.0--8807314.0": 0.7518917591175726, "8440049.0--8794520.0": 0.7884457047216844, "8440049.0--8805452.0": 0.8479307313733089, "8440049.0--8805462.0": 0.7882994722952358, "8440049.0--8807275.0": 0.8443196545414238, "8419285.0--8440049.0": 0.784315320461684, "8440049.0--8807379.0": 0.7847667310482341, "8440049.0--8807234.0": 0.7929829237727716, "8423100.0--8440049.0": 0.7577549968856562, "8440049.0--8805455.0": 0.7453199288168707, "8440049.0--8727493.0": 0.72519327420907, "8440049.0--8807369.0": 0.7404718570738105, "8440049.0--8532319.0": 0.8036149023630949, "8419325.0--8440049.0": 0.7502098342866563, "8440049.0--8805430.0": 0.760920301363044, "8440049.0--8807301.0": 0.7981366701128764, "8440049.0--8713940.0": 0.7861057088580243, "8440049.0--8637795.0": 0.7858040403355111, "7999244.0--8440049.0": 0.8088688733042169, "8440049.0--8805439.0": 0.7562352119930941, "8440049.0--8805428.0": 0.7936930283762043, "8440049.0--8809223.0": 0.7608717239208393, "8440049.0--8795584.0": 0.7615294969257258, "8440049.0--8807264.0": 0.7819189346674855, "8440049.0--8805431.0": 0.7497998489599607, "8440049.0--8453863.0": 0.749169111726508, "8400404.0--8440049.0": 0.7275321903007547, "8440049.0--8809834.0": 0.7654917246379673, "8440049.0--8663447.0": 0.7725281249275864, "8440049.0--8807213.0": 0.7999471994693507, "8440049.0--8640251.0": 0.8083786767396269, "8440049.0--8807220.0": 0.7875448084229182, "8440049.0--8617736.0": 0.7934810458889507, "8440049.0--8617746.0": 0.7938091753639028,