{"8794607.0--8854316.0": 0.8079426223617532, "8805418.0--8854316.0": 0.7904778274467799, "8836087.0--8854316.0": 0.8697181433726021, "8807283.0--8854316.0": 0.808238303412856, "8820171.0--8854316.0": 0.8966257264223301, "8807288.0--8854316.0": 0.7599226509820112, "8807302.0--8854316.0": 0.7719008298017591, "8805466.0--8854316.0": 0.7825537913806333, "8807351.0--8854316.0": 0.8058348690784288, "8805420.0--8854316.0": 0.7779424664879839, "8807299.0--8854316.0": 0.8094847733592715, "8812988.0--8854316.0": 0.7858225769182027, "8807294.0--8854316.0": 0.7932822945250051, "8805434.0--8854316.0": 0.8240447777305782, "8732351.0--8854316.0": 0.768328891746955, "8807232.0--8854316.0": 0.8058871908435444, "8419271.0--8854316.0": 0.7654774427018304, "8625484.0--8854316.0": 0.7908768178793159, "8807349.0--8854316.0": 0.8025092860499797, "8809730.0--8854316.0": 0.810232874391231, "8730513.0--8854316.0": 0.8047640183842821, "8809833.0--8854316.0": 0.7929785524876056, "8523628.0--8854316.0": 0.8013756986402393, "8434356.0--8854316.0": 0.8139624524471889, "8807303.0--8854316.0": 0.842182825170936, "8811606.0--8854316.0": 0.8142442020345447, "8807244.0--8854316.0": 0.7868072955442287, "8490694.0--8854316.0": 0.794322659220888, "8809844.0--8854316.0": 0.7865741666353907, "8809850.0--8854316.0": 0.8099881628893437, "8805445.0--8854316.0": 0.8002828921465194, "8412138.0--8854316.0": 0.828792552428896, "8807247.0--8854316.0": 0.7816674465885914, "8848845.0--8854316.0": 0.7751681966413446, "8695851.0--8854316.0": 0.8440147693180141, "8713907.0--8854316.0": 0.8502786250621367, "8809847.0--8854316.0": 0.8904354294563728, "8727480.0--8854316.0": 0.8649917744694642, "8706590.0--8854316.0": 0.8362761291623182, "8735916.0--8854316.0": 0.8308993192484377, "8474512.0--8854316.0": 0.8278522634655654, "8809845.0--8854316.0": 0.7750500475940125, "8540796.0--8854316.0": 0.8832555877620974, "8807233.0--8854316.0": 0.7977015620434468, "8617747.0--8854316.0": 0.7666862692009468, "8474486.0--8854316.0": 0.7933203254993217, "8474516.0--8854316.0": 0.8142725443257366, "8663650.0--8854316.0": 0.8049334462902404, "8663646.0--8854316.0": 0.800424150169262, "8794553.0--8854316.0": 0.8074027107398783, "8854316.0--8863966.0": 0.7824461349400169, "8525340.0--8854316.0": 0.7768426017481684, "8805448.0--8854316.0": 0.7716112135525374, "8405549.0--8854316.0": 0.8104844041687327, "8611178.0--8854316.0": 0.7991521686223534, "8827593.0--8854316.0": 0.790573742581704, "8805463.0--8854316.0": 0.7659452136200926, "8805457.0--8854316.0": 0.8162081338347476, "8805442.0--8854316.0": 0.7784428884435087, "8807266.0--8854316.0": 0.8117512121278425, "8813126.0--8854316.0": 0.7837901452829095, "8585103.0--8854316.0": 0.7980582750195299, "8807235.0--8854316.0": 0.8076047381419795, "8585048.0--8854316.0": 0.8243303114377919, "8809843.0--8854316.0": 0.798982874196785, "8809842.0--8854316.0": 0.8016912974027748, "8842614.0--8854316.0": 0.7696121737882725, "8805441.0--8854316.0": 0.7544449491583015, "8809920.0--8854316.0": 0.7501128666855443, "8663312.0--8854316.0": 0.7674234397988925, "8477126.0--8854316.0": 0.821252960805319, "8807224.0--8854316.0": 0.8270334485125022, "8807355.0--8854316.0": 0.7953428503185742, "8807320.0--8854316.0": 0.8084453897981672, "8665933.0--8854316.0": 0.8109462359544073, "8845772.0--8854316.0": 0.7919463339671761, "8812989.0--8854316.0": 0.8224269842377316, "8636969.0--8854316.0": 0.7825909093938801, "8805450.0--8854316.0": 0.8057158351096337, "8807243.0--8854316.0": 0.8187436701131097, "8805443.0--8854316.0": 0.7981720378839978, "8673661.0--8854316.0": 0.804727780900024, "8805419.0--8854316.0": 0.7795406355006409, "8451903.0--8854316.0": 0.772317124261521, "8805429.0--8854316.0": 0.7884525686441936, "8809846.0--8854316.0": 0.7798909970334007, "8809832.0--8854316.0": 0.8005913343213306, "8413174.0--8854316.0": 0.7826722624153912, "8494817.0--8854316.0": 0.7970759929696569, "8637778.0--8854316.0": 0.8031198513457838, "8809742.0--8854316.0": 0.8215273633979018, "8807280.0--8854316.0": 0.8310193846459634, "8807274.0--8854316.0": 0.8690169223096444, "8854316.0--9216586.0": 0.8072874229809279, "8854316.0--9237132.0": 0.8285720414751742, "8854316.0--9216572.0": 0.7912087594387371, "8854316.0--9217952.0": 0.7965315382003391, "8854316.0--9217931.0": 0.8366986738738225, "8854316.0--9216507.0": 0.8000217255970024, "8854316.0--9222368.0": 0.8175332168146783, "8854316.0--9220137.0": 0.7634408061265547, "8854316.0--9233460.0": 0.7868394419070914, "8854316.0--9222263.0": 0.748871100540905, "8854316.0--9293003.0": 0.7848032908603213, "8854316.0--9222102.0": 0.8104474070157388, "8854316.0--9222323.0": 0.8124166559275952, "8854316.0--9222287.0": 0.7935521269162835, "8854316.0--9223736.0": 0.8055440288369146, "8854316.0--9224191.0": 0.7817593560543885, "8854316.0--9222251.0": 0.7934482966002248, "8854316.0--9229242.0": 0.8383881655618952, "8854316.0--9282195.0": 0.7716668263967531, "8854316.0--9222098.0": 0.8839471467662404, "8854316.0--9234027.0": 0.8121384202459315, "8854316.0--9246308.0": 0.8133049944339902, "8854316.0--9240072.0": 0.786938749472201, "8854316.0--9222353.0": 0.8157935433919934, "8854316.0--9222293.0": 0.8079548457052608, "8854316.0--9222089.0": 0.7828972930673341, "8854316.0--9228893.0": 0.7989550291408591, "8854316.0--9224192.0": 0.7746082458072068, "8854316.0--9222289.0": 0.8223667905115203, "8854316.0--9222038.0": 0.8153811876550315, "8854316.0--9229072.0": 0.7960276128693793, "8854316.0--9222295.0": 0.8101770026327519, "8854316.0--9222342.0": 0.7784919511908431, "8854316.0--9241407.0": 0.8025541291078983, "8854316.0--9288884.0": 0.7980431350319868, "8854316.0--9222351.0": 0.7758227015382073, "8854316.0--9223669.0": 0.8403324092919263, "8854316.0--9222315.0": 0.7948014745570087, "8854316.0--9222335.0": 0.8092452176744911, "8854316.0--9222327.0": 0.7989079742389948, "8854316.0--9233469.0": 0.7783235405900323, "8854316.0--9226461.0": 0.8101380980970649, "8854316.0--9238508.0": 0.8093838862919235, "8854316.0--9222266.0": 0.755756038125905, "8854316.0--9225008.0": 0.8454419871450585, "8854316.0--9290431.0": 0.7985219563852242, "8854316.0--9239918.0": 0.8039638354460752, "8854316.0--9231271.0": 0.8035106486658814, "8854316.0--9222313.0": 0.879702040204038, "8854316.0--9231268.0": 0.7953140734883093, "8854316.0--9222035.0": 0.7731691042573785, "8854316.0--9222091.0": 0.8032430860330251, "8854316.0--9229515.0": 0.7781690099542274, "8854316.0--9222301.0": 0.8506347053457222, "8854316.0--9222358.0": 0.8152708347938761, "8854316.0--9229135.0": 0.8176432334557043, "8854316.0--9222047.0": 0.788197248291252, "8854316.0--9222272.0": 0.7901292475117676, "8854316.0--9222110.0": 0.8009192945237397, "8854316.0--9222364.0": 0.8045177197148755, "8854316.0--9222088.0": 0.8291450931315961, "8854316.0--9216518.0": 0.8068724497196061, "8854316.0--9222309.0": 0.7905724167122413, "8854316.0--9216595.0": 0.7876381093794256, "8854316.0--9216538.0": 0.7971300245247448, "8854316.0--9216549.0": 0.8077976385300498, "8854316.0--9216559.0": 0.8105683766975792, "8854316.0--9222376.0": 0.7891743775321792, "8854316.0--9222374.0": 0.8538121277861345, "8854316.0--9224194.0": 0.7873837554905081, "8854316.0--9222254.0": 0.8234744774581337, "8854316.0--9222049.0": 0.789776668034779, "8854316.0--9222562.0": 0.8062602089548955, "8854316.0--9226126.0": 0.8300693372539668, "8854316.0--9240062.0": 0.8167993472729438, "8854316.0--9226101.0": 0.7875051897631874, "8854316.0--9222377.0": 0.7957739597106748, "8854316.0--9233392.0": 0.8137116299295873, "8854316.0--9222093.0": 0.7743736327843247, "8854316.0--9224154.0": 0.777959223163025, "8854316.0--9240061.0": 0.7881231100448476, "8854316.0--9222512.0": 0.8116207313405694, "8854316.0--9241413.0": 0.8098172516986928, "8854316.0--9224646.0": 0.7902316782703594, "8854316.0--9222372.0": 0.7847569855648117, "8854316.0--9222253.0": 0.7941759014766252, "8854316.0--9222092.0": 0.8315703358274493, "8854316.0--9222271.0": 0.8172179170244862, "8854316.0--9230431.0": 0.7987672944014859,