{"8413174.0--8494817.0": 0.8507683541616247, "8413174.0--8637778.0": 0.8557131245795343, "8413174.0--8809742.0": 0.761911346975488, "8413174.0--8807280.0": 0.7853089352323438, "8413174.0--8807274.0": 0.7907294468268908, "8413174.0--9216586.0": 0.8010549991706705, "8413174.0--9237132.0": 0.8055267690769076, "8413174.0--9216572.0": 0.78202498280088, "8413174.0--9217952.0": 0.7980401160993182, "8413174.0--9217931.0": 0.78074534985735, "8413174.0--9216507.0": 0.7833036570385538, "8413174.0--9222368.0": 0.7802541225827436, "8413174.0--9220137.0": 0.7655436086419152, "8413174.0--9233460.0": 0.7561485119498486, "8413174.0--9222263.0": 0.781107560745147, "8413174.0--9293003.0": 0.7819435018650274, "8413174.0--9222102.0": 0.7809920072824784, "8413174.0--9222323.0": 0.7689104919202849, "8413174.0--9222287.0": 0.7586821518708139, "8413174.0--9223736.0": 0.782171177380009, "8413174.0--9224191.0": 0.7687902965958484, "8413174.0--9222251.0": 0.7309264731105205, "8413174.0--9229242.0": 0.7806675988530354, "8413174.0--9282195.0": 0.7530084817248344, "8413174.0--9222098.0": 0.7848868435467473, "8413174.0--9234027.0": 0.752332522678063, "8413174.0--9246308.0": 0.775461882431125, "8413174.0--9240072.0": 0.7666344112661017, "8413174.0--9222353.0": 0.8197810880099435, "8413174.0--9222293.0": 0.7752121401115311, "8413174.0--9222089.0": 0.7615153079936687, "8413174.0--9228893.0": 0.799865748685739, "8413174.0--9224192.0": 0.7529226146762353, "8413174.0--9222289.0": 0.7705381054870163, "8413174.0--9222038.0": 0.7626807341455126, "8413174.0--9229072.0": 0.7728223466142056, "8413174.0--9222295.0": 0.8160636564971249, "8413174.0--9222342.0": 0.750071384398451, "8413174.0--9241407.0": 0.779930870107976, "8413174.0--9288884.0": 0.7960657999094645, "8413174.0--9222351.0": 0.8529592594349862, "8413174.0--9223669.0": 0.7767140094767352, "8413174.0--9222315.0": 0.7577803416262383, "8413174.0--9222335.0": 0.755352573967048, "8413174.0--9222327.0": 0.8860765316004287, "8413174.0--9233469.0": 0.7663205792591705, "8413174.0--9226461.0": 0.7753569915730806, "8413174.0--9238508.0": 0.8112969855509131, "8413174.0--9222266.0": 0.7552118753810784, "8413174.0--9225008.0": 0.7861572090344046, "8413174.0--9290431.0": 0.7694404484275128, "8413174.0--9239918.0": 0.8276723421066327, "8413174.0--9231271.0": 0.7361865125166762, "8413174.0--9222313.0": 0.7610076443843092, "8413174.0--9231268.0": 0.742439991109239, "8413174.0--9222035.0": 0.7588477532584408, "8413174.0--9222091.0": 0.7728038289286558, "8413174.0--9229515.0": 0.7403382152662531, "8413174.0--9222301.0": 0.7584114118676153, "8413174.0--9222358.0": 0.7781839672496815, "8413174.0--9229135.0": 0.7907090202317318, "8413174.0--9222047.0": 0.7860510460833213, "8413174.0--9222272.0": 0.8068790179195796, "8413174.0--9222110.0": 0.7602489630056829, "8413174.0--9222364.0": 0.7965280520775634, "8413174.0--9222088.0": 0.8010659706365176, "8413174.0--9216518.0": 0.7880857155530446, "8413174.0--9222309.0": 0.7391244341759475, "8413174.0--9216595.0": 0.7440116507526908, "8413174.0--9216538.0": 0.7702637533042688, "8413174.0--9216549.0": 0.7879803116106521, "8413174.0--9216559.0": 0.8594685596467184, "8413174.0--9222376.0": 0.7591472950864512, "8413174.0--9222374.0": 0.8193211307881759, "8413174.0--9224194.0": 0.7856640789994168, "8413174.0--9222254.0": 0.7921000088755916, "8413174.0--9222049.0": 0.7914602419774599, "8413174.0--9222562.0": 0.7827177807955993, "8413174.0--9226126.0": 0.7714573258431161, "8413174.0--9240062.0": 0.7821335137771233, "8413174.0--9226101.0": 0.7632208839447356, "8413174.0--9222377.0": 0.7716045089676766, "8413174.0--9233392.0": 0.8000445679229702, "8413174.0--9222093.0": 0.7946100891704696, "8413174.0--9224154.0": 0.765920580907693, "8413174.0--9240061.0": 0.784136514271551, "8413174.0--9222512.0": 0.8080334804469953, "8413174.0--9241413.0": 0.754927045494033, "8413174.0--9224646.0": 0.7837968551186159, "8413174.0--9222372.0": 0.735628575788501, "8413174.0--9222253.0": 0.7971743267990943, "8413174.0--9222092.0": 0.8068467148439795, "8413174.0--9222271.0": 0.8200011261052946, "8413174.0--9230431.0": 0.7687486696767138, "8413174.0--9222076.0": 0.8122384423184662, "8413174.0--9222053.0": 0.7743225342598525, "8413174.0--9216532.0": 0.7711455441179345, "8413174.0--9222085.0": 0.7642464919669691, "8413174.0--9216629.0": 0.7594497618648446, "8413174.0--9308630.0": 0.7648912216608567, "8413174.0--9308624.0": 0.7653987001144928, "8413174.0--9219240.0": 0.7698590265637921, "8413174.0--9216630.0": 0.7888423883636444, "8413174.0--9217981.0": 0.7744711286409217, "8413174.0--9224153.0": 0.758885330396731, "8413174.0--9286505.0": 0.7697703501812675, "8413174.0--9216512.0": 0.7730892508184621, "8413174.0--9216579.0": 0.7535810061212698, "8413174.0--9222249.0": 0.7632355774718317, "8413174.0--9222367.0": 0.7390098982440625, "8413174.0--9222325.0": 0.735695949006024, "8413174.0--9222510.0": 0.7613422127602424, "8413174.0--9246250.0": 0.7505992282240699, "8413174.0--9308627.0": 0.7854562564887612, "8413174.0--9224186.0": 0.7856551336867845, "8413174.0--9229232.0": 0.7476804890358806, "8413174.0--9226404.0": 0.7908968848935021, "8413174.0--9308631.0": 0.7719528070156749, "8413174.0--9222255.0": 0.7797275067146552, "8413174.0--9222261.0": 0.7535999135233913, "8413174.0--9222338.0": 0.7712096451993504, "8413174.0--9222284.0": 0.7915794726922791, "8413174.0--9230430.0": 0.7810272035319459, "8413174.0--9308622.0": 0.7139723704338222, "8413174.0--9286903.0": 0.7118291315530514, "8413174.0--9234473.0": 0.758318779457049, "8413174.0--9241426.0": 0.7852355973874653, "8413174.0--9222269.0": 0.7951017158583771, "8413174.0--9237999.0": 0.7918654452220859, "8413174.0--9222072.0": 0.7553398395580915, "8413174.0--9224197.0": 0.7567757935366677, "8413174.0--9246282.0": 0.7945790890381723, "8413174.0--9222314.0": 0.7533255714667053, "8413174.0--9222357.0": 0.7578475825553876, "8413174.0--9222086.0": 0.7600672780261843, "8413174.0--9222360.0": 0.7637380367343762, "8413174.0--9222065.0": 0.7692231082785157, "8413174.0--9228894.0": 0.81476557968844, "8413174.0--9233264.0": 0.79911917325333, "8413174.0--9222343.0": 0.7495006132028419, "8413174.0--9308621.0": 0.732044449548793, "8413174.0--9308625.0": 0.7900040103971153, "8413174.0--9241744.0": 0.7604355120909168, "8413174.0--9308629.0": 0.79116501329511, "8413174.0--9222068.0": 0.7359992896263187, "8413174.0--9222248.0": 0.8108522058203579, "8413174.0--9222274.0": 0.7448457761833975, "8413174.0--9229116.0": 0.7885941682783477, "8413174.0--9233993.0": 0.7931662859749105, "8413174.0--9308623.0": 0.7984560032990641, "8413174.0--9222553.0": 0.7611056894830798, "8413174.0--9222341.0": 0.7727990686714514, "8413174.0--9222346.0": 0.7766999678273756, "8413174.0--9308628.0": 0.77507396574489, "8413174.0--9222294.0": 0.7535313963201801, "8413174.0--9241732.0": 0.7873514133594166, "8413174.0--9222060.0": 0.7903719831099535, "8413174.0--9222280.0": 0.7848520827248614}