{"8440833.0--8444072.0": 0.7988531053068054, "8440812.0--8440833.0": 0.8078847212320476, "8440809.0--8440833.0": 0.8049429136042272, "8440833.0--8454904.0": 0.8013810534752644, "8440833.0--8440846.0": 0.8063123542558238, "8440830.0--8440833.0": 0.7711543392131383, "8440833.0--8444077.0": 0.7841662183940872, "8440833.0--8440847.0": 0.7988788295444148, "8440833.0--8440849.0": 0.7768807708132148, "8440833.0--8443124.0": 0.780769117524029, "8440833.0--8440843.0": 0.769734322967029, "8440833.0--8807265.0": 0.7936128317044427, "8440833.0--8816695.0": 0.8082885019172261, "8440833.0--8805426.0": 0.7788142516880578, "8440833.0--8805421.0": 0.7755209102594455, "8440833.0--8812684.0": 0.7585239274317672, "8440833.0--8805461.0": 0.7817174158318272, "8440833.0--8807255.0": 0.7751905399837408, "8440833.0--8805460.0": 0.7590027861830589, "8440833.0--8807292.0": 0.7889122084470219, "8440833.0--8807354.0": 0.7767880214826913, "8440833.0--8809711.0": 0.7736951797952366, "8440833.0--8805422.0": 0.7763234481779893, "8440833.0--8805424.0": 0.7849700748191648, "8440833.0--8794517.0": 0.746737722161523, "8440833.0--8805451.0": 0.7533279529037018, "8440833.0--8807223.0": 0.7385617394134993, "8440833.0--8794560.0": 0.7637533552057346, "8440833.0--8481543.0": 0.7629364602960149, "8440833.0--8802285.0": 0.7427145448546927, "8440833.0--8807245.0": 0.7746210381938508, "8440833.0--8805456.0": 0.7798268923870613, "8440833.0--8827944.0": 0.7570367173727649, "8440833.0--8807296.0": 0.7761343712907101, "8440833.0--8827951.0": 0.7707395734296336, "8440833.0--8854335.0": 0.784650170315149, "8440833.0--8805446.0": 0.7575128532807452, "8440833.0--8805436.0": 0.762126531274284, "8440833.0--8805433.0": 0.737834057496108, "8440833.0--8546802.0": 0.7856432437856511, "8440833.0--8805427.0": 0.7810822504812824, "8440833.0--8836120.0": 0.7998824599258103, "8440833.0--8794768.0": 0.7763734642820475, "8440833.0--8809750.0": 0.8074576152771655, "8440833.0--8820172.0": 0.8209368631447544, "8440833.0--8476234.0": 0.8007568404409997, "8440833.0--8807314.0": 0.7501617372248037, "8440833.0--8794520.0": 0.8017038198350108, "8440833.0--8805452.0": 0.7778007653189823, "8440833.0--8805462.0": 0.7774195544511928, "8440833.0--8807275.0": 0.7792176609896281, "8419285.0--8440833.0": 0.7670843432153195, "8440833.0--8807379.0": 0.7848031662676198, "8440833.0--8807234.0": 0.8107139608973061, "8423100.0--8440833.0": 0.7661882367249853, "8440833.0--8805455.0": 0.7417430941501916, "8440833.0--8727493.0": 0.7302651733611895, "8440833.0--8807369.0": 0.727326381567855, "8440833.0--8532319.0": 0.7571820832683058, "8419325.0--8440833.0": 0.7490940747835411, "8440833.0--8805430.0": 0.769022357739969, "8440833.0--8807301.0": 0.7923094103950447, "8440833.0--8713940.0": 0.7996184096188433, "8440833.0--8637795.0": 0.7970083664265305, "7999244.0--8440833.0": 0.7849087250308799, "8440833.0--8805439.0": 0.7529122115632234, "8440833.0--8805428.0": 0.8042572598532469, "8440833.0--8809223.0": 0.7820849675712558, "8440833.0--8795584.0": 0.7984934976496478, "8440833.0--8807264.0": 0.7565869934546318, "8440833.0--8805431.0": 0.7620274764602775, "8440833.0--8453863.0": 0.7727376971447985, "8400404.0--8440833.0": 0.7613463195233772, "8440833.0--8809834.0": 0.7734515784696154, "8440833.0--8663447.0": 0.7723576023094032, "8440833.0--8807213.0": 0.8240270310223372, "8440833.0--8640251.0": 0.7999781244257533, "8440833.0--8807220.0": 0.8069736268687864, "8440833.0--8617736.0": 0.7673405567995415, "8440833.0--8617746.0": 0.7669012637215906, "8440833.0--8640072.0": 0.8062260048488177, "8440833.0--8636208.0": 0.7989014923126806, "8440833.0--8805458.0": 0.7974811046535057, "8440833.0--8807271.0": 0.7829125017268794, "8440833.0--8809678.0": 0.7877677241875101, "8440833.0--8807226.0": 0.8136747510935416, "8440833.0--8805467.0": 0.7950546068494869, "8440833.0--8611113.0": 0.7889131802078126, "8440833.0--8854316.0": 0.8057357471205097, "8440833.0--8794607.0": 0.7722519499125022, "8440833.0--8805418.0": 0.8075237412253995, "8440833.0--8836087.0": 0.7846549295064498, "8440833.0--8807283.0": 0.8006243470637129, "8440833.0--8820171.0": 0.788345565231071, "8440833.0--8807288.0": 0.7554771010500607, "8440833.0--8807302.0": 0.7492309310072804, "8440833.0--8805466.0": 0.7653831335305101, "8440833.0--8807351.0": 0.7735423308103381, "8440833.0--8805420.0": 0.7813737094852294, "8440833.0--8807299.0": 0.7743426193652281, "8440833.0--8812988.0": 0.7679632843450307, "8440833.0--8807294.0": 0.7946425427885434, "8440833.0--8805434.0": 0.7949205862615444, "8440833.0--8732351.0": 0.7593230293999178, "8440833.0--8807232.0": 0.7845856270232011, "8419271.0--8440833.0": 0.7535255307656332, "8440833.0--8625484.0": 0.7712231143912914, "8440833.0--8807349.0": 0.8043318433522303, "8440833.0--8809730.0": 0.7934265570635183, "8440833.0--8730513.0": 0.793155898935629, "8440833.0--8809833.0": 0.7893886007146307, "8440833.0--8523628.0": 0.7689682240207161, "8434356.0--8440833.0": 0.7671632193258157, "8440833.0--8807303.0": 0.7984566297462699, "8440833.0--8811606.0": 0.7872744136574052, "8440833.0--8807244.0": 0.781808732443136, "8440833.0--8490694.0": 0.7829295353819943, "8440833.0--8809844.0": 0.7765359962838934, "8440833.0--8809850.0": 0.7869856940168921, "8440833.0--8805445.0": 0.7429766259487627, "8412138.0--8440833.0": 0.7751811895316365, "8440833.0--8807247.0": 0.7590546553115476, "8440833.0--8848845.0": 0.7763763706605005, "8440833.0--8695851.0": 0.8117804800473618, "8440833.0--8713907.0": 0.8237957882322635, "8440833.0--8809847.0": 0.8129129863813404, "8440833.0--8727480.0": 0.7999863397533006, "8440833.0--8706590.0": 0.8112069193146132, "8440833.0--8735916.0": 0.7765626366285505, "8440833.0--8474512.0": 0.7804745459257323, "8440833.0--8809845.0": 0.7504537808178338, "8440833.0--8540796.0": 0.7859474265270046, "8440833.0--8807233.0": 0.7640195194953954, "8440833.0--8617747.0": 0.7419470165334493, "8440833.0--8474486.0": 0.7905320966863794, "8440833.0--8474516.0": 0.8014897536602938, "8440833.0--8663650.0": 0.7757455896367079, "8440833.0--8663646.0": 0.7715997170331462, "8440833.0--8794553.0": 0.7594812713810413, "8440833.0--8863966.0": 0.7543963381338403, "8440833.0--8525340.0": 0.7665413151263532, "8440833.0--8805448.0": 0.7609468748617889, "8405549.0--8440833.0": 0.7859765227305648, "8440833.0--8611178.0": 0.773356098678424, "8440833.0--8827593.0": 0.7614972037266736, "8440833.0--8805463.0": 0.739137879263858, "8440833.0--8805457.0": 0.8039120637512502, "8440833.0--8805442.0": 0.7981558825202794, "8440833.0--8807266.0": 0.7919830486949968, "8440833.0--8813126.0": 0.7889094572570318, "8440833.0--8585103.0": 0.7751882308626187, "8440833.0--8807235.0": 0.776071530291361, "8440833.0--8585048.0": 0.8102197512382379, "8440833.0--8809843.0": 0.7526811691385427, "8440833.0--8809842.0": 0.7499421976580656, "8440833.0--8842614.0": 0.7329472447185955, "8440833.0--8805441.0": 0.7066748824648846, "8440833.0--8809920.0": 0.722623668939331, "8440833.0--8663312.0": 0.7528955766534996, "8440833.0--8477126.0": 0.794020167725654, "8440833.0--8807224.0": 0.790927388424361, "8440833.0--8807355.0": 0.7566051118655378, "8440833.0--8807320.0": 0.7857675529008231, "8440833.0--8665933.0": 0.7856387054039474, "8440833.0--8845772.0": 0.7712092293045429, "8440833.0--8812989.0": 0.8061618933928353, "8440833.0--8636969.0": 0.7813099154354007, "8440833.0--8805450.0": 0.7515540222743, "8440833.0--8807243.0": 0.7739214566665186, "8440833.0--8805443.0": 0.7732868996197686, "8440833.0--8673661.0": 0.7836407427025883, "8440833.0--8805419.0": 0.7512196261065975, "8440833.0--8451903.0": 0.7674973390045365, "8440833.0--8805429.0": 0.7736305023301071, "8440833.0--8809846.0": 0.7593591384904821, "8440833.0--8809832.0": 0.817811336846726, "8413174.0--8440833.0": 0.7494311161860867, "8440833.0--8494817.0": 0.7401814070695216, "8440833.0--8637778.0": 0.7459153287362834, "8440833.0--8809742.0": 0.7864993071026206, "8440833.0--8807280.0": 0.8437399254954956, "8440833.0--8807274.0": 0.8256773277693927,