{"8585613.0--8585638.0": 0.76947408896425, "8585613.0--8585647.0": 0.8143790094311176, "8585613.0--8585646.0": 0.7918985234095626, "8585613.0--8585658.0": 0.7770358790154107, "8585613.0--8585669.0": 0.7969942030810871, "8585613.0--8585665.0": 0.7598693716942723, "8585613.0--8585720.0": 0.7936636112408602, "8585613.0--8585733.0": 0.7855069352003418, "8585613.0--8585721.0": 0.7948513224976496, "8454906.0--8585613.0": 0.7830637800628883, "8457259.0--8585613.0": 0.8140437214693278, "8440091.0--8585613.0": 0.804973156990868, "8440097.0--8585613.0": 0.7669091985934813, "8440049.0--8585613.0": 0.7656379446449695, "8440034.0--8585613.0": 0.7570826095792992, "8454905.0--8585613.0": 0.7519070901930535, "8440039.0--8585613.0": 0.8029260626484804, "8440086.0--8585613.0": 0.7430741945275138, "8445644.0--8585613.0": 0.7538851532397381, "8494830.0--8585613.0": 0.7641534705051847, "8440038.0--8585613.0": 0.8100797191350582, "8440110.0--8585613.0": 0.7691318363975659, "8440109.0--8585613.0": 0.7615654286551046, "8453873.0--8585613.0": 0.7705262251890691, "8440115.0--8585613.0": 0.8246876947774663, "8467383.0--8585613.0": 0.7647936362284902, "8440120.0--8585613.0": 0.8037014058828615, "8440076.0--8585613.0": 0.7752972375311318, "8440043.0--8585613.0": 0.7734783918118208, "8467535.0--8585613.0": 0.8007474332070352, "8440121.0--8585613.0": 0.8613138663069013, "8440044.0--8585613.0": 0.8018884999869536, "8440089.0--8585613.0": 0.7892639436254704, "8440052.0--8585613.0": 0.7875733009545567, "8440085.0--8585613.0": 0.8077798633204352, "8440070.0--8585613.0": 0.7859949540909926, "8440048.0--8585613.0": 0.8055462567129188, "8440118.0--8585613.0": 0.7930123997044843, "8440081.0--8585613.0": 0.7721259454984641, "8440102.0--8585613.0": 0.7885839817913592, "8440080.0--8585613.0": 0.7718432533309729, "8440096.0--8585613.0": 0.7638288723472791, "8440124.0--8585613.0": 0.7689027240360211, "8440063.0--8585613.0": 0.7674741187672075, "8440037.0--8585613.0": 0.7806514898733038, "8440040.0--8585613.0": 0.7759288143139367, "8440056.0--8585613.0": 0.7949904059706947, "8440116.0--8585613.0": 0.7514614768993548, "8444102.0--8585613.0": 0.7521864298456442, "8440824.0--8585613.0": 0.7948825990864301, "8493612.0--8585613.0": 0.7397245545631639, "8440850.0--8585613.0": 0.8014474906465376, "8456856.0--8585613.0": 0.806237655361214, "8447439.0--8585613.0": 0.8004234477519717, "8440805.0--8585613.0": 0.7831566457133509, "8440811.0--8585613.0": 0.7948442552409214, "8440856.0--8585613.0": 0.8502085965763637, "8440822.0--8585613.0": 0.8084586325231905, "8440828.0--8585613.0": 0.8006748665154471, "8440851.0--8585613.0": 0.7835250663441375, "8457476.0--8585613.0": 0.7695582846465666, "8440848.0--8585613.0": 0.7521933912848199, "8440839.0--8585613.0": 0.7824935115353029, "8443395.0--8585613.0": 0.7795635354248251, "8440832.0--8585613.0": 0.755688688298065, "8440816.0--8585613.0": 0.7882505753371384, "8440835.0--8585613.0": 0.7795932716238012, "8440818.0--8585613.0": 0.8266130755374608, "8440853.0--8585613.0": 0.8078509751182721, "8440840.0--8585613.0": 0.8432237270903066, "8440857.0--8585613.0": 0.7946948500447957, "8449328.0--8585613.0": 0.7655921228193319, "8440829.0--8585613.0": 0.816006741031162, "8440807.0--8585613.0": 0.7528769239330966, "8440831.0--8585613.0": 0.7972739905682353, "8440852.0--8585613.0": 0.8048084534587674, "8440841.0--8585613.0": 0.7652531316545487, "8440859.0--8585613.0": 0.7799113723284838, "8440821.0--8585613.0": 0.7831957104597306, "8440842.0--8585613.0": 0.7694010305769641, "8443131.0--8585613.0": 0.7609335775539439, "8440815.0--8585613.0": 0.787431454068864, "8500765.0--8585613.0": 0.7939853582765599, "8440804.0--8585613.0": 0.8032489151381561, "8454276.0--8585613.0": 0.7851909982651823, "8464305.0--8585613.0": 0.7997725772331126, "8494828.0--8585613.0": 0.7930978269139698, "8440825.0--8585613.0": 0.7756262517317971, "8440814.0--8585613.0": 0.8127975756997902, "8440838.0--8585613.0": 0.8182620812254765, "8440855.0--8585613.0": 0.7953042768137452, "8454489.0--8585613.0": 0.8068002407655952, "8440834.0--8585613.0": 0.7318901966785104, "8440826.0--8585613.0": 0.8509951376091638, "8440823.0--8585613.0": 0.8295479993269632, "8440845.0--8585613.0": 0.7993908159079344, "8440810.0--8585613.0": 0.7863635908230774, "8440806.0--8585613.0": 0.7651899999219656, "8440817.0--8585613.0": 0.7772530612800815, "8440813.0--8585613.0": 0.8229064085681839, "8443125.0--8585613.0": 0.7838409141640739, "8456575.0--8585613.0": 0.804231262380732, "8440860.0--8585613.0": 0.7677290086966724, "8454343.0--8585613.0": 0.7733687994378672, "8440803.0--8585613.0": 0.7806782522915754, "8454344.0--8585613.0": 0.8258813162531801, "8440854.0--8585613.0": 0.8149825584016475, "8454346.0--8585613.0": 0.7844469659617724, "8440827.0--8585613.0": 0.7511601399185053, "8440836.0--8585613.0": 0.7801405297363226, "8440844.0--8585613.0": 0.788558462084348, "8440808.0--8585613.0": 0.8174289280997458, "8440837.0--8585613.0": 0.8111185421543451, "8440858.0--8585613.0": 0.7468051289109217, "8440820.0--8585613.0": 0.7805168763593815, "8440833.0--8585613.0": 0.7531193882481901, "8444072.0--8585613.0": 0.7793383633616234, "8440812.0--8585613.0": 0.8199228228670021, "8440809.0--8585613.0": 0.7938118497310565, "8454904.0--8585613.0": 0.7855563968506409, "8440846.0--8585613.0": 0.7675179530963024, "8440830.0--8585613.0": 0.7687989219719994, "8444077.0--8585613.0": 0.7804833691071392, "8440847.0--8585613.0": 0.7986682939106853, "8440849.0--8585613.0": 0.7964005280217507, "8443124.0--8585613.0": 0.8243944372145863, "8440843.0--8585613.0": 0.7883681016231803, "8585613.0--8807265.0": 0.7810965587887189, "8585613.0--8816695.0": 0.7873171286130387, "8585613.0--8805426.0": 0.7828941312180369, "8585613.0--8805421.0": 0.787408649595266, "8585613.0--8812684.0": 0.7781174123509003, "8585613.0--8805461.0": 0.8134123977490948, "8585613.0--8807255.0": 0.756619055917883, "8585613.0--8805460.0": 0.7707453541526906, "8585613.0--8807292.0": 0.7967536611410475, "8585613.0--8807354.0": 0.7957661976829644, "8585613.0--8809711.0": 0.7707347698374784, "8585613.0--8805422.0": 0.739769478580439, "8585613.0--8805424.0": 0.7668821740621689, "8585613.0--8794517.0": 0.7835812169075362, "8585613.0--8805451.0": 0.7868520497010003, "8585613.0--8807223.0": 0.7476928309879344, "8585613.0--8794560.0": 0.8052758466670874, "8481543.0--8585613.0": 0.8134938294030734, "8585613.0--8802285.0": 0.7444368863760106, "8585613.0--8807245.0": 0.8090753412432945, "8585613.0--8805456.0": 0.7804857222275496, "8585613.0--8827944.0": 0.7632942464940413, "8585613.0--8807296.0": 0.7842332956274602, "8585613.0--8827951.0": 0.7630950370780691, "8585613.0--8854335.0": 0.793949354499289, "8585613.0--8805446.0": 0.8078490277272523, "8585613.0--8805436.0": 0.807833869361496, "8585613.0--8805433.0": 0.7636634932761301, "8546802.0--8585613.0": 0.8262154410595626, "8585613.0--8805427.0": 0.7816839107653044, "8585613.0--8836120.0": 0.810982937441592, "8585613.0--8794768.0": 0.7893054787635583, "8585613.0--8809750.0": 0.8235816211513985, "8585613.0--8820172.0": 0.819009869425175, "8476234.0--8585613.0": 0.797297433336095, "8585613.0--8807314.0": 0.7701886104760154, "8585613.0--8794520.0": 0.8227676779440005, "8585613.0--8805452.0": 0.8181382964027026, "8585613.0--8805462.0": 0.7823586009206785, "8585613.0--8807275.0": 0.8079418103101936, "8419285.0--8585613.0": 0.7837692569241029, "8585613.0--8807379.0": 0.8084349508716464, "8585613.0--8807234.0": 0.8121570651347793, "8423100.0--8585613.0": 0.8071945564212604, "8585613.0--8805455.0": 0.762396706382357, "8585613.0--8727493.0": 0.7690448854187717, "8585613.0--8807369.0": 0.7537267983212681, "8532319.0--8585613.0": 0.7910880278128094, "8419325.0--8585613.0": 0.7757450905239982, "8585613.0--8805430.0": 0.7729679576865941, "8585613.0--8807301.0": 0.7857395086669644, "8585613.0--8713940.0": 0.7861037091790931, "8585613.0--8637795.0": 0.8010489020432477, "7999244.0--8585613.0": 0.7871724667106272, "8585613.0--8805439.0": 0.7875133579516453,