{"8440831.0--8440852.0": 0.839637007144728, "8440831.0--8440841.0": 0.7985176282040788, "8440831.0--8440859.0": 0.7855186145139732, "8440821.0--8440831.0": 0.7955142662854279, "8440831.0--8440842.0": 0.830696012178409, "8440831.0--8443131.0": 0.7714082903800498, "8440815.0--8440831.0": 0.8101833799084204, "8440831.0--8500765.0": 0.8726021721930349, "8440804.0--8440831.0": 0.7787449851025995, "8440831.0--8454276.0": 0.7974069809007057, "8440831.0--8464305.0": 0.8088809729717195, "8440831.0--8494828.0": 0.7888407315074469, "8440825.0--8440831.0": 0.7892063504877235, "8440814.0--8440831.0": 0.8192039754306726, "8440831.0--8440838.0": 0.8318184266704323, "8440831.0--8440855.0": 0.7988792203880535, "8440831.0--8454489.0": 0.8267540994267283, "8440831.0--8440834.0": 0.7749226955363466, "8440826.0--8440831.0": 0.8169451035278299, "8440823.0--8440831.0": 0.7818475267322016, "8440831.0--8440845.0": 0.7929196494344991, "8440810.0--8440831.0": 0.8146909749894716, "8440806.0--8440831.0": 0.7753448717801085, "8440817.0--8440831.0": 0.76693802410193, "8440813.0--8440831.0": 0.8284383026553369, "8440831.0--8443125.0": 0.7675581468052768, "8440831.0--8456575.0": 0.8143261685877122, "8440831.0--8440860.0": 0.8352266509740309, "8440831.0--8454343.0": 0.7989912942369031, "8440803.0--8440831.0": 0.8129783696830817, "8440831.0--8454344.0": 0.8210435624169716, "8440831.0--8440854.0": 0.8287483595933629, "8440831.0--8454346.0": 0.787895742843719, "8440827.0--8440831.0": 0.7792767648808323, "8440831.0--8440836.0": 0.8024651181719084, "8440831.0--8440844.0": 0.7824537981740918, "8440808.0--8440831.0": 0.8078836248470785, "8440831.0--8440837.0": 0.7864704604491086, "8440831.0--8440858.0": 0.7883216557405969, "8440820.0--8440831.0": 0.7792836310874601, "8440831.0--8440833.0": 0.7969958418653148, "8440831.0--8444072.0": 0.8122602432130459, "8440812.0--8440831.0": 0.7948403881836059, "8440809.0--8440831.0": 0.7989196559450455, "8440831.0--8454904.0": 0.8391678660908872, "8440831.0--8440846.0": 0.7821037942250469, "8440830.0--8440831.0": 0.7999009907324145, "8440831.0--8444077.0": 0.7908521786381105, "8440831.0--8440847.0": 0.8346347671966066, "8440831.0--8440849.0": 0.8092815209770409, "8440831.0--8443124.0": 0.8102476550811768, "8440831.0--8440843.0": 0.7783954343932298, "8440831.0--8807265.0": 0.8182077748521033, "8440831.0--8816695.0": 0.7935244571318985, "8440831.0--8805426.0": 0.7889065832112174, "8440831.0--8805421.0": 0.7996036492953166, "8440831.0--8812684.0": 0.7794777176801326, "8440831.0--8805461.0": 0.7906018337566308, "8440831.0--8807255.0": 0.7879285939568383, "8440831.0--8805460.0": 0.7744354644658425, "8440831.0--8807292.0": 0.8128416283062126, "8440831.0--8807354.0": 0.8207542156975722, "8440831.0--8809711.0": 0.8003513379959931, "8440831.0--8805422.0": 0.7695841941858181, "8440831.0--8805424.0": 0.7847574047293979, "8440831.0--8794517.0": 0.7904595055410721, "8440831.0--8805451.0": 0.766470141492909, "8440831.0--8807223.0": 0.7580968049040522, "8440831.0--8794560.0": 0.8005725628652307, "8440831.0--8481543.0": 0.7883234167838014, "8440831.0--8802285.0": 0.759615039749557, "8440831.0--8807245.0": 0.807946136575955, "8440831.0--8805456.0": 0.781850198536995, "8440831.0--8827944.0": 0.8049568526419667, "8440831.0--8807296.0": 0.7939057185973188, "8440831.0--8827951.0": 0.788755711310995, "8440831.0--8854335.0": 0.8199022872563397, "8440831.0--8805446.0": 0.7733351025090077, "8440831.0--8805436.0": 0.7815652394181142, "8440831.0--8805433.0": 0.7495145424988887, "8440831.0--8546802.0": 0.8155044057518746, "8440831.0--8805427.0": 0.7675680960937348, "8440831.0--8836120.0": 0.7985073210406057, "8440831.0--8794768.0": 0.7709899874716437, "8440831.0--8809750.0": 0.7856290141175829, "8440831.0--8820172.0": 0.8376901299650145, "8440831.0--8476234.0": 0.8061689369525742, "8440831.0--8807314.0": 0.7639186044747407, "8440831.0--8794520.0": 0.8257814162202588, "8440831.0--8805452.0": 0.8066146784365242, "8440831.0--8805462.0": 0.7872865641875773, "8440831.0--8807275.0": 0.802971502463634, "8419285.0--8440831.0": 0.777080338510056, "8440831.0--8807379.0": 0.8179792242306535, "8440831.0--8807234.0": 0.8171696391791662, "8423100.0--8440831.0": 0.8045848573858178, "8440831.0--8805455.0": 0.7468306980203305, "8440831.0--8727493.0": 0.7453788223192461, "8440831.0--8807369.0": 0.7356152058516437, "8440831.0--8532319.0": 0.7660389497589315, "8419325.0--8440831.0": 0.7699799319705066, "8440831.0--8805430.0": 0.7910935630962687, "8440831.0--8807301.0": 0.8193128511096942, "8440831.0--8713940.0": 0.8445119055455235, "8440831.0--8637795.0": 0.8222515109995769, "7999244.0--8440831.0": 0.8170642205534211, "8440831.0--8805439.0": 0.8145707603587808, "8440831.0--8805428.0": 0.7890066622267992, "8440831.0--8809223.0": 0.810331626292567, "8440831.0--8795584.0": 0.807710951084626, "8440831.0--8807264.0": 0.7821156246897112, "8440831.0--8805431.0": 0.771709801325702, "8440831.0--8453863.0": 0.7681400766167542, "8400404.0--8440831.0": 0.7910159816984315, "8440831.0--8809834.0": 0.7954586231229039, "8440831.0--8663447.0": 0.7741699759331584, "8440831.0--8807213.0": 0.833203432436108, "8440831.0--8640251.0": 0.7972513379274679, "8440831.0--8807220.0": 0.8267182379658689, "8440831.0--8617736.0": 0.8009404533341645, "8440831.0--8617746.0": 0.7747032276391408, "8440831.0--8640072.0": 0.8118904994119789, "8440831.0--8636208.0": 0.8188077916190746, "8440831.0--8805458.0": 0.8027564435930493, "8440831.0--8807271.0": 0.802340932267085, "8440831.0--8809678.0": 0.7927902639641015, "8440831.0--8807226.0": 0.8311420625364591, "8440831.0--8805467.0": 0.8128667482739174, "8440831.0--8611113.0": 0.8046041804945753, "8440831.0--8854316.0": 0.8094893314596943, "8440831.0--8794607.0": 0.8046053199546928, "8440831.0--8805418.0": 0.7636735579999094, "8440831.0--8836087.0": 0.7974865047595067, "8440831.0--8807283.0": 0.812697334364581, "8440831.0--8820171.0": 0.7980371717664412, "8440831.0--8807288.0": 0.7684150922672937, "8440831.0--8807302.0": 0.7604672717532084, "8440831.0--8805466.0": 0.8062373647540584, "8440831.0--8807351.0": 0.7984222247927868, "8440831.0--8805420.0": 0.7892838176737023, "8440831.0--8807299.0": 0.8251856838084795, "8440831.0--8812988.0": 0.7993098777768133, "8440831.0--8807294.0": 0.7871106788040889, "8440831.0--8805434.0": 0.8267346742321828, "8440831.0--8732351.0": 0.8132001288987701, "8440831.0--8807232.0": 0.7841314369188856, "8419271.0--8440831.0": 0.7731719729287999, "8440831.0--8625484.0": 0.7982555092596035, "8440831.0--8807349.0": 0.831981297071351, "8440831.0--8809730.0": 0.8218081867704412, "8440831.0--8730513.0": 0.7984478090140098, "8440831.0--8809833.0": 0.8326376560686019, "8440831.0--8523628.0": 0.78190212265342, "8434356.0--8440831.0": 0.7965698380883239, "8440831.0--8807303.0": 0.8235254955289018, "8440831.0--8811606.0": 0.7811851853087444, "8440831.0--8807244.0": 0.768793068376177, "8440831.0--8490694.0": 0.8140517878448315, "8440831.0--8809844.0": 0.7932387049198195, "8440831.0--8809850.0": 0.8021989745268465, "8440831.0--8805445.0": 0.7716459596053119, "8412138.0--8440831.0": 0.8122071949842677, "8440831.0--8807247.0": 0.767600846193079, "8440831.0--8848845.0": 0.7754356430952176, "8440831.0--8695851.0": 0.7993282021328363, "8440831.0--8713907.0": 0.8187628966945277, "8440831.0--8809847.0": 0.8364550182193556, "8440831.0--8727480.0": 0.8145210233006102, "8440831.0--8706590.0": 0.8036246496879162, "8440831.0--8735916.0": 0.8095229607937108, "8440831.0--8474512.0": 0.8060539605910858, "8440831.0--8809845.0": 0.7708313160893528, "8440831.0--8540796.0": 0.8349547079873305, "8440831.0--8807233.0": 0.8168505938159214, "8440831.0--8617747.0": 0.777311070277401, "8440831.0--8474486.0": 0.7996353664554188, "8440831.0--8474516.0": 0.8134048578984774, "8440831.0--8663650.0": 0.7714733594558454, "8440831.0--8663646.0": 0.7939479588936607, "8440831.0--8794553.0": 0.7973335626639928, "8440831.0--8863966.0": 0.7859414858672475, "8440831.0--8525340.0": 0.7500683179374376,