{"8794768.0--8836120.0": 0.8405385852589466, "8809750.0--8836120.0": 0.7951961894267112, "8820172.0--8836120.0": 0.8200516337370923, "8476234.0--8836120.0": 0.8217546228316245, "8807314.0--8836120.0": 0.75108735972445, "8794520.0--8836120.0": 0.8212519219130393, "8805452.0--8836120.0": 0.8176595165882516, "8805462.0--8836120.0": 0.7528187185755784, "8807275.0--8836120.0": 0.7986783813615526, "8419285.0--8836120.0": 0.8019967297709162, "8807379.0--8836120.0": 0.8072874674090915, "8807234.0--8836120.0": 0.8129090881428351, "8423100.0--8836120.0": 0.8037380768443813, "8805455.0--8836120.0": 0.7676692142057804, "8727493.0--8836120.0": 0.7560884367768547, "8807369.0--8836120.0": 0.7530794273386667, "8532319.0--8836120.0": 0.7676752417116539, "8419325.0--8836120.0": 0.7555143361897759, "8805430.0--8836120.0": 0.8069048860213446, "8807301.0--8836120.0": 0.7935418978390413, "8713940.0--8836120.0": 0.7999122503175682, "8637795.0--8836120.0": 0.8091324846973258, "7999244.0--8836120.0": 0.7921112546600617, "8805439.0--8836120.0": 0.7855200916546918, "8805428.0--8836120.0": 0.8269766837412145, "8809223.0--8836120.0": 0.8443682359391482, "8795584.0--8836120.0": 0.7984854338462033, "8807264.0--8836120.0": 0.7575228049103193, "8805431.0--8836120.0": 0.7993996183414184, "8453863.0--8836120.0": 0.7890851544804972, "8400404.0--8836120.0": 0.7931959774055878, "8809834.0--8836120.0": 0.8116370007051883, "8663447.0--8836120.0": 0.8051770496276075, "8807213.0--8836120.0": 0.8292078078321978, "8640251.0--8836120.0": 0.8017760226887014, "8807220.0--8836120.0": 0.8263734588972018, "8617736.0--8836120.0": 0.8002005928177105, "8617746.0--8836120.0": 0.75909992087255, "8640072.0--8836120.0": 0.8093970433643873, "8636208.0--8836120.0": 0.809347513877468, "8805458.0--8836120.0": 0.835803879817165, "8807271.0--8836120.0": 0.8115312582605573, "8809678.0--8836120.0": 0.8274706222256388, "8807226.0--8836120.0": 0.8226554137074128, "8805467.0--8836120.0": 0.8057094594683654, "8611113.0--8836120.0": 0.7806395819397256, "8836120.0--8854316.0": 0.7983101005626368, "8794607.0--8836120.0": 0.7894777503615822, "8805418.0--8836120.0": 0.7794851258111606, "8836087.0--8836120.0": 0.8170931397206536, "8807283.0--8836120.0": 0.7686395393365084, "8820171.0--8836120.0": 0.7956097665609457, "8807288.0--8836120.0": 0.7315671795128155, "8807302.0--8836120.0": 0.7520908197250189, "8805466.0--8836120.0": 0.7876458395802466, "8807351.0--8836120.0": 0.7715455352079291, "8805420.0--8836120.0": 0.7866279444208145, "8807299.0--8836120.0": 0.7647659964353463, "8812988.0--8836120.0": 0.7727780478271106, "8807294.0--8836120.0": 0.7878793658289963, "8805434.0--8836120.0": 0.8138516573941093, "8732351.0--8836120.0": 0.7825610071823808, "8807232.0--8836120.0": 0.7765285117795273, "8419271.0--8836120.0": 0.765713934833783, "8625484.0--8836120.0": 0.801159798346198, "8807349.0--8836120.0": 0.7933022781092915, "8809730.0--8836120.0": 0.7966405832831993, "8730513.0--8836120.0": 0.7958754052134847, "8809833.0--8836120.0": 0.8072203577843321, "8523628.0--8836120.0": 0.7475748590282003, "8434356.0--8836120.0": 0.7941212782288831, "8807303.0--8836120.0": 0.8144437196116252, "8811606.0--8836120.0": 0.7916711460051109, "8807244.0--8836120.0": 0.7874782363391414, "8490694.0--8836120.0": 0.821570738368941, "8809844.0--8836120.0": 0.7796729787088701, "8809850.0--8836120.0": 0.8494094539135238, "8805445.0--8836120.0": 0.7734221032122298, "8412138.0--8836120.0": 0.764712100067539, "8807247.0--8836120.0": 0.7695328410218877, "8836120.0--8848845.0": 0.8163170046309784, "8695851.0--8836120.0": 0.7979521306219559, "8713907.0--8836120.0": 0.8269880328017303, "8809847.0--8836120.0": 0.7987183273211378, "8727480.0--8836120.0": 0.8090211553148605, "8706590.0--8836120.0": 0.8155449222752535, "8735916.0--8836120.0": 0.7851787661094131, "8474512.0--8836120.0": 0.7814500517410878, "8809845.0--8836120.0": 0.7624430541703011, "8540796.0--8836120.0": 0.8132035702173862, "8807233.0--8836120.0": 0.7841496703591493, "8617747.0--8836120.0": 0.7585299375767434, "8474486.0--8836120.0": 0.7776935813241179, "8474516.0--8836120.0": 0.8133186796439101, "8663650.0--8836120.0": 0.7649452548395235, "8663646.0--8836120.0": 0.7957294808840177, "8794553.0--8836120.0": 0.8150914465085389, "8836120.0--8863966.0": 0.7787320214320086, "8525340.0--8836120.0": 0.7647209600419758, "8805448.0--8836120.0": 0.845413323029992, "8405549.0--8836120.0": 0.8099005261808545, "8611178.0--8836120.0": 0.8128760625903697, "8827593.0--8836120.0": 0.779681510259721, "8805463.0--8836120.0": 0.7543529973653395, "8805457.0--8836120.0": 0.7932918079061098, "8805442.0--8836120.0": 0.802649482003833, "8807266.0--8836120.0": 0.8012815057615086, "8813126.0--8836120.0": 0.7940538426097247, "8585103.0--8836120.0": 0.7935541461854401, "8807235.0--8836120.0": 0.7898164214606183, "8585048.0--8836120.0": 0.8349911866977325, "8809843.0--8836120.0": 0.7469964545440353, "8809842.0--8836120.0": 0.769693327090121, "8836120.0--8842614.0": 0.7634837228867125, "8805441.0--8836120.0": 0.7412183941109747, "8809920.0--8836120.0": 0.7676699290492014, "8663312.0--8836120.0": 0.7849376468721279, "8477126.0--8836120.0": 0.8014541078260002, "8807224.0--8836120.0": 0.798322215881441, "8807355.0--8836120.0": 0.774419039818568, "8807320.0--8836120.0": 0.8902722487212896, "8665933.0--8836120.0": 0.8054690055619292, "8836120.0--8845772.0": 0.8085791373627489, "8812989.0--8836120.0": 0.8191199536056719, "8636969.0--8836120.0": 0.8155986596187226, "8805450.0--8836120.0": 0.793905597944806, "8807243.0--8836120.0": 0.7943164380976211, "8805443.0--8836120.0": 0.8272339925470152, "8673661.0--8836120.0": 0.8088706654069712, "8805419.0--8836120.0": 0.7795979476582893, "8451903.0--8836120.0": 0.7585471790917043, "8805429.0--8836120.0": 0.8345282988085345, "8809846.0--8836120.0": 0.8207251932903296, "8809832.0--8836120.0": 0.8255954842484845, "8413174.0--8836120.0": 0.7906775464352702, "8494817.0--8836120.0": 0.8169375603047585, "8637778.0--8836120.0": 0.8080867129465121, "8809742.0--8836120.0": 0.81908674691762, "8807280.0--8836120.0": 0.8177676713598757, "8807274.0--8836120.0": 0.8218209876199546, "8836120.0--9216586.0": 0.7945734539205414, "8836120.0--9237132.0": 0.8273818111177346, "8836120.0--9216572.0": 0.797840190125528, "8836120.0--9217952.0": 0.8397610982447112, "8836120.0--9217931.0": 0.8282462111576712, "8836120.0--9216507.0": 0.8154395136548254, "8836120.0--9222368.0": 0.8236245306973762, "8836120.0--9220137.0": 0.8012811907726805, "8836120.0--9233460.0": 0.7934247366973557, "8836120.0--9222263.0": 0.7718049629783272, "8836120.0--9293003.0": 0.8095891765421379, "8836120.0--9222102.0": 0.8189165469359075, "8836120.0--9222323.0": 0.8129369149513823, "8836120.0--9222287.0": 0.789131357554917, "8836120.0--9223736.0": 0.8345904435270874, "8836120.0--9224191.0": 0.7830346085414763, "8836120.0--9222251.0": 0.7850110803787369, "8836120.0--9229242.0": 0.8375381530257413, "8836120.0--9282195.0": 0.7852848330519829, "8836120.0--9222098.0": 0.8344561044600813, "8836120.0--9234027.0": 0.8062560828922871, "8836120.0--9246308.0": 0.8215960480777731, "8836120.0--9240072.0": 0.7966925030743807, "8836120.0--9222353.0": 0.8276706456633326, "8836120.0--9222293.0": 0.8092741180774303, "8836120.0--9222089.0": 0.7930541859339652, "8836120.0--9228893.0": 0.8400410413442725, "8836120.0--9224192.0": 0.7797704981436662, "8836120.0--9222289.0": 0.8066136029662911, "8836120.0--9222038.0": 0.8051162393763222, "8836120.0--9229072.0": 0.7905152730657609, "8836120.0--9222295.0": 0.8494051576116849, "8836120.0--9222342.0": 0.8000651270117873, "8836120.0--9241407.0": 0.7987234901357972, "8836120.0--9288884.0": 0.8871347708013689, "8836120.0--9222351.0": 0.8018382956675948, "8836120.0--9223669.0": 0.794411323585994, "8836120.0--9222315.0": 0.7954732043263049, "8836120.0--9222335.0": 0.7869461595491118, "8836120.0--9222327.0": 0.83456732658475, "8836120.0--9233469.0": 0.7927237600654538, "8836120.0--9226461.0": 0.8068413371479743,