{"9222076.0--9230431.0": 0.8223578119514127, "9222053.0--9230431.0": 0.8370478068267465, "9216532.0--9230431.0": 0.8246628558540801, "9222085.0--9230431.0": 0.7885113932830826, "9216629.0--9230431.0": 0.7926985775157911, "9230431.0--9308630.0": 0.7883298046482, "9230431.0--9308624.0": 0.7861756583284969, "9219240.0--9230431.0": 0.8516996073500664, "9216630.0--9230431.0": 0.8499790319701974, "9217981.0--9230431.0": 0.7679022623344389, "9224153.0--9230431.0": 0.80388804505314, "9230431.0--9286505.0": 0.7511066884337597, "9216512.0--9230431.0": 0.7821902948852049, "9216579.0--9230431.0": 0.8129227980890721, "9222249.0--9230431.0": 0.8120416016717377, "9222367.0--9230431.0": 0.7573138283959143, "9222325.0--9230431.0": 0.7844955837598053, "9222510.0--9230431.0": 0.7828176609755169, "9230431.0--9246250.0": 0.801902349929185, "9230431.0--9308627.0": 0.8483528750342854, "9224186.0--9230431.0": 0.8105161882337105, "9229232.0--9230431.0": 0.7774964111126034, "9226404.0--9230431.0": 0.7579124076970017, "9230431.0--9308631.0": 0.8117881042183952, "9222255.0--9230431.0": 0.8008105503068074, "9222261.0--9230431.0": 0.7885158313414019, "9222338.0--9230431.0": 0.795758122255265, "9222284.0--9230431.0": 0.8196980362528491, "9230430.0--9230431.0": 0.819646136955988, "9230431.0--9308622.0": 0.7612650998272528, "9230431.0--9286903.0": 0.7536488978097098, "9230431.0--9234473.0": 0.7610499049440069, "9230431.0--9241426.0": 0.7829565212403763, "9222269.0--9230431.0": 0.7872665334123254, "9230431.0--9237999.0": 0.7973614690964728, "9222072.0--9230431.0": 0.8293695034274341, "9224197.0--9230431.0": 0.8302886131623493, "9230431.0--9246282.0": 0.7879507228535634, "9222314.0--9230431.0": 0.791613332739683, "9222357.0--9230431.0": 0.7969382764841273, "9222086.0--9230431.0": 0.7777205769218751, "9222360.0--9230431.0": 0.8042015757521666, "9222065.0--9230431.0": 0.7662411699554681, "9228894.0--9230431.0": 0.8633893478036554, "9230431.0--9233264.0": 0.8088267084062923, "9222343.0--9230431.0": 0.8053848155235923, "9230431.0--9308621.0": 0.7831723236503703, "9230431.0--9308625.0": 0.8215509316566532, "9230431.0--9241744.0": 0.8041442568410153, "9230431.0--9308629.0": 0.7952124427020375, "9222068.0--9230431.0": 0.7776177845630465, "9222248.0--9230431.0": 0.7954394413326432, "9222274.0--9230431.0": 0.7871886890170734, "9229116.0--9230431.0": 0.8039103104607835, "9230431.0--9233993.0": 0.838718049674068, "9230431.0--9308623.0": 0.7795093399512357, "9222553.0--9230431.0": 0.7779458239440994, "9222341.0--9230431.0": 0.8372379096677041, "9222346.0--9230431.0": 0.7799096077599463, "9230431.0--9308628.0": 0.8311477990289288, "9222294.0--9230431.0": 0.801433678519982, "9230431.0--9241732.0": 0.7756964611554115, "9222060.0--9230431.0": 0.8631587994179466, "9222280.0--9230431.0": 0.8060667297471735}