{"8440070.0--8440085.0": 0.8163184928412641, "8440048.0--8440085.0": 0.8300071728811035, "8440085.0--8440118.0": 0.7963045987980488, "8440081.0--8440085.0": 0.776700687588548, "8440085.0--8440102.0": 0.8291614399536485, "8440080.0--8440085.0": 0.8455312968665802, "8440085.0--8440096.0": 0.7495041849996779, "8440085.0--8440124.0": 0.8500974173396512, "8440063.0--8440085.0": 0.8295220112292891, "8440037.0--8440085.0": 0.7853042881622143, "8440040.0--8440085.0": 0.7810515418604695, "8440056.0--8440085.0": 0.7978504612793711, "8440085.0--8440116.0": 0.8470389715029053, "8440085.0--8444102.0": 0.7933149974906571, "8440085.0--8440824.0": 0.7821947894803372, "8440085.0--8493612.0": 0.7822961507073244, "8440085.0--8440850.0": 0.8395791843373424, "8440085.0--8456856.0": 0.8287343289023114, "8440085.0--8447439.0": 0.8078378697359795, "8440085.0--8440805.0": 0.8082256301692763, "8440085.0--8440811.0": 0.7894877979914212, "8440085.0--8440856.0": 0.8290406371383301, "8440085.0--8440822.0": 0.8046242814244114, "8440085.0--8440828.0": 0.8257885076770848, "8440085.0--8440851.0": 0.8164349863295571, "8440085.0--8457476.0": 0.8412726911254245, "8440085.0--8440848.0": 0.7829783517273959, "8440085.0--8440839.0": 0.7949819937298528, "8440085.0--8443395.0": 0.8332719887097028, "8440085.0--8440832.0": 0.8306816137851311, "8440085.0--8440816.0": 0.822941085811552, "8440085.0--8440835.0": 0.7850642943579077, "8440085.0--8440818.0": 0.8608068586591855, "8440085.0--8440853.0": 0.8276391362736769, "8440085.0--8440840.0": 0.8356313678321796, "8440085.0--8440857.0": 0.8363267790068858, "8440085.0--8449328.0": 0.8259185804809748, "8440085.0--8440829.0": 0.8496790923509898, "8440085.0--8440807.0": 0.7892357919967186, "8440085.0--8440831.0": 0.8340976387524088, "8440085.0--8440852.0": 0.8358116076290956, "8440085.0--8440841.0": 0.8065298906567806, "8440085.0--8440859.0": 0.7739344860259454, "8440085.0--8440821.0": 0.8177288314047808, "8440085.0--8440842.0": 0.8688895853338459, "8440085.0--8443131.0": 0.7864310836969215, "8440085.0--8440815.0": 0.8310124662882574, "8440085.0--8500765.0": 0.8592878355323529, "8440085.0--8440804.0": 0.8125546794135368, "8440085.0--8454276.0": 0.804570980405018, "8440085.0--8464305.0": 0.8683673176982325, "8440085.0--8494828.0": 0.8422045811110396, "8440085.0--8440825.0": 0.8092609895564953, "8440085.0--8440814.0": 0.846808345777081, "8440085.0--8440838.0": 0.8440463046711588, "8440085.0--8440855.0": 0.8250044371379532, "8440085.0--8454489.0": 0.8370349785294207, "8440085.0--8440834.0": 0.7859462269142536, "8440085.0--8440826.0": 0.8355009690077962, "8440085.0--8440823.0": 0.8010013786211114, "8440085.0--8440845.0": 0.7928458021649208, "8440085.0--8440810.0": 0.8341556126457083, "8440085.0--8440806.0": 0.8162433968301606, "8440085.0--8440817.0": 0.8182186437704135, "8440085.0--8440813.0": 0.8441854950817549, "8440085.0--8443125.0": 0.7679789750406096, "8440085.0--8456575.0": 0.8274065426713029, "8440085.0--8440860.0": 0.8574470323890252, "8440085.0--8454343.0": 0.8362315904708272, "8440085.0--8440803.0": 0.844537799114112, "8440085.0--8454344.0": 0.8446802964909987, "8440085.0--8440854.0": 0.8623414983437808, "8440085.0--8454346.0": 0.8291214289440965, "8440085.0--8440827.0": 0.7984428068690594, "8440085.0--8440836.0": 0.8072326154087939, "8440085.0--8440844.0": 0.822015860280195, "8440085.0--8440808.0": 0.8246690137179983, "8440085.0--8440837.0": 0.818445398763162, "8440085.0--8440858.0": 0.8115529876529312, "8440085.0--8440820.0": 0.8081769564049216, "8440085.0--8440833.0": 0.8028389691753274, "8440085.0--8444072.0": 0.8261418057066569, "8440085.0--8440812.0": 0.8196293764230502, "8440085.0--8440809.0": 0.8538464421096298, "8440085.0--8454904.0": 0.8832492992107466, "8440085.0--8440846.0": 0.826151849656211, "8440085.0--8440830.0": 0.8213189686605353, "8440085.0--8444077.0": 0.7910522356346197, "8440085.0--8440847.0": 0.8553786894006284, "8440085.0--8440849.0": 0.8084681551014329, "8440085.0--8443124.0": 0.807032424206483, "8440085.0--8440843.0": 0.8003581031158058, "8440085.0--8807265.0": 0.8327224830249353, "8440085.0--8816695.0": 0.8400198331617924, "8440085.0--8805426.0": 0.8248352476504506, "8440085.0--8805421.0": 0.8469269834907265, "8440085.0--8812684.0": 0.818398819356894, "8440085.0--8805461.0": 0.8184883332789932, "8440085.0--8807255.0": 0.8630373331877454, "8440085.0--8805460.0": 0.8051963601640347, "8440085.0--8807292.0": 0.8188367566827537, "8440085.0--8807354.0": 0.8385297510802041, "8440085.0--8809711.0": 0.8195779225707762, "8440085.0--8805422.0": 0.8214442143118459, "8440085.0--8805424.0": 0.8218398755802279, "8440085.0--8794517.0": 0.7709498119572548, "8440085.0--8805451.0": 0.7785003831370316, "8440085.0--8807223.0": 0.7686832670138547, "8440085.0--8794560.0": 0.7896472310673512, "8440085.0--8481543.0": 0.7797579181539618, "8440085.0--8802285.0": 0.7686588414284435, "8440085.0--8807245.0": 0.8705663371240684, "8440085.0--8805456.0": 0.801888689579888, "8440085.0--8827944.0": 0.826513803578825, "8440085.0--8807296.0": 0.8178635603057737, "8440085.0--8827951.0": 0.7900944327803252, "8440085.0--8854335.0": 0.7949647878945565, "8440085.0--8805446.0": 0.7886004427413187, "8440085.0--8805436.0": 0.8076438718805531, "8440085.0--8805433.0": 0.7684739703397063, "8440085.0--8546802.0": 0.8182523401260542, "8440085.0--8805427.0": 0.7893084749494279, "8440085.0--8836120.0": 0.8219161020539596, "8440085.0--8794768.0": 0.7969017417719702, "8440085.0--8809750.0": 0.8032956116355036, "8440085.0--8820172.0": 0.8806456685380062, "8440085.0--8476234.0": 0.8466925203397596, "8440085.0--8807314.0": 0.7879688215296367, "8440085.0--8794520.0": 0.8261438417431259, "8440085.0--8805452.0": 0.8530270307702941, "8440085.0--8805462.0": 0.8023806186700784, "8440085.0--8807275.0": 0.8401470384021705, "8419285.0--8440085.0": 0.7898583528941561, "8440085.0--8807379.0": 0.8015257720005386, "8440085.0--8807234.0": 0.8335604658053257, "8423100.0--8440085.0": 0.8009578313175448, "8440085.0--8805455.0": 0.761112483255007, "8440085.0--8727493.0": 0.7481959934785203, "8440085.0--8807369.0": 0.765355652959964, "8440085.0--8532319.0": 0.809857519851495, "8419325.0--8440085.0": 0.7824372678340346, "8440085.0--8805430.0": 0.807600683650675, "8440085.0--8807301.0": 0.842338174395257, "8440085.0--8713940.0": 0.8296923630294724, "8440085.0--8637795.0": 0.8371251213791032, "7999244.0--8440085.0": 0.8586696658495583, "8440085.0--8805439.0": 0.8186301893414488, "8440085.0--8805428.0": 0.8182952148521218, "8440085.0--8809223.0": 0.8212268057137802, "8440085.0--8795584.0": 0.8155871849501131, "8440085.0--8807264.0": 0.8115535177463298, "8440085.0--8805431.0": 0.7832737270653162, "8440085.0--8453863.0": 0.7960883590271262, "8400404.0--8440085.0": 0.7801095063993027, "8440085.0--8809834.0": 0.8160945330243532, "8440085.0--8663447.0": 0.7973398480808562, "8440085.0--8807213.0": 0.8437443123792409, "8440085.0--8640251.0": 0.8329044761718237, "8440085.0--8807220.0": 0.8321143923138523, "8440085.0--8617736.0": 0.8171627691874247, "8440085.0--8617746.0": 0.7826587675639595, "8440085.0--8640072.0": 0.830281696075482, "8440085.0--8636208.0": 0.8380977890345072, "8440085.0--8805458.0": 0.8218836513377827, "8440085.0--8807271.0": 0.8235705161901101, "8440085.0--8809678.0": 0.8241279917435274, "8440085.0--8807226.0": 0.8580204588823716, "8440085.0--8805467.0": 0.8383586489641144, "8440085.0--8611113.0": 0.825737533316708, "8440085.0--8854316.0": 0.8249375358534573, "8440085.0--8794607.0": 0.824339000568571, "8440085.0--8805418.0": 0.7846604538504761, "8440085.0--8836087.0": 0.8452355640060051, "8440085.0--8807283.0": 0.8487181974480413, "8440085.0--8820171.0": 0.823494295885086, "8440085.0--8807288.0": 0.7836557430503549, "8440085.0--8807302.0": 0.7876855852862974, "8440085.0--8805466.0": 0.821367739653982, "8440085.0--8807351.0": 0.8173479129424001, "8440085.0--8805420.0": 0.8353138031770485, "8440085.0--8807299.0": 0.8831673567168159, "8440085.0--8812988.0": 0.8896935853692255,