{"8454276.0--8464305.0": 0.7832730533954286, "8454276.0--8494828.0": 0.7854392589229148, "8440825.0--8454276.0": 0.8167431831412053, "8440814.0--8454276.0": 0.8144306049780484, "8440838.0--8454276.0": 0.7904857914368606, "8440855.0--8454276.0": 0.789775715786141, "8454276.0--8454489.0": 0.8197361212266008, "8440834.0--8454276.0": 0.7853474799993709, "8440826.0--8454276.0": 0.8227628223403014, "8440823.0--8454276.0": 0.8019776177772828, "8440845.0--8454276.0": 0.7888232790122015, "8440810.0--8454276.0": 0.8026824262183754, "8440806.0--8454276.0": 0.7832718642604557, "8440817.0--8454276.0": 0.7430241974734999, "8440813.0--8454276.0": 0.8010168374872673, "8443125.0--8454276.0": 0.7993402083298417, "8454276.0--8456575.0": 0.8157468137039291, "8440860.0--8454276.0": 0.7861522322618678, "8454276.0--8454343.0": 0.8076505169889436, "8440803.0--8454276.0": 0.7862611000431556, "8454276.0--8454344.0": 0.7810730173646986, "8440854.0--8454276.0": 0.8042160067816155, "8454276.0--8454346.0": 0.7894090670602159, "8440827.0--8454276.0": 0.7488770452373703, "8440836.0--8454276.0": 0.7830109132604615, "8440844.0--8454276.0": 0.8139336093888915, "8440808.0--8454276.0": 0.8178098662035213, "8440837.0--8454276.0": 0.796341175532267, "8440858.0--8454276.0": 0.7708267274727995, "8440820.0--8454276.0": 0.7670036030417391, "8440833.0--8454276.0": 0.7983033136143525, "8444072.0--8454276.0": 0.7823127506946752, "8440812.0--8454276.0": 0.8158947075159899, "8440809.0--8454276.0": 0.8160301777020952, "8454276.0--8454904.0": 0.7994654497099741, "8440846.0--8454276.0": 0.8069503566039262, "8440830.0--8454276.0": 0.819006095406078, "8444077.0--8454276.0": 0.8098289586693901, "8440847.0--8454276.0": 0.7927310670382578, "8440849.0--8454276.0": 0.8123837963931523, "8443124.0--8454276.0": 0.7929812680594388, "8440843.0--8454276.0": 0.8058824721497984, "8454276.0--8807265.0": 0.7683257377112924, "8454276.0--8816695.0": 0.7785272838956052, "8454276.0--8805426.0": 0.7897922401762009, "8454276.0--8805421.0": 0.7912347146717402, "8454276.0--8812684.0": 0.7816999205851296, "8454276.0--8805461.0": 0.7759400814388753, "8454276.0--8807255.0": 0.7849966389563732, "8454276.0--8805460.0": 0.7857054486922369, "8454276.0--8807292.0": 0.8086507555077924, "8454276.0--8807354.0": 0.8114840276257975, "8454276.0--8809711.0": 0.7897941109950012, "8454276.0--8805422.0": 0.7489154529763828, "8454276.0--8805424.0": 0.7834969369393365, "8454276.0--8794517.0": 0.7561334228443986, "8454276.0--8805451.0": 0.7750874437236814, "8454276.0--8807223.0": 0.7575708555909564, "8454276.0--8794560.0": 0.7758094421733608, "8454276.0--8481543.0": 0.7735989356718451, "8454276.0--8802285.0": 0.7473457357366714, "8454276.0--8807245.0": 0.7787658857275158, "8454276.0--8805456.0": 0.8054079916856856, "8454276.0--8827944.0": 0.7715910111869675, "8454276.0--8807296.0": 0.7785121812951277, "8454276.0--8827951.0": 0.7760759237556498, "8454276.0--8854335.0": 0.8040801298313358, "8454276.0--8805446.0": 0.7862669173347265, "8454276.0--8805436.0": 0.7922064422537198, "8454276.0--8805433.0": 0.7668598662797441, "8454276.0--8546802.0": 0.8233259610460693, "8454276.0--8805427.0": 0.7937649187399487, "8454276.0--8836120.0": 0.7818371125984258, "8454276.0--8794768.0": 0.7863239759981995, "8454276.0--8809750.0": 0.7939104086566207, "8454276.0--8820172.0": 0.798885515251161, "8454276.0--8476234.0": 0.8158607383475003, "8454276.0--8807314.0": 0.7605765164295929, "8454276.0--8794520.0": 0.8286324781548715, "8454276.0--8805452.0": 0.779999494749374, "8454276.0--8805462.0": 0.7945468415290553, "8454276.0--8807275.0": 0.7871585976858204, "8419285.0--8454276.0": 0.763834905428303, "8454276.0--8807379.0": 0.7722009004125061, "8454276.0--8807234.0": 0.8020354507253364, "8423100.0--8454276.0": 0.7717271098443491, "8454276.0--8805455.0": 0.7772214825643196, "8454276.0--8727493.0": 0.7540862177630997, "8454276.0--8807369.0": 0.7443227874850252, "8454276.0--8532319.0": 0.77876036143834, "8419325.0--8454276.0": 0.7782803549653874, "8454276.0--8805430.0": 0.8441420087225865, "8454276.0--8807301.0": 0.8323693154117981, "8454276.0--8713940.0": 0.7912445679202883, "8454276.0--8637795.0": 0.8197047471363238, "7999244.0--8454276.0": 0.8197582086074612, "8454276.0--8805439.0": 0.805301566380217, "8454276.0--8805428.0": 0.806044146531886, "8454276.0--8809223.0": 0.8214816754629383, "8454276.0--8795584.0": 0.8329872965841447, "8454276.0--8807264.0": 0.7863496462500004, "8454276.0--8805431.0": 0.802479113533836, "8453863.0--8454276.0": 0.7851499592884443, "8400404.0--8454276.0": 0.8185538669752807, "8454276.0--8809834.0": 0.7907927353231556, "8454276.0--8663447.0": 0.758576932349546, "8454276.0--8807213.0": 0.8251547092700543, "8454276.0--8640251.0": 0.8176433066460929, "8454276.0--8807220.0": 0.8219129309204938, "8454276.0--8617736.0": 0.8031940823347725, "8454276.0--8617746.0": 0.7689526403463929, "8454276.0--8640072.0": 0.8096419476565724, "8454276.0--8636208.0": 0.7922897888457846, "8454276.0--8805458.0": 0.8150807732307149, "8454276.0--8807271.0": 0.8037525495288202, "8454276.0--8809678.0": 0.7879015288100291, "8454276.0--8807226.0": 0.7972156334029518, "8454276.0--8805467.0": 0.8494690413350581, "8454276.0--8611113.0": 0.795545693715599, "8454276.0--8854316.0": 0.8333374396500601, "8454276.0--8794607.0": 0.7963786597676918, "8454276.0--8805418.0": 0.8276308567956993, "8454276.0--8836087.0": 0.822427455471802, "8454276.0--8807283.0": 0.800601792432029, "8454276.0--8820171.0": 0.8304032686213603, "8454276.0--8807288.0": 0.7589954910895962, "8454276.0--8807302.0": 0.7695412267776294, "8454276.0--8805466.0": 0.777859804665018, "8454276.0--8807351.0": 0.8161994702647998, "8454276.0--8805420.0": 0.7918455188678739, "8454276.0--8807299.0": 0.7997106520378364, "8454276.0--8812988.0": 0.7880046998585671, "8454276.0--8807294.0": 0.7879496448841068, "8454276.0--8805434.0": 0.8346775236429507, "8454276.0--8732351.0": 0.7593899011591119, "8454276.0--8807232.0": 0.8163368361909585, "8419271.0--8454276.0": 0.7456810085638004, "8454276.0--8625484.0": 0.7798313631670782, "8454276.0--8807349.0": 0.7895178113858391, "8454276.0--8809730.0": 0.7688497655688082, "8454276.0--8730513.0": 0.7939555917871863, "8454276.0--8809833.0": 0.7930401584918594, "8454276.0--8523628.0": 0.751515513280348, "8434356.0--8454276.0": 0.78366618259916, "8454276.0--8807303.0": 0.8080931855245391, "8454276.0--8811606.0": 0.7660579015563287, "8454276.0--8807244.0": 0.7640675365375975, "8454276.0--8490694.0": 0.7862634405164165, "8454276.0--8809844.0": 0.7684553904057715, "8454276.0--8809850.0": 0.7776418405587988, "8454276.0--8805445.0": 0.793277720764919, "8412138.0--8454276.0": 0.7809692718655572, "8454276.0--8807247.0": 0.7655183508843838, "8454276.0--8848845.0": 0.7823445790181244, "8454276.0--8695851.0": 0.7972370946812923, "8454276.0--8713907.0": 0.83240893094295, "8454276.0--8809847.0": 0.8065083233154258, "8454276.0--8727480.0": 0.8198694749149611, "8454276.0--8706590.0": 0.7682082374208752, "8454276.0--8735916.0": 0.8159097846507025, "8454276.0--8474512.0": 0.8051955564610533, "8454276.0--8809845.0": 0.7776981557221206, "8454276.0--8540796.0": 0.8261398315917095, "8454276.0--8807233.0": 0.8139902260679784, "8454276.0--8617747.0": 0.7523485047847434, "8454276.0--8474486.0": 0.7984994303034261, "8454276.0--8474516.0": 0.8106438280227729, "8454276.0--8663650.0": 0.7718676247859202, "8454276.0--8663646.0": 0.7848601397274402, "8454276.0--8794553.0": 0.7846467393807388, "8454276.0--8863966.0": 0.7562191818395576, "8454276.0--8525340.0": 0.7486394583978664, "8454276.0--8805448.0": 0.7737996435799707, "8405549.0--8454276.0": 0.8071344907044724, "8454276.0--8611178.0": 0.7895399748552387, "8454276.0--8827593.0": 0.7691905675207991, "8454276.0--8805463.0": 0.7841411118155083, "8454276.0--8805457.0": 0.8142456381732139, "8454276.0--8805442.0": 0.7746889553334425, "8454276.0--8807266.0": 0.8126297967417527, "8454276.0--8813126.0": 0.7847631344570064, "8454276.0--8585103.0": 0.8013510217663768,