{"8440821.0--8440859.0": 0.7702542569041505, "8440842.0--8440859.0": 0.7798705837181428, "8440859.0--8443131.0": 0.7734625251864473, "8440815.0--8440859.0": 0.7640827282993544, "8440859.0--8500765.0": 0.7777515096726235, "8440804.0--8440859.0": 0.7549956817045304, "8440859.0--8454276.0": 0.7792136095292259, "8440859.0--8464305.0": 0.7715614460008882, "8440859.0--8494828.0": 0.7812045225530809, "8440825.0--8440859.0": 0.8423996655734018, "8440814.0--8440859.0": 0.7696428230718207, "8440838.0--8440859.0": 0.7922369713537936, "8440855.0--8440859.0": 0.7626260758861373, "8440859.0--8454489.0": 0.7827118867194103, "8440834.0--8440859.0": 0.7510913921194671, "8440826.0--8440859.0": 0.7932501960385114, "8440823.0--8440859.0": 0.7670782678372421, "8440845.0--8440859.0": 0.753959322851288, "8440810.0--8440859.0": 0.7832537741680154, "8440806.0--8440859.0": 0.7631022528368131, "8440817.0--8440859.0": 0.7385381442691492, "8440813.0--8440859.0": 0.8010936810866908, "8440859.0--8443125.0": 0.7373844847460729, "8440859.0--8456575.0": 0.784118991017782, "8440859.0--8440860.0": 0.7515814870624328, "8440859.0--8454343.0": 0.7568324651254474, "8440803.0--8440859.0": 0.7581779828911356, "8440859.0--8454344.0": 0.7973437457637639, "8440854.0--8440859.0": 0.7903069463860055, "8440859.0--8454346.0": 0.749234998740997, "8440827.0--8440859.0": 0.7323243751315949, "8440836.0--8440859.0": 0.7822319564391735, "8440844.0--8440859.0": 0.7632624884099254, "8440808.0--8440859.0": 0.7811455350791005, "8440837.0--8440859.0": 0.7958599278175988, "8440858.0--8440859.0": 0.7283261654126935, "8440820.0--8440859.0": 0.7609485323618119, "8440833.0--8440859.0": 0.752939383810114, "8440859.0--8444072.0": 0.73913068710486, "8440812.0--8440859.0": 0.7775270042197215, "8440809.0--8440859.0": 0.7631303589585879, "8440859.0--8454904.0": 0.7914144023908642, "8440846.0--8440859.0": 0.752475831575382, "8440830.0--8440859.0": 0.7571343677536032, "8440859.0--8444077.0": 0.7542773513150904, "8440847.0--8440859.0": 0.7790074936174567, "8440849.0--8440859.0": 0.7770146112956173, "8440859.0--8443124.0": 0.8275522378666116, "8440843.0--8440859.0": 0.7652317142813894, "8440859.0--8807265.0": 0.7843879921775168, "8440859.0--8816695.0": 0.7548524019511904, "8440859.0--8805426.0": 0.7799487440846076, "8440859.0--8805421.0": 0.7826554693698883, "8440859.0--8812684.0": 0.7421280511254756, "8440859.0--8805461.0": 0.7756209015797542, "8440859.0--8807255.0": 0.7535080692581287, "8440859.0--8805460.0": 0.7597065057548418, "8440859.0--8807292.0": 0.7598118254222596, "8440859.0--8807354.0": 0.796202737471417, "8440859.0--8809711.0": 0.7469788627052025, "8440859.0--8805422.0": 0.7328133360065947, "8440859.0--8805424.0": 0.7366259421585277, "8440859.0--8794517.0": 0.7673899209755146, "8440859.0--8805451.0": 0.7992398966920666, "8440859.0--8807223.0": 0.7721423385040598, "8440859.0--8794560.0": 0.8277564855173077, "8440859.0--8481543.0": 0.8030150776362043, "8440859.0--8802285.0": 0.7647687364038585, "8440859.0--8807245.0": 0.7541406671475828, "8440859.0--8805456.0": 0.7644775066074492, "8440859.0--8827944.0": 0.7777431353991963, "8440859.0--8807296.0": 0.7700075177306637, "8440859.0--8827951.0": 0.7505527753867993, "8440859.0--8854335.0": 0.8077713671341656, "8440859.0--8805446.0": 0.7964360231807527, "8440859.0--8805436.0": 0.791042494224531, "8440859.0--8805433.0": 0.7638074901454949, "8440859.0--8546802.0": 0.7970542981521249, "8440859.0--8805427.0": 0.7475419566713162, "8440859.0--8836120.0": 0.7630141707662662, "8440859.0--8794768.0": 0.7556382581599602, "8440859.0--8809750.0": 0.7653867998642607, "8440859.0--8820172.0": 0.8278379013020036, "8440859.0--8476234.0": 0.7760631369627806, "8440859.0--8807314.0": 0.771582358049008, "8440859.0--8794520.0": 0.8098407982193357, "8440859.0--8805452.0": 0.770547527045949, "8440859.0--8805462.0": 0.7527618093237999, "8440859.0--8807275.0": 0.7788904490750916, "8419285.0--8440859.0": 0.7602082729990833, "8440859.0--8807379.0": 0.7957293456926264, "8440859.0--8807234.0": 0.792246036165393, "8423100.0--8440859.0": 0.7706436803332328, "8440859.0--8805455.0": 0.7725524649471887, "8440859.0--8727493.0": 0.7709223738997747, "8440859.0--8807369.0": 0.7730156461429267, "8440859.0--8532319.0": 0.761881109462526, "8419325.0--8440859.0": 0.802227083023488, "8440859.0--8805430.0": 0.7582509075150425, "8440859.0--8807301.0": 0.789092346194398, "8440859.0--8713940.0": 0.774316921985408, "8440859.0--8637795.0": 0.819004740344881, "7999244.0--8440859.0": 0.7804368200372928, "8440859.0--8805439.0": 0.7641660952383278, "8440859.0--8805428.0": 0.7728464068669958, "8440859.0--8809223.0": 0.7748224312992709, "8440859.0--8795584.0": 0.7940780607643156, "8440859.0--8807264.0": 0.7608724214984925, "8440859.0--8805431.0": 0.7391727642446013, "8440859.0--8453863.0": 0.7489930024422226, "8400404.0--8440859.0": 0.7932740100961445, "8440859.0--8809834.0": 0.7716270750010574, "8440859.0--8663447.0": 0.7778328745726382, "8440859.0--8807213.0": 0.8022366063350715, "8440859.0--8640251.0": 0.7592130112133928, "8440859.0--8807220.0": 0.8122112565010056, "8440859.0--8617736.0": 0.7471047943181014, "8440859.0--8617746.0": 0.7192311927649108, "8440859.0--8640072.0": 0.7662244110067721, "8440859.0--8636208.0": 0.788313438869859, "8440859.0--8805458.0": 0.7566007705936256, "8440859.0--8807271.0": 0.7603448799960908, "8440859.0--8809678.0": 0.7540915576277604, "8440859.0--8807226.0": 0.7693634038301285, "8440859.0--8805467.0": 0.7918359303945123, "8440859.0--8611113.0": 0.7364006749816958, "8440859.0--8854316.0": 0.7946452176350163, "8440859.0--8794607.0": 0.773486394831505, "8440859.0--8805418.0": 0.743827121638932, "8440859.0--8836087.0": 0.7693813609795961, "8440859.0--8807283.0": 0.7846116690097334, "8440859.0--8820171.0": 0.7685960447143914, "8440859.0--8807288.0": 0.7140237167408756, "8440859.0--8807302.0": 0.7264490513284144, "8440859.0--8805466.0": 0.7543753538639454, "8440859.0--8807351.0": 0.7799865321599617, "8440859.0--8805420.0": 0.7629393888201955, "8440859.0--8807299.0": 0.7826023996763849, "8440859.0--8812988.0": 0.7832384020437702, "8440859.0--8807294.0": 0.7687392267005138, "8440859.0--8805434.0": 0.7909018973851397, "8440859.0--8732351.0": 0.7896797194403233, "8440859.0--8807232.0": 0.8658180218596999, "8419271.0--8440859.0": 0.7581791668131985, "8440859.0--8625484.0": 0.7832879120303001, "8440859.0--8807349.0": 0.7813761428662498, "8440859.0--8809730.0": 0.764889093008882, "8440859.0--8730513.0": 0.7892789640147535, "8440859.0--8809833.0": 0.7697573340965194, "8440859.0--8523628.0": 0.764140185591767, "8434356.0--8440859.0": 0.7611917099753631, "8440859.0--8807303.0": 0.821787951281493, "8440859.0--8811606.0": 0.7828927600907523, "8440859.0--8807244.0": 0.7637160928356652, "8440859.0--8490694.0": 0.7678116471500107, "8440859.0--8809844.0": 0.7984806853435936, "8440859.0--8809850.0": 0.759562825965685, "8440859.0--8805445.0": 0.7791308849844156, "8412138.0--8440859.0": 0.7855685595593702, "8440859.0--8807247.0": 0.7945293112026979, "8440859.0--8848845.0": 0.748368739351102, "8440859.0--8695851.0": 0.7971804413567234, "8440859.0--8713907.0": 0.7878589862366462, "8440859.0--8809847.0": 0.8231841181829918, "8440859.0--8727480.0": 0.8224622771233521, "8440859.0--8706590.0": 0.7744214999196752, "8440859.0--8735916.0": 0.8041112376969435, "8440859.0--8474512.0": 0.7356930373982941, "8440859.0--8809845.0": 0.7617064500828196, "8440859.0--8540796.0": 0.8036616111981183, "8440859.0--8807233.0": 0.8011270805117809, "8440859.0--8617747.0": 0.7508782045018577, "8440859.0--8474486.0": 0.7546651054636772, "8440859.0--8474516.0": 0.7556295692719247, "8440859.0--8663650.0": 0.7478468882559508, "8440859.0--8663646.0": 0.7951872951455403, "8440859.0--8794553.0": 0.8193306844344056, "8440859.0--8863966.0": 0.7698594987470863, "8440859.0--8525340.0": 0.7654611885899132, "8440859.0--8805448.0": 0.7507518526107682, "8405549.0--8440859.0": 0.7840876315267391, "8440859.0--8611178.0": 0.7559569851428208,