{"8713940.0--8807301.0": 0.8005418613906865, "8637795.0--8807301.0": 0.8109306907207148, "7999244.0--8807301.0": 0.8148360490806166, "8805439.0--8807301.0": 0.8180699986602975, "8805428.0--8807301.0": 0.7938475782785356, "8807301.0--8809223.0": 0.798102427872663, "8795584.0--8807301.0": 0.8021534066238944, "8807264.0--8807301.0": 0.7983098077186049, "8805431.0--8807301.0": 0.7616416504654321, "8453863.0--8807301.0": 0.7674136697777276, "8400404.0--8807301.0": 0.7780709137632357, "8807301.0--8809834.0": 0.7758911967258357, "8663447.0--8807301.0": 0.7656590301980244, "8807213.0--8807301.0": 0.8051861596987069, "8640251.0--8807301.0": 0.8110543428858599, "8807220.0--8807301.0": 0.8036709694672346, "8617736.0--8807301.0": 0.7980598167586836, "8617746.0--8807301.0": 0.76269823694039, "8640072.0--8807301.0": 0.8170266623197378, "8636208.0--8807301.0": 0.7848573435183426, "8805458.0--8807301.0": 0.8400025861879565, "8807271.0--8807301.0": 0.8170414078935994, "8807301.0--8809678.0": 0.8020826998956192, "8807226.0--8807301.0": 0.8267607680243795, "8805467.0--8807301.0": 0.8214667200158975, "8611113.0--8807301.0": 0.8108883928045874, "8807301.0--8854316.0": 0.8080072522860665, "8794607.0--8807301.0": 0.7947241695897531, "8805418.0--8807301.0": 0.7845485645765352, "8807301.0--8836087.0": 0.8096675324480829, "8807283.0--8807301.0": 0.8151766454572622, "8807301.0--8820171.0": 0.8081142269756973, "8807288.0--8807301.0": 0.7591258145382096, "8807301.0--8807302.0": 0.7490350376906455, "8805466.0--8807301.0": 0.8004047224084807, "8807301.0--8807351.0": 0.8067478167527938, "8805420.0--8807301.0": 0.8041180424390297, "8807299.0--8807301.0": 0.8346631220603343, "8807301.0--8812988.0": 0.8203676482973462, "8807294.0--8807301.0": 0.8021260004046445, "8805434.0--8807301.0": 0.8405805872033668, "8732351.0--8807301.0": 0.7615140937856304, "8807232.0--8807301.0": 0.8061100770214327, "8419271.0--8807301.0": 0.7514066125167012, "8625484.0--8807301.0": 0.8220063635001545, "8807301.0--8807349.0": 0.8111290287256603, "8807301.0--8809730.0": 0.7877476974610582, "8730513.0--8807301.0": 0.8168100521818911, "8807301.0--8809833.0": 0.8065306431870045, "8523628.0--8807301.0": 0.7917457734531521, "8434356.0--8807301.0": 0.7560326251037838, "8807301.0--8807303.0": 0.8006399286923103, "8807301.0--8811606.0": 0.7595887104671212, "8807244.0--8807301.0": 0.7374952275584181, "8490694.0--8807301.0": 0.7843722440019988, "8807301.0--8809844.0": 0.7533701956021212, "8807301.0--8809850.0": 0.7799264307302762, "8805445.0--8807301.0": 0.7603301716521813, "8412138.0--8807301.0": 0.7934942073829713, "8807247.0--8807301.0": 0.7562949575507449, "8807301.0--8848845.0": 0.7868378511341789, "8695851.0--8807301.0": 0.7893057651560139, "8713907.0--8807301.0": 0.799357045534999, "8807301.0--8809847.0": 0.8038377126611991, "8727480.0--8807301.0": 0.8008789629777986, "8706590.0--8807301.0": 0.7674661271817226, "8735916.0--8807301.0": 0.8154412541135075, "8474512.0--8807301.0": 0.7992837316361436, "8807301.0--8809845.0": 0.7591377420803346, "8540796.0--8807301.0": 0.806968288381597, "8807233.0--8807301.0": 0.7969906527983466, "8617747.0--8807301.0": 0.7576081658549787, "8474486.0--8807301.0": 0.8122358587488488, "8474516.0--8807301.0": 0.8264486642653252, "8663650.0--8807301.0": 0.7747876952311978, "8663646.0--8807301.0": 0.7942877347166325, "8794553.0--8807301.0": 0.7833310341204988, "8807301.0--8863966.0": 0.7736556613079348, "8525340.0--8807301.0": 0.7446695057857927, "8805448.0--8807301.0": 0.7825625135430034, "8405549.0--8807301.0": 0.8034353126698428, "8611178.0--8807301.0": 0.7770134011320358, "8807301.0--8827593.0": 0.7931436504125953, "8805463.0--8807301.0": 0.8172252473607402, "8805457.0--8807301.0": 0.8337314081014352, "8805442.0--8807301.0": 0.7926092079130752, "8807266.0--8807301.0": 0.8078771366177988, "8807301.0--8813126.0": 0.8003850643272237, "8585103.0--8807301.0": 0.8429051045688511, "8807235.0--8807301.0": 0.8149750602293857, "8585048.0--8807301.0": 0.8396694208769746, "8807301.0--8809843.0": 0.7566818386878632, "8807301.0--8809842.0": 0.7778394443640387, "8807301.0--8842614.0": 0.7791886515119184, "8805441.0--8807301.0": 0.749665992060149, "8807301.0--8809920.0": 0.750058596023139, "8663312.0--8807301.0": 0.8209033570957971, "8477126.0--8807301.0": 0.8544837303848485, "8807224.0--8807301.0": 0.8341445310783097, "8807301.0--8807355.0": 0.7728170423478768, "8807301.0--8807320.0": 0.7947717856890455, "8665933.0--8807301.0": 0.8018127496470026, "8807301.0--8845772.0": 0.7735400375241896, "8807301.0--8812989.0": 0.8206616240798987, "8636969.0--8807301.0": 0.7907270526727394, "8805450.0--8807301.0": 0.7852564295186061, "8807243.0--8807301.0": 0.782216404996374, "8805443.0--8807301.0": 0.7888809394743983, "8673661.0--8807301.0": 0.7881889669983708, "8805419.0--8807301.0": 0.7675543248538388, "8451903.0--8807301.0": 0.7890740109703442, "8805429.0--8807301.0": 0.790165975643722, "8807301.0--8809846.0": 0.7914578903711218, "8807301.0--8809832.0": 0.7973500344125395, "8413174.0--8807301.0": 0.756636284124552, "8494817.0--8807301.0": 0.7507295739255222, "8637778.0--8807301.0": 0.7583658101862255, "8807301.0--8809742.0": 0.834495805599315, "8807280.0--8807301.0": 0.8400528632374797, "8807274.0--8807301.0": 0.8298898351456284, "8807301.0--9216586.0": 0.7635061570481778, "8807301.0--9237132.0": 0.8163272544211895, "8807301.0--9216572.0": 0.7724679725272492, "8807301.0--9217952.0": 0.801049796561128, "8807301.0--9217931.0": 0.8304276318049272, "8807301.0--9216507.0": 0.8142222470943541, "8807301.0--9222368.0": 0.8333634304197032, "8807301.0--9220137.0": 0.8057797727856983, "8807301.0--9233460.0": 0.7835952828722412, "8807301.0--9222263.0": 0.7435824961767872, "8807301.0--9293003.0": 0.7794668184624621, "8807301.0--9222102.0": 0.8407586539563767, "8807301.0--9222323.0": 0.7938565199754261, "8807301.0--9222287.0": 0.7919402893269412, "8807301.0--9223736.0": 0.7983222381723101, "8807301.0--9224191.0": 0.7695324600580554, "8807301.0--9222251.0": 0.8063756355912359, "8807301.0--9229242.0": 0.8040297185643491, "8807301.0--9282195.0": 0.7262557097666016, "8807301.0--9222098.0": 0.8152738268466728, "8807301.0--9234027.0": 0.7826464823723984, "8807301.0--9246308.0": 0.821556467544803, "8807301.0--9240072.0": 0.7959919332288357, "8807301.0--9222353.0": 0.7692862179415229, "8807301.0--9222293.0": 0.8114574188885357, "8807301.0--9222089.0": 0.8101268422341772, "8807301.0--9228893.0": 0.7807117578282621, "8807301.0--9224192.0": 0.7725883702808658, "8807301.0--9222289.0": 0.8382674201461389, "8807301.0--9222038.0": 0.7867047839624588, "8807301.0--9229072.0": 0.785367901556766, "8807301.0--9222295.0": 0.7847915549619195, "8807301.0--9222342.0": 0.8230154594076106, "8807301.0--9241407.0": 0.7496829869095407, "8807301.0--9288884.0": 0.7998198895301776, "8807301.0--9222351.0": 0.7892700021895438, "8807301.0--9223669.0": 0.809414330652878, "8807301.0--9222315.0": 0.7878178583105544, "8807301.0--9222335.0": 0.8322466439197258, "8807301.0--9222327.0": 0.7854157176891409, "8807301.0--9233469.0": 0.7963553361973199, "8807301.0--9226461.0": 0.7781133387290461, "8807301.0--9238508.0": 0.8120856235928032, "8807301.0--9222266.0": 0.7821639421517274, "8807301.0--9225008.0": 0.8303086264005146, "8807301.0--9290431.0": 0.7915325132876652, "8807301.0--9239918.0": 0.7983690240443808, "8807301.0--9231271.0": 0.7949286282303839, "8807301.0--9222313.0": 0.802736808053662, "8807301.0--9231268.0": 0.7958946423097368, "8807301.0--9222035.0": 0.7484502957334359, "8807301.0--9222091.0": 0.8042829425873393, "8807301.0--9229515.0": 0.7836283900318264, "8807301.0--9222301.0": 0.8021952059081817, "8807301.0--9222358.0": 0.8055427425411645, "8807301.0--9229135.0": 0.8398717008148974, "8807301.0--9222047.0": 0.7801117745622107, "8807301.0--9222272.0": 0.8116262946934752, "8807301.0--9222110.0": 0.8026305376042103, "8807301.0--9222364.0": 0.8023014396086695, "8807301.0--9222088.0": 0.7930132096955653, "8807301.0--9216518.0": 0.8033756387515398,