{"8636208.0--8805458.0": 0.8032163449441572, "8636208.0--8807271.0": 0.8145193266000162, "8636208.0--8809678.0": 0.8072844992041153, "8636208.0--8807226.0": 0.84519837178499, "8636208.0--8805467.0": 0.830821552378536, "8611113.0--8636208.0": 0.803662633469643, "8636208.0--8854316.0": 0.831540249512317, "8636208.0--8794607.0": 0.8150024527538167, "8636208.0--8805418.0": 0.7890148010198624, "8636208.0--8836087.0": 0.844740616212604, "8636208.0--8807283.0": 0.7751608159959733, "8636208.0--8820171.0": 0.834917716964143, "8636208.0--8807288.0": 0.7789546896660783, "8636208.0--8807302.0": 0.7664269606547349, "8636208.0--8805466.0": 0.7891903348897544, "8636208.0--8807351.0": 0.7771663937413616, "8636208.0--8805420.0": 0.7797907713429002, "8636208.0--8807299.0": 0.8113277454079633, "8636208.0--8812988.0": 0.8022299065411567, "8636208.0--8807294.0": 0.802291513437055, "8636208.0--8805434.0": 0.8407626748433524, "8636208.0--8732351.0": 0.8423649131288595, "8636208.0--8807232.0": 0.7796832604461327, "8419271.0--8636208.0": 0.7955294487548878, "8625484.0--8636208.0": 0.8104193970141809, "8636208.0--8807349.0": 0.811528493357341, "8636208.0--8809730.0": 0.8108983487223075, "8636208.0--8730513.0": 0.8266204498989967, "8636208.0--8809833.0": 0.8304950970920476, "8523628.0--8636208.0": 0.7816240703394337, "8434356.0--8636208.0": 0.8045314226077475, "8636208.0--8807303.0": 0.814875838384298, "8636208.0--8811606.0": 0.8077709014811881, "8636208.0--8807244.0": 0.7837969695225895, "8490694.0--8636208.0": 0.8190417246068846, "8636208.0--8809844.0": 0.8107976928844343, "8636208.0--8809850.0": 0.7973779310356186, "8636208.0--8805445.0": 0.76621782345417, "8412138.0--8636208.0": 0.8145999242125349, "8636208.0--8807247.0": 0.7700977292933545, "8636208.0--8848845.0": 0.8082611018962236, "8636208.0--8695851.0": 0.8170011399034481, "8636208.0--8713907.0": 0.8364238702665057, "8636208.0--8809847.0": 0.8161382041265777, "8636208.0--8727480.0": 0.8167062795246043, "8636208.0--8706590.0": 0.7986934416372479, "8636208.0--8735916.0": 0.828776493133618, "8474512.0--8636208.0": 0.8250610757172528, "8636208.0--8809845.0": 0.7914007239873424, "8540796.0--8636208.0": 0.8103690128735563, "8636208.0--8807233.0": 0.8129457786225458, "8617747.0--8636208.0": 0.7901235915840555, "8474486.0--8636208.0": 0.7982120691170298, "8474516.0--8636208.0": 0.8316390145552084, "8636208.0--8663650.0": 0.7960312096800575, "8636208.0--8663646.0": 0.8071365421291777, "8636208.0--8794553.0": 0.8174842429323563, "8636208.0--8863966.0": 0.7693928829511908, "8525340.0--8636208.0": 0.7801368567832916, "8636208.0--8805448.0": 0.7793704420900622, "8405549.0--8636208.0": 0.815910478913159, "8611178.0--8636208.0": 0.790725197298511, "8636208.0--8827593.0": 0.7953848774556335, "8636208.0--8805463.0": 0.7632940403165761, "8636208.0--8805457.0": 0.8182922440132476, "8636208.0--8805442.0": 0.7865585723913151, "8636208.0--8807266.0": 0.8122909216874177, "8636208.0--8813126.0": 0.8118713904759493, "8585103.0--8636208.0": 0.8098814042931871, "8636208.0--8807235.0": 0.8006028534700034, "8585048.0--8636208.0": 0.8406900536306792, "8636208.0--8809843.0": 0.8088981930588747, "8636208.0--8809842.0": 0.7939891444139598, "8636208.0--8842614.0": 0.8055024620303738, "8636208.0--8805441.0": 0.7714541421545689, "8636208.0--8809920.0": 0.758668180363223, "8636208.0--8663312.0": 0.7823933057491436, "8477126.0--8636208.0": 0.8526463038306087, "8636208.0--8807224.0": 0.816899758454602, "8636208.0--8807355.0": 0.7913318753704613, "8636208.0--8807320.0": 0.7923881994846822, "8636208.0--8665933.0": 0.8082651598918288, "8636208.0--8845772.0": 0.8288731588537778, "8636208.0--8812989.0": 0.8180216053889766, "8636208.0--8636969.0": 0.8424097743598294, "8636208.0--8805450.0": 0.7716780658266417, "8636208.0--8807243.0": 0.8243070428347172, "8636208.0--8805443.0": 0.7911557364215134, "8636208.0--8673661.0": 0.850524424318962, "8636208.0--8805419.0": 0.7994849824471838, "8451903.0--8636208.0": 0.7773269754000875, "8636208.0--8805429.0": 0.8104559257349857, "8636208.0--8809846.0": 0.7774199512132485, "8636208.0--8809832.0": 0.8552264552351091, "8413174.0--8636208.0": 0.7650933617503558, "8494817.0--8636208.0": 0.7637369615076326, "8636208.0--8637778.0": 0.7778835362840422, "8636208.0--8809742.0": 0.7936354637156321, "8636208.0--8807280.0": 0.832293044092943, "8636208.0--8807274.0": 0.8234221154593697, "8636208.0--9216586.0": 0.7919800093878888, "8636208.0--9237132.0": 0.8340293468922406, "8636208.0--9216572.0": 0.7962537852887571, "8636208.0--9217952.0": 0.802511531854894, "8636208.0--9217931.0": 0.8441368511588364, "8636208.0--9216507.0": 0.7842667126589885, "8636208.0--9222368.0": 0.8199480719242015, "8636208.0--9220137.0": 0.7980973847692028, "8636208.0--9233460.0": 0.7838244737158557, "8636208.0--9222263.0": 0.7729390845543894, "8636208.0--9293003.0": 0.8016457638855812, "8636208.0--9222102.0": 0.827356447611005, "8636208.0--9222323.0": 0.8222322875613122, "8636208.0--9222287.0": 0.8147942210563889, "8636208.0--9223736.0": 0.8279228137249148, "8636208.0--9224191.0": 0.82537274902714, "8636208.0--9222251.0": 0.8024722854445276, "8636208.0--9229242.0": 0.807485702236112, "8636208.0--9282195.0": 0.8293242757182788, "8636208.0--9222098.0": 0.8510061635713377, "8636208.0--9234027.0": 0.8157502560963856, "8636208.0--9246308.0": 0.8140570069449853, "8636208.0--9240072.0": 0.8559095950733058, "8636208.0--9222353.0": 0.8139680643486148, "8636208.0--9222293.0": 0.8209003649615899, "8636208.0--9222089.0": 0.8359429871439166, "8636208.0--9228893.0": 0.8091649900748596, "8636208.0--9224192.0": 0.8114973341171672, "8636208.0--9222289.0": 0.835070085516902, "8636208.0--9222038.0": 0.8076054684119467, "8636208.0--9229072.0": 0.8091462270656462, "8636208.0--9222295.0": 0.8404811636104342, "8636208.0--9222342.0": 0.8107642151377631, "8636208.0--9241407.0": 0.7912477075134681, "8636208.0--9288884.0": 0.7898864240800652, "8636208.0--9222351.0": 0.7958139374249219, "8636208.0--9223669.0": 0.8223052760249433, "8636208.0--9222315.0": 0.7924972195707783, "8636208.0--9222335.0": 0.8400337627497916, "8636208.0--9222327.0": 0.786366514418218, "8636208.0--9233469.0": 0.8006880315663264, "8636208.0--9226461.0": 0.822515578376021, "8636208.0--9238508.0": 0.8055158321692197, "8636208.0--9222266.0": 0.7729359484695109, "8636208.0--9225008.0": 0.819329369003832, "8636208.0--9290431.0": 0.8761556356913245, "8636208.0--9239918.0": 0.7936424571492611, "8636208.0--9231271.0": 0.802001536383514, "8636208.0--9222313.0": 0.8244422595693, "8636208.0--9231268.0": 0.8171080742596546, "8636208.0--9222035.0": 0.7979384289889517, "8636208.0--9222091.0": 0.8357683733576751, "8636208.0--9229515.0": 0.7615670898808792, "8636208.0--9222301.0": 0.8591156107080026, "8636208.0--9222358.0": 0.8169609250814495, "8636208.0--9229135.0": 0.8544580564268951, "8636208.0--9222047.0": 0.7967449311612926, "8636208.0--9222272.0": 0.799126529212605, "8636208.0--9222110.0": 0.8358456222344577, "8636208.0--9222364.0": 0.8073872462020617, "8636208.0--9222088.0": 0.8321239369833892, "8636208.0--9216518.0": 0.8279836975061164, "8636208.0--9222309.0": 0.8000402732749055, "8636208.0--9216595.0": 0.8159884945885513, "8636208.0--9216538.0": 0.779731166601504, "8636208.0--9216549.0": 0.8396481181649971, "8636208.0--9216559.0": 0.8096536968744543, "8636208.0--9222376.0": 0.7651547546908154, "8636208.0--9222374.0": 0.8478246707745198, "8636208.0--9224194.0": 0.7681347101767977, "8636208.0--9222254.0": 0.8234236099906073, "8636208.0--9222049.0": 0.7786966384192208, "8636208.0--9222562.0": 0.7601793520948855, "8636208.0--9226126.0": 0.7943686451543077, "8636208.0--9240062.0": 0.8301264098205121, "8636208.0--9226101.0": 0.8168222470220352, "8636208.0--9222377.0": 0.7724125408174392, "8636208.0--9233392.0": 0.8029682726729532, "8636208.0--9222093.0": 0.7812030194705537, "8636208.0--9224154.0": 0.7961061641327412, "8636208.0--9240061.0": 0.7677132642085651, "8636208.0--9222512.0": 0.7810677498911749,