{"8412138.0--8807247.0": 0.8087006003185162, "8412138.0--8848845.0": 0.7968755117711308, "8412138.0--8695851.0": 0.8311599518321313, "8412138.0--8713907.0": 0.8262896560741346, "8412138.0--8809847.0": 0.8460900367454505, "8412138.0--8727480.0": 0.8229520187134673, "8412138.0--8706590.0": 0.8131077598503735, "8412138.0--8735916.0": 0.8204910146263769, "8412138.0--8474512.0": 0.7895570636662683, "8412138.0--8809845.0": 0.7622353951693588, "8412138.0--8540796.0": 0.839855536024366, "8412138.0--8807233.0": 0.7831142277827671, "8412138.0--8617747.0": 0.7449728911289157, "8412138.0--8474486.0": 0.7669280644588998, "8412138.0--8474516.0": 0.8095010750879151, "8412138.0--8663650.0": 0.8163188665068215, "8412138.0--8663646.0": 0.8003277715115258, "8412138.0--8794553.0": 0.8129321792155778, "8412138.0--8863966.0": 0.7869103703765189, "8412138.0--8525340.0": 0.8141703248381361, "8412138.0--8805448.0": 0.7388913159796882, "8405549.0--8412138.0": 0.8060327326712979, "8412138.0--8611178.0": 0.7862117780474815, "8412138.0--8827593.0": 0.8128365770232631, "8412138.0--8805463.0": 0.7835392324495519, "8412138.0--8805457.0": 0.818130464144096, "8412138.0--8805442.0": 0.7748169950264983, "8412138.0--8807266.0": 0.7922999083332328, "8412138.0--8813126.0": 0.7752157806701611, "8412138.0--8585103.0": 0.7941039615472208, "8412138.0--8807235.0": 0.8050664216554705, "8412138.0--8585048.0": 0.8016005739257717, "8412138.0--8809843.0": 0.8203070463145006, "8412138.0--8809842.0": 0.8015055486717874, "8412138.0--8842614.0": 0.7712998004392593, "8412138.0--8805441.0": 0.7440604579965977, "8412138.0--8809920.0": 0.7452307880127697, "8412138.0--8663312.0": 0.7819036397963484, "8412138.0--8477126.0": 0.8177354138501569, "8412138.0--8807224.0": 0.839877735255613, "8412138.0--8807355.0": 0.7998168539920129, "8412138.0--8807320.0": 0.7786198718177497, "8412138.0--8665933.0": 0.8212355215028132, "8412138.0--8845772.0": 0.7988693799654829, "8412138.0--8812989.0": 0.7988026029548447, "8412138.0--8636969.0": 0.8058829599679281, "8412138.0--8805450.0": 0.7496598751987849, "8412138.0--8807243.0": 0.8169538465083656, "8412138.0--8805443.0": 0.7690393385884655, "8412138.0--8673661.0": 0.8111196307816896, "8412138.0--8805419.0": 0.7666603722509232, "8412138.0--8451903.0": 0.7692937098801846, "8412138.0--8805429.0": 0.784708636621329, "8412138.0--8809846.0": 0.796363804552977, "8412138.0--8809832.0": 0.8077449667622949, "8412138.0--8413174.0": 0.7874623253483943, "8412138.0--8494817.0": 0.7610755246006999, "8412138.0--8637778.0": 0.7925498739563475, "8412138.0--8809742.0": 0.7633861889332562, "8412138.0--8807280.0": 0.8207704951831298, "8412138.0--8807274.0": 0.833811316188927, "8412138.0--9216586.0": 0.8118808899740201, "8412138.0--9237132.0": 0.7946164997204012, "8412138.0--9216572.0": 0.7931685950353548, "8412138.0--9217952.0": 0.772163430376978, "8412138.0--9217931.0": 0.8067178727090127, "8412138.0--9216507.0": 0.774214617331584, "8412138.0--9222368.0": 0.8009195974561792, "8412138.0--9220137.0": 0.7545335221787866, "8412138.0--9233460.0": 0.7631630624845611, "8412138.0--9222263.0": 0.7560952565439767, "8412138.0--9293003.0": 0.7973139253878714, "8412138.0--9222102.0": 0.7937028296942495, "8412138.0--9222323.0": 0.7957545503590457, "8412138.0--9222287.0": 0.7769352909047625, "8412138.0--9223736.0": 0.8047695578634544, "8412138.0--9224191.0": 0.8142712541983959, "8412138.0--9222251.0": 0.7744196321807382, "8412138.0--9229242.0": 0.8012980635579674, "8412138.0--9282195.0": 0.7936191323261235, "8412138.0--9222098.0": 0.8145074919049176, "8412138.0--9234027.0": 0.7661029578742548, "8412138.0--9246308.0": 0.7933236438340274, "8412138.0--9240072.0": 0.8383330364479659, "8412138.0--9222353.0": 0.8122457998439538, "8412138.0--9222293.0": 0.791733271005687, "8412138.0--9222089.0": 0.7728947619261047, "8412138.0--9228893.0": 0.7643483223953784, "8412138.0--9224192.0": 0.8063547454806432, "8412138.0--9222289.0": 0.802894106810979, "8412138.0--9222038.0": 0.7927409091405104, "8412138.0--9229072.0": 0.7927036322788246, "8412138.0--9222295.0": 0.8148160614844969, "8412138.0--9222342.0": 0.7822008120057045, "8412138.0--9241407.0": 0.7919707404567317, "8412138.0--9288884.0": 0.7565021154551402, "8412138.0--9222351.0": 0.7937875249165793, "8412138.0--9223669.0": 0.7921539336228128, "8412138.0--9222315.0": 0.7728106427723136, "8412138.0--9222335.0": 0.7987200477927348, "8412138.0--9222327.0": 0.7899268984633815, "8412138.0--9233469.0": 0.7953515788336643, "8412138.0--9226461.0": 0.7959931277222898, "8412138.0--9238508.0": 0.7873778399811795, "8412138.0--9222266.0": 0.7595036484817943, "8412138.0--9225008.0": 0.798161324961066, "8412138.0--9290431.0": 0.7859004426596337, "8412138.0--9239918.0": 0.7928661892576729, "8412138.0--9231271.0": 0.7653303009211205, "8412138.0--9222313.0": 0.7842947213688876, "8412138.0--9231268.0": 0.7536319248824955, "8412138.0--9222035.0": 0.7597688040944146, "8412138.0--9222091.0": 0.8047879851564474, "8412138.0--9229515.0": 0.7468947508171949, "8412138.0--9222301.0": 0.7903862591271622, "8412138.0--9222358.0": 0.8062630456624651, "8412138.0--9229135.0": 0.7912277952629927, "8412138.0--9222047.0": 0.7542240060082459, "8412138.0--9222272.0": 0.7885331101798135, "8412138.0--9222110.0": 0.7833559889455064, "8412138.0--9222364.0": 0.7732072596016588, "8412138.0--9222088.0": 0.8410299631020718, "8412138.0--9216518.0": 0.8002049730606418, "8412138.0--9222309.0": 0.7484291766962908, "8412138.0--9216595.0": 0.7723229225705482, "8412138.0--9216538.0": 0.7926702172842208, "8412138.0--9216549.0": 0.7890070324605335, "8412138.0--9216559.0": 0.8076010351023203, "8412138.0--9222376.0": 0.8162610274382346, "8412138.0--9222374.0": 0.8407454296479706, "8412138.0--9224194.0": 0.7873019123290921, "8412138.0--9222254.0": 0.7853642428192503, "8412138.0--9222049.0": 0.8076777007715372, "8412138.0--9222562.0": 0.8039643620437293, "8412138.0--9226126.0": 0.7851982250638272, "8412138.0--9240062.0": 0.8123560353963725, "8412138.0--9226101.0": 0.8188185073958532, "8412138.0--9222377.0": 0.7549950587510845, "8412138.0--9233392.0": 0.8000048425712516, "8412138.0--9222093.0": 0.8106156766252338, "8412138.0--9224154.0": 0.7758950853247019, "8412138.0--9240061.0": 0.7974093400715594, "8412138.0--9222512.0": 0.7770681821895303, "8412138.0--9241413.0": 0.7978802880416253, "8412138.0--9224646.0": 0.8370974790810235, "8412138.0--9222372.0": 0.7877107069004454, "8412138.0--9222253.0": 0.7906390436939977, "8412138.0--9222092.0": 0.8109529865982642, "8412138.0--9222271.0": 0.7986040460077914, "8412138.0--9230431.0": 0.8092723737314309, "8412138.0--9222076.0": 0.8402267424707495, "8412138.0--9222053.0": 0.8437389975105605, "8412138.0--9216532.0": 0.7790853258314113, "8412138.0--9222085.0": 0.8005987467754461, "8412138.0--9216629.0": 0.7763191268507793, "8412138.0--9308630.0": 0.7754265305467999, "8412138.0--9308624.0": 0.7700529028787312, "8412138.0--9219240.0": 0.7887977871618937, "8412138.0--9216630.0": 0.7825636765202117, "8412138.0--9217981.0": 0.8035523664129839, "8412138.0--9224153.0": 0.7725725693948943, "8412138.0--9286505.0": 0.7738859606879208, "8412138.0--9216512.0": 0.7941585444840045, "8412138.0--9216579.0": 0.784759456181942, "8412138.0--9222249.0": 0.8111894382666439, "8412138.0--9222367.0": 0.7530917924112225, "8412138.0--9222325.0": 0.782228236764133, "8412138.0--9222510.0": 0.7888419760098679, "8412138.0--9246250.0": 0.7705768575280828, "8412138.0--9308627.0": 0.8006982908533393, "8412138.0--9224186.0": 0.824968376732099, "8412138.0--9229232.0": 0.7820063180986536, "8412138.0--9226404.0": 0.7880779326957993, "8412138.0--9308631.0": 0.7651406010769146, "8412138.0--9222255.0": 0.8078592889385016, "8412138.0--9222261.0": 0.789945191601007, "8412138.0--9222338.0": 0.7909175614966971, "8412138.0--9222284.0": 0.8173241701527956, "8412138.0--9230430.0": 0.819617604826006, "8412138.0--9308622.0": 0.7332044457854634, "8412138.0--9286903.0": 0.727120222746954, "8412138.0--9234473.0": 0.7840496893867073,