{"8805456.0--8827944.0": 0.7963207486306184, "8805456.0--8807296.0": 0.8149616517896374, "8805456.0--8827951.0": 0.791192869036372, "8805456.0--8854335.0": 0.7950686388024895, "8805446.0--8805456.0": 0.8057853490072172, "8805436.0--8805456.0": 0.792490709037138, "8805433.0--8805456.0": 0.7556246080633527, "8546802.0--8805456.0": 0.8136042817817535, "8805427.0--8805456.0": 0.7549099464771614, "8805456.0--8836120.0": 0.7684443351332236, "8794768.0--8805456.0": 0.7924514205881137, "8805456.0--8809750.0": 0.7969333557145831, "8805456.0--8820172.0": 0.8339200997913202, "8476234.0--8805456.0": 0.7799841421294064, "8805456.0--8807314.0": 0.7328665766740052, "8794520.0--8805456.0": 0.804975770787709, "8805452.0--8805456.0": 0.795941471436316, "8805456.0--8805462.0": 0.767720892412936, "8805456.0--8807275.0": 0.8201472424042892, "8419285.0--8805456.0": 0.7956712810698742, "8805456.0--8807379.0": 0.7955999452963278, "8805456.0--8807234.0": 0.8165048554680039, "8423100.0--8805456.0": 0.7777235941646918, "8805455.0--8805456.0": 0.7699410266246671, "8727493.0--8805456.0": 0.7383229154831764, "8805456.0--8807369.0": 0.73074231458109, "8532319.0--8805456.0": 0.8459601771749607, "8419325.0--8805456.0": 0.7637118967285018, "8805430.0--8805456.0": 0.7582629262524313, "8805456.0--8807301.0": 0.7748530168069242, "8713940.0--8805456.0": 0.7743832621673048, "8637795.0--8805456.0": 0.790346388286731, "7999244.0--8805456.0": 0.7892286317806876, "8805439.0--8805456.0": 0.7538836962322665, "8805428.0--8805456.0": 0.776062605809938, "8805456.0--8809223.0": 0.7643596197973057, "8795584.0--8805456.0": 0.7863740712743517, "8805456.0--8807264.0": 0.7497712294820507, "8805431.0--8805456.0": 0.7534136913662911, "8453863.0--8805456.0": 0.7943950848050292, "8400404.0--8805456.0": 0.7687602422625806, "8805456.0--8809834.0": 0.7811324805686374, "8663447.0--8805456.0": 0.7977705618543058, "8805456.0--8807213.0": 0.826105406781244, "8640251.0--8805456.0": 0.7787005975808009, "8805456.0--8807220.0": 0.7911036274921251, "8617736.0--8805456.0": 0.7695411487160219, "8617746.0--8805456.0": 0.7462487411225706, "8640072.0--8805456.0": 0.7798366036351174, "8636208.0--8805456.0": 0.8023894031041259, "8805456.0--8805458.0": 0.7565676133336381, "8805456.0--8807271.0": 0.772752973590503, "8805456.0--8809678.0": 0.7493495027430487, "8805456.0--8807226.0": 0.7857745958014809, "8805456.0--8805467.0": 0.8018414620948505, "8611113.0--8805456.0": 0.7593942801368192, "8805456.0--8854316.0": 0.7900037715902932, "8794607.0--8805456.0": 0.7674937289451645, "8805418.0--8805456.0": 0.7787420530130615, "8805456.0--8836087.0": 0.7869892217618363, "8805456.0--8807283.0": 0.7849045035468859, "8805456.0--8820171.0": 0.7747216451371431, "8805456.0--8807288.0": 0.7471274884173487, "8805456.0--8807302.0": 0.7392531955806382, "8805456.0--8805466.0": 0.7586181672480143, "8805456.0--8807351.0": 0.7828128251973592, "8805420.0--8805456.0": 0.7731584591630234, "8805456.0--8807299.0": 0.7825478758592059, "8805456.0--8812988.0": 0.7875664615960304, "8805456.0--8807294.0": 0.8178269048350687, "8805434.0--8805456.0": 0.7832902554059864, "8732351.0--8805456.0": 0.7911687454117873, "8805456.0--8807232.0": 0.800193852971614, "8419271.0--8805456.0": 0.7395252969544692, "8625484.0--8805456.0": 0.7633427234329742, "8805456.0--8807349.0": 0.7747469736315807, "8805456.0--8809730.0": 0.7704611826890473, "8730513.0--8805456.0": 0.7900246998113685, "8805456.0--8809833.0": 0.7745447262638583, "8523628.0--8805456.0": 0.7638909165278385, "8434356.0--8805456.0": 0.7916680360314403, "8805456.0--8807303.0": 0.790213555118829, "8805456.0--8811606.0": 0.8113905631803043, "8805456.0--8807244.0": 0.8318233006492395, "8490694.0--8805456.0": 0.8397445431053941, "8805456.0--8809844.0": 0.8208337395954827, "8805456.0--8809850.0": 0.7801963588314216, "8805445.0--8805456.0": 0.8215027874536388, "8412138.0--8805456.0": 0.8428872446917639, "8805456.0--8807247.0": 0.7939663059012889, "8805456.0--8848845.0": 0.8033677308492125, "8695851.0--8805456.0": 0.8106584054048986, "8713907.0--8805456.0": 0.8070472104064073, "8805456.0--8809847.0": 0.8083719136253577, "8727480.0--8805456.0": 0.8142470536682179, "8706590.0--8805456.0": 0.7850186989112858, "8735916.0--8805456.0": 0.8001817448467803, "8474512.0--8805456.0": 0.7610052715445711, "8805456.0--8809845.0": 0.763597533317456, "8540796.0--8805456.0": 0.7958400524292697, "8805456.0--8807233.0": 0.7915105363732122, "8617747.0--8805456.0": 0.7537264137462181, "8474486.0--8805456.0": 0.769165538464723, "8474516.0--8805456.0": 0.8031377613955809, "8663650.0--8805456.0": 0.7593496219780508, "8663646.0--8805456.0": 0.7674863698760381, "8794553.0--8805456.0": 0.7998345444205387, "8805456.0--8863966.0": 0.7903387643935111, "8525340.0--8805456.0": 0.814005630201214, "8805448.0--8805456.0": 0.7308046707957203, "8405549.0--8805456.0": 0.8006372998151188, "8611178.0--8805456.0": 0.7753402648859672, "8805456.0--8827593.0": 0.8012108968975202, "8805456.0--8805463.0": 0.777193706199677, "8805456.0--8805457.0": 0.8053137683209852, "8805442.0--8805456.0": 0.7487146006909828, "8805456.0--8807266.0": 0.7829119786418673, "8805456.0--8813126.0": 0.75098016469409, "8585103.0--8805456.0": 0.755834162200226, "8805456.0--8807235.0": 0.7704269758590417, "8585048.0--8805456.0": 0.7731574929692894, "8805456.0--8809843.0": 0.8340473482979053, "8805456.0--8809842.0": 0.772224069022923, "8805456.0--8842614.0": 0.7671890552033148, "8805441.0--8805456.0": 0.7336911164718399, "8805456.0--8809920.0": 0.7571687623525947, "8663312.0--8805456.0": 0.779876268048799, "8477126.0--8805456.0": 0.7902160591133836, "8805456.0--8807224.0": 0.7964182623390574, "8805456.0--8807355.0": 0.7738841864783965, "8805456.0--8807320.0": 0.7854326002569321, "8665933.0--8805456.0": 0.7869020614137208, "8805456.0--8845772.0": 0.7603318525882465, "8805456.0--8812989.0": 0.7919116552943656, "8636969.0--8805456.0": 0.7868694074709216, "8805450.0--8805456.0": 0.7455464133185792, "8805456.0--8807243.0": 0.7857235365201397, "8805443.0--8805456.0": 0.7616390951373906, "8673661.0--8805456.0": 0.7841224603039784, "8805419.0--8805456.0": 0.7573976782083471, "8451903.0--8805456.0": 0.7735386968741567, "8805429.0--8805456.0": 0.767695883905776, "8805456.0--8809846.0": 0.7733614977943488, "8805456.0--8809832.0": 0.7846515027091534, "8413174.0--8805456.0": 0.7770322144895089, "8494817.0--8805456.0": 0.7655250373164397, "8637778.0--8805456.0": 0.7730504938927343, "8805456.0--8809742.0": 0.7741369781795326, "8805456.0--8807280.0": 0.7932939272530808, "8805456.0--8807274.0": 0.8093969492736806, "8805456.0--9216586.0": 0.7857633283923715, "8805456.0--9237132.0": 0.7788679475636167, "8805456.0--9216572.0": 0.7662562397745586, "8805456.0--9217952.0": 0.7737859040358592, "8805456.0--9217931.0": 0.7971518390515665, "8805456.0--9216507.0": 0.7740177653900583, "8805456.0--9222368.0": 0.7713438093911522, "8805456.0--9220137.0": 0.7551184475818535, "8805456.0--9233460.0": 0.7550753828018786, "8805456.0--9222263.0": 0.7890809865506757, "8805456.0--9293003.0": 0.7757366615468625, "8805456.0--9222102.0": 0.7769249719694322, "8805456.0--9222323.0": 0.7607939839427106, "8805456.0--9222287.0": 0.7466366201026758, "8805456.0--9223736.0": 0.771300041774402, "8805456.0--9224191.0": 0.8222092005271242, "8805456.0--9222251.0": 0.7410952484642116, "8805456.0--9229242.0": 0.7696787242699684, "8805456.0--9282195.0": 0.7807662788936949, "8805456.0--9222098.0": 0.8121750690614293, "8805456.0--9234027.0": 0.7308547216936447, "8805456.0--9246308.0": 0.7999145095342581, "8805456.0--9240072.0": 0.8026031267432209, "8805456.0--9222353.0": 0.8142635012225214, "8805456.0--9222293.0": 0.773148698764105, "8805456.0--9222089.0": 0.7679114738164423, "8805456.0--9228893.0": 0.7860453152385654, "8805456.0--9224192.0": 0.7717162597954099, "8805456.0--9222289.0": 0.794821136868983, "8805456.0--9222038.0": 0.7783313608555233, "8805456.0--9229072.0": 0.776004987480034, "8805456.0--9222295.0": 0.8204428179123212,