{"8440804.0--8454276.0": 0.8253116496737924, "8440804.0--8464305.0": 0.789849382402734, "8440804.0--8494828.0": 0.7751931141633249, "8440804.0--8440825.0": 0.7935115519736144, "8440804.0--8440814.0": 0.7974476033562381, "8440804.0--8440838.0": 0.792866848453237, "8440804.0--8440855.0": 0.7907953112777073, "8440804.0--8454489.0": 0.7880078532788084, "8440804.0--8440834.0": 0.7506656519598994, "8440804.0--8440826.0": 0.8096560405933984, "8440804.0--8440823.0": 0.8159850199129963, "8440804.0--8440845.0": 0.7891121774843973, "8440804.0--8440810.0": 0.7970033693089906, "8440804.0--8440806.0": 0.7669443674814154, "8440804.0--8440817.0": 0.7654843085989942, "8440804.0--8440813.0": 0.7982943664273222, "8440804.0--8443125.0": 0.7509137304631572, "8440804.0--8456575.0": 0.8020950777226901, "8440804.0--8440860.0": 0.7893463975230002, "8440804.0--8454343.0": 0.7858348091761636, "8440803.0--8440804.0": 0.7976334586480297, "8440804.0--8454344.0": 0.7902279537179275, "8440804.0--8440854.0": 0.8108518724459821, "8440804.0--8454346.0": 0.7724278201798593, "8440804.0--8440827.0": 0.7590547804194716, "8440804.0--8440836.0": 0.7865085971294555, "8440804.0--8440844.0": 0.7940613889940222, "8440804.0--8440808.0": 0.797057045451723, "8440804.0--8440837.0": 0.8080529559777971, "8440804.0--8440858.0": 0.7467183267712508, "8440804.0--8440820.0": 0.7489139854641825, "8440804.0--8440833.0": 0.7487136383553972, "8440804.0--8444072.0": 0.7788783933199277, "8440804.0--8440812.0": 0.7960552059121737, "8440804.0--8440809.0": 0.7888255713479734, "8440804.0--8454904.0": 0.789495375611624, "8440804.0--8440846.0": 0.7754879009179724, "8440804.0--8440830.0": 0.7973498163910521, "8440804.0--8444077.0": 0.7916382673867858, "8440804.0--8440847.0": 0.797979305934407, "8440804.0--8440849.0": 0.7719220105622341, "8440804.0--8443124.0": 0.8012327682405965, "8440804.0--8440843.0": 0.7868017660583915, "8440804.0--8807265.0": 0.7850194870720536, "8440804.0--8816695.0": 0.7963047213304766, "8440804.0--8805426.0": 0.7826246981329374, "8440804.0--8805421.0": 0.7906676857926427, "8440804.0--8812684.0": 0.792224190925149, "8440804.0--8805461.0": 0.7743333749748575, "8440804.0--8807255.0": 0.7581909399075094, "8440804.0--8805460.0": 0.7763361293787041, "8440804.0--8807292.0": 0.7972644299863376, "8440804.0--8807354.0": 0.784875915165404, "8440804.0--8809711.0": 0.7903212149514829, "8440804.0--8805422.0": 0.7562715087290461, "8440804.0--8805424.0": 0.7655102884045484, "8440804.0--8794517.0": 0.760942078870035, "8440804.0--8805451.0": 0.7948568235521007, "8440804.0--8807223.0": 0.7629593436325071, "8440804.0--8794560.0": 0.7785213248927887, "8440804.0--8481543.0": 0.7657429666509505, "8440804.0--8802285.0": 0.752951030741, "8440804.0--8807245.0": 0.79684159400415, "8440804.0--8805456.0": 0.7778313317581445, "8440804.0--8827944.0": 0.7629291713275989, "8440804.0--8807296.0": 0.781183970642725, "8440804.0--8827951.0": 0.764873625201146, "8440804.0--8854335.0": 0.7863627187293518, "8440804.0--8805446.0": 0.8068400916975362, "8440804.0--8805436.0": 0.8029683190167831, "8440804.0--8805433.0": 0.7925271790191235, "8440804.0--8546802.0": 0.8245712812718573, "8440804.0--8805427.0": 0.7905401860921417, "8440804.0--8836120.0": 0.7771229099871523, "8440804.0--8794768.0": 0.7758584697985618, "8440804.0--8809750.0": 0.7657704556718712, "8440804.0--8820172.0": 0.7911012675367775, "8440804.0--8476234.0": 0.7932006974986847, "8440804.0--8807314.0": 0.7565994423020188, "8440804.0--8794520.0": 0.8175242257267573, "8440804.0--8805452.0": 0.7925085499231366, "8440804.0--8805462.0": 0.7824111351937226, "8440804.0--8807275.0": 0.7740966640093982, "8419285.0--8440804.0": 0.7619979972970254, "8440804.0--8807379.0": 0.7707327387128571, "8440804.0--8807234.0": 0.7876498056417036, "8423100.0--8440804.0": 0.7731079162265784, "8440804.0--8805455.0": 0.7585811026756296, "8440804.0--8727493.0": 0.7777881509780733, "8440804.0--8807369.0": 0.7704894356861758, "8440804.0--8532319.0": 0.7771719580114658, "8419325.0--8440804.0": 0.7745050791356998, "8440804.0--8805430.0": 0.7933679072238711, "8440804.0--8807301.0": 0.7835447619798628, "8440804.0--8713940.0": 0.7798473896851456, "8440804.0--8637795.0": 0.7820605118536331, "7999244.0--8440804.0": 0.774377734592331, "8440804.0--8805439.0": 0.7843615758048348, "8440804.0--8805428.0": 0.7852487074238286, "8440804.0--8809223.0": 0.8307291094949135, "8440804.0--8795584.0": 0.8552854993271265, "8440804.0--8807264.0": 0.8214251262443077, "8440804.0--8805431.0": 0.7931677104378813, "8440804.0--8453863.0": 0.7769577309090994, "8400404.0--8440804.0": 0.8205370349954617, "8440804.0--8809834.0": 0.7763819794654535, "8440804.0--8663447.0": 0.7700601947696939, "8440804.0--8807213.0": 0.8068813109139022, "8440804.0--8640251.0": 0.7698633695229808, "8440804.0--8807220.0": 0.8080341624568215, "8440804.0--8617736.0": 0.775830330077968, "8440804.0--8617746.0": 0.7593684000787153, "8440804.0--8640072.0": 0.7792677049514729, "8440804.0--8636208.0": 0.7795430051568798, "8440804.0--8805458.0": 0.7783364034538732, "8440804.0--8807271.0": 0.8012346530569662, "8440804.0--8809678.0": 0.7600848890719916, "8440804.0--8807226.0": 0.7927993723722768, "8440804.0--8805467.0": 0.8262833837561372, "8440804.0--8611113.0": 0.7683206662953408, "8440804.0--8854316.0": 0.8081610638258849, "8440804.0--8794607.0": 0.7704725616811477, "8440804.0--8805418.0": 0.7481565498549909, "8440804.0--8836087.0": 0.7959247417621538, "8440804.0--8807283.0": 0.7777430269598768, "8440804.0--8820171.0": 0.7938050920094284, "8440804.0--8807288.0": 0.7375639503005068, "8440804.0--8807302.0": 0.7723788041679309, "8440804.0--8805466.0": 0.7970048043854732, "8440804.0--8807351.0": 0.794437490393157, "8440804.0--8805420.0": 0.7677851676888318, "8440804.0--8807299.0": 0.7658785186712856, "8440804.0--8812988.0": 0.7840624920738484, "8440804.0--8807294.0": 0.7822784160960919, "8440804.0--8805434.0": 0.8131044612428032, "8440804.0--8732351.0": 0.7656982833751076, "8440804.0--8807232.0": 0.7729259063658794, "8419271.0--8440804.0": 0.7601955762322324, "8440804.0--8625484.0": 0.79694973910415, "8440804.0--8807349.0": 0.7660852346250672, "8440804.0--8809730.0": 0.7747915430850492, "8440804.0--8730513.0": 0.7844844051036041, "8440804.0--8809833.0": 0.797602139671818, "8440804.0--8523628.0": 0.7352250826947061, "8434356.0--8440804.0": 0.7604473744522438, "8440804.0--8807303.0": 0.7810133437505418, "8440804.0--8811606.0": 0.7583396764563475, "8440804.0--8807244.0": 0.7600900379173057, "8440804.0--8490694.0": 0.7795913409542236, "8440804.0--8809844.0": 0.7530212803260136, "8440804.0--8809850.0": 0.7661976792230138, "8440804.0--8805445.0": 0.7607160251755587, "8412138.0--8440804.0": 0.7757724831908964, "8440804.0--8807247.0": 0.7610685247361095, "8440804.0--8848845.0": 0.7853678095150093, "8440804.0--8695851.0": 0.7755794665479132, "8440804.0--8713907.0": 0.7970354833710486, "8440804.0--8809847.0": 0.8009256698711392, "8440804.0--8727480.0": 0.8035313885186587, "8440804.0--8706590.0": 0.7522561451569201, "8440804.0--8735916.0": 0.7954579998894793, "8440804.0--8474512.0": 0.8020209038507594, "8440804.0--8809845.0": 0.7641731867576613, "8440804.0--8540796.0": 0.8280226010620173, "8440804.0--8807233.0": 0.8121978236735825, "8440804.0--8617747.0": 0.745243043635648, "8440804.0--8474486.0": 0.7839780276400904, "8440804.0--8474516.0": 0.7858482102719309, "8440804.0--8663650.0": 0.7503388976623826, "8440804.0--8663646.0": 0.7696687351195903, "8440804.0--8794553.0": 0.777887421970399, "8440804.0--8863966.0": 0.7703443221732443, "8440804.0--8525340.0": 0.7557688887039595, "8440804.0--8805448.0": 0.7691767196541655, "8405549.0--8440804.0": 0.8209814226411926, "8440804.0--8611178.0": 0.7926533023928157, "8440804.0--8827593.0": 0.77075590340918, "8440804.0--8805463.0": 0.7803199024225446, "8440804.0--8805457.0": 0.7862872521573486, "8440804.0--8805442.0": 0.7900688539734126, "8440804.0--8807266.0": 0.7917983690853888, "8440804.0--8813126.0": 0.7793443220390779,