{"8440049.0--8440097.0": 0.7533406169772302, "8440034.0--8440097.0": 0.7215514885010749, "8440097.0--8454905.0": 0.774010813269975, "8440039.0--8440097.0": 0.7781497248439349, "8440086.0--8440097.0": 0.7385266094142247, "8440097.0--8445644.0": 0.7448954449797922, "8440097.0--8494830.0": 0.7471435626725267, "8440038.0--8440097.0": 0.769480027373302, "8440097.0--8440110.0": 0.7607654040699305, "8440097.0--8440109.0": 0.7916838585776523, "8440097.0--8453873.0": 0.7382857103946294, "8440097.0--8440115.0": 0.7952231375277603, "8440097.0--8467383.0": 0.8135272496768577, "8440097.0--8440120.0": 0.7402514248678064, "8440076.0--8440097.0": 0.7611376529228384, "8440043.0--8440097.0": 0.7499136859382869, "8440097.0--8467535.0": 0.7788455307159838, "8440097.0--8440121.0": 0.775786642242924, "8440044.0--8440097.0": 0.7361909890944979, "8440089.0--8440097.0": 0.747551270601524, "8440052.0--8440097.0": 0.7385403237872341, "8440085.0--8440097.0": 0.7725588148985774, "8440070.0--8440097.0": 0.7832790538937267, "8440048.0--8440097.0": 0.7828860372731989, "8440097.0--8440118.0": 0.7429014356769049, "8440081.0--8440097.0": 0.7278678287876728, "8440097.0--8440102.0": 0.7907122765550493, "8440080.0--8440097.0": 0.7695964488730018, "8440096.0--8440097.0": 0.759243844724818, "8440097.0--8440124.0": 0.7332886901167166, "8440063.0--8440097.0": 0.769841478968194, "8440037.0--8440097.0": 0.7817667231167786, "8440040.0--8440097.0": 0.7349409168588805, "8440056.0--8440097.0": 0.7531805325284626, "8440097.0--8440116.0": 0.7630149173791195, "8440097.0--8444102.0": 0.7566320760577138, "8440097.0--8440824.0": 0.7472612780304858, "8440097.0--8493612.0": 0.7196435149353357, "8440097.0--8440850.0": 0.7879130236455288, "8440097.0--8456856.0": 0.7658057283194387, "8440097.0--8447439.0": 0.7486239016723004, "8440097.0--8440805.0": 0.7992684360338024, "8440097.0--8440811.0": 0.739564816188609, "8440097.0--8440856.0": 0.8084128102005547, "8440097.0--8440822.0": 0.7721134278217785, "8440097.0--8440828.0": 0.7748425368644396, "8440097.0--8440851.0": 0.7364355997212986, "8440097.0--8457476.0": 0.7806303047698422, "8440097.0--8440848.0": 0.7563093026090014, "8440097.0--8440839.0": 0.752202787010603, "8440097.0--8443395.0": 0.7498906582092132, "8440097.0--8440832.0": 0.7712729811184196, "8440097.0--8440816.0": 0.7820187268536772, "8440097.0--8440835.0": 0.8000370007242026, "8440097.0--8440818.0": 0.8156727003853541, "8440097.0--8440853.0": 0.7837721737746344, "8440097.0--8440840.0": 0.7757783420148439, "8440097.0--8440857.0": 0.7725273951247937, "8440097.0--8449328.0": 0.7598214146114255, "8440097.0--8440829.0": 0.770397356378599, "8440097.0--8440807.0": 0.7212938856471623, "8440097.0--8440831.0": 0.7606808031416953, "8440097.0--8440852.0": 0.7719354139591637, "8440097.0--8440841.0": 0.7500846208795976, "8440097.0--8440859.0": 0.7449693831518162, "8440097.0--8440821.0": 0.8105180604927527, "8440097.0--8440842.0": 0.7758645183093924, "8440097.0--8443131.0": 0.7455924986796725, "8440097.0--8440815.0": 0.7557862104581176, "8440097.0--8500765.0": 0.7789853644508216, "8440097.0--8440804.0": 0.7582068448759534, "8440097.0--8454276.0": 0.8269624280647803, "8440097.0--8464305.0": 0.7545116509937524, "8440097.0--8494828.0": 0.7588620777878248, "8440097.0--8440825.0": 0.765686153431745, "8440097.0--8440814.0": 0.7954212365033418, "8440097.0--8440838.0": 0.7821909808187444, "8440097.0--8440855.0": 0.760432332980559, "8440097.0--8454489.0": 0.7920449916368754, "8440097.0--8440834.0": 0.7420030556677122, "8440097.0--8440826.0": 0.8033292502494783, "8440097.0--8440823.0": 0.7593909728949583, "8440097.0--8440845.0": 0.7784020850727162, "8440097.0--8440810.0": 0.777111252714124, "8440097.0--8440806.0": 0.8077268023994104, "8440097.0--8440817.0": 0.749170036137428, "8440097.0--8440813.0": 0.7806231803665379, "8440097.0--8443125.0": 0.7785158628865397, "8440097.0--8456575.0": 0.7786151972485288, "8440097.0--8440860.0": 0.7841325319055135, "8440097.0--8454343.0": 0.7829853860958712, "8440097.0--8440803.0": 0.7659599284928141, "8440097.0--8454344.0": 0.7557801757216946, "8440097.0--8440854.0": 0.7885013563474115, "8440097.0--8454346.0": 0.7952014384782027, "8440097.0--8440827.0": 0.7206511874500459, "8440097.0--8440836.0": 0.774833001950398, "8440097.0--8440844.0": 0.7863936520460122, "8440097.0--8440808.0": 0.7868125706318984, "8440097.0--8440837.0": 0.7790683798356912, "8440097.0--8440858.0": 0.7789783367733494, "8440097.0--8440820.0": 0.7709806702904283, "8440097.0--8440833.0": 0.8014373847986517, "8440097.0--8444072.0": 0.7736618337955806, "8440097.0--8440812.0": 0.7816031676566461, "8440097.0--8440809.0": 0.8219761755540733, "8440097.0--8454904.0": 0.7985770250504038, "8440097.0--8440846.0": 0.7765563474647177, "8440097.0--8440830.0": 0.7827930278178672, "8440097.0--8444077.0": 0.8105410777025666, "8440097.0--8440847.0": 0.7867893667158745, "8440097.0--8440849.0": 0.792233471397408, "8440097.0--8443124.0": 0.7569388100482891, "8440097.0--8440843.0": 0.7718152772455571, "8440097.0--8807265.0": 0.7551948293039137, "8440097.0--8816695.0": 0.7709051151601387, "8440097.0--8805426.0": 0.7726970252576119, "8440097.0--8805421.0": 0.7736425370860454, "8440097.0--8812684.0": 0.7686399952634146, "8440097.0--8805461.0": 0.7833427832103478, "8440097.0--8807255.0": 0.7415862209620757, "8440097.0--8805460.0": 0.7261528868193714, "8440097.0--8807292.0": 0.7936874347978263, "8440097.0--8807354.0": 0.7693193170429038, "8440097.0--8809711.0": 0.7894997692128141, "8440097.0--8805422.0": 0.7460139674353139, "8440097.0--8805424.0": 0.7619604892820429, "8440097.0--8794517.0": 0.7488103599188447, "8440097.0--8805451.0": 0.7158467674327313, "8440097.0--8807223.0": 0.7212865196670872, "8440097.0--8794560.0": 0.7484716471787654, "8440097.0--8481543.0": 0.754012438488056, "8440097.0--8802285.0": 0.7391647955370421, "8440097.0--8807245.0": 0.7376279966292958, "8440097.0--8805456.0": 0.7640771821873267, "8440097.0--8827944.0": 0.7607033459678718, "8440097.0--8807296.0": 0.7598250842191703, "8440097.0--8827951.0": 0.7596508912545981, "8440097.0--8854335.0": 0.7591911499867824, "8440097.0--8805446.0": 0.752414312774239, "8440097.0--8805436.0": 0.7490007714405451, "8440097.0--8805433.0": 0.743931902269175, "8440097.0--8546802.0": 0.7897994601678777, "8440097.0--8805427.0": 0.7992031438137837, "8440097.0--8836120.0": 0.7833322539738813, "8440097.0--8794768.0": 0.7788384636612071, "8440097.0--8809750.0": 0.7718549862169943, "8440097.0--8820172.0": 0.7808243555911061, "8440097.0--8476234.0": 0.8007687816685195, "8440097.0--8807314.0": 0.7532000741898351, "8440097.0--8794520.0": 0.7770064669671165, "8440097.0--8805452.0": 0.7816949911364043, "8440097.0--8805462.0": 0.7475373841773524, "8440097.0--8807275.0": 0.7712045879176734, "8419285.0--8440097.0": 0.7504615173164491, "8440097.0--8807379.0": 0.7704364235270297, "8440097.0--8807234.0": 0.7917244577864001, "8423100.0--8440097.0": 0.7753019533650398, "8440097.0--8805455.0": 0.7504136974779787, "8440097.0--8727493.0": 0.7267434699660742, "8440097.0--8807369.0": 0.7234197809071614, "8440097.0--8532319.0": 0.769128181516415, "8419325.0--8440097.0": 0.7350647576902027, "8440097.0--8805430.0": 0.8294049738383569, "8440097.0--8807301.0": 0.7840470924374877, "8440097.0--8713940.0": 0.7880602517868831, "8440097.0--8637795.0": 0.7876536965929448, "7999244.0--8440097.0": 0.767046637355405, "8440097.0--8805439.0": 0.7671732095835502, "8440097.0--8805428.0": 0.7914497680841446, "8440097.0--8809223.0": 0.7860489831615478, "8440097.0--8795584.0": 0.7719267458428447, "8440097.0--8807264.0": 0.7469711928351214, "8440097.0--8805431.0": 0.8095020451156548, "8440097.0--8453863.0": 0.761467328249651, "8400404.0--8440097.0": 0.7566132679183768, "8440097.0--8809834.0": 0.7679620731499763, "8440097.0--8663447.0": 0.7507860990800342, "8440097.0--8807213.0": 0.8057741342231692, "8440097.0--8640251.0": 0.8019644307198976, "8440097.0--8807220.0": 0.7916464626842549, "8440097.0--8617736.0": 0.782784611288678,