{"8440822.0--8440856.0": 0.8379623106593219, "8440828.0--8440856.0": 0.8144291467460196, "8440851.0--8440856.0": 0.7832214115619207, "8440856.0--8457476.0": 0.8485411828822822, "8440848.0--8440856.0": 0.746694000619348, "8440839.0--8440856.0": 0.7922742984102054, "8440856.0--8443395.0": 0.8286835328430722, "8440832.0--8440856.0": 0.8018189589708287, "8440816.0--8440856.0": 0.8485489837813844, "8440835.0--8440856.0": 0.7978582362981745, "8440818.0--8440856.0": 0.8707111871979687, "8440853.0--8440856.0": 0.8360829265860605, "8440840.0--8440856.0": 0.8418026032828279, "8440856.0--8440857.0": 0.870950970317509, "8440856.0--8449328.0": 0.8272036765115935, "8440829.0--8440856.0": 0.8439909041286356, "8440807.0--8440856.0": 0.7755963825655983, "8440831.0--8440856.0": 0.8079052250955876, "8440852.0--8440856.0": 0.8148438761999988, "8440841.0--8440856.0": 0.7840237501525849, "8440856.0--8440859.0": 0.7788523292913784, "8440821.0--8440856.0": 0.8262730161559375, "8440842.0--8440856.0": 0.7927174242987158, "8440856.0--8443131.0": 0.7705228160674004, "8440815.0--8440856.0": 0.8274711943202455, "8440856.0--8500765.0": 0.8375475484608916, "8440804.0--8440856.0": 0.794930359265545, "8440856.0--8454276.0": 0.8149089420266716, "8440856.0--8464305.0": 0.805370507687208, "8440856.0--8494828.0": 0.784777214286011, "8440825.0--8440856.0": 0.788476728415999, "8440814.0--8440856.0": 0.8419463119325559, "8440838.0--8440856.0": 0.8465066077244117, "8440855.0--8440856.0": 0.8427327651828995, "8440856.0--8454489.0": 0.8568384866768506, "8440834.0--8440856.0": 0.7700093814632052, "8440826.0--8440856.0": 0.8725244159899659, "8440823.0--8440856.0": 0.8165455320011916, "8440845.0--8440856.0": 0.8076121533815774, "8440810.0--8440856.0": 0.8457243430828577, "8440806.0--8440856.0": 0.8348597957866812, "8440817.0--8440856.0": 0.805127724993966, "8440813.0--8440856.0": 0.8226368045100423, "8440856.0--8443125.0": 0.8697698827606646, "8440856.0--8456575.0": 0.8294424351170201, "8440856.0--8440860.0": 0.819502458479181, "8440856.0--8454343.0": 0.8676266533926613, "8440803.0--8440856.0": 0.8159441169927009, "8440856.0--8454344.0": 0.8238454272136788, "8440854.0--8440856.0": 0.855806526043021, "8440856.0--8454346.0": 0.8554997226143652, "8440827.0--8440856.0": 0.7813115716333017, "8440836.0--8440856.0": 0.8202278947929267, "8440844.0--8440856.0": 0.8375783236914146, "8440808.0--8440856.0": 0.8087471449047339, "8440837.0--8440856.0": 0.8230564343586454, "8440856.0--8440858.0": 0.8024230120536482, "8440820.0--8440856.0": 0.808942632572343, "8440833.0--8440856.0": 0.8181135830285413, "8440856.0--8444072.0": 0.8112276135503611, "8440812.0--8440856.0": 0.8917878662310105, "8440809.0--8440856.0": 0.8566826628513334, "8440856.0--8454904.0": 0.8147988239340278, "8440846.0--8440856.0": 0.8412861207452761, "8440830.0--8440856.0": 0.8164448989762777, "8440856.0--8444077.0": 0.8083366071066116, "8440847.0--8440856.0": 0.8398131004543004, "8440849.0--8440856.0": 0.8378964310427682, "8440856.0--8443124.0": 0.8251671605957819, "8440843.0--8440856.0": 0.8160240134941388, "8440856.0--8807265.0": 0.7934970845787953, "8440856.0--8816695.0": 0.8566104113977757, "8440856.0--8805426.0": 0.8042902739714342, "8440856.0--8805421.0": 0.8222232806231798, "8440856.0--8812684.0": 0.8176817612288854, "8440856.0--8805461.0": 0.8269349113326763, "8440856.0--8807255.0": 0.8025873052472544, "8440856.0--8805460.0": 0.8178805369621571, "8440856.0--8807292.0": 0.8327971940710684, "8440856.0--8807354.0": 0.8044449541506313, "8440856.0--8809711.0": 0.845054739884385, "8440856.0--8805422.0": 0.8155818918100096, "8440856.0--8805424.0": 0.8285945727453756, "8440856.0--8794517.0": 0.7878440155187492, "8440856.0--8805451.0": 0.788129426980529, "8440856.0--8807223.0": 0.7681453379694116, "8440856.0--8794560.0": 0.8098972741731668, "8440856.0--8481543.0": 0.825661160139487, "8440856.0--8802285.0": 0.7635939083490433, "8440856.0--8807245.0": 0.8271390144689612, "8440856.0--8805456.0": 0.7911738571288256, "8440856.0--8827944.0": 0.767833990540333, "8440856.0--8807296.0": 0.8043969189800712, "8440856.0--8827951.0": 0.7720228565979289, "8440856.0--8854335.0": 0.8050307760130041, "8440856.0--8805446.0": 0.7925871609225691, "8440856.0--8805436.0": 0.8094237052462241, "8440856.0--8805433.0": 0.7666133817659451, "8440856.0--8546802.0": 0.8148339409077832, "8440856.0--8805427.0": 0.8588094768792685, "8440856.0--8836120.0": 0.8951483732359062, "8440856.0--8794768.0": 0.8513109049638612, "8440856.0--8809750.0": 0.823975441096437, "8440856.0--8820172.0": 0.8365453937043649, "8440856.0--8476234.0": 0.860697203215057, "8440856.0--8807314.0": 0.7871063154593227, "8440856.0--8794520.0": 0.8335972392084718, "8440856.0--8805452.0": 0.8432506006686326, "8440856.0--8805462.0": 0.7847995016678447, "8440856.0--8807275.0": 0.8212781563443943, "8419285.0--8440856.0": 0.8153342226050615, "8440856.0--8807379.0": 0.8069556851054609, "8440856.0--8807234.0": 0.8411235913247317, "8423100.0--8440856.0": 0.8116436385997761, "8440856.0--8805455.0": 0.7741343865184066, "8440856.0--8727493.0": 0.7627045366638907, "8440856.0--8807369.0": 0.7596197262698148, "8440856.0--8532319.0": 0.7827520720261831, "8419325.0--8440856.0": 0.7916855920477515, "8440856.0--8805430.0": 0.8504021091489602, "8440856.0--8807301.0": 0.8219980320154964, "8440856.0--8713940.0": 0.8248410016981323, "8440856.0--8637795.0": 0.8560423464819473, "7999244.0--8440856.0": 0.8181328291701179, "8440856.0--8805439.0": 0.8322176641037795, "8440856.0--8805428.0": 0.8920593300417848, "8440856.0--8809223.0": 0.8464835574107481, "8440856.0--8795584.0": 0.8177980293786533, "8440856.0--8807264.0": 0.8047991148701843, "8440856.0--8805431.0": 0.841517862214812, "8440856.0--8453863.0": 0.8086107550349351, "8400404.0--8440856.0": 0.7976080326107691, "8440856.0--8809834.0": 0.8213495541141319, "8440856.0--8663447.0": 0.8061033705250894, "8440856.0--8807213.0": 0.8503043804863023, "8440856.0--8640251.0": 0.8353133342045076, "8440856.0--8807220.0": 0.8356593436862786, "8440856.0--8617736.0": 0.8185939336672733, "8440856.0--8617746.0": 0.7964173425566541, "8440856.0--8640072.0": 0.8441369693702723, "8440856.0--8636208.0": 0.8284753134922646, "8440856.0--8805458.0": 0.8414644482830285, "8440856.0--8807271.0": 0.834480635980053, "8440856.0--8809678.0": 0.8389520023533414, "8440856.0--8807226.0": 0.8485528984515364, "8440856.0--8805467.0": 0.8352048527831597, "8440856.0--8611113.0": 0.8019482839873766, "8440856.0--8854316.0": 0.8327662834251676, "8440856.0--8794607.0": 0.8187188995572089, "8440856.0--8805418.0": 0.8075605333347692, "8440856.0--8836087.0": 0.8474686834344443, "8440856.0--8807283.0": 0.7937077547534472, "8440856.0--8820171.0": 0.8314874528019215, "8440856.0--8807288.0": 0.7698067562794357, "8440856.0--8807302.0": 0.7801008487628616, "8440856.0--8805466.0": 0.790721708543125, "8440856.0--8807351.0": 0.8001014003357255, "8440856.0--8805420.0": 0.8174446123071347, "8440856.0--8807299.0": 0.7966612611356926, "8440856.0--8812988.0": 0.7966852584791424, "8440856.0--8807294.0": 0.813073772535857, "8440856.0--8805434.0": 0.8507706437318203, "8440856.0--8732351.0": 0.7962503984990446, "8440856.0--8807232.0": 0.7873086917080487, "8419271.0--8440856.0": 0.7762745564941477, "8440856.0--8625484.0": 0.8045854926831169, "8440856.0--8807349.0": 0.8079615588527169, "8440856.0--8809730.0": 0.7980940773773364, "8440856.0--8730513.0": 0.8226620642533202, "8440856.0--8809833.0": 0.7991512594990495, "8440856.0--8523628.0": 0.7807560559193576, "8434356.0--8440856.0": 0.7998451461826954, "8440856.0--8807303.0": 0.8252432958224738, "8440856.0--8811606.0": 0.8055334740349462, "8440856.0--8807244.0": 0.8123300324671687, "8440856.0--8490694.0": 0.8571494956590624, "8440856.0--8809844.0": 0.8060565173680212, "8440856.0--8809850.0": 0.8754454734834993, "8440856.0--8805445.0": 0.7943071954759997, "8412138.0--8440856.0": 0.7916897330645409, "8440856.0--8807247.0": 0.8011210311650618, "8440856.0--8848845.0": 0.826044004961318,