{"9222284.0--9230430.0": 0.833598931206647, "9222284.0--9308622.0": 0.7765639455087903, "9222284.0--9286903.0": 0.7566897820082874, "9222284.0--9234473.0": 0.7795255916480257, "9222284.0--9241426.0": 0.831759488832517, "9222269.0--9222284.0": 0.8159428183914907, "9222284.0--9237999.0": 0.8330846743317202, "9222072.0--9222284.0": 0.8205926773919743, "9222284.0--9224197.0": 0.7992595082730485, "9222284.0--9246282.0": 0.845765539078049, "9222284.0--9222314.0": 0.7878514249105897, "9222284.0--9222357.0": 0.8235446193234621, "9222086.0--9222284.0": 0.8325515784923425, "9222284.0--9222360.0": 0.8446196960725646, "9222065.0--9222284.0": 0.7861484180313474, "9222284.0--9228894.0": 0.8322781903935437, "9222284.0--9233264.0": 0.8166572107378974, "9222284.0--9222343.0": 0.834711727532432, "9222284.0--9308621.0": 0.7809717057080827, "9222284.0--9308625.0": 0.8217166225609808, "9222284.0--9241744.0": 0.8160047219325914, "9222284.0--9308629.0": 0.8096382119684037, "9222068.0--9222284.0": 0.7790225894838868, "9222248.0--9222284.0": 0.7806066807406276, "9222274.0--9222284.0": 0.7914631238016249, "9222284.0--9229116.0": 0.8285285883766593, "9222284.0--9233993.0": 0.8090679791572519, "9222284.0--9308623.0": 0.795994307716496, "9222284.0--9222553.0": 0.8161100679638594, "9222284.0--9222341.0": 0.8555411624939093, "9222284.0--9222346.0": 0.8076260547734516, "9222284.0--9308628.0": 0.8377082535601035, "9222284.0--9222294.0": 0.8160934724823424, "9222284.0--9241732.0": 0.8017208141649084, "9222060.0--9222284.0": 0.8462941696089461, "9222280.0--9222284.0": 0.8324763278718135}