{"8440803.0--8454343.0": 0.8379216177958188, "8454343.0--8454344.0": 0.7997918189986242, "8440854.0--8454343.0": 0.8318856366452725, "8454343.0--8454346.0": 0.8174429559152007, "8440827.0--8454343.0": 0.7953143599052825, "8440836.0--8454343.0": 0.7963936122069215, "8440844.0--8454343.0": 0.8014869309876188, "8440808.0--8454343.0": 0.7925379941638434, "8440837.0--8454343.0": 0.8010191168800335, "8440858.0--8454343.0": 0.7867582926200798, "8440820.0--8454343.0": 0.7698310416753282, "8440833.0--8454343.0": 0.7932650408123728, "8444072.0--8454343.0": 0.799752119056685, "8440812.0--8454343.0": 0.8254984246864501, "8440809.0--8454343.0": 0.8339664083429459, "8454343.0--8454904.0": 0.8002383768270095, "8440846.0--8454343.0": 0.8286182991229452, "8440830.0--8454343.0": 0.8362759261189663, "8444077.0--8454343.0": 0.7936479135003601, "8440847.0--8454343.0": 0.8246599240917627, "8440849.0--8454343.0": 0.8349070682979339, "8443124.0--8454343.0": 0.7996152677091568, "8440843.0--8454343.0": 0.799975407415404, "8454343.0--8807265.0": 0.7887317341135553, "8454343.0--8816695.0": 0.8304755848473779, "8454343.0--8805426.0": 0.7886097880607862, "8454343.0--8805421.0": 0.7969148888433586, "8454343.0--8812684.0": 0.8105339740345463, "8454343.0--8805461.0": 0.787428705988139, "8454343.0--8807255.0": 0.8053901437788744, "8454343.0--8805460.0": 0.7864132890798521, "8454343.0--8807292.0": 0.8229493562785279, "8454343.0--8807354.0": 0.8018305729321216, "8454343.0--8809711.0": 0.8382133254590007, "8454343.0--8805422.0": 0.8129225234714585, "8454343.0--8805424.0": 0.8419646109318879, "8454343.0--8794517.0": 0.7718442654351951, "8454343.0--8805451.0": 0.7785422647523861, "8454343.0--8807223.0": 0.7460102907279702, "8454343.0--8794560.0": 0.769666630903479, "8454343.0--8481543.0": 0.7887465648772132, "8454343.0--8802285.0": 0.7401707709196175, "8454343.0--8807245.0": 0.8019804950852034, "8454343.0--8805456.0": 0.761227647041545, "8454343.0--8827944.0": 0.7553273279345922, "8454343.0--8807296.0": 0.7798815179664291, "8454343.0--8827951.0": 0.7564904594064932, "8454343.0--8854335.0": 0.7956771424445517, "8454343.0--8805446.0": 0.7871970721974084, "8454343.0--8805436.0": 0.7830502670542376, "8454343.0--8805433.0": 0.7789814234268628, "8454343.0--8546802.0": 0.8037606538485509, "8454343.0--8805427.0": 0.81114731028469, "8454343.0--8836120.0": 0.8314353529116343, "8454343.0--8794768.0": 0.7965200005564068, "8454343.0--8809750.0": 0.77640670166624, "8454343.0--8820172.0": 0.8188741402900505, "8454343.0--8476234.0": 0.8504571405590485, "8454343.0--8807314.0": 0.7644353979671047, "8454343.0--8794520.0": 0.8181132753629462, "8454343.0--8805452.0": 0.7955978050133188, "8454343.0--8805462.0": 0.7635851131063378, "8454343.0--8807275.0": 0.7774476700281052, "8419285.0--8454343.0": 0.7804828535394491, "8454343.0--8807379.0": 0.7686615813581814, "8454343.0--8807234.0": 0.8206420515836499, "8423100.0--8454343.0": 0.7858671795664185, "8454343.0--8805455.0": 0.7773784284688752, "8454343.0--8727493.0": 0.7372223285208039, "8454343.0--8807369.0": 0.7601670644020629, "8454343.0--8532319.0": 0.7622760484789821, "8419325.0--8454343.0": 0.7713362725966677, "8454343.0--8805430.0": 0.83281642242462, "8454343.0--8807301.0": 0.823974709927271, "8454343.0--8713940.0": 0.8232791251659619, "8454343.0--8637795.0": 0.8479746826992117, "7999244.0--8454343.0": 0.818671619234507, "8454343.0--8805439.0": 0.8569122696822189, "8454343.0--8805428.0": 0.8153911883609343, "8454343.0--8809223.0": 0.8299764987481261, "8454343.0--8795584.0": 0.8112097857337166, "8454343.0--8807264.0": 0.7851445826394172, "8454343.0--8805431.0": 0.7938261354268666, "8453863.0--8454343.0": 0.7737771774390084, "8400404.0--8454343.0": 0.7808318113628114, "8454343.0--8809834.0": 0.7911720613690438, "8454343.0--8663447.0": 0.7745682449877025, "8454343.0--8807213.0": 0.8294531976358355, "8454343.0--8640251.0": 0.8256346037020921, "8454343.0--8807220.0": 0.8338652428259392, "8454343.0--8617736.0": 0.821850143593104, "8454343.0--8617746.0": 0.7594807278839796, "8454343.0--8640072.0": 0.8202030114297789, "8454343.0--8636208.0": 0.8080775817211346, "8454343.0--8805458.0": 0.8309747861376663, "8454343.0--8807271.0": 0.8383854470376194, "8454343.0--8809678.0": 0.8090446850670036, "8454343.0--8807226.0": 0.843543030919457, "8454343.0--8805467.0": 0.8263108629871823, "8454343.0--8611113.0": 0.793110016527625, "8454343.0--8854316.0": 0.8309660635100575, "8454343.0--8794607.0": 0.806462415513604, "8454343.0--8805418.0": 0.7892471814107953, "8454343.0--8836087.0": 0.8263642077019349, "8454343.0--8807283.0": 0.7931629758486654, "8454343.0--8820171.0": 0.8233542336316259, "8454343.0--8807288.0": 0.7654505248760305, "8454343.0--8807302.0": 0.7875840287141596, "8454343.0--8805466.0": 0.7850635510662861, "8454343.0--8807351.0": 0.7843935443937016, "8454343.0--8805420.0": 0.8018614518910601, "8454343.0--8807299.0": 0.8136227121526041, "8454343.0--8812988.0": 0.7893509202383984, "8454343.0--8807294.0": 0.7919012523349243, "8454343.0--8805434.0": 0.8349634204047465, "8454343.0--8732351.0": 0.760571295111975, "8454343.0--8807232.0": 0.7835210230019618, "8419271.0--8454343.0": 0.7546840521253688, "8454343.0--8625484.0": 0.8033853964386762, "8454343.0--8807349.0": 0.8143219438640592, "8454343.0--8809730.0": 0.7932862162964482, "8454343.0--8730513.0": 0.8139938960695585, "8454343.0--8809833.0": 0.8070661489479527, "8454343.0--8523628.0": 0.7853093391284293, "8434356.0--8454343.0": 0.7748738981390298, "8454343.0--8807303.0": 0.8023104469052575, "8454343.0--8811606.0": 0.7840256317003598, "8454343.0--8807244.0": 0.7594968234484367, "8454343.0--8490694.0": 0.8016501633588515, "8454343.0--8809844.0": 0.7642090461920781, "8454343.0--8809850.0": 0.8222546424653125, "8454343.0--8805445.0": 0.7631629980074511, "8412138.0--8454343.0": 0.7787606920973732, "8454343.0--8807247.0": 0.764877032519187, "8454343.0--8848845.0": 0.7881675105702982, "8454343.0--8695851.0": 0.7897051817479432, "8454343.0--8713907.0": 0.8246543284317612, "8454343.0--8809847.0": 0.7947607915686512, "8454343.0--8727480.0": 0.8102406318166003, "8454343.0--8706590.0": 0.7877060724337268, "8454343.0--8735916.0": 0.7998996392053686, "8454343.0--8474512.0": 0.8074880029313711, "8454343.0--8809845.0": 0.7560110878445975, "8454343.0--8540796.0": 0.827193204247333, "8454343.0--8807233.0": 0.7719148613171758, "8454343.0--8617747.0": 0.7553333375741722, "8454343.0--8474486.0": 0.8091700050514014, "8454343.0--8474516.0": 0.8338369853714506, "8454343.0--8663650.0": 0.7834808292854754, "8454343.0--8663646.0": 0.7776861052786269, "8454343.0--8794553.0": 0.8018805831868023, "8454343.0--8863966.0": 0.7723166872500045, "8454343.0--8525340.0": 0.7645297374592541, "8454343.0--8805448.0": 0.7964247630285273, "8405549.0--8454343.0": 0.8292926693105198, "8454343.0--8611178.0": 0.8050168835913416, "8454343.0--8827593.0": 0.7689730538466157, "8454343.0--8805463.0": 0.7667502421731047, "8454343.0--8805457.0": 0.8116236177048222, "8454343.0--8805442.0": 0.8068104927003147, "8454343.0--8807266.0": 0.8286969977794366, "8454343.0--8813126.0": 0.812994732334373, "8454343.0--8585103.0": 0.8211518137703797, "8454343.0--8807235.0": 0.8060933297889562, "8454343.0--8585048.0": 0.8515252242791987, "8454343.0--8809843.0": 0.7471271125731825, "8454343.0--8809842.0": 0.7856174094382402, "8454343.0--8842614.0": 0.7666119049908489, "8454343.0--8805441.0": 0.7546000738321793, "8454343.0--8809920.0": 0.7359928651355702, "8454343.0--8663312.0": 0.7868532419422987, "8454343.0--8477126.0": 0.8386572259047572, "8454343.0--8807224.0": 0.8076622900248878, "8454343.0--8807355.0": 0.7858634386933501, "8454343.0--8807320.0": 0.8297342909503792, "8454343.0--8665933.0": 0.7997004296229842, "8454343.0--8845772.0": 0.791893808429035, "8454343.0--8812989.0": 0.8275300885606609, "8454343.0--8636969.0": 0.7924500841849761, "8454343.0--8805450.0": 0.7807608966583357, "8454343.0--8807243.0": 0.800874628626937, "8454343.0--8805443.0": 0.8467204058230459,