{"8440836.0--8440844.0": 0.8150346993310276, "8440808.0--8440836.0": 0.8216121402814603, "8440836.0--8440837.0": 0.8050651499157551, "8440836.0--8440858.0": 0.8052572395180472, "8440820.0--8440836.0": 0.7764649430112165, "8440833.0--8440836.0": 0.7953835635540203, "8440836.0--8444072.0": 0.7869110761906981, "8440812.0--8440836.0": 0.8080745094963835, "8440809.0--8440836.0": 0.7878404962768283, "8440836.0--8454904.0": 0.8026520191588602, "8440836.0--8440846.0": 0.8323767783641857, "8440830.0--8440836.0": 0.8176001261874444, "8440836.0--8444077.0": 0.7917959781429009, "8440836.0--8440847.0": 0.8292828810625064, "8440836.0--8440849.0": 0.7795996555719821, "8440836.0--8443124.0": 0.8307890354348305, "8440836.0--8440843.0": 0.7710255777238721, "8440836.0--8807265.0": 0.7898670388743652, "8440836.0--8816695.0": 0.816223705052516, "8440836.0--8805426.0": 0.8054843009670604, "8440836.0--8805421.0": 0.8116149665103392, "8440836.0--8812684.0": 0.8032018640262948, "8440836.0--8805461.0": 0.7827053707618437, "8440836.0--8807255.0": 0.7685725969618642, "8440836.0--8805460.0": 0.7746918930158253, "8440836.0--8807292.0": 0.843334504264226, "8440836.0--8807354.0": 0.7902625545852566, "8440836.0--8809711.0": 0.8055225290746287, "8440836.0--8805422.0": 0.7788949617869667, "8440836.0--8805424.0": 0.8129359179575661, "8440836.0--8794517.0": 0.7920807981174021, "8440836.0--8805451.0": 0.7784389359553734, "8440836.0--8807223.0": 0.7935746866987455, "8440836.0--8794560.0": 0.7958999164335402, "8440836.0--8481543.0": 0.7864073148951424, "8440836.0--8802285.0": 0.7641706197451702, "8440836.0--8807245.0": 0.7848870687719925, "8440836.0--8805456.0": 0.7716096161529092, "8440836.0--8827944.0": 0.7727023040018729, "8440836.0--8807296.0": 0.8160469589966868, "8440836.0--8827951.0": 0.7710253994397982, "8440836.0--8854335.0": 0.8227157418277076, "8440836.0--8805446.0": 0.7882654783484068, "8440836.0--8805436.0": 0.8028167686998291, "8440836.0--8805433.0": 0.780190782181171, "8440836.0--8546802.0": 0.8142568077093167, "8440836.0--8805427.0": 0.7631989812079671, "8440836.0--8836120.0": 0.7852364256911937, "8440836.0--8794768.0": 0.7909519654234864, "8440836.0--8809750.0": 0.7932623926816863, "8440836.0--8820172.0": 0.8271427282133408, "8440836.0--8476234.0": 0.8075802790455966, "8440836.0--8807314.0": 0.8146748415918668, "8440836.0--8794520.0": 0.8380160099691218, "8440836.0--8805452.0": 0.798809010078513, "8440836.0--8805462.0": 0.8055953967110654, "8440836.0--8807275.0": 0.7788811304592146, "8419285.0--8440836.0": 0.7810902667370645, "8440836.0--8807379.0": 0.8108121793633394, "8440836.0--8807234.0": 0.8131967374764799, "8423100.0--8440836.0": 0.7912810798664774, "8440836.0--8805455.0": 0.7645501389127211, "8440836.0--8727493.0": 0.7566654177981323, "8440836.0--8807369.0": 0.7449648021886899, "8440836.0--8532319.0": 0.7748179789842932, "8419325.0--8440836.0": 0.7879814589160583, "8440836.0--8805430.0": 0.8024362230733799, "8440836.0--8807301.0": 0.7752339121952813, "8440836.0--8713940.0": 0.8400609609029792, "8440836.0--8637795.0": 0.8291034356217428, "7999244.0--8440836.0": 0.7845681419326708, "8440836.0--8805439.0": 0.7772719869549214, "8440836.0--8805428.0": 0.8254670986509978, "8440836.0--8809223.0": 0.813144416292261, "8440836.0--8795584.0": 0.8051099243345204, "8440836.0--8807264.0": 0.7875230998775331, "8440836.0--8805431.0": 0.8138220013403046, "8440836.0--8453863.0": 0.7783664506403625, "8400404.0--8440836.0": 0.7851400490477144, "8440836.0--8809834.0": 0.8025510888892736, "8440836.0--8663447.0": 0.791028871080464, "8440836.0--8807213.0": 0.8140100957969045, "8440836.0--8640251.0": 0.8477263673639867, "8440836.0--8807220.0": 0.8261335491047239, "8440836.0--8617736.0": 0.8311150724149985, "8440836.0--8617746.0": 0.7647198098804017, "8440836.0--8640072.0": 0.8449830469943029, "8440836.0--8636208.0": 0.8199147039095176, "8440836.0--8805458.0": 0.7879625209453959, "8440836.0--8807271.0": 0.8224274283426815, "8440836.0--8809678.0": 0.810477464801248, "8440836.0--8807226.0": 0.8260075577112217, "8440836.0--8805467.0": 0.8270266588137496, "8440836.0--8611113.0": 0.8176199326713567, "8440836.0--8854316.0": 0.8275848955261835, "8440836.0--8794607.0": 0.8153361689073879, "8440836.0--8805418.0": 0.7728526016606233, "8440836.0--8836087.0": 0.8194718174326776, "8440836.0--8807283.0": 0.7900267077475538, "8440836.0--8820171.0": 0.8241800249570431, "8440836.0--8807288.0": 0.7571273091562263, "8440836.0--8807302.0": 0.7707278851862824, "8440836.0--8805466.0": 0.796499939779169, "8440836.0--8807351.0": 0.7894192674522663, "8440836.0--8805420.0": 0.7709488949461385, "8440836.0--8807299.0": 0.7874605441913205, "8440836.0--8812988.0": 0.7954995286274711, "8440836.0--8807294.0": 0.7876692662159586, "8440836.0--8805434.0": 0.8094066121243899, "8440836.0--8732351.0": 0.7834287104241093, "8440836.0--8807232.0": 0.7830659119163366, "8419271.0--8440836.0": 0.7703773639861959, "8440836.0--8625484.0": 0.7962549296766399, "8440836.0--8807349.0": 0.7978072596074316, "8440836.0--8809730.0": 0.8045662203196509, "8440836.0--8730513.0": 0.8162345055075724, "8440836.0--8809833.0": 0.8121431675661406, "8440836.0--8523628.0": 0.8144465230037243, "8434356.0--8440836.0": 0.7927688739371255, "8440836.0--8807303.0": 0.7985961216780922, "8440836.0--8811606.0": 0.7790550028958719, "8440836.0--8807244.0": 0.7870662345511014, "8440836.0--8490694.0": 0.8038259038283662, "8440836.0--8809844.0": 0.7938619881505674, "8440836.0--8809850.0": 0.7994650507348299, "8440836.0--8805445.0": 0.7697336903174026, "8412138.0--8440836.0": 0.8013292051353035, "8440836.0--8807247.0": 0.7811439712755657, "8440836.0--8848845.0": 0.8022167118617715, "8440836.0--8695851.0": 0.8114570193054986, "8440836.0--8713907.0": 0.8404233925129262, "8440836.0--8809847.0": 0.826591926586434, "8440836.0--8727480.0": 0.8280507437968043, "8440836.0--8706590.0": 0.8027093411111528, "8440836.0--8735916.0": 0.8081555489487754, "8440836.0--8474512.0": 0.8227195223126185, "8440836.0--8809845.0": 0.7835237952655936, "8440836.0--8540796.0": 0.8233780621187249, "8440836.0--8807233.0": 0.8020024281306934, "8440836.0--8617747.0": 0.7619909173460457, "8440836.0--8474486.0": 0.7855893253749111, "8440836.0--8474516.0": 0.8178292244628432, "8440836.0--8663650.0": 0.7862648716924328, "8440836.0--8663646.0": 0.7995840811046533, "8440836.0--8794553.0": 0.8101532391185928, "8440836.0--8863966.0": 0.7668717509121982, "8440836.0--8525340.0": 0.7717998367612855, "8440836.0--8805448.0": 0.7605188932703123, "8405549.0--8440836.0": 0.8229214837391075, "8440836.0--8611178.0": 0.7714280501086787, "8440836.0--8827593.0": 0.7797076402647797, "8440836.0--8805463.0": 0.7620047538559, "8440836.0--8805457.0": 0.8299874745322343, "8440836.0--8805442.0": 0.7928621691774904, "8440836.0--8807266.0": 0.8108113910679675, "8440836.0--8813126.0": 0.803781338394834, "8440836.0--8585103.0": 0.8064576688714977, "8440836.0--8807235.0": 0.8109238317920839, "8440836.0--8585048.0": 0.8335102327323244, "8440836.0--8809843.0": 0.7892424240652093, "8440836.0--8809842.0": 0.783099089957247, "8440836.0--8842614.0": 0.7532736859994389, "8440836.0--8805441.0": 0.7350514728208903, "8440836.0--8809920.0": 0.76795271120306, "8440836.0--8663312.0": 0.7887829590693873, "8440836.0--8477126.0": 0.8117614435833697, "8440836.0--8807224.0": 0.8091417890837589, "8440836.0--8807355.0": 0.7990400867508528, "8440836.0--8807320.0": 0.7991021958205875, "8440836.0--8665933.0": 0.7978796516820514, "8440836.0--8845772.0": 0.7872586966164589, "8440836.0--8812989.0": 0.7986888986390024, "8440836.0--8636969.0": 0.7979991094293246, "8440836.0--8805450.0": 0.7849251552234173, "8440836.0--8807243.0": 0.8046260072086654, "8440836.0--8805443.0": 0.7929736169113901, "8440836.0--8673661.0": 0.8027074161798597, "8440836.0--8805419.0": 0.7895099218703527, "8440836.0--8451903.0": 0.7864074752313627, "8440836.0--8805429.0": 0.7790055062352459, "8440836.0--8809846.0": 0.7854377991069458, "8440836.0--8809832.0": 0.8092547680521134,