{"9222255.0--9308631.0": 0.7929145812876961, "9222261.0--9308631.0": 0.7877973017231614, "9222338.0--9308631.0": 0.7833520765913397, "9222284.0--9308631.0": 0.8215601668250901, "9230430.0--9308631.0": 0.7995457595068001, "9308622.0--9308631.0": 0.7824762815931583, "9286903.0--9308631.0": 0.7711189263356127, "9234473.0--9308631.0": 0.7845721651131379, "9241426.0--9308631.0": 0.8109841647836569, "9222269.0--9308631.0": 0.8010054308464005, "9237999.0--9308631.0": 0.7991412230590673, "9222072.0--9308631.0": 0.7944808913967476, "9224197.0--9308631.0": 0.7709054779671518, "9246282.0--9308631.0": 0.7723726471306538, "9222314.0--9308631.0": 0.7944036444409786, "9222357.0--9308631.0": 0.7991718919811677, "9222086.0--9308631.0": 0.7586115147750102, "9222360.0--9308631.0": 0.7986302690807264, "9222065.0--9308631.0": 0.771383769584078, "9228894.0--9308631.0": 0.8309462658817159, "9233264.0--9308631.0": 0.8463230196301823, "9222343.0--9308631.0": 0.7779407522242536, "9308621.0--9308631.0": 0.7733156148228186, "9308625.0--9308631.0": 0.7944403438731105, "9241744.0--9308631.0": 0.7748271803927014, "9308629.0--9308631.0": 0.8055153866718331, "9222068.0--9308631.0": 0.7663625077621814, "9222248.0--9308631.0": 0.7896629532348522, "9222274.0--9308631.0": 0.7843628121272979, "9229116.0--9308631.0": 0.8101664194248404, "9233993.0--9308631.0": 0.7923522817961057, "9308623.0--9308631.0": 0.8037668142979918, "9222553.0--9308631.0": 0.7764777085240874, "9222341.0--9308631.0": 0.8023414561801169, "9222346.0--9308631.0": 0.786479414936821, "9308628.0--9308631.0": 0.8059926304573234, "9222294.0--9308631.0": 0.8111672854016184, "9241732.0--9308631.0": 0.7979931260087816, "9222060.0--9308631.0": 0.8080695897460884, "9222280.0--9308631.0": 0.8094251236390967}