{"9222377.0--9233392.0": 0.8589897534422187, "9222093.0--9222377.0": 0.7397235677758409, "9222377.0--9224154.0": 0.7571368462428555, "9222377.0--9240061.0": 0.8004310360134508, "9222377.0--9222512.0": 0.7821503733432955, "9222377.0--9241413.0": 0.7901379864747399, "9222377.0--9224646.0": 0.7385240290746526, "9222372.0--9222377.0": 0.7661352900144017, "9222253.0--9222377.0": 0.758721986288397, "9222092.0--9222377.0": 0.804016227221627, "9222271.0--9222377.0": 0.7706893117120901, "9222377.0--9230431.0": 0.7453071137007075, "9222076.0--9222377.0": 0.7858493434600035, "9222053.0--9222377.0": 0.756254481492077, "9216532.0--9222377.0": 0.7896037525290638, "9222085.0--9222377.0": 0.7753259072734473, "9216629.0--9222377.0": 0.7649582969126433, "9222377.0--9308630.0": 0.7873859647386989, "9222377.0--9308624.0": 0.7334834100624759, "9219240.0--9222377.0": 0.7562066966783597, "9216630.0--9222377.0": 0.7467842769187547, "9217981.0--9222377.0": 0.7737146411179133, "9222377.0--9224153.0": 0.7629760223032797, "9222377.0--9286505.0": 0.7766059483291715, "9216512.0--9222377.0": 0.7478969046537722, "9216579.0--9222377.0": 0.7783176168272163, "9222249.0--9222377.0": 0.7659513083361383, "9222367.0--9222377.0": 0.7393385118372617, "9222325.0--9222377.0": 0.7468743081227127, "9222377.0--9222510.0": 0.7261818681067969, "9222377.0--9246250.0": 0.7382781044750679, "9222377.0--9308627.0": 0.7846749351997876, "9222377.0--9224186.0": 0.7940567711076241, "9222377.0--9229232.0": 0.7457834703922117, "9222377.0--9226404.0": 0.7571842268341249, "9222377.0--9308631.0": 0.7691879748178239, "9222255.0--9222377.0": 0.768248630729964, "9222261.0--9222377.0": 0.7604044893539875, "9222338.0--9222377.0": 0.7583024112585941, "9222284.0--9222377.0": 0.7744096694571151, "9222377.0--9230430.0": 0.7680953435588599, "9222377.0--9308622.0": 0.7181452474506353, "9222377.0--9286903.0": 0.7352990796732229, "9222377.0--9234473.0": 0.8054211518062927, "9222377.0--9241426.0": 0.7789213817673044, "9222269.0--9222377.0": 0.7566153234881652, "9222377.0--9237999.0": 0.7589044997708302, "9222072.0--9222377.0": 0.7583521244376998, "9222377.0--9224197.0": 0.7562838717602189, "9222377.0--9246282.0": 0.7624196949003799, "9222314.0--9222377.0": 0.7570349101446576, "9222357.0--9222377.0": 0.7633347797208383, "9222086.0--9222377.0": 0.7427124875988543, "9222360.0--9222377.0": 0.770263281864501, "9222065.0--9222377.0": 0.7230071010712908, "9222377.0--9228894.0": 0.7924708565336125, "9222377.0--9233264.0": 0.7510317040989105, "9222343.0--9222377.0": 0.733509830269265, "9222377.0--9308621.0": 0.7515479373032683, "9222377.0--9308625.0": 0.7694088277610897, "9222377.0--9241744.0": 0.7660729189087746, "9222377.0--9308629.0": 0.7765953914067067, "9222068.0--9222377.0": 0.7336982675220799, "9222248.0--9222377.0": 0.7751343560542437, "9222274.0--9222377.0": 0.7481147304742971, "9222377.0--9229116.0": 0.7870537269228106, "9222377.0--9233993.0": 0.7497894698460773, "9222377.0--9308623.0": 0.7872889598456057, "9222377.0--9222553.0": 0.7715418137271962, "9222341.0--9222377.0": 0.7830845330893829, "9222346.0--9222377.0": 0.802987520719173, "9222377.0--9308628.0": 0.7573269333519117, "9222294.0--9222377.0": 0.7583669048480354, "9222377.0--9241732.0": 0.7709041822343574, "9222060.0--9222377.0": 0.7756358648163031, "9222280.0--9222377.0": 0.7650524006143551}