{"9222327.0--9222335.0": 0.7845797185065139, "9222335.0--9233469.0": 0.8248332235780841, "9222335.0--9226461.0": 0.8084720079854797, "9222335.0--9238508.0": 0.8069671002390728, "9222266.0--9222335.0": 0.771221587725853, "9222335.0--9225008.0": 0.8152250460530189, "9222335.0--9290431.0": 0.8152622870571236, "9222335.0--9239918.0": 0.788654069886353, "9222335.0--9231271.0": 0.8219733824474594, "9222313.0--9222335.0": 0.8214841281304743, "9222335.0--9231268.0": 0.8131458945094928, "9222035.0--9222335.0": 0.7914219019157728, "9222091.0--9222335.0": 0.8471804996986824, "9222335.0--9229515.0": 0.7704139674166037, "9222301.0--9222335.0": 0.8322949240192308, "9222335.0--9222358.0": 0.8180371909370058, "9222335.0--9229135.0": 0.8447570370714592, "9222047.0--9222335.0": 0.7863284373522217, "9222272.0--9222335.0": 0.8064620361318278, "9222110.0--9222335.0": 0.811539462163803, "9222335.0--9222364.0": 0.8038812012097789, "9222088.0--9222335.0": 0.8264819642243464, "9216518.0--9222335.0": 0.8243811260139199, "9222309.0--9222335.0": 0.8002880847271185, "9216595.0--9222335.0": 0.8088299169644947, "9216538.0--9222335.0": 0.7749460201560491, "9216549.0--9222335.0": 0.8013365978977011, "9216559.0--9222335.0": 0.8038090218474563, "9222335.0--9222376.0": 0.7648699961639098, "9222335.0--9222374.0": 0.8206416524003954, "9222335.0--9224194.0": 0.777406354724646, "9222254.0--9222335.0": 0.811623813354569, "9222049.0--9222335.0": 0.7518002862065293, "9222335.0--9222562.0": 0.7703635413433088, "9222335.0--9226126.0": 0.797564491903755, "9222335.0--9240062.0": 0.8261202013179691, "9222335.0--9226101.0": 0.8086702852851808, "9222335.0--9222377.0": 0.7700999917117617, "9222335.0--9233392.0": 0.812982421570966, "9222093.0--9222335.0": 0.7653578788373728, "9222335.0--9224154.0": 0.7466425158626029, "9222335.0--9240061.0": 0.781245822311831, "9222335.0--9222512.0": 0.7661992309970691, "9222335.0--9241413.0": 0.8219352218338672, "9222335.0--9224646.0": 0.7814239787538276, "9222335.0--9222372.0": 0.7733702546517712, "9222253.0--9222335.0": 0.8059028415518972, "9222092.0--9222335.0": 0.8316346971431499, "9222271.0--9222335.0": 0.7846590200734662, "9222335.0--9230431.0": 0.8046169622514895, "9222076.0--9222335.0": 0.8132726046902878, "9222053.0--9222335.0": 0.7982216466083699, "9216532.0--9222335.0": 0.8100987018920639, "9222085.0--9222335.0": 0.8070031086130086, "9216629.0--9222335.0": 0.817196489078631, "9222335.0--9308630.0": 0.8019306763515035, "9222335.0--9308624.0": 0.7786645650417143, "9219240.0--9222335.0": 0.8187626622598605, "9216630.0--9222335.0": 0.7940723943248468, "9217981.0--9222335.0": 0.785899907036804, "9222335.0--9224153.0": 0.8123752273426668, "9222335.0--9286505.0": 0.7815479735507611, "9216512.0--9222335.0": 0.8022929854771934, "9216579.0--9222335.0": 0.8022554106638149, "9222249.0--9222335.0": 0.8021066063298592, "9222335.0--9222367.0": 0.7776918500169898, "9222325.0--9222335.0": 0.78713667517283, "9222335.0--9222510.0": 0.7799945298117905, "9222335.0--9246250.0": 0.7916144869419024, "9222335.0--9308627.0": 0.8172984323075935, "9222335.0--9224186.0": 0.8554727989884594, "9222335.0--9229232.0": 0.8021331634972848, "9222335.0--9226404.0": 0.7823743412925241, "9222335.0--9308631.0": 0.7877799484937497, "9222255.0--9222335.0": 0.8173963489582176, "9222261.0--9222335.0": 0.8063777251633804, "9222335.0--9222338.0": 0.8289875527870342, "9222284.0--9222335.0": 0.8375338041674518, "9222335.0--9230430.0": 0.8139089916642919, "9222335.0--9308622.0": 0.7575819991407281, "9222335.0--9286903.0": 0.7390992985950974, "9222335.0--9234473.0": 0.7697345742665924, "9222335.0--9241426.0": 0.8063225525051435, "9222269.0--9222335.0": 0.8053692599208322, "9222335.0--9237999.0": 0.8019741354531461, "9222072.0--9222335.0": 0.8262773331502621, "9222335.0--9224197.0": 0.7947707163899224, "9222335.0--9246282.0": 0.8207076316248617, "9222314.0--9222335.0": 0.7897978068451217, "9222335.0--9222357.0": 0.8544682815888378, "9222086.0--9222335.0": 0.8146650123762441, "9222335.0--9222360.0": 0.8391276457129444, "9222065.0--9222335.0": 0.7596397744475356, "9222335.0--9228894.0": 0.8323144234209936, "9222335.0--9233264.0": 0.797670874886977, "9222335.0--9222343.0": 0.8060116727692141, "9222335.0--9308621.0": 0.7936035457643268, "9222335.0--9308625.0": 0.8116391141346396, "9222335.0--9241744.0": 0.8431217971072114, "9222335.0--9308629.0": 0.7918049378547068, "9222068.0--9222335.0": 0.7604510442738214, "9222248.0--9222335.0": 0.7875819583984742, "9222274.0--9222335.0": 0.8033664478315329, "9222335.0--9229116.0": 0.8316061793936576, "9222335.0--9233993.0": 0.791730770311469, "9222335.0--9308623.0": 0.8006738520477791, "9222335.0--9222553.0": 0.8138607196109446, "9222335.0--9222341.0": 0.8431788076762076, "9222335.0--9222346.0": 0.8257088638194402, "9222335.0--9308628.0": 0.8285833018451969, "9222294.0--9222335.0": 0.8171094842599832, "9222335.0--9241732.0": 0.7795612915696161, "9222060.0--9222335.0": 0.8265943410319601, "9222280.0--9222335.0": 0.8253989506695891}