{"8440052.0--8440089.0": 0.7773963403867181, "8440085.0--8440089.0": 0.7795895510250154, "8440070.0--8440089.0": 0.7871596514190681, "8440048.0--8440089.0": 0.7663213279206662, "8440089.0--8440118.0": 0.8178198547932394, "8440081.0--8440089.0": 0.7701133850187215, "8440089.0--8440102.0": 0.7849166111954865, "8440080.0--8440089.0": 0.7615873653042138, "8440089.0--8440096.0": 0.8485708854113931, "8440089.0--8440124.0": 0.759124965430517, "8440063.0--8440089.0": 0.78236904935784, "8440037.0--8440089.0": 0.845552563396879, "8440040.0--8440089.0": 0.7768758211408622, "8440056.0--8440089.0": 0.8395064316566239, "8440089.0--8440116.0": 0.7654558489864591, "8440089.0--8444102.0": 0.7671913408644634, "8440089.0--8440824.0": 0.7983595518880295, "8440089.0--8493612.0": 0.7989460108888465, "8440089.0--8440850.0": 0.8329225001244169, "8440089.0--8456856.0": 0.7900591477943519, "8440089.0--8447439.0": 0.8574432094074271, "8440089.0--8440805.0": 0.7804956096801072, "8440089.0--8440811.0": 0.7532423877606889, "8440089.0--8440856.0": 0.7753408735244809, "8440089.0--8440822.0": 0.7674782365847345, "8440089.0--8440828.0": 0.7705680380930318, "8440089.0--8440851.0": 0.7607432821317265, "8440089.0--8457476.0": 0.7511899739830799, "8440089.0--8440848.0": 0.728657967396092, "8440089.0--8440839.0": 0.7827042541015738, "8440089.0--8443395.0": 0.7612970213739066, "8440089.0--8440832.0": 0.7476823637382823, "8440089.0--8440816.0": 0.7718201052307034, "8440089.0--8440835.0": 0.7839956767735314, "8440089.0--8440818.0": 0.7859163678042285, "8440089.0--8440853.0": 0.7484789350831047, "8440089.0--8440840.0": 0.7919269242507072, "8440089.0--8440857.0": 0.7688862980101447, "8440089.0--8449328.0": 0.7736301370086291, "8440089.0--8440829.0": 0.7636209466676118, "8440089.0--8440807.0": 0.7332260581108512, "8440089.0--8440831.0": 0.7682725294550174, "8440089.0--8440852.0": 0.7866973122148061, "8440089.0--8440841.0": 0.7401379109315411, "8440089.0--8440859.0": 0.7860727106525507, "8440089.0--8440821.0": 0.771938416788855, "8440089.0--8440842.0": 0.7801441795936079, "8440089.0--8443131.0": 0.7404349633542318, "8440089.0--8440815.0": 0.7559508721799237, "8440089.0--8500765.0": 0.7824695051507659, "8440089.0--8440804.0": 0.781565872454632, "8440089.0--8454276.0": 0.770412160753368, "8440089.0--8464305.0": 0.7655640719965231, "8440089.0--8494828.0": 0.7581082610179972, "8440089.0--8440825.0": 0.7756222736277709, "8440089.0--8440814.0": 0.7748810906721515, "8440089.0--8440838.0": 0.819722104364914, "8440089.0--8440855.0": 0.7594835281795167, "8440089.0--8454489.0": 0.7786898874585024, "8440089.0--8440834.0": 0.7406465554828805, "8440089.0--8440826.0": 0.7828074396390832, "8440089.0--8440823.0": 0.8147337479781612, "8440089.0--8440845.0": 0.7673665658778887, "8440089.0--8440810.0": 0.7672766821210131, "8440089.0--8440806.0": 0.7530201281307062, "8440089.0--8440817.0": 0.7552519355329044, "8440089.0--8440813.0": 0.7840668655460575, "8440089.0--8443125.0": 0.7428506662231616, "8440089.0--8456575.0": 0.7751894167926374, "8440089.0--8440860.0": 0.7507202516913958, "8440089.0--8454343.0": 0.7652216755459321, "8440089.0--8440803.0": 0.7579172376778298, "8440089.0--8454344.0": 0.765988635105493, "8440089.0--8440854.0": 0.7806205916263472, "8440089.0--8454346.0": 0.7464456280035583, "8440089.0--8440827.0": 0.7421678065336899, "8440089.0--8440836.0": 0.793624603719072, "8440089.0--8440844.0": 0.8257885106232098, "8440089.0--8440808.0": 0.8154093368302979, "8440089.0--8440837.0": 0.8008901293696903, "8440089.0--8440858.0": 0.7529584787108279, "8440089.0--8440820.0": 0.781428731380483, "8440089.0--8440833.0": 0.7424387310172103, "8440089.0--8444072.0": 0.7365079565481162, "8440089.0--8440812.0": 0.7799749415974071, "8440089.0--8440809.0": 0.758745070388936, "8440089.0--8454904.0": 0.7710198304782367, "8440089.0--8440846.0": 0.7689107913649604, "8440089.0--8440830.0": 0.768220452658716, "8440089.0--8444077.0": 0.7771034356624008, "8440089.0--8440847.0": 0.774566423130578, "8440089.0--8440849.0": 0.7520605597569003, "8440089.0--8443124.0": 0.7866184856644074, "8440089.0--8440843.0": 0.7878165202938187, "8440089.0--8807265.0": 0.7878964771426746, "8440089.0--8816695.0": 0.7541656676183882, "8440089.0--8805426.0": 0.7911871766720657, "8440089.0--8805421.0": 0.7947975899753245, "8440089.0--8812684.0": 0.7845850890752786, "8440089.0--8805461.0": 0.7798835803004128, "8440089.0--8807255.0": 0.7374124296114052, "8440089.0--8805460.0": 0.7496671092019405, "8440089.0--8807292.0": 0.773610474466445, "8440089.0--8807354.0": 0.7642986608340354, "8440089.0--8809711.0": 0.777199708206466, "8440089.0--8805422.0": 0.7482341152980291, "8440089.0--8805424.0": 0.755834693058783, "8440089.0--8794517.0": 0.796088721047253, "8440089.0--8805451.0": 0.80480629425672, "8440089.0--8807223.0": 0.7872237504323394, "8440089.0--8794560.0": 0.7814212334381772, "8440089.0--8481543.0": 0.7798191887397371, "8440089.0--8802285.0": 0.7639263683957647, "8440089.0--8807245.0": 0.7757899658506031, "8440089.0--8805456.0": 0.7739993582029027, "8440089.0--8827944.0": 0.7545436603079132, "8440089.0--8807296.0": 0.7810959454641596, "8440089.0--8827951.0": 0.760154687010435, "8440089.0--8854335.0": 0.79503157354889, "8440089.0--8805446.0": 0.8712878993097144, "8440089.0--8805436.0": 0.8306150572989223, "8440089.0--8805433.0": 0.7992668872281468, "8440089.0--8546802.0": 0.8086124504740355, "8440089.0--8805427.0": 0.7231805535282133, "8440089.0--8836120.0": 0.7507613567135362, "8440089.0--8794768.0": 0.7576232140944349, "8440089.0--8809750.0": 0.7578564720942107, "8440089.0--8820172.0": 0.8059995208618742, "8440089.0--8476234.0": 0.7451241082386497, "8440089.0--8807314.0": 0.7693652887877501, "8440089.0--8794520.0": 0.8075376738978772, "8440089.0--8805452.0": 0.7772248016034067, "8440089.0--8805462.0": 0.7775817000209244, "8440089.0--8807275.0": 0.7826602632169484, "8419285.0--8440089.0": 0.7713132425589504, "8440089.0--8807379.0": 0.7910210288941426, "8440089.0--8807234.0": 0.7894249750732562, "8423100.0--8440089.0": 0.7675061621719186, "8440089.0--8805455.0": 0.8158138533793262, "8440089.0--8727493.0": 0.8224502844474374, "8440089.0--8807369.0": 0.8003659250408347, "8440089.0--8532319.0": 0.8464962226263038, "8419325.0--8440089.0": 0.8362299576074345, "8440089.0--8805430.0": 0.7567441897307412, "8440089.0--8807301.0": 0.7523633200055457, "8440089.0--8713940.0": 0.7927427251991279, "8440089.0--8637795.0": 0.8001335906279691, "7999244.0--8440089.0": 0.7662237636262988, "8440089.0--8805439.0": 0.7484758622992084, "8440089.0--8805428.0": 0.7565567095622765, "8440089.0--8809223.0": 0.7714816986706428, "8440089.0--8795584.0": 0.7878963240740069, "8440089.0--8807264.0": 0.7553992843741496, "8440089.0--8805431.0": 0.7620541121011951, "8440089.0--8453863.0": 0.801475914382115, "8400404.0--8440089.0": 0.7624418652252425, "8440089.0--8809834.0": 0.7908572050523793, "8440089.0--8663447.0": 0.779557168612214, "8440089.0--8807213.0": 0.7749700619154416, "8440089.0--8640251.0": 0.7760740396430923, "8440089.0--8807220.0": 0.7764569205062877, "8440089.0--8617736.0": 0.774995204545639, "8440089.0--8617746.0": 0.7223728898373807, "8440089.0--8640072.0": 0.7783520606908934, "8440089.0--8636208.0": 0.8034523726054297, "8440089.0--8805458.0": 0.7547149671190447, "8440089.0--8807271.0": 0.7576279926846039, "8440089.0--8809678.0": 0.7377328153790016, "8440089.0--8807226.0": 0.7794548273729104, "8440089.0--8805467.0": 0.7935940646053117, "8440089.0--8611113.0": 0.7461149404102533, "8440089.0--8854316.0": 0.7908560191773386, "8440089.0--8794607.0": 0.7903948414574086, "8440089.0--8805418.0": 0.7495489667194737, "8440089.0--8836087.0": 0.7999040160758084, "8440089.0--8807283.0": 0.7723378560769241, "8440089.0--8820171.0": 0.7888368386107198, "8440089.0--8807288.0": 0.7403186976196092, "8440089.0--8807302.0": 0.7505747202358144, "8440089.0--8805466.0": 0.7596866993492488, "8440089.0--8807351.0": 0.7659154378939976, "8440089.0--8805420.0": 0.7528213956737754,