{"9222313.0--9231271.0": 0.7884827555438472, "9231268.0--9231271.0": 0.8197554334402712, "9222035.0--9231271.0": 0.7914403902308325, "9222091.0--9231271.0": 0.7984699765322718, "9229515.0--9231271.0": 0.7614223839561547, "9222301.0--9231271.0": 0.8441332239318264, "9222358.0--9231271.0": 0.7988363951772512, "9229135.0--9231271.0": 0.8079017785356298, "9222047.0--9231271.0": 0.7696597560260501, "9222272.0--9231271.0": 0.7627430883205522, "9222110.0--9231271.0": 0.8156927544287754, "9222364.0--9231271.0": 0.7700235989048811, "9222088.0--9231271.0": 0.7826294974483806, "9216518.0--9231271.0": 0.7860530486458792, "9222309.0--9231271.0": 0.7809342723071545, "9216595.0--9231271.0": 0.7830135202179078, "9216538.0--9231271.0": 0.7571035229316639, "9216549.0--9231271.0": 0.7661507253039916, "9216559.0--9231271.0": 0.7839817754353953, "9222376.0--9231271.0": 0.7545132000593178, "9222374.0--9231271.0": 0.8167760333693603, "9224194.0--9231271.0": 0.7644468553470979, "9222254.0--9231271.0": 0.7790985541331013, "9222049.0--9231271.0": 0.7552089945345832, "9222562.0--9231271.0": 0.751063103796042, "9226126.0--9231271.0": 0.7642486227485682, "9231271.0--9240062.0": 0.7995639959249682, "9226101.0--9231271.0": 0.7892296152856236, "9222377.0--9231271.0": 0.7332504958121513, "9231271.0--9233392.0": 0.7685076679803021, "9222093.0--9231271.0": 0.760135307390163, "9224154.0--9231271.0": 0.7447234564950942, "9231271.0--9240061.0": 0.7685070810324147, "9222512.0--9231271.0": 0.7625428994779712, "9231271.0--9241413.0": 0.7966227899188363, "9224646.0--9231271.0": 0.7821985334163781, "9222372.0--9231271.0": 0.744203108336811, "9222253.0--9231271.0": 0.7896407347039636, "9222092.0--9231271.0": 0.8198207309363097, "9222271.0--9231271.0": 0.782105822870997, "9230431.0--9231271.0": 0.8009307432572348, "9222076.0--9231271.0": 0.7922550032270886, "9222053.0--9231271.0": 0.7820549965615033, "9216532.0--9231271.0": 0.8162263786315261, "9222085.0--9231271.0": 0.8136124073548678, "9216629.0--9231271.0": 0.7957637837575697, "9231271.0--9308630.0": 0.7912942523028359, "9231271.0--9308624.0": 0.7892035592752219, "9219240.0--9231271.0": 0.7773851926020215, "9216630.0--9231271.0": 0.7954722619477252, "9217981.0--9231271.0": 0.7723920212138109, "9224153.0--9231271.0": 0.7911109707082524, "9231271.0--9286505.0": 0.7513321890350868, "9216512.0--9231271.0": 0.7765429471002324, "9216579.0--9231271.0": 0.7882445090976362, "9222249.0--9231271.0": 0.7932722285140981, "9222367.0--9231271.0": 0.7530988683143663, "9222325.0--9231271.0": 0.7589265572504427, "9222510.0--9231271.0": 0.7528606887170504, "9231271.0--9246250.0": 0.8474993469674661, "9231271.0--9308627.0": 0.8244823395414975, "9224186.0--9231271.0": 0.8066286532871115, "9229232.0--9231271.0": 0.7687591503199359, "9226404.0--9231271.0": 0.7480232011392398, "9231271.0--9308631.0": 0.7754272505199258, "9222255.0--9231271.0": 0.7682723459643933, "9222261.0--9231271.0": 0.7765172369270534, "9222338.0--9231271.0": 0.7708798880464471, "9222284.0--9231271.0": 0.7800130835903254, "9230430.0--9231271.0": 0.7850246195955513, "9231271.0--9308622.0": 0.7721691799453483, "9231271.0--9286903.0": 0.7512186606811768, "9231271.0--9234473.0": 0.766512502120022, "9231271.0--9241426.0": 0.7827431629620742, "9222269.0--9231271.0": 0.7765947821132763, "9231271.0--9237999.0": 0.7909196429530849, "9222072.0--9231271.0": 0.8524756636122931, "9224197.0--9231271.0": 0.8176858678159313, "9231271.0--9246282.0": 0.7684370685591867, "9222314.0--9231271.0": 0.7636659363783109, "9222357.0--9231271.0": 0.8435879109707562, "9222086.0--9231271.0": 0.7638531405528116, "9222360.0--9231271.0": 0.8154586328516278, "9222065.0--9231271.0": 0.7607195118257524, "9228894.0--9231271.0": 0.8120517566831112, "9231271.0--9233264.0": 0.7956460464703649, "9222343.0--9231271.0": 0.7735080692952336, "9231271.0--9308621.0": 0.7932181614269948, "9231271.0--9308625.0": 0.8096827760480676, "9231271.0--9241744.0": 0.7736528085525224, "9231271.0--9308629.0": 0.807891032423903, "9222068.0--9231271.0": 0.7519122504014432, "9222248.0--9231271.0": 0.7781426194294558, "9222274.0--9231271.0": 0.7705466688612373, "9229116.0--9231271.0": 0.79633876288666, "9231271.0--9233993.0": 0.764110380313431, "9231271.0--9308623.0": 0.7962975594125452, "9222553.0--9231271.0": 0.792357556905496, "9222341.0--9231271.0": 0.8345777264358313, "9222346.0--9231271.0": 0.7974958896840162, "9231271.0--9308628.0": 0.8335864005429872, "9222294.0--9231271.0": 0.8595998720692835, "9231271.0--9241732.0": 0.7921294004045409, "9222060.0--9231271.0": 0.7900654704548407, "9222280.0--9231271.0": 0.7989123007830983}