{"8794607.0--8805418.0": 0.7957679678306702, "8794607.0--8836087.0": 0.8411866929077387, "8794607.0--8807283.0": 0.7810779389702345, "8794607.0--8820171.0": 0.8262285859895309, "8794607.0--8807288.0": 0.7951238557657299, "8794607.0--8807302.0": 0.778675487758821, "8794607.0--8805466.0": 0.7884821082963293, "8794607.0--8807351.0": 0.7858108162344878, "8794607.0--8805420.0": 0.7879338837485012, "8794607.0--8807299.0": 0.8127402630886102, "8794607.0--8812988.0": 0.7996056143721092, "8794607.0--8807294.0": 0.7779349876726904, "8794607.0--8805434.0": 0.8313564910012434, "8732351.0--8794607.0": 0.7712901389957108, "8794607.0--8807232.0": 0.7954519403055014, "8419271.0--8794607.0": 0.7736170387302279, "8625484.0--8794607.0": 0.8005062749187251, "8794607.0--8807349.0": 0.8168825765186573, "8794607.0--8809730.0": 0.814916825134976, "8730513.0--8794607.0": 0.8290317852136656, "8794607.0--8809833.0": 0.7906000276654933, "8523628.0--8794607.0": 0.8221408200565253, "8434356.0--8794607.0": 0.7902321991248641, "8794607.0--8807303.0": 0.823910926140786, "8794607.0--8811606.0": 0.7803991944105647, "8794607.0--8807244.0": 0.7681899302863271, "8490694.0--8794607.0": 0.7954541434127389, "8794607.0--8809844.0": 0.7972367255351314, "8794607.0--8809850.0": 0.7875039910538972, "8794607.0--8805445.0": 0.783757661717264, "8412138.0--8794607.0": 0.7910797597722721, "8794607.0--8807247.0": 0.7856983425763113, "8794607.0--8848845.0": 0.7768856659982144, "8695851.0--8794607.0": 0.8238689414417479, "8713907.0--8794607.0": 0.8451478789014177, "8794607.0--8809847.0": 0.810455087558766, "8727480.0--8794607.0": 0.8262029936890845, "8706590.0--8794607.0": 0.7883662739633903, "8735916.0--8794607.0": 0.8020965183739809, "8474512.0--8794607.0": 0.8164581352782206, "8794607.0--8809845.0": 0.7788528548972269, "8540796.0--8794607.0": 0.8093447103777109, "8794607.0--8807233.0": 0.798419198123375, "8617747.0--8794607.0": 0.7855379982130133, "8474486.0--8794607.0": 0.791838147004445, "8474516.0--8794607.0": 0.8267791813992701, "8663650.0--8794607.0": 0.8198710258237896, "8663646.0--8794607.0": 0.7940244461067462, "8794553.0--8794607.0": 0.805997565768447, "8794607.0--8863966.0": 0.7765534716721163, "8525340.0--8794607.0": 0.7700838210558005, "8794607.0--8805448.0": 0.7858027772850428, "8405549.0--8794607.0": 0.8214151287883901, "8611178.0--8794607.0": 0.786067759503124, "8794607.0--8827593.0": 0.7995562334373788, "8794607.0--8805463.0": 0.7746585742661587, "8794607.0--8805457.0": 0.8016493867025098, "8794607.0--8805442.0": 0.7876118459719224, "8794607.0--8807266.0": 0.8097826177918797, "8794607.0--8813126.0": 0.808107627616675, "8585103.0--8794607.0": 0.7948121366948095, "8794607.0--8807235.0": 0.7809463220380048, "8585048.0--8794607.0": 0.8220658125569157, "8794607.0--8809843.0": 0.7969037365126445, "8794607.0--8809842.0": 0.7847985768810075, "8794607.0--8842614.0": 0.8127775539952267, "8794607.0--8805441.0": 0.7595743130367545, "8794607.0--8809920.0": 0.7694845934337275, "8663312.0--8794607.0": 0.7862309955690582, "8477126.0--8794607.0": 0.8131984261432386, "8794607.0--8807224.0": 0.8049090236072094, "8794607.0--8807355.0": 0.7800298435664633, "8794607.0--8807320.0": 0.802135792982444, "8665933.0--8794607.0": 0.7862005819600315, "8794607.0--8845772.0": 0.80552619836135, "8794607.0--8812989.0": 0.8056749256741499, "8636969.0--8794607.0": 0.8094158426218065, "8794607.0--8805450.0": 0.7700903967288619, "8794607.0--8807243.0": 0.7993533082930169, "8794607.0--8805443.0": 0.7849451496818971, "8673661.0--8794607.0": 0.7985419947513964, "8794607.0--8805419.0": 0.7942859749847425, "8451903.0--8794607.0": 0.7546154694155401, "8794607.0--8805429.0": 0.8299106014068771, "8794607.0--8809846.0": 0.8115895763904004, "8794607.0--8809832.0": 0.8245216923452721, "8413174.0--8794607.0": 0.8003501320694448, "8494817.0--8794607.0": 0.7983570670934286, "8637778.0--8794607.0": 0.8205799749632907, "8794607.0--8809742.0": 0.7910672155958358, "8794607.0--8807280.0": 0.8348865999477033, "8794607.0--8807274.0": 0.8026116957295677, "8794607.0--9216586.0": 0.7966675972790076, "8794607.0--9237132.0": 0.8345930374763129, "8794607.0--9216572.0": 0.7927809038015319, "8794607.0--9217952.0": 0.8003306139349914, "8794607.0--9217931.0": 0.8363816918901479, "8794607.0--9216507.0": 0.8004217524826532, "8794607.0--9222368.0": 0.8095557407073515, "8794607.0--9220137.0": 0.7825670510440902, "8794607.0--9233460.0": 0.7889241601718083, "8794607.0--9222263.0": 0.7867047590082892, "8794607.0--9293003.0": 0.8071690867276353, "8794607.0--9222102.0": 0.8049311493801556, "8794607.0--9222323.0": 0.8010770528551132, "8794607.0--9222287.0": 0.8017082123229076, "8794607.0--9223736.0": 0.7873629290309293, "8794607.0--9224191.0": 0.797911734335427, "8794607.0--9222251.0": 0.7939537053944921, "8794607.0--9229242.0": 0.8563401447503325, "8794607.0--9282195.0": 0.7882137015047538, "8794607.0--9222098.0": 0.8348591609414024, "8794607.0--9234027.0": 0.7951181777963169, "8794607.0--9246308.0": 0.8306665100276664, "8794607.0--9240072.0": 0.797831411764826, "8794607.0--9222353.0": 0.801136061821019, "8794607.0--9222293.0": 0.8203895470133533, "8794607.0--9222089.0": 0.81510557480301, "8794607.0--9228893.0": 0.795438684695306, "8794607.0--9224192.0": 0.78716389051236, "8794607.0--9222289.0": 0.8339758548702647, "8794607.0--9222038.0": 0.7963746613500944, "8794607.0--9229072.0": 0.8082848304201029, "8794607.0--9222295.0": 0.7970777046849257, "8794607.0--9222342.0": 0.7982992167366912, "8794607.0--9241407.0": 0.7649451074873831, "8794607.0--9288884.0": 0.8203828136757614, "8794607.0--9222351.0": 0.8165176825805801, "8794607.0--9223669.0": 0.8576974738592481, "8794607.0--9222315.0": 0.7890756724915721, "8794607.0--9222335.0": 0.8188213245651812, "8794607.0--9222327.0": 0.8140217681633578, "8794607.0--9233469.0": 0.8146010974450706, "8794607.0--9226461.0": 0.7937839704917677, "8794607.0--9238508.0": 0.8261089240132091, "8794607.0--9222266.0": 0.7792278041304173, "8794607.0--9225008.0": 0.84979386690459, "8794607.0--9290431.0": 0.7735622420301087, "8794607.0--9239918.0": 0.801124236841105, "8794607.0--9231271.0": 0.7822684704880771, "8794607.0--9222313.0": 0.8123870655992128, "8794607.0--9231268.0": 0.7844871907388411, "8794607.0--9222035.0": 0.7650848854890103, "8794607.0--9222091.0": 0.8389433730641143, "8794607.0--9229515.0": 0.7681442875008542, "8794607.0--9222301.0": 0.7937219578337398, "8794607.0--9222358.0": 0.8026369648864865, "8794607.0--9229135.0": 0.8390426025572078, "8794607.0--9222047.0": 0.808528140316455, "8794607.0--9222272.0": 0.7985866108379884, "8794607.0--9222110.0": 0.8122513313476579, "8794607.0--9222364.0": 0.7857770863114094, "8794607.0--9222088.0": 0.7999850113598578, "8794607.0--9216518.0": 0.8017147470826032, "8794607.0--9222309.0": 0.7842246008123862, "8794607.0--9216595.0": 0.7835067931089086, "8794607.0--9216538.0": 0.7771588260273116, "8794607.0--9216549.0": 0.839761384831446, "8794607.0--9216559.0": 0.8315207138384418, "8794607.0--9222376.0": 0.7957449334202668, "8794607.0--9222374.0": 0.815623311793698, "8794607.0--9224194.0": 0.7959218371924589, "8794607.0--9222254.0": 0.8070597708220616, "8794607.0--9222049.0": 0.7702361118378381, "8794607.0--9222562.0": 0.795025398152048, "8794607.0--9226126.0": 0.8138210951059205, "8794607.0--9240062.0": 0.8257020554475212, "8794607.0--9226101.0": 0.8066800263476728, "8794607.0--9222377.0": 0.8093882041092542, "8794607.0--9233392.0": 0.8146224921881071, "8794607.0--9222093.0": 0.766592843039392, "8794607.0--9224154.0": 0.75841934203585, "8794607.0--9240061.0": 0.7834065902226595, "8794607.0--9222512.0": 0.7857657420878708, "8794607.0--9241413.0": 0.8029253575901314, "8794607.0--9224646.0": 0.7886240557528991, "8794607.0--9222372.0": 0.8267030062966781, "8794607.0--9222253.0": 0.7922485398779144, "8794607.0--9222092.0": 0.8140738318273316, "8794607.0--9222271.0": 0.7976737729504682, "8794607.0--9230431.0": 0.7823880093755031, "8794607.0--9222076.0": 0.8120244599676152,