{"9222346.0--9308628.0": 0.8016364873998408, "9222294.0--9222346.0": 0.7880091258491715, "9222346.0--9241732.0": 0.8162209547211712, "9222060.0--9222346.0": 0.7983653310240607, "9222280.0--9222346.0": 0.8190412316553108}