{"8807283.0--8836087.0": 0.7974943149673086, "8820171.0--8836087.0": 0.9109764725107246, "8807288.0--8836087.0": 0.7589900167826696, "8807302.0--8836087.0": 0.769989155118408, "8805466.0--8836087.0": 0.7874967064683167, "8807351.0--8836087.0": 0.8127308922528229, "8805420.0--8836087.0": 0.7879021090207792, "8807299.0--8836087.0": 0.7904932920039223, "8812988.0--8836087.0": 0.7926883548558964, "8807294.0--8836087.0": 0.7966676950530205, "8805434.0--8836087.0": 0.8451478568935448, "8732351.0--8836087.0": 0.782786271267678, "8807232.0--8836087.0": 0.7781045293488977, "8419271.0--8836087.0": 0.7720096684990364, "8625484.0--8836087.0": 0.803545998018167, "8807349.0--8836087.0": 0.7976495516951726, "8809730.0--8836087.0": 0.8088885315078405, "8730513.0--8836087.0": 0.8219228089487799, "8809833.0--8836087.0": 0.809649711930989, "8523628.0--8836087.0": 0.794461729801381, "8434356.0--8836087.0": 0.8153236235213482, "8807303.0--8836087.0": 0.8097989306733548, "8811606.0--8836087.0": 0.802161398168739, "8807244.0--8836087.0": 0.7785885512801001, "8490694.0--8836087.0": 0.8252704166569601, "8809844.0--8836087.0": 0.7931696497120512, "8809850.0--8836087.0": 0.8238358820981418, "8805445.0--8836087.0": 0.7775384178694704, "8412138.0--8836087.0": 0.8160663532275082, "8807247.0--8836087.0": 0.7788823736960849, "8836087.0--8848845.0": 0.7920439196366261, "8695851.0--8836087.0": 0.8355229811471236, "8713907.0--8836087.0": 0.8424218881509619, "8809847.0--8836087.0": 0.8040045968250864, "8727480.0--8836087.0": 0.8404321000422773, "8706590.0--8836087.0": 0.7907920519659059, "8735916.0--8836087.0": 0.8284834459047589, "8474512.0--8836087.0": 0.8291740248887998, "8809845.0--8836087.0": 0.7696850421244196, "8540796.0--8836087.0": 0.8142588718427358, "8807233.0--8836087.0": 0.7999886931970108, "8617747.0--8836087.0": 0.7742957093025167, "8474486.0--8836087.0": 0.7891786824655004, "8474516.0--8836087.0": 0.8400191318336884, "8663650.0--8836087.0": 0.8196760428902664, "8663646.0--8836087.0": 0.797338349992946, "8794553.0--8836087.0": 0.8010374789839191, "8836087.0--8863966.0": 0.7692630605938774, "8525340.0--8836087.0": 0.7810015836382473, "8805448.0--8836087.0": 0.8114419079619936, "8405549.0--8836087.0": 0.8417348234963972, "8611178.0--8836087.0": 0.7933985767725571, "8827593.0--8836087.0": 0.7969629888770773, "8805463.0--8836087.0": 0.7786335927374978, "8805457.0--8836087.0": 0.8170363083608364, "8805442.0--8836087.0": 0.7925289297346624, "8807266.0--8836087.0": 0.8040259897924887, "8813126.0--8836087.0": 0.8059616639107674, "8585103.0--8836087.0": 0.8086405582722097, "8807235.0--8836087.0": 0.8029281544771865, "8585048.0--8836087.0": 0.8258146141327161, "8809843.0--8836087.0": 0.8088299375021025, "8809842.0--8836087.0": 0.8203775609539856, "8836087.0--8842614.0": 0.8044783583051316, "8805441.0--8836087.0": 0.760993927127751, "8809920.0--8836087.0": 0.7570977824091527, "8663312.0--8836087.0": 0.7692023574064105, "8477126.0--8836087.0": 0.8300405991677916, "8807224.0--8836087.0": 0.821579680915979, "8807355.0--8836087.0": 0.7796342596534217, "8807320.0--8836087.0": 0.8241258055150277, "8665933.0--8836087.0": 0.8189987870510161, "8836087.0--8845772.0": 0.7787954013854628, "8812989.0--8836087.0": 0.8207485545696447, "8636969.0--8836087.0": 0.7993012997002296, "8805450.0--8836087.0": 0.7826523970926542, "8807243.0--8836087.0": 0.8091197618312689, "8805443.0--8836087.0": 0.8063151083927772, "8673661.0--8836087.0": 0.8178715100852154, "8805419.0--8836087.0": 0.7852485047845195, "8451903.0--8836087.0": 0.7611281238876532, "8805429.0--8836087.0": 0.801906585941826, "8809846.0--8836087.0": 0.793400341734743, "8809832.0--8836087.0": 0.8174908661900568, "8413174.0--8836087.0": 0.7817061276891945, "8494817.0--8836087.0": 0.8067528718677982, "8637778.0--8836087.0": 0.8217686954226808, "8809742.0--8836087.0": 0.8200673237133083, "8807280.0--8836087.0": 0.8373549065146908, "8807274.0--8836087.0": 0.8328785563794842, "8836087.0--9216586.0": 0.7870924174500745, "8836087.0--9237132.0": 0.8693171290780138, "8836087.0--9216572.0": 0.806715484062707, "8836087.0--9217952.0": 0.839615885116874, "8836087.0--9217931.0": 0.851924942162775, "8836087.0--9216507.0": 0.8199235891419898, "8836087.0--9222368.0": 0.8226883597982665, "8836087.0--9220137.0": 0.7968613747889322, "8836087.0--9233460.0": 0.7989417354841737, "8836087.0--9222263.0": 0.7740688179744917, "8836087.0--9293003.0": 0.8121648694844963, "8836087.0--9222102.0": 0.8427047093179492, "8836087.0--9222323.0": 0.8315456121374106, "8836087.0--9222287.0": 0.8197012873205847, "8836087.0--9223736.0": 0.8336803739153081, "8836087.0--9224191.0": 0.7929539784947732, "8836087.0--9222251.0": 0.8464150759060329, "8836087.0--9229242.0": 0.8876636123100716, "8836087.0--9282195.0": 0.7821983252546117, "8836087.0--9222098.0": 0.8909708099846838, "8836087.0--9234027.0": 0.7978286860559003, "8836087.0--9246308.0": 0.8160298335078485, "8836087.0--9240072.0": 0.7999984315160319, "8836087.0--9222353.0": 0.8220388975421693, "8836087.0--9222293.0": 0.8519859248023653, "8836087.0--9222089.0": 0.8340754033329794, "8836087.0--9228893.0": 0.8240743111753055, "8836087.0--9224192.0": 0.7884731862916701, "8836087.0--9222289.0": 0.8393868035655737, "8836087.0--9222038.0": 0.8280535231617692, "8836087.0--9229072.0": 0.819647333816544, "8836087.0--9222295.0": 0.8425641865573905, "8836087.0--9222342.0": 0.798227632215829, "8836087.0--9241407.0": 0.8028952230508037, "8836087.0--9288884.0": 0.8336237452370662, "8836087.0--9222351.0": 0.7869360669983148, "8836087.0--9223669.0": 0.8848463342914872, "8836087.0--9222315.0": 0.7906627832788, "8836087.0--9222335.0": 0.8231963499853523, "8836087.0--9222327.0": 0.8137115036197198, "8836087.0--9233469.0": 0.805921538585537, "8836087.0--9226461.0": 0.8179760816703542, "8836087.0--9238508.0": 0.8240790323002716, "8836087.0--9222266.0": 0.7808314989048987, "8836087.0--9225008.0": 0.8909499448108555, "8836087.0--9290431.0": 0.8215876753386367, "8836087.0--9239918.0": 0.8263506684548773, "8836087.0--9231271.0": 0.7898315530223332, "8836087.0--9222313.0": 0.8648364579195787, "8836087.0--9231268.0": 0.7797532389055702, "8836087.0--9222035.0": 0.7657797010136427, "8836087.0--9222091.0": 0.823523086268991, "8836087.0--9229515.0": 0.7584196881530733, "8836087.0--9222301.0": 0.8198587085230795, "8836087.0--9222358.0": 0.8324248601407678, "8836087.0--9229135.0": 0.8444117992486566, "8836087.0--9222047.0": 0.8122714218335492, "8836087.0--9222272.0": 0.8094810917829593, "8836087.0--9222110.0": 0.8240211184801518, "8836087.0--9222364.0": 0.8316063534241274, "8836087.0--9222088.0": 0.8237559524123483, "8836087.0--9216518.0": 0.8348137457897691, "8836087.0--9222309.0": 0.8033211609406545, "8836087.0--9216595.0": 0.7750449521710461, "8836087.0--9216538.0": 0.7780098783555055, "8836087.0--9216549.0": 0.8122817681776896, "8836087.0--9216559.0": 0.826998263465315, "8836087.0--9222376.0": 0.8067138541375811, "8836087.0--9222374.0": 0.8201155145225565, "8836087.0--9224194.0": 0.7900469784409262, "8836087.0--9222254.0": 0.7976010752996691, "8836087.0--9222049.0": 0.7725179154371742, "8836087.0--9222562.0": 0.8114768162932917, "8836087.0--9226126.0": 0.8129559451077444, "8836087.0--9240062.0": 0.8334650085639081, "8836087.0--9226101.0": 0.8059914816364372, "8836087.0--9222377.0": 0.7961058707942994, "8836087.0--9233392.0": 0.8130716654355339, "8836087.0--9222093.0": 0.7588556910107249, "8836087.0--9224154.0": 0.7577732899892449, "8836087.0--9240061.0": 0.7894290587085785, "8836087.0--9222512.0": 0.8057137159878291, "8836087.0--9241413.0": 0.8275901959534684, "8836087.0--9224646.0": 0.7908125491563873, "8836087.0--9222372.0": 0.7993563596056773, "8836087.0--9222253.0": 0.7819629357159109, "8836087.0--9222092.0": 0.8286177145749083, "8836087.0--9222271.0": 0.8083041335278105, "8836087.0--9230431.0": 0.7985607997469455, "8836087.0--9222076.0": 0.8382836396998667, "8836087.0--9222053.0": 0.8354056237054251, "8836087.0--9216532.0": 0.8055355599450191,