{"8481543.0--8794560.0": 0.9027185084056352, "8794560.0--8802285.0": 0.7520617480253501, "8794560.0--8807245.0": 0.799962317477512, "8794560.0--8805456.0": 0.7965698863199605, "8794560.0--8827944.0": 0.7842541962083762, "8794560.0--8807296.0": 0.8006267949533874, "8794560.0--8827951.0": 0.7822639315650597, "8794560.0--8854335.0": 0.8323946344350822, "8794560.0--8805446.0": 0.8365349736886567, "8794560.0--8805436.0": 0.8141809518621245, "8794560.0--8805433.0": 0.7715970998926971, "8546802.0--8794560.0": 0.8325332530626364, "8794560.0--8805427.0": 0.7609328990571049, "8794560.0--8836120.0": 0.789513192563811, "8794560.0--8794768.0": 0.8023436347277004, "8794560.0--8809750.0": 0.7987484947936776, "8794560.0--8820172.0": 0.8661665039116242, "8476234.0--8794560.0": 0.7892724934726221, "8794560.0--8807314.0": 0.7847965450919044, "8794520.0--8794560.0": 0.8362335045906446, "8794560.0--8805452.0": 0.7930959685290822, "8794560.0--8805462.0": 0.7723364114262496, "8794560.0--8807275.0": 0.8057351355588357, "8419285.0--8794560.0": 0.7982672715623278, "8794560.0--8807379.0": 0.8294645481012419, "8794560.0--8807234.0": 0.8376472698516751, "8423100.0--8794560.0": 0.8097998816815345, "8794560.0--8805455.0": 0.7931818895387742, "8727493.0--8794560.0": 0.7601284815469612, "8794560.0--8807369.0": 0.76539016762889, "8532319.0--8794560.0": 0.7948359625045133, "8419325.0--8794560.0": 0.8064117286971247, "8794560.0--8805430.0": 0.7853492559507955, "8794560.0--8807301.0": 0.77067577583434, "8713940.0--8794560.0": 0.7775431278642112, "8637795.0--8794560.0": 0.7959191842165796, "7999244.0--8794560.0": 0.7861393527986165, "8794560.0--8805439.0": 0.779342575593966, "8794560.0--8805428.0": 0.7843079750741155, "8794560.0--8809223.0": 0.8072518338147652, "8794560.0--8795584.0": 0.7926361104919409, "8794560.0--8807264.0": 0.7709955128744765, "8794560.0--8805431.0": 0.7669075100222111, "8453863.0--8794560.0": 0.8108896108780234, "8400404.0--8794560.0": 0.7990446180838763, "8794560.0--8809834.0": 0.7933598262725902, "8663447.0--8794560.0": 0.7954904983291393, "8794560.0--8807213.0": 0.8073500530820279, "8640251.0--8794560.0": 0.7747782687688487, "8794560.0--8807220.0": 0.8205180207689688, "8617736.0--8794560.0": 0.7718023493607618, "8617746.0--8794560.0": 0.7507005297103695, "8640072.0--8794560.0": 0.7843667148638813, "8636208.0--8794560.0": 0.8095424736535153, "8794560.0--8805458.0": 0.7697701334951901, "8794560.0--8807271.0": 0.7843817544231736, "8794560.0--8809678.0": 0.7593022134296034, "8794560.0--8807226.0": 0.7885148068969737, "8794560.0--8805467.0": 0.8208008222619634, "8611113.0--8794560.0": 0.7549741753498217, "8794560.0--8854316.0": 0.7979146291166525, "8794560.0--8794607.0": 0.7715757590259497, "8794560.0--8805418.0": 0.746081639505225, "8794560.0--8836087.0": 0.7796603233391945, "8794560.0--8807283.0": 0.7886244271590419, "8794560.0--8820171.0": 0.7725517393206776, "8794560.0--8807288.0": 0.7300071151323793, "8794560.0--8807302.0": 0.7475795328061079, "8794560.0--8805466.0": 0.7779654476080311, "8794560.0--8807351.0": 0.7706049741565002, "8794560.0--8805420.0": 0.7728576420516509, "8794560.0--8807299.0": 0.7762780484668934, "8794560.0--8812988.0": 0.7808819140347701, "8794560.0--8807294.0": 0.8103541840082278, "8794560.0--8805434.0": 0.8169286965562085, "8732351.0--8794560.0": 0.8080454456676547, "8794560.0--8807232.0": 0.8020597711913086, "8419271.0--8794560.0": 0.7609961682023624, "8625484.0--8794560.0": 0.781606058657024, "8794560.0--8807349.0": 0.7810951428772693, "8794560.0--8809730.0": 0.7945299526590461, "8730513.0--8794560.0": 0.8108245503165241, "8794560.0--8809833.0": 0.8085831491427431, "8523628.0--8794560.0": 0.7857465133853644, "8434356.0--8794560.0": 0.7728433076213027, "8794560.0--8807303.0": 0.8530293069090105, "8794560.0--8811606.0": 0.7993957476521171, "8794560.0--8807244.0": 0.7917381915087497, "8490694.0--8794560.0": 0.8016076120077835, "8794560.0--8809844.0": 0.8200433852959165, "8794560.0--8809850.0": 0.7983155242899764, "8794560.0--8805445.0": 0.8102727488288518, "8412138.0--8794560.0": 0.826143212427708, "8794560.0--8807247.0": 0.8047736596839792, "8794560.0--8848845.0": 0.7787123218410821, "8695851.0--8794560.0": 0.8395648604808423, "8713907.0--8794560.0": 0.8295870309144796, "8794560.0--8809847.0": 0.8489245974830057, "8727480.0--8794560.0": 0.8360835604396055, "8706590.0--8794560.0": 0.8048129745046299, "8735916.0--8794560.0": 0.8094968635218368, "8474512.0--8794560.0": 0.7695146879669758, "8794560.0--8809845.0": 0.7923931704305822, "8540796.0--8794560.0": 0.83790916207066, "8794560.0--8807233.0": 0.8180143375236183, "8617747.0--8794560.0": 0.7481777559823858, "8474486.0--8794560.0": 0.7791840992177426, "8474516.0--8794560.0": 0.7981339890141071, "8663650.0--8794560.0": 0.7681970866003698, "8663646.0--8794560.0": 0.8209483179789665, "8794553.0--8794560.0": 0.8845267471062255, "8794560.0--8863966.0": 0.7797306182248795, "8525340.0--8794560.0": 0.7934927396963256, "8794560.0--8805448.0": 0.7717057367004103, "8405549.0--8794560.0": 0.7988774395617653, "8611178.0--8794560.0": 0.7910607683888887, "8794560.0--8827593.0": 0.7982569497502219, "8794560.0--8805463.0": 0.7462467792098532, "8794560.0--8805457.0": 0.7911252122101602, "8794560.0--8805442.0": 0.7732333140637722, "8794560.0--8807266.0": 0.8007126008837122, "8794560.0--8813126.0": 0.7797912459008427, "8585103.0--8794560.0": 0.770182651579456, "8794560.0--8807235.0": 0.7656114556165201, "8585048.0--8794560.0": 0.8114667883358935, "8794560.0--8809843.0": 0.7797040580990706, "8794560.0--8809842.0": 0.7932126132197127, "8794560.0--8842614.0": 0.7717016348484096, "8794560.0--8805441.0": 0.759616353053474, "8794560.0--8809920.0": 0.7497656119556397, "8663312.0--8794560.0": 0.7801006087819048, "8477126.0--8794560.0": 0.8197855587536033, "8794560.0--8807224.0": 0.8074962092928681, "8794560.0--8807355.0": 0.7689235309596167, "8794560.0--8807320.0": 0.7935454962709425, "8665933.0--8794560.0": 0.7933755675156501, "8794560.0--8845772.0": 0.8421138585561376, "8794560.0--8812989.0": 0.798376365562656, "8636969.0--8794560.0": 0.8537305022508335, "8794560.0--8805450.0": 0.780350490400707, "8794560.0--8807243.0": 0.8161600211810318, "8794560.0--8805443.0": 0.7850670745810948, "8673661.0--8794560.0": 0.8146153182068558, "8794560.0--8805419.0": 0.8136248639845918, "8451903.0--8794560.0": 0.7838796039741276, "8794560.0--8805429.0": 0.7635100000838853, "8794560.0--8809846.0": 0.7614141288479104, "8794560.0--8809832.0": 0.7976867034691744, "8413174.0--8794560.0": 0.7745950439847444, "8494817.0--8794560.0": 0.7788156367680537, "8637778.0--8794560.0": 0.7750228286074148, "8794560.0--8809742.0": 0.7866273186526757, "8794560.0--8807280.0": 0.7913836567964209, "8794560.0--8807274.0": 0.8241199812154953, "8794560.0--9216586.0": 0.8248589615368306, "8794560.0--9237132.0": 0.7759987614197679, "8794560.0--9216572.0": 0.7799772026796182, "8794560.0--9217952.0": 0.7582057962031362, "8794560.0--9217931.0": 0.822681222197317, "8794560.0--9216507.0": 0.7627841282835681, "8794560.0--9222368.0": 0.7956769347212638, "8794560.0--9220137.0": 0.7662193894325499, "8794560.0--9233460.0": 0.7768737852737482, "8794560.0--9222263.0": 0.7568586512391147, "8794560.0--9293003.0": 0.7830992967837065, "8794560.0--9222102.0": 0.7793191090660585, "8794560.0--9222323.0": 0.7905097786377782, "8794560.0--9222287.0": 0.7654102420373305, "8794560.0--9223736.0": 0.7932715984212674, "8794560.0--9224191.0": 0.8361814611100544, "8794560.0--9222251.0": 0.7464072666387649, "8794560.0--9229242.0": 0.7841372955943932, "8794560.0--9282195.0": 0.8050870987488036, "8794560.0--9222098.0": 0.812894742283425, "8794560.0--9234027.0": 0.774132402866218, "8794560.0--9246308.0": 0.8036447846429922, "8794560.0--9240072.0": 0.8334549007391989, "8794560.0--9222353.0": 0.8113432419234287, "8794560.0--9222293.0": 0.7756934327184134, "8794560.0--9222089.0": 0.7738069762372586, "8794560.0--9228893.0": 0.7858526671474764, "8794560.0--9224192.0": 0.8014083154259457,