{"8807296.0--8827944.0": 0.7680387696053148, "8827944.0--8827951.0": 0.7737605731886976, "8827944.0--8854335.0": 0.7894453496848551, "8805446.0--8827944.0": 0.778552098954346, "8805436.0--8827944.0": 0.7755542735412051, "8805433.0--8827944.0": 0.7370281021061753, "8546802.0--8827944.0": 0.7917118487784404, "8805427.0--8827944.0": 0.7424723557240744, "8827944.0--8836120.0": 0.7487883813932259, "8794768.0--8827944.0": 0.7380151305108555, "8809750.0--8827944.0": 0.7658047950143795, "8820172.0--8827944.0": 0.8154728758892102, "8476234.0--8827944.0": 0.7616342745746643, "8807314.0--8827944.0": 0.7725180470623565, "8794520.0--8827944.0": 0.7885960458664938, "8805452.0--8827944.0": 0.7923938782695458, "8805462.0--8827944.0": 0.7625264465389894, "8807275.0--8827944.0": 0.8206285585839257, "8419285.0--8827944.0": 0.7581049977188481, "8807379.0--8827944.0": 0.7658035274009684, "8807234.0--8827944.0": 0.7827841979049301, "8423100.0--8827944.0": 0.7598796127415226, "8805455.0--8827944.0": 0.7686471899821903, "8727493.0--8827944.0": 0.7405528972107227, "8807369.0--8827944.0": 0.7518063729030171, "8532319.0--8827944.0": 0.8051014804098737, "8419325.0--8827944.0": 0.7728262613402912, "8805430.0--8827944.0": 0.7492084888673849, "8807301.0--8827944.0": 0.8029393266846264, "8713940.0--8827944.0": 0.774929994807307, "8637795.0--8827944.0": 0.7703808069949374, "7999244.0--8827944.0": 0.7777763604908572, "8805439.0--8827944.0": 0.758336128280956, "8805428.0--8827944.0": 0.7636128759528574, "8809223.0--8827944.0": 0.7430862114238709, "8795584.0--8827944.0": 0.7844383462500544, "8807264.0--8827944.0": 0.8004698186729576, "8805431.0--8827944.0": 0.7384679238368752, "8453863.0--8827944.0": 0.7563536083716962, "8400404.0--8827944.0": 0.7785528449793206, "8809834.0--8827944.0": 0.768209230354753, "8663447.0--8827944.0": 0.754189468688565, "8807213.0--8827944.0": 0.7809249512664829, "8640251.0--8827944.0": 0.778099457292307, "8807220.0--8827944.0": 0.7910250495782487, "8617736.0--8827944.0": 0.7675467417666182, "8617746.0--8827944.0": 0.7368309901404049, "8640072.0--8827944.0": 0.7826430293126344, "8636208.0--8827944.0": 0.7722029375827795, "8805458.0--8827944.0": 0.7573923878905219, "8807271.0--8827944.0": 0.7611930354508942, "8809678.0--8827944.0": 0.7538853209012409, "8807226.0--8827944.0": 0.7844593337331303, "8805467.0--8827944.0": 0.7917067075093709, "8611113.0--8827944.0": 0.7767339885345126, "8827944.0--8854316.0": 0.785416162366517, "8794607.0--8827944.0": 0.7567671888816716, "8805418.0--8827944.0": 0.7604613130048774, "8827944.0--8836087.0": 0.7780615300291033, "8807283.0--8827944.0": 0.8150454842386223, "8820171.0--8827944.0": 0.7633535371512631, "8807288.0--8827944.0": 0.7607811580014194, "8807302.0--8827944.0": 0.744319462772153, "8805466.0--8827944.0": 0.7703009712375692, "8807351.0--8827944.0": 0.7693750959667965, "8805420.0--8827944.0": 0.791826308146099, "8807299.0--8827944.0": 0.8134714156960557, "8812988.0--8827944.0": 0.8006585029067502, "8807294.0--8827944.0": 0.8192654648276287, "8805434.0--8827944.0": 0.8050777581484647, "8732351.0--8827944.0": 0.7936127200468668, "8807232.0--8827944.0": 0.7610535139656812, "8419271.0--8827944.0": 0.7286507906793768, "8625484.0--8827944.0": 0.7869290378207178, "8807349.0--8827944.0": 0.7897672206306472, "8809730.0--8827944.0": 0.766788094316607, "8730513.0--8827944.0": 0.7766431897795807, "8809833.0--8827944.0": 0.7721782432919422, "8523628.0--8827944.0": 0.771694065143234, "8434356.0--8827944.0": 0.7664024512178895, "8807303.0--8827944.0": 0.7648049485350472, "8811606.0--8827944.0": 0.7797356417469667, "8807244.0--8827944.0": 0.7568615584746861, "8490694.0--8827944.0": 0.7945200988769021, "8809844.0--8827944.0": 0.7575473387689935, "8809850.0--8827944.0": 0.7543145661992097, "8805445.0--8827944.0": 0.7607567419014185, "8412138.0--8827944.0": 0.7980736140649256, "8807247.0--8827944.0": 0.7478195662681203, "8827944.0--8848845.0": 0.7683179005473721, "8695851.0--8827944.0": 0.7820131493059773, "8713907.0--8827944.0": 0.7652679709889498, "8809847.0--8827944.0": 0.7952885448610006, "8727480.0--8827944.0": 0.7971208828444483, "8706590.0--8827944.0": 0.7628171151115032, "8735916.0--8827944.0": 0.8223805792081837, "8474512.0--8827944.0": 0.7479327750204552, "8809845.0--8827944.0": 0.7621586753935241, "8540796.0--8827944.0": 0.7842525537918045, "8807233.0--8827944.0": 0.7996883837070483, "8617747.0--8827944.0": 0.7658830077122589, "8474486.0--8827944.0": 0.8124633853054695, "8474516.0--8827944.0": 0.7900566186599484, "8663650.0--8827944.0": 0.7360343107510003, "8663646.0--8827944.0": 0.7777022812401468, "8794553.0--8827944.0": 0.779047164869578, "8827944.0--8863966.0": 0.748425766939433, "8525340.0--8827944.0": 0.7717643840273939, "8805448.0--8827944.0": 0.744495006603509, "8405549.0--8827944.0": 0.7667769492695016, "8611178.0--8827944.0": 0.7394039435942806, "8827593.0--8827944.0": 0.7965330977256729, "8805463.0--8827944.0": 0.7778127561922823, "8805457.0--8827944.0": 0.8442767808878915, "8805442.0--8827944.0": 0.7501213099106716, "8807266.0--8827944.0": 0.7997295302786338, "8813126.0--8827944.0": 0.7718192619849708, "8585103.0--8827944.0": 0.7830338266197845, "8807235.0--8827944.0": 0.7793694731563564, "8585048.0--8827944.0": 0.771991328012191, "8809843.0--8827944.0": 0.789694496349125, "8809842.0--8827944.0": 0.7677120145508546, "8827944.0--8842614.0": 0.7720209124640911, "8805441.0--8827944.0": 0.7537489557160192, "8809920.0--8827944.0": 0.7722081616417426, "8663312.0--8827944.0": 0.7901651791750228, "8477126.0--8827944.0": 0.7977501213707207, "8807224.0--8827944.0": 0.8224022585742645, "8807355.0--8827944.0": 0.7757285419072911, "8807320.0--8827944.0": 0.7533360866499527, "8665933.0--8827944.0": 0.7619077695038687, "8827944.0--8845772.0": 0.7567377711289133, "8812989.0--8827944.0": 0.8238977328990029, "8636969.0--8827944.0": 0.7753385945546785, "8805450.0--8827944.0": 0.7802226973996983, "8807243.0--8827944.0": 0.790653623470212, "8805443.0--8827944.0": 0.7519305248970699, "8673661.0--8827944.0": 0.7804791143347662, "8805419.0--8827944.0": 0.7647622890049958, "8451903.0--8827944.0": 0.7922490684497276, "8805429.0--8827944.0": 0.7655607519429994, "8809846.0--8827944.0": 0.7535677205538447, "8809832.0--8827944.0": 0.7764287450461829, "8413174.0--8827944.0": 0.7419824271730011, "8494817.0--8827944.0": 0.729542396565443, "8637778.0--8827944.0": 0.7452632370526457, "8809742.0--8827944.0": 0.760929310688707, "8807280.0--8827944.0": 0.7924065257533285, "8807274.0--8827944.0": 0.8125150794832509, "8827944.0--9216586.0": 0.7504036214440125, "8827944.0--9237132.0": 0.766088078104513, "8827944.0--9216572.0": 0.7638370341261218, "8827944.0--9217952.0": 0.750503096552338, "8827944.0--9217931.0": 0.7714044841768295, "8827944.0--9216507.0": 0.7732716747668427, "8827944.0--9222368.0": 0.7699804944726238, "8827944.0--9220137.0": 0.7808185712962945, "8827944.0--9233460.0": 0.7440837806052751, "8827944.0--9222263.0": 0.7536830834552362, "8827944.0--9293003.0": 0.7862088515743118, "8827944.0--9222102.0": 0.7738159414274622, "8827944.0--9222323.0": 0.7332777607658205, "8827944.0--9222287.0": 0.7564682485535126, "8827944.0--9223736.0": 0.7448292679380306, "8827944.0--9224191.0": 0.7850539609320777, "8827944.0--9222251.0": 0.7599533663301701, "8827944.0--9229242.0": 0.757063537796566, "8827944.0--9282195.0": 0.7458715640707754, "8827944.0--9222098.0": 0.7757339181637871, "8827944.0--9234027.0": 0.7719574216847142, "8827944.0--9246308.0": 0.7793612792168026, "8827944.0--9240072.0": 0.8141148495532475, "8827944.0--9222353.0": 0.7689919391551217, "8827944.0--9222293.0": 0.7704405765000395, "8827944.0--9222089.0": 0.7735399726169245, "8827944.0--9228893.0": 0.7647510253574508, "8827944.0--9224192.0": 0.7642463757978517, "8827944.0--9222289.0": 0.7846435797201397, "8827944.0--9222038.0": 0.7537296714075443, "8827944.0--9229072.0": 0.7696873567513147, "8827944.0--9222295.0": 0.7626635578669948, "8827944.0--9222342.0": 0.782909163142537,