{"8440039.0--8454905.0": 0.777116025277136, "8440086.0--8454905.0": 0.7346957597823982, "8445644.0--8454905.0": 0.7265477621758458, "8454905.0--8494830.0": 0.7524324448919224, "8440038.0--8454905.0": 0.7665204718619076, "8440110.0--8454905.0": 0.7396772077022183, "8440109.0--8454905.0": 0.7462820754111967, "8453873.0--8454905.0": 0.7309450107678368, "8440115.0--8454905.0": 0.7860367310883019, "8454905.0--8467383.0": 0.7642501775079347, "8440120.0--8454905.0": 0.7370320764629736, "8440076.0--8454905.0": 0.7335374220829677, "8440043.0--8454905.0": 0.7519526641536183, "8454905.0--8467535.0": 0.8021978178090159, "8440121.0--8454905.0": 0.7562080058691192, "8440044.0--8454905.0": 0.7496074011803813, "8440089.0--8454905.0": 0.7332555444643253, "8440052.0--8454905.0": 0.7488676351825808, "8440085.0--8454905.0": 0.8270315051317335, "8440070.0--8454905.0": 0.7563919985691528, "8440048.0--8454905.0": 0.7735095817552077, "8440118.0--8454905.0": 0.7242755797624233, "8440081.0--8454905.0": 0.7238566969426271, "8440102.0--8454905.0": 0.7772300349082578, "8440080.0--8454905.0": 0.7997439132089004, "8440096.0--8454905.0": 0.7243476501338227, "8440124.0--8454905.0": 0.7805610361825546, "8440063.0--8454905.0": 0.7734861590606721, "8440037.0--8454905.0": 0.7416165692823655, "8440040.0--8454905.0": 0.7509044959882937, "8440056.0--8454905.0": 0.7444868065703308, "8440116.0--8454905.0": 0.7752799837952536, "8444102.0--8454905.0": 0.7328619881346528, "8440824.0--8454905.0": 0.7243041113740307, "8454905.0--8493612.0": 0.7344603182119367, "8440850.0--8454905.0": 0.7913241502252658, "8454905.0--8456856.0": 0.7726438997727727, "8447439.0--8454905.0": 0.744973201209334, "8440805.0--8454905.0": 0.774171344403206, "8440811.0--8454905.0": 0.7480076227546602, "8440856.0--8454905.0": 0.7779537741554627, "8440822.0--8454905.0": 0.763402012389165, "8440828.0--8454905.0": 0.766008212282587, "8440851.0--8454905.0": 0.7768874710733702, "8454905.0--8457476.0": 0.7709666963612067, "8440848.0--8454905.0": 0.7390882182134387, "8440839.0--8454905.0": 0.7435471912591292, "8443395.0--8454905.0": 0.7752189955994258, "8440832.0--8454905.0": 0.7645925508568701, "8440816.0--8454905.0": 0.7729207585843147, "8440835.0--8454905.0": 0.748722124768223, "8440818.0--8454905.0": 0.7990352094201165, "8440853.0--8454905.0": 0.7275078183392334, "8440840.0--8454905.0": 0.7864258749213021, "8440857.0--8454905.0": 0.778421319016377, "8449328.0--8454905.0": 0.7543674471814394, "8440829.0--8454905.0": 0.7612220632929415, "8440807.0--8454905.0": 0.7448894732486939, "8440831.0--8454905.0": 0.7830233703549597, "8440852.0--8454905.0": 0.7756811380011043, "8440841.0--8454905.0": 0.7687729075157195, "8440859.0--8454905.0": 0.7400448764311768, "8440821.0--8454905.0": 0.7898290289680259, "8440842.0--8454905.0": 0.8285315365411988, "8443131.0--8454905.0": 0.7680811609363548, "8440815.0--8454905.0": 0.776817958547896, "8454905.0--8500765.0": 0.8015830825770742, "8440804.0--8454905.0": 0.7589501799832741, "8454276.0--8454905.0": 0.7782176955005311, "8454905.0--8464305.0": 0.7862005012245917, "8454905.0--8494828.0": 0.8190423593626709, "8440825.0--8454905.0": 0.7683078531550663, "8440814.0--8454905.0": 0.7744501705499249, "8440838.0--8454905.0": 0.7979140968132434, "8440855.0--8454905.0": 0.7473357049969056, "8454489.0--8454905.0": 0.7819643389370416, "8440834.0--8454905.0": 0.7562142577618961, "8440826.0--8454905.0": 0.7679612165051066, "8440823.0--8454905.0": 0.7584617102026681, "8440845.0--8454905.0": 0.731679672056341, "8440810.0--8454905.0": 0.7598024316133809, "8440806.0--8454905.0": 0.8095913676465989, "8440817.0--8454905.0": 0.7568400439296474, "8440813.0--8454905.0": 0.8018445150480201, "8443125.0--8454905.0": 0.741997276096413, "8454905.0--8456575.0": 0.7648286812371463, "8440860.0--8454905.0": 0.810915092309082, "8454343.0--8454905.0": 0.7662042587960181, "8440803.0--8454905.0": 0.7837556141084602, "8454344.0--8454905.0": 0.7736528187388492, "8440854.0--8454905.0": 0.8011298212716632, "8454346.0--8454905.0": 0.7502751626469222, "8440827.0--8454905.0": 0.7307962290403807, "8440836.0--8454905.0": 0.7779943352476828, "8440844.0--8454905.0": 0.7636552816218378, "8440808.0--8454905.0": 0.7889837576292933, "8440837.0--8454905.0": 0.7682673663027649, "8440858.0--8454905.0": 0.7971727986646013, "8440820.0--8454905.0": 0.7648666428978117, "8440833.0--8454905.0": 0.7776239952952364, "8444072.0--8454905.0": 0.7881320727957658, "8440812.0--8454905.0": 0.7638147252720145, "8440809.0--8454905.0": 0.7799747628096115, "8454904.0--8454905.0": 0.8503790246527225, "8440846.0--8454905.0": 0.7752452855130418, "8440830.0--8454905.0": 0.7664461476784701, "8444077.0--8454905.0": 0.7594752834515806, "8440847.0--8454905.0": 0.8006582608733511, "8440849.0--8454905.0": 0.765408337033525, "8443124.0--8454905.0": 0.7654711164237802, "8440843.0--8454905.0": 0.7294335170604945, "8454905.0--8807265.0": 0.783052240236101, "8454905.0--8816695.0": 0.7713300912786722, "8454905.0--8805426.0": 0.8141108727368109, "8454905.0--8805421.0": 0.8122687196985525, "8454905.0--8812684.0": 0.7728164474583468, "8454905.0--8805461.0": 0.7542623594386939, "8454905.0--8807255.0": 0.7777384356679607, "8454905.0--8805460.0": 0.7566207871232873, "8454905.0--8807292.0": 0.7606075080571553, "8454905.0--8807354.0": 0.7858087874659662, "8454905.0--8809711.0": 0.7675194589008141, "8454905.0--8805422.0": 0.7484468205575445, "8454905.0--8805424.0": 0.7514074667224319, "8454905.0--8794517.0": 0.7305876441280728, "8454905.0--8805451.0": 0.730069863629457, "8454905.0--8807223.0": 0.7229089512988705, "8454905.0--8794560.0": 0.7307256709544657, "8454905.0--8481543.0": 0.7248048991865724, "8454905.0--8802285.0": 0.7904690368754743, "8454905.0--8807245.0": 0.7713412825423258, "8454905.0--8805456.0": 0.7784937707300803, "8454905.0--8827944.0": 0.7957579675851725, "8454905.0--8807296.0": 0.7909509917204273, "8454905.0--8827951.0": 0.735744843662502, "8454905.0--8854335.0": 0.7862810954376781, "8454905.0--8805446.0": 0.7420702614203127, "8454905.0--8805436.0": 0.7499237911201588, "8454905.0--8805433.0": 0.7215828671450694, "8454905.0--8546802.0": 0.7629628056296366, "8454905.0--8805427.0": 0.739105145627346, "8454905.0--8836120.0": 0.766114829643735, "8454905.0--8794768.0": 0.7187908168365422, "8454905.0--8809750.0": 0.7449722170916646, "8454905.0--8820172.0": 0.8261806091539211, "8454905.0--8476234.0": 0.7798637625717739, "8454905.0--8807314.0": 0.7381527535244399, "8454905.0--8794520.0": 0.7864129606821291, "8454905.0--8805452.0": 0.8125966679943466, "8454905.0--8805462.0": 0.7626835588609904, "8454905.0--8807275.0": 0.8123159550653924, "8419285.0--8454905.0": 0.7606056255044, "8454905.0--8807379.0": 0.7481094144133249, "8454905.0--8807234.0": 0.7715751291940108, "8423100.0--8454905.0": 0.7517023208437457, "8454905.0--8805455.0": 0.7341767451859469, "8454905.0--8727493.0": 0.6999750461579325, "8454905.0--8807369.0": 0.7165298908913741, "8454905.0--8532319.0": 0.7885665475107424, "8419325.0--8454905.0": 0.7430964481518423, "8454905.0--8805430.0": 0.7558084157174806, "8454905.0--8807301.0": 0.7884131398368575, "8454905.0--8713940.0": 0.7740560221736372, "8454905.0--8637795.0": 0.7762144476118112, "7999244.0--8454905.0": 0.7658893905070865, "8454905.0--8805439.0": 0.7626896435807731, "8454905.0--8805428.0": 0.7583568332457447, "8454905.0--8809223.0": 0.7472334703581291, "8454905.0--8795584.0": 0.7764576808476898, "8454905.0--8807264.0": 0.7847907829526547, "8454905.0--8805431.0": 0.7352871410404329, "8453863.0--8454905.0": 0.7345430408153764, "8400404.0--8454905.0": 0.7347346717570542, "8454905.0--8809834.0": 0.7658287668569117, "8454905.0--8663447.0": 0.7703284480532907, "8454905.0--8807213.0": 0.7855120136962395, "8454905.0--8640251.0": 0.8069799136149228, "8454905.0--8807220.0": 0.785899501802461, "8454905.0--8617736.0": 0.769350034406072, "8454905.0--8617746.0": 0.7275451388811046, "8454905.0--8640072.0": 0.798518075671603, "8454905.0--8636208.0": 0.7879774635138687,