{"9222269.0--9237999.0": 0.8223616541954792, "9222072.0--9222269.0": 0.8194110812461944, "9222269.0--9224197.0": 0.7929065134104072, "9222269.0--9246282.0": 0.7966586268280205, "9222269.0--9222314.0": 0.7854356456196263, "9222269.0--9222357.0": 0.7908752458443327, "9222086.0--9222269.0": 0.7954473327064512, "9222269.0--9222360.0": 0.807538438937234, "9222065.0--9222269.0": 0.8148177195949049, "9222269.0--9228894.0": 0.8271487579626912, "9222269.0--9233264.0": 0.8297236965493862, "9222269.0--9222343.0": 0.7922067347040578, "9222269.0--9308621.0": 0.7831151166068384, "9222269.0--9308625.0": 0.8098260812728812, "9222269.0--9241744.0": 0.7978890331165922, "9222269.0--9308629.0": 0.8312192969981089, "9222068.0--9222269.0": 0.7666244757591106, "9222248.0--9222269.0": 0.8184311724837855, "9222269.0--9222274.0": 0.8074907254182206, "9222269.0--9229116.0": 0.8029578312746383, "9222269.0--9233993.0": 0.7798526473744982, "9222269.0--9308623.0": 0.8242539711673709, "9222269.0--9222553.0": 0.7941612402440349, "9222269.0--9222341.0": 0.8134144257001023, "9222269.0--9222346.0": 0.7795434616061975, "9222269.0--9308628.0": 0.8158774722856306, "9222269.0--9222294.0": 0.7964057681052232, "9222269.0--9241732.0": 0.7970414199721867, "9222060.0--9222269.0": 0.8132224699829106, "9222269.0--9222280.0": 0.8122935405928489}