{"8440040.0--8440056.0": 0.7681888562105579, "8440040.0--8440116.0": 0.7740133926289396, "8440040.0--8444102.0": 0.7388063021942192, "8440040.0--8440824.0": 0.7796615385724935, "8440040.0--8493612.0": 0.7398434218019501, "8440040.0--8440850.0": 0.7946314332212754, "8440040.0--8456856.0": 0.7896223851458469, "8440040.0--8447439.0": 0.7691957350539667, "8440040.0--8440805.0": 0.7691877807088419, "8440040.0--8440811.0": 0.7822288798813158, "8440040.0--8440856.0": 0.7717050115892214, "8440040.0--8440822.0": 0.7718959209096757, "8440040.0--8440828.0": 0.7647319520045436, "8440040.0--8440851.0": 0.7667090285899054, "8440040.0--8457476.0": 0.780864510203436, "8440040.0--8440848.0": 0.7379391761941198, "8440040.0--8440839.0": 0.8049724559183944, "8440040.0--8443395.0": 0.7562867365030959, "8440040.0--8440832.0": 0.7385749681787023, "8440040.0--8440816.0": 0.7864576325088624, "8440040.0--8440835.0": 0.7731455742621833, "8440040.0--8440818.0": 0.8002418362602816, "8440040.0--8440853.0": 0.7662067123597612, "8440040.0--8440840.0": 0.7962163470492994, "8440040.0--8440857.0": 0.796044375763638, "8440040.0--8449328.0": 0.7958468374604358, "8440040.0--8440829.0": 0.7818465869320366, "8440040.0--8440807.0": 0.7861046478234144, "8440040.0--8440831.0": 0.7667565282413328, "8440040.0--8440852.0": 0.7839608003734146, "8440040.0--8440841.0": 0.7876183156958414, "8440040.0--8440859.0": 0.780243941899599, "8440040.0--8440821.0": 0.7612106706999285, "8440040.0--8440842.0": 0.7757557694830512, "8440040.0--8443131.0": 0.8073307695146346, "8440040.0--8440815.0": 0.7865081915754127, "8440040.0--8500765.0": 0.7832540729727914, "8440040.0--8440804.0": 0.7996342729346572, "8440040.0--8454276.0": 0.7766645174388315, "8440040.0--8464305.0": 0.7783587803514972, "8440040.0--8494828.0": 0.7800487550913177, "8440040.0--8440825.0": 0.8310165806447014, "8440040.0--8440814.0": 0.7601227028765262, "8440040.0--8440838.0": 0.7788407331649512, "8440040.0--8440855.0": 0.7680864454795564, "8440040.0--8454489.0": 0.770490165748233, "8440040.0--8440834.0": 0.7444239534540483, "8440040.0--8440826.0": 0.7847249225663132, "8440040.0--8440823.0": 0.7960586750659469, "8440040.0--8440845.0": 0.7632539969437575, "8440040.0--8440810.0": 0.7726193290354271, "8440040.0--8440806.0": 0.7572052186655922, "8440040.0--8440817.0": 0.7678726795872053, "8440040.0--8440813.0": 0.8310304504722119, "8440040.0--8443125.0": 0.729326660412226, "8440040.0--8456575.0": 0.7952759988909444, "8440040.0--8440860.0": 0.7554959721690109, "8440040.0--8454343.0": 0.7536352484741213, "8440040.0--8440803.0": 0.7637054447742525, "8440040.0--8454344.0": 0.7881521552126324, "8440040.0--8440854.0": 0.8256300003789125, "8440040.0--8454346.0": 0.7660499503615008, "8440040.0--8440827.0": 0.7290501656985622, "8440040.0--8440836.0": 0.7769058636667769, "8440040.0--8440844.0": 0.7826662435986846, "8440040.0--8440808.0": 0.7891602426363967, "8440040.0--8440837.0": 0.8145397119002322, "8440040.0--8440858.0": 0.7259375139572397, "8440040.0--8440820.0": 0.7759250912060068, "8440040.0--8440833.0": 0.7344884382709327, "8440040.0--8444072.0": 0.7315462286857538, "8440040.0--8440812.0": 0.7685897733938862, "8440040.0--8440809.0": 0.7813717357461755, "8440040.0--8454904.0": 0.7959827723405847, "8440040.0--8440846.0": 0.7715219670128509, "8440040.0--8440830.0": 0.7712142183809421, "8440040.0--8444077.0": 0.7517346549955304, "8440040.0--8440847.0": 0.7761148978891801, "8440040.0--8440849.0": 0.757612028637349, "8440040.0--8443124.0": 0.7728437716291032, "8440040.0--8440843.0": 0.7562918634754769, "8440040.0--8807265.0": 0.7585244839067277, "8440040.0--8816695.0": 0.7778484560581214, "8440040.0--8805426.0": 0.777051896793257, "8440040.0--8805421.0": 0.8047569733824202, "8440040.0--8812684.0": 0.7597785106136092, "8440040.0--8805461.0": 0.7859737735966068, "8440040.0--8807255.0": 0.7574037094401922, "8440040.0--8805460.0": 0.7708787671332793, "8440040.0--8807292.0": 0.7728647969149931, "8440040.0--8807354.0": 0.7607978086951495, "8440040.0--8809711.0": 0.7699513113198164, "8440040.0--8805422.0": 0.7784096505128149, "8440040.0--8805424.0": 0.7535368938256991, "8440040.0--8794517.0": 0.7602275112106525, "8440040.0--8805451.0": 0.787442433715933, "8440040.0--8807223.0": 0.7664005406244285, "8440040.0--8794560.0": 0.8091219489892374, "8440040.0--8481543.0": 0.7605457200659731, "8440040.0--8802285.0": 0.7532138648898242, "8440040.0--8807245.0": 0.7803118421939481, "8440040.0--8805456.0": 0.7814220805354062, "8440040.0--8827944.0": 0.7622233903974894, "8440040.0--8807296.0": 0.7999051397329063, "8440040.0--8827951.0": 0.7520014823395129, "8440040.0--8854335.0": 0.7708251866188515, "8440040.0--8805446.0": 0.8208749276150489, "8440040.0--8805436.0": 0.8052466412300466, "8440040.0--8805433.0": 0.7874589207661002, "8440040.0--8546802.0": 0.7906972294724559, "8440040.0--8805427.0": 0.7379518451386883, "8440040.0--8836120.0": 0.765508504559838, "8440040.0--8794768.0": 0.7778182018208168, "8440040.0--8809750.0": 0.765594807624711, "8440040.0--8820172.0": 0.8169825393879107, "8440040.0--8476234.0": 0.7717420839253872, "8440040.0--8807314.0": 0.766934780802534, "8440040.0--8794520.0": 0.8072347848155228, "8440040.0--8805452.0": 0.7711085346513922, "8440040.0--8805462.0": 0.7640741884817144, "8440040.0--8807275.0": 0.8005127183018683, "8419285.0--8440040.0": 0.7896872859490975, "8440040.0--8807379.0": 0.7953561452186452, "8440040.0--8807234.0": 0.7957033189060825, "8423100.0--8440040.0": 0.8004955049998674, "8440040.0--8805455.0": 0.7600919545396205, "8440040.0--8727493.0": 0.7814766123185537, "8440040.0--8807369.0": 0.7686106684485643, "8440040.0--8532319.0": 0.7762143639921545, "8419325.0--8440040.0": 0.794275944171745, "8440040.0--8805430.0": 0.7589641610781839, "8440040.0--8807301.0": 0.7405352533491345, "8440040.0--8713940.0": 0.76737762694221, "8440040.0--8637795.0": 0.7637164700442252, "7999244.0--8440040.0": 0.7648422137091183, "8440040.0--8805439.0": 0.7567487163345183, "8440040.0--8805428.0": 0.778978466351941, "8440040.0--8809223.0": 0.8098412630675937, "8440040.0--8795584.0": 0.7796290428364654, "8440040.0--8807264.0": 0.7794791649400471, "8440040.0--8805431.0": 0.7704775756008502, "8440040.0--8453863.0": 0.744141117416846, "8400404.0--8440040.0": 0.817915708785222, "8440040.0--8809834.0": 0.7757474570948408, "8440040.0--8663447.0": 0.7736218617574449, "8440040.0--8807213.0": 0.7944982619383061, "8440040.0--8640251.0": 0.7546046126810237, "8440040.0--8807220.0": 0.7981331140143266, "8440040.0--8617736.0": 0.7750958626595477, "8440040.0--8617746.0": 0.7293433259384272, "8440040.0--8640072.0": 0.7548519052938323, "8440040.0--8636208.0": 0.793832195167286, "8440040.0--8805458.0": 0.7352265471314123, "8440040.0--8807271.0": 0.7623386292936452, "8440040.0--8809678.0": 0.7393959581149253, "8440040.0--8807226.0": 0.769773118807901, "8440040.0--8805467.0": 0.8083300156917634, "8440040.0--8611113.0": 0.7422242244869742, "8440040.0--8854316.0": 0.7781003393867973, "8440040.0--8794607.0": 0.7581851256053177, "8440040.0--8805418.0": 0.7292591160493052, "8440040.0--8836087.0": 0.7626280884956483, "8440040.0--8807283.0": 0.7872169336285859, "8440040.0--8820171.0": 0.7813911036429613, "8440040.0--8807288.0": 0.7260093985036229, "8440040.0--8807302.0": 0.7793629532811905, "8440040.0--8805466.0": 0.7873761425181183, "8440040.0--8807351.0": 0.8003736687092633, "8440040.0--8805420.0": 0.7621512827707732, "8440040.0--8807299.0": 0.7600158466996387, "8440040.0--8812988.0": 0.8091478508390152, "8440040.0--8807294.0": 0.7814212767252733, "8440040.0--8805434.0": 0.771780917733471, "8440040.0--8732351.0": 0.7891937949913325, "8440040.0--8807232.0": 0.7981919933028312, "8419271.0--8440040.0": 0.76377668128843, "8440040.0--8625484.0": 0.7666043457425377, "8440040.0--8807349.0": 0.7612460878844727, "8440040.0--8809730.0": 0.7420004075321578, "8440040.0--8730513.0": 0.7800545613802085, "8440040.0--8809833.0": 0.7690354475910534, "8440040.0--8523628.0": 0.7501807683347401,