{"8405549.0--8611178.0": 0.8170562153446638, "8405549.0--8827593.0": 0.7827574207803116, "8405549.0--8805463.0": 0.7668948825097263, "8405549.0--8805457.0": 0.8079065402529408, "8405549.0--8805442.0": 0.8031676942979755, "8405549.0--8807266.0": 0.803235175038814, "8405549.0--8813126.0": 0.8021525052654586, "8405549.0--8585103.0": 0.824206285675269, "8405549.0--8807235.0": 0.8130737628520152, "8405549.0--8585048.0": 0.8625161940693106, "8405549.0--8809843.0": 0.7809059590874113, "8405549.0--8809842.0": 0.7915857974895835, "8405549.0--8842614.0": 0.7768381485545539, "8405549.0--8805441.0": 0.743231060930643, "8405549.0--8809920.0": 0.7635009942990687, "8405549.0--8663312.0": 0.8058474340873344, "8405549.0--8477126.0": 0.8227525666716579, "8405549.0--8807224.0": 0.8008506723855149, "8405549.0--8807355.0": 0.7807758748362494, "8405549.0--8807320.0": 0.835255288902004, "8405549.0--8665933.0": 0.81361559851363, "8405549.0--8845772.0": 0.7896201271388023, "8405549.0--8812989.0": 0.8485733933784325, "8405549.0--8636969.0": 0.8172658316069878, "8405549.0--8805450.0": 0.7942838499516082, "8405549.0--8807243.0": 0.8229171684554843, "8405549.0--8805443.0": 0.8363693368926588, "8405549.0--8673661.0": 0.8270605777331946, "8405549.0--8805419.0": 0.7655152625773438, "8405549.0--8451903.0": 0.7785554561675967, "8405549.0--8805429.0": 0.8132499038166072, "8405549.0--8809846.0": 0.7994621511223815, "8405549.0--8809832.0": 0.8207230091764153, "8405549.0--8413174.0": 0.7954786514829363, "8405549.0--8494817.0": 0.8082348162670394, "8405549.0--8637778.0": 0.8248135118588933, "8405549.0--8809742.0": 0.8022236531243914, "8405549.0--8807280.0": 0.8355794402342201, "8405549.0--8807274.0": 0.8264639414318217, "8405549.0--9216586.0": 0.7969182009543749, "8405549.0--9237132.0": 0.8633039076323601, "8405549.0--9216572.0": 0.7759247914069214, "8405549.0--9217952.0": 0.8363723909582277, "8405549.0--9217931.0": 0.8703570172409102, "8405549.0--9216507.0": 0.8281263372799378, "8405549.0--9222368.0": 0.8263196638663877, "8405549.0--9220137.0": 0.7985300094492337, "8405549.0--9233460.0": 0.8005301793089179, "8405549.0--9222263.0": 0.7730224916719253, "8405549.0--9293003.0": 0.8099239093272746, "8405549.0--9222102.0": 0.8394158207362743, "8405549.0--9222323.0": 0.8394884702180446, "8405549.0--9222287.0": 0.7994625061618201, "8405549.0--9223736.0": 0.8434737661390983, "8405549.0--9224191.0": 0.7974132432875094, "8405549.0--9222251.0": 0.801142483373913, "8405549.0--9229242.0": 0.8328011132376425, "8405549.0--9282195.0": 0.7427349715199787, "8405549.0--9222098.0": 0.8566205001947403, "8405549.0--9234027.0": 0.7807838115170216, "8405549.0--9246308.0": 0.83243066246946, "8405549.0--9240072.0": 0.7834770339111505, "8405549.0--9222353.0": 0.8162187555886595, "8405549.0--9222293.0": 0.8468700219933386, "8405549.0--9222089.0": 0.83852785154244, "8405549.0--9228893.0": 0.8114284175429443, "8405549.0--9224192.0": 0.7758855055601561, "8405549.0--9222289.0": 0.8047688007703484, "8405549.0--9222038.0": 0.8057051610215495, "8405549.0--9229072.0": 0.797319374826865, "8405549.0--9222295.0": 0.847002733478794, "8405549.0--9222342.0": 0.7732856616001136, "8405549.0--9241407.0": 0.7931322658306068, "8405549.0--9288884.0": 0.818479678418332, "8405549.0--9222351.0": 0.8116571394624679, "8405549.0--9223669.0": 0.8375860153287238, "8405549.0--9222315.0": 0.7890463451864724, "8405549.0--9222335.0": 0.8150831260590294, "8405549.0--9222327.0": 0.8202535835884028, "8405549.0--9233469.0": 0.80321435693026, "8405549.0--9226461.0": 0.8016961638060061, "8405549.0--9238508.0": 0.8402001678300652, "8405549.0--9222266.0": 0.7973505970680699, "8405549.0--9225008.0": 0.8483646778020801, "8405549.0--9290431.0": 0.794256989909181, "8405549.0--9239918.0": 0.8092836235549326, "8405549.0--9231271.0": 0.7984075615983061, "8405549.0--9222313.0": 0.8111002059800598, "8405549.0--9231268.0": 0.7970934431338594, "8405549.0--9222035.0": 0.7589311119674687, "8405549.0--9222091.0": 0.8225205387998971, "8405549.0--9229515.0": 0.7954059650278845, "8405549.0--9222301.0": 0.8218161007184237, "8405549.0--9222358.0": 0.7982284733139307, "8405549.0--9229135.0": 0.8526646840710184, "8405549.0--9222047.0": 0.82597670895681, "8405549.0--9222272.0": 0.8087043649924694, "8405549.0--9222110.0": 0.8238279887505228, "8405549.0--9222364.0": 0.8359220600544327, "8405549.0--9222088.0": 0.8036205562714933, "8405549.0--9216518.0": 0.8320011079182159, "8405549.0--9222309.0": 0.7968911695488602, "8405549.0--9216595.0": 0.7583155641819015, "8405549.0--9216538.0": 0.7919019298192154, "8405549.0--9216549.0": 0.7878006102818546, "8405549.0--9216559.0": 0.8353080803692019, "8405549.0--9222376.0": 0.7826710805383865, "8405549.0--9222374.0": 0.8241518545907135, "8405549.0--9224194.0": 0.8125729308205694, "8405549.0--9222254.0": 0.7910061970949998, "8405549.0--9222049.0": 0.7796492475093397, "8405549.0--9222562.0": 0.799536410661343, "8405549.0--9226126.0": 0.7729524909047953, "8405549.0--9240062.0": 0.8181665955899615, "8405549.0--9226101.0": 0.7797446562628174, "8405549.0--9222377.0": 0.7891535406287571, "8405549.0--9233392.0": 0.8294507202526608, "8405549.0--9222093.0": 0.7667309417175523, "8405549.0--9224154.0": 0.7851762037117809, "8405549.0--9240061.0": 0.7738284130467096, "8405549.0--9222512.0": 0.7975338176393821, "8405549.0--9241413.0": 0.8026471178431989, "8405549.0--9224646.0": 0.7755533666142602, "8405549.0--9222372.0": 0.7711903972342955, "8405549.0--9222253.0": 0.8155067259116033, "8405549.0--9222092.0": 0.9066081826234715, "8405549.0--9222271.0": 0.8141158723519503, "8405549.0--9230431.0": 0.8024369891275589, "8405549.0--9222076.0": 0.8464712128926623, "8405549.0--9222053.0": 0.7994935804636969, "8405549.0--9216532.0": 0.8407467549361716, "8405549.0--9222085.0": 0.8051371617704894, "8405549.0--9216629.0": 0.8063151548919127, "8405549.0--9308630.0": 0.7924888404096235, "8405549.0--9308624.0": 0.7822701684079408, "8405549.0--9219240.0": 0.8170979383741148, "8405549.0--9216630.0": 0.803274829562381, "8405549.0--9217981.0": 0.8378240601479331, "8405549.0--9224153.0": 0.7813045210939024, "8405549.0--9286505.0": 0.7858476709268901, "8405549.0--9216512.0": 0.7957828176001756, "8405549.0--9216579.0": 0.8017197942652439, "8405549.0--9222249.0": 0.8132596220504853, "8405549.0--9222367.0": 0.7693541736837859, "8405549.0--9222325.0": 0.7708677765003271, "8405549.0--9222510.0": 0.7710152579204896, "8405549.0--9246250.0": 0.8049512466088453, "8405549.0--9308627.0": 0.8339131694448116, "8405549.0--9224186.0": 0.8388143652985821, "8405549.0--9229232.0": 0.7663323548387883, "8405549.0--9226404.0": 0.8096929637521741, "8405549.0--9308631.0": 0.807811787373084, "8405549.0--9222255.0": 0.8118385857391488, "8405549.0--9222261.0": 0.7845337522478714, "8405549.0--9222338.0": 0.7987126150321026, "8405549.0--9222284.0": 0.8163731570272332, "8405549.0--9230430.0": 0.8247480948240962, "8405549.0--9308622.0": 0.7718665330556697, "8405549.0--9286903.0": 0.7578567480509407, "8405549.0--9234473.0": 0.7801018472912628, "8405549.0--9241426.0": 0.8606685467238807, "8405549.0--9222269.0": 0.82953351006567, "8405549.0--9237999.0": 0.8303758129855017, "8405549.0--9222072.0": 0.8301545886410293, "8405549.0--9224197.0": 0.8089678649951251, "8405549.0--9246282.0": 0.8058695307747944, "8405549.0--9222314.0": 0.7927321503214186, "8405549.0--9222357.0": 0.8114523915829837, "8405549.0--9222086.0": 0.7762806828091307, "8405549.0--9222360.0": 0.8170714313957553, "8405549.0--9222065.0": 0.7668073330129869, "8405549.0--9228894.0": 0.8374123148399256, "8405549.0--9233264.0": 0.8298459447106552, "8405549.0--9222343.0": 0.8284315280942551, "8405549.0--9308621.0": 0.7835784377507684, "8405549.0--9308625.0": 0.8381156046750597, "8405549.0--9241744.0": 0.7899655410974931, "8405549.0--9308629.0": 0.8181289258035174, "8405549.0--9222068.0": 0.7747306398869789, "8405549.0--9222248.0": 0.800205319443936, "8405549.0--9222274.0": 0.7849774092765747, "8405549.0--9229116.0": 0.8471648109768178,