{"9222266.0--9225008.0": 0.796266840102505, "9222266.0--9290431.0": 0.77630421346438, "9222266.0--9239918.0": 0.770762074920925, "9222266.0--9231271.0": 0.7546015642274652, "9222266.0--9222313.0": 0.7834896771348909, "9222266.0--9231268.0": 0.7629961184333928, "9222035.0--9222266.0": 0.7402099201300446, "9222091.0--9222266.0": 0.7922965591230803, "9222266.0--9229515.0": 0.7344653526410927, "9222266.0--9222301.0": 0.772552652414826, "9222266.0--9222358.0": 0.7683103235543297, "9222266.0--9229135.0": 0.8205077752138731, "9222047.0--9222266.0": 0.7441973428056196, "9222266.0--9222272.0": 0.8126550293120631, "9222110.0--9222266.0": 0.7896231760529018, "9222266.0--9222364.0": 0.7695711270263823, "9222088.0--9222266.0": 0.7760239488437943, "9216518.0--9222266.0": 0.7826827268604664, "9222266.0--9222309.0": 0.7574867346884667, "9216595.0--9222266.0": 0.7498610777944772, "9216538.0--9222266.0": 0.7630110636467236, "9216549.0--9222266.0": 0.7565156558877696, "9216559.0--9222266.0": 0.7896220422477082, "9222266.0--9222376.0": 0.7382433622870653, "9222266.0--9222374.0": 0.7700101521149527, "9222266.0--9224194.0": 0.7630676283056843, "9222254.0--9222266.0": 0.7894768879760985, "9222049.0--9222266.0": 0.7356623588657418, "9222266.0--9222562.0": 0.7503179884383839, "9222266.0--9226126.0": 0.7460903854254389, "9222266.0--9240062.0": 0.7865417295328057, "9222266.0--9226101.0": 0.7798534418018326, "9222266.0--9222377.0": 0.7621823090949937, "9222266.0--9233392.0": 0.7970834523708139, "9222093.0--9222266.0": 0.7751310718741383, "9222266.0--9224154.0": 0.7557084871374723, "9222266.0--9240061.0": 0.7591080012778356, "9222266.0--9222512.0": 0.7896580783166244, "9222266.0--9241413.0": 0.7674333564843503, "9222266.0--9224646.0": 0.7214020699422332, "9222266.0--9222372.0": 0.7428970872601741, "9222253.0--9222266.0": 0.7428117849148298, "9222092.0--9222266.0": 0.7892138052666251, "9222266.0--9222271.0": 0.7627960927216755, "9222266.0--9230431.0": 0.7580142367931317, "9222076.0--9222266.0": 0.7493891128781462, "9222053.0--9222266.0": 0.7714108417574523, "9216532.0--9222266.0": 0.7950781690133176, "9222085.0--9222266.0": 0.7933213857574111, "9216629.0--9222266.0": 0.8064831686000066, "9222266.0--9308630.0": 0.8106929633885512, "9222266.0--9308624.0": 0.7630207700942265, "9219240.0--9222266.0": 0.7926668901836792, "9216630.0--9222266.0": 0.7656957184084088, "9217981.0--9222266.0": 0.7673895106722356, "9222266.0--9224153.0": 0.7755130249251767, "9222266.0--9286505.0": 0.7758422590453147, "9216512.0--9222266.0": 0.770319294081883, "9216579.0--9222266.0": 0.7868593834290429, "9222249.0--9222266.0": 0.7756928095944542, "9222266.0--9222367.0": 0.783637869337606, "9222266.0--9222325.0": 0.7539271437236167, "9222266.0--9222510.0": 0.7610085913980479, "9222266.0--9246250.0": 0.7620085760447304, "9222266.0--9308627.0": 0.7943218620477042, "9222266.0--9224186.0": 0.7930971325457076, "9222266.0--9229232.0": 0.7569616919181035, "9222266.0--9226404.0": 0.7249171707077815, "9222266.0--9308631.0": 0.7679344511817825, "9222255.0--9222266.0": 0.7703187201557957, "9222261.0--9222266.0": 0.7486747836023666, "9222266.0--9222338.0": 0.7848994764623942, "9222266.0--9222284.0": 0.803898024200758, "9222266.0--9230430.0": 0.7853182477498516, "9222266.0--9308622.0": 0.7815969829223136, "9222266.0--9286903.0": 0.7619724760669322, "9222266.0--9234473.0": 0.7544273896370897, "9222266.0--9241426.0": 0.8125136126554606, "9222266.0--9222269.0": 0.7816492128883832, "9222266.0--9237999.0": 0.7694583165006113, "9222072.0--9222266.0": 0.7817000449838308, "9222266.0--9224197.0": 0.7652216591074016, "9222266.0--9246282.0": 0.7784130441551576, "9222266.0--9222314.0": 0.7750637671296405, "9222266.0--9222357.0": 0.7831095299317606, "9222086.0--9222266.0": 0.7780546803606996, "9222266.0--9222360.0": 0.8284268000858784, "9222065.0--9222266.0": 0.7383924791102716, "9222266.0--9228894.0": 0.8061900347596231, "9222266.0--9233264.0": 0.8016879011289453, "9222266.0--9222343.0": 0.7596736123009812, "9222266.0--9308621.0": 0.7639032830778687, "9222266.0--9308625.0": 0.7888603504313921, "9222266.0--9241744.0": 0.7941409004154962, "9222266.0--9308629.0": 0.7553020879068519, "9222068.0--9222266.0": 0.7403367954131048, "9222248.0--9222266.0": 0.7580463476808916, "9222266.0--9222274.0": 0.8117509473060598, "9222266.0--9229116.0": 0.8065787874609884, "9222266.0--9233993.0": 0.8157823386320493, "9222266.0--9308623.0": 0.7484490328310791, "9222266.0--9222553.0": 0.7493554037065564, "9222266.0--9222341.0": 0.7828845137808604, "9222266.0--9222346.0": 0.7908912213569563, "9222266.0--9308628.0": 0.7804318082404628, "9222266.0--9222294.0": 0.8068270902434874, "9222266.0--9241732.0": 0.7723680570881043, "9222060.0--9222266.0": 0.7880716769673826, "9222266.0--9222280.0": 0.7790952002175482}