{"8440813.0--8440817.0": 0.7837863391850189, "8440817.0--8443125.0": 0.7486050003907027, "8440817.0--8456575.0": 0.7983857523580417, "8440817.0--8440860.0": 0.7795976000551107, "8440817.0--8454343.0": 0.7713562348855184, "8440803.0--8440817.0": 0.7873750647495615, "8440817.0--8454344.0": 0.8282401438693547, "8440817.0--8440854.0": 0.8388460386389908, "8440817.0--8454346.0": 0.8223305308217703, "8440817.0--8440827.0": 0.7734660575462571, "8440817.0--8440836.0": 0.8024488964671912, "8440817.0--8440844.0": 0.8169671617346048, "8440808.0--8440817.0": 0.8084434134210983, "8440817.0--8440837.0": 0.8294030991721091, "8440817.0--8440858.0": 0.7700846059059183, "8440817.0--8440820.0": 0.7758707654256327, "8440817.0--8440833.0": 0.786162696400607, "8440817.0--8444072.0": 0.7630299365370652, "8440812.0--8440817.0": 0.8146102745701793, "8440809.0--8440817.0": 0.7963831798002687, "8440817.0--8454904.0": 0.7729122040894895, "8440817.0--8440846.0": 0.8046633338182319, "8440817.0--8440830.0": 0.7576202765336366, "8440817.0--8444077.0": 0.760531153691568, "8440817.0--8440847.0": 0.7862717379217373, "8440817.0--8440849.0": 0.771665589698995, "8440817.0--8443124.0": 0.820795783153831, "8440817.0--8440843.0": 0.8095347383738465, "8440817.0--8807265.0": 0.758770676800763, "8440817.0--8816695.0": 0.8007516764377047, "8440817.0--8805426.0": 0.7667019480014758, "8440817.0--8805421.0": 0.7814953082107092, "8440817.0--8812684.0": 0.7516632893718724, "8440817.0--8805461.0": 0.8230888317414304, "8440817.0--8807255.0": 0.7650059127017168, "8440817.0--8805460.0": 0.752096474802844, "8440817.0--8807292.0": 0.782616704824146, "8440817.0--8807354.0": 0.7660596862962041, "8440817.0--8809711.0": 0.7635777012442244, "8440817.0--8805422.0": 0.7808100282557395, "8440817.0--8805424.0": 0.7719051210355151, "8440817.0--8794517.0": 0.7719659449125679, "8440817.0--8805451.0": 0.7478813668452935, "8440817.0--8807223.0": 0.7824491177985816, "8440817.0--8794560.0": 0.7981946692320914, "8440817.0--8481543.0": 0.7989385406900255, "8440817.0--8802285.0": 0.7267371146284167, "8440817.0--8807245.0": 0.771816197939245, "8440817.0--8805456.0": 0.7847591246344274, "8440817.0--8827944.0": 0.7339290522991094, "8440817.0--8807296.0": 0.8489929804270135, "8440817.0--8827951.0": 0.7843783379621667, "8440817.0--8854335.0": 0.7738160917683261, "8440817.0--8805446.0": 0.7637101544647253, "8440817.0--8805436.0": 0.7995941366657005, "8440817.0--8805433.0": 0.7702885299934653, "8440817.0--8546802.0": 0.800194677466975, "8440817.0--8805427.0": 0.7939584264537276, "8440817.0--8836120.0": 0.8040828020168601, "8440817.0--8794768.0": 0.8231699274395435, "8440817.0--8809750.0": 0.8091244806751003, "8440817.0--8820172.0": 0.8319330320851077, "8440817.0--8476234.0": 0.8066961758856206, "8440817.0--8807314.0": 0.7622773548778182, "8440817.0--8794520.0": 0.8287381561270388, "8440817.0--8805452.0": 0.8113992689509048, "8440817.0--8805462.0": 0.7700020160652399, "8440817.0--8807275.0": 0.7849457693068911, "8419285.0--8440817.0": 0.7869561203972311, "8440817.0--8807379.0": 0.7924312787925547, "8440817.0--8807234.0": 0.799799025744671, "8423100.0--8440817.0": 0.7771274016251488, "8440817.0--8805455.0": 0.7445864409582326, "8440817.0--8727493.0": 0.7435096455002129, "8440817.0--8807369.0": 0.7156914237515444, "8440817.0--8532319.0": 0.770416760402437, "8419325.0--8440817.0": 0.7771712956921277, "8440817.0--8805430.0": 0.7611585562185817, "8440817.0--8807301.0": 0.7516562622048778, "8440817.0--8713940.0": 0.7965124319845204, "8440817.0--8637795.0": 0.7672539491130365, "7999244.0--8440817.0": 0.7976409546844507, "8440817.0--8805439.0": 0.764046590632398, "8440817.0--8805428.0": 0.8170860848681407, "8440817.0--8809223.0": 0.8284151962258999, "8440817.0--8795584.0": 0.7859478610136794, "8440817.0--8807264.0": 0.7501065299799805, "8440817.0--8805431.0": 0.7725106721849797, "8440817.0--8453863.0": 0.8124778822242271, "8400404.0--8440817.0": 0.7785246043788386, "8440817.0--8809834.0": 0.791972223604751, "8440817.0--8663447.0": 0.7952854599285555, "8440817.0--8807213.0": 0.8211523946534904, "8440817.0--8640251.0": 0.7900772097598523, "8440817.0--8807220.0": 0.8196576794513213, "8440817.0--8617736.0": 0.7588805375436162, "8440817.0--8617746.0": 0.7548400965371098, "8440817.0--8640072.0": 0.7799370236453464, "8440817.0--8636208.0": 0.8038267528158329, "8440817.0--8805458.0": 0.7788581482786517, "8440817.0--8807271.0": 0.7882688752712945, "8440817.0--8809678.0": 0.7654500932216721, "8440817.0--8807226.0": 0.8031672512813337, "8440817.0--8805467.0": 0.7882374560995371, "8440817.0--8611113.0": 0.7741770386901059, "8440817.0--8854316.0": 0.7845423301882326, "8440817.0--8794607.0": 0.776447423858366, "8440817.0--8805418.0": 0.7574903978343526, "8440817.0--8836087.0": 0.7881332244775674, "8440817.0--8807283.0": 0.776219355377859, "8440817.0--8820171.0": 0.7825548217989661, "8440817.0--8807288.0": 0.7183537541033451, "8440817.0--8807302.0": 0.7576843196096997, "8440817.0--8805466.0": 0.7553832202034507, "8440817.0--8807351.0": 0.767969333207436, "8440817.0--8805420.0": 0.7493107802546567, "8440817.0--8807299.0": 0.7599333793741565, "8440817.0--8812988.0": 0.794670413254186, "8440817.0--8807294.0": 0.8145312591107086, "8440817.0--8805434.0": 0.7937722306144229, "8440817.0--8732351.0": 0.7806740948287444, "8440817.0--8807232.0": 0.7700284763345784, "8419271.0--8440817.0": 0.7472213057468883, "8440817.0--8625484.0": 0.7596931346389351, "8440817.0--8807349.0": 0.7877446676207919, "8440817.0--8809730.0": 0.7876710959990341, "8440817.0--8730513.0": 0.785615353348155, "8440817.0--8809833.0": 0.8068488932373153, "8440817.0--8523628.0": 0.7652537903946317, "8434356.0--8440817.0": 0.769808872601072, "8440817.0--8807303.0": 0.8161927608813003, "8440817.0--8811606.0": 0.7824076558769595, "8440817.0--8807244.0": 0.8106588377674172, "8440817.0--8490694.0": 0.8230904624672688, "8440817.0--8809844.0": 0.8505231720983534, "8440817.0--8809850.0": 0.8169270009369427, "8440817.0--8805445.0": 0.7859435564240314, "8412138.0--8440817.0": 0.7950105639434375, "8440817.0--8807247.0": 0.7935478956559103, "8440817.0--8848845.0": 0.8139451390830157, "8440817.0--8695851.0": 0.799669657533225, "8440817.0--8713907.0": 0.8040466965288584, "8440817.0--8809847.0": 0.7964062685770673, "8440817.0--8727480.0": 0.7958204191220365, "8440817.0--8706590.0": 0.7961959080434021, "8440817.0--8735916.0": 0.7839774333574059, "8440817.0--8474512.0": 0.7798528627376327, "8440817.0--8809845.0": 0.7599271633878327, "8440817.0--8540796.0": 0.8285399244513757, "8440817.0--8807233.0": 0.793714421689168, "8440817.0--8617747.0": 0.7424192744895142, "8440817.0--8474486.0": 0.7525348697505527, "8440817.0--8474516.0": 0.8057101227041201, "8440817.0--8663650.0": 0.7730257739461956, "8440817.0--8663646.0": 0.7616211539462499, "8440817.0--8794553.0": 0.811273958612081, "8440817.0--8863966.0": 0.795528719264989, "8440817.0--8525340.0": 0.7981659003192643, "8440817.0--8805448.0": 0.7713089257421892, "8405549.0--8440817.0": 0.8085054369932124, "8440817.0--8611178.0": 0.8564436810850025, "8440817.0--8827593.0": 0.8021407312185729, "8440817.0--8805463.0": 0.7411256110335189, "8440817.0--8805457.0": 0.7741540432334273, "8440817.0--8805442.0": 0.7833492807659346, "8440817.0--8807266.0": 0.7872353720929622, "8440817.0--8813126.0": 0.7907602269385428, "8440817.0--8585103.0": 0.7675334975302618, "8440817.0--8807235.0": 0.7790098007096056, "8440817.0--8585048.0": 0.8055200578788897, "8440817.0--8809843.0": 0.77302496583593, "8440817.0--8809842.0": 0.7621751202505964, "8440817.0--8842614.0": 0.7402660253334032, "8440817.0--8805441.0": 0.7374037016872922, "8440817.0--8809920.0": 0.7208734182336243, "8440817.0--8663312.0": 0.770959186621901, "8440817.0--8477126.0": 0.7829864951806321, "8440817.0--8807224.0": 0.7850821437107427, "8440817.0--8807355.0": 0.781261210453738, "8440817.0--8807320.0": 0.794717051769672, "8440817.0--8665933.0": 0.8100226864424875, "8440817.0--8845772.0": 0.7948855568791091,