{"8805418.0--8836087.0": 0.8215960542651958, "8805418.0--8807283.0": 0.768552301284536, "8805418.0--8820171.0": 0.782099477666205, "8805418.0--8807288.0": 0.7834205424827306, "8805418.0--8807302.0": 0.7385768858210326, "8805418.0--8805466.0": 0.7494187892926347, "8805418.0--8807351.0": 0.773236383763931, "8805418.0--8805420.0": 0.8020526253363527, "8805418.0--8807299.0": 0.7675469515591957, "8805418.0--8812988.0": 0.7769357820089855, "8805418.0--8807294.0": 0.7841331691155004, "8805418.0--8805434.0": 0.8016725658309711, "8732351.0--8805418.0": 0.7670053208501147, "8805418.0--8807232.0": 0.7619271406892514, "8419271.0--8805418.0": 0.744722727683735, "8625484.0--8805418.0": 0.758111637159033, "8805418.0--8807349.0": 0.7665814210910392, "8805418.0--8809730.0": 0.7749381193695984, "8730513.0--8805418.0": 0.7772209984605045, "8805418.0--8809833.0": 0.7581622967407413, "8523628.0--8805418.0": 0.7505904663274996, "8434356.0--8805418.0": 0.7895377585677864, "8805418.0--8807303.0": 0.7781886923529514, "8805418.0--8811606.0": 0.762538882612753, "8805418.0--8807244.0": 0.758348092248289, "8490694.0--8805418.0": 0.7990327632158309, "8805418.0--8809844.0": 0.7801274484661402, "8805418.0--8809850.0": 0.7848751580661724, "8805418.0--8805445.0": 0.7612435609874741, "8412138.0--8805418.0": 0.7676476910150267, "8805418.0--8807247.0": 0.7534927865627485, "8805418.0--8848845.0": 0.7662433158657065, "8695851.0--8805418.0": 0.8020698107309634, "8713907.0--8805418.0": 0.8163241167730653, "8805418.0--8809847.0": 0.7726654104082635, "8727480.0--8805418.0": 0.7848686773317987, "8706590.0--8805418.0": 0.7725276684726718, "8735916.0--8805418.0": 0.7921417355599916, "8474512.0--8805418.0": 0.7837581299892038, "8805418.0--8809845.0": 0.761055492760851, "8540796.0--8805418.0": 0.7711495821921497, "8805418.0--8807233.0": 0.7547456375020177, "8617747.0--8805418.0": 0.7515937566845308, "8474486.0--8805418.0": 0.7658299447427248, "8474516.0--8805418.0": 0.8028006203314979, "8663650.0--8805418.0": 0.7767693980210849, "8663646.0--8805418.0": 0.7650357219968091, "8794553.0--8805418.0": 0.7574884784162617, "8805418.0--8863966.0": 0.7549916865645481, "8525340.0--8805418.0": 0.7607972764900786, "8805418.0--8805448.0": 0.7605019863135929, "8405549.0--8805418.0": 0.7904441379107209, "8611178.0--8805418.0": 0.749019443419509, "8805418.0--8827593.0": 0.7556033097624069, "8805418.0--8805463.0": 0.7461781043942454, "8805418.0--8805457.0": 0.7961425418535135, "8805418.0--8805442.0": 0.7615640348160594, "8805418.0--8807266.0": 0.789613969299557, "8805418.0--8813126.0": 0.7571428559470678, "8585103.0--8805418.0": 0.7958183275309274, "8805418.0--8807235.0": 0.7818886606314543, "8585048.0--8805418.0": 0.7842261581885914, "8805418.0--8809843.0": 0.7923760365975379, "8805418.0--8809842.0": 0.7807161145281157, "8805418.0--8842614.0": 0.7769489845064783, "8805418.0--8805441.0": 0.737046651152012, "8805418.0--8809920.0": 0.7337820915867858, "8663312.0--8805418.0": 0.7527831186731435, "8477126.0--8805418.0": 0.7794807277917497, "8805418.0--8807224.0": 0.7674889942655586, "8805418.0--8807355.0": 0.7568755200178218, "8805418.0--8807320.0": 0.8004294145676096, "8665933.0--8805418.0": 0.7693259917685822, "8805418.0--8845772.0": 0.7724007485939024, "8805418.0--8812989.0": 0.8037900769504392, "8636969.0--8805418.0": 0.7877678152983412, "8805418.0--8805450.0": 0.7856245928429897, "8805418.0--8807243.0": 0.767867544743718, "8805418.0--8805443.0": 0.7783280107099493, "8673661.0--8805418.0": 0.7674324746062204, "8805418.0--8805419.0": 0.7295656801554882, "8451903.0--8805418.0": 0.7446854775142928, "8805418.0--8805429.0": 0.7968584670417795, "8805418.0--8809846.0": 0.7926461417941627, "8805418.0--8809832.0": 0.7934640208701371, "8413174.0--8805418.0": 0.7904865716279961, "8494817.0--8805418.0": 0.769638178691967, "8637778.0--8805418.0": 0.7894092101111501, "8805418.0--8809742.0": 0.789703237568538, "8805418.0--8807280.0": 0.8030247170007166, "8805418.0--8807274.0": 0.793147627446112, "8805418.0--9216586.0": 0.7622589295334821, "8805418.0--9237132.0": 0.812504723102716, "8805418.0--9216572.0": 0.7696395158099053, "8805418.0--9217952.0": 0.7912308891951699, "8805418.0--9217931.0": 0.7954824251133062, "8805418.0--9216507.0": 0.7878567379916254, "8805418.0--9222368.0": 0.7906924668449253, "8805418.0--9220137.0": 0.769184559335669, "8805418.0--9233460.0": 0.7458374980956074, "8805418.0--9222263.0": 0.7627944424621602, "8805418.0--9293003.0": 0.7687399169968543, "8805418.0--9222102.0": 0.8023850491673448, "8805418.0--9222323.0": 0.7755286917161988, "8805418.0--9222287.0": 0.7535934140175609, "8805418.0--9223736.0": 0.7791707044996006, "8805418.0--9224191.0": 0.7734973908046854, "8805418.0--9222251.0": 0.7666701365767842, "8805418.0--9229242.0": 0.7913907365455528, "8805418.0--9282195.0": 0.7519037550708905, "8805418.0--9222098.0": 0.8044844297434772, "8805418.0--9234027.0": 0.7645324787769563, "8805418.0--9246308.0": 0.7588203889825442, "8805418.0--9240072.0": 0.7832274360984448, "8805418.0--9222353.0": 0.7719228937285407, "8805418.0--9222293.0": 0.773079335537895, "8805418.0--9222089.0": 0.781236747863329, "8805418.0--9228893.0": 0.7950738233060771, "8805418.0--9224192.0": 0.7555266015432127, "8805418.0--9222289.0": 0.7972795034305826, "8805418.0--9222038.0": 0.785163569143479, "8805418.0--9229072.0": 0.7934361651477422, "8805418.0--9222295.0": 0.7773454502317367, "8805418.0--9222342.0": 0.7773896247098631, "8805418.0--9241407.0": 0.7668206403975966, "8805418.0--9288884.0": 0.8130762260553676, "8805418.0--9222351.0": 0.8040769209735356, "8805418.0--9223669.0": 0.8187058250273135, "8805418.0--9222315.0": 0.7539476904727369, "8805418.0--9222335.0": 0.7779958453246785, "8805418.0--9222327.0": 0.798547460440139, "8805418.0--9233469.0": 0.7704138831020897, "8805418.0--9226461.0": 0.7637612395115222, "8805418.0--9238508.0": 0.8045736650175369, "8805418.0--9222266.0": 0.7739022864965315, "8805418.0--9225008.0": 0.8124461587746172, "8805418.0--9290431.0": 0.7834127080546736, "8805418.0--9239918.0": 0.816843526911399, "8805418.0--9231271.0": 0.7562517511199922, "8805418.0--9222313.0": 0.7982363389660387, "8805418.0--9231268.0": 0.756078133048141, "8805418.0--9222035.0": 0.7545133862684158, "8805418.0--9222091.0": 0.7801835565818429, "8805418.0--9229515.0": 0.7069403747113614, "8805418.0--9222301.0": 0.7793531486472735, "8805418.0--9222358.0": 0.8064787175600852, "8805418.0--9229135.0": 0.7987091624621823, "8805418.0--9222047.0": 0.7827413180905604, "8805418.0--9222272.0": 0.817282102716749, "8805418.0--9222110.0": 0.779276953446106, "8805418.0--9222364.0": 0.7809726633423923, "8805418.0--9222088.0": 0.7854521522212742, "8805418.0--9216518.0": 0.7743496242840198, "8805418.0--9222309.0": 0.7558827358305454, "8805418.0--9216595.0": 0.7506407936196409, "8805418.0--9216538.0": 0.7394520997923659, "8805418.0--9216549.0": 0.7984612368520703, "8805418.0--9216559.0": 0.7839675412948746, "8805418.0--9222376.0": 0.7928659908398792, "8805418.0--9222374.0": 0.7835489874032656, "8805418.0--9224194.0": 0.7760163486127724, "8805418.0--9222254.0": 0.7604478546189418, "8805418.0--9222049.0": 0.7375230277723459, "8805418.0--9222562.0": 0.7691647010919171, "8805418.0--9226126.0": 0.8066627747341268, "8805418.0--9240062.0": 0.7943856960737237, "8805418.0--9226101.0": 0.7870083613574871, "8805418.0--9222377.0": 0.7612093499738475, "8805418.0--9233392.0": 0.7685130417071216, "8805418.0--9222093.0": 0.7329801918727297, "8805418.0--9224154.0": 0.7318991487768763, "8805418.0--9240061.0": 0.734350897700653, "8805418.0--9222512.0": 0.7911649634544304, "8805418.0--9241413.0": 0.7678968050248913, "8805418.0--9224646.0": 0.7752864638580066, "8805418.0--9222372.0": 0.7384787867256293, "8805418.0--9222253.0": 0.751481623416806, "8805418.0--9222092.0": 0.7792941356599865, "8805418.0--9222271.0": 0.7777057803305477, "8805418.0--9230431.0": 0.7766995541543448, "8805418.0--9222076.0": 0.7780293212856279, "8805418.0--9222053.0": 0.8120119976771774,