{"9222512.0--9241413.0": 0.7699070483515331, "9222512.0--9224646.0": 0.7700124513724824, "9222372.0--9222512.0": 0.783027227085366, "9222253.0--9222512.0": 0.80508962186598, "9222092.0--9222512.0": 0.816157546410646, "9222271.0--9222512.0": 0.7901373423193483, "9222512.0--9230431.0": 0.7888566357261166, "9222076.0--9222512.0": 0.7896151848160616, "9222053.0--9222512.0": 0.7918324754269594, "9216532.0--9222512.0": 0.808206765167, "9222085.0--9222512.0": 0.7889440092237658, "9216629.0--9222512.0": 0.7743689019861176, "9222512.0--9308630.0": 0.7808165726997395, "9222512.0--9308624.0": 0.7579195569850002, "9219240.0--9222512.0": 0.7688799615881478, "9216630.0--9222512.0": 0.7963526112852264, "9217981.0--9222512.0": 0.7803971765495346, "9222512.0--9224153.0": 0.7657246881412723, "9222512.0--9286505.0": 0.7557296215524237, "9216512.0--9222512.0": 0.7733755381214351, "9216579.0--9222512.0": 0.766360225323651, "9222249.0--9222512.0": 0.7690684313709013, "9222367.0--9222512.0": 0.7587162117533797, "9222325.0--9222512.0": 0.7535181144487756, "9222510.0--9222512.0": 0.7623714336340767, "9222512.0--9246250.0": 0.7737286478431673, "9222512.0--9308627.0": 0.8031685809515294, "9222512.0--9224186.0": 0.7813917525871144, "9222512.0--9229232.0": 0.752360431984767, "9222512.0--9226404.0": 0.7606402154557879, "9222512.0--9308631.0": 0.7895727490526125, "9222255.0--9222512.0": 0.7826419702555836, "9222261.0--9222512.0": 0.7697991917313166, "9222338.0--9222512.0": 0.7518133911184399, "9222284.0--9222512.0": 0.7740832848448361, "9222512.0--9230430.0": 0.766522630934102, "9222512.0--9308622.0": 0.748775914037338, "9222512.0--9286903.0": 0.7449398553541703, "9222512.0--9234473.0": 0.7866352089693622, "9222512.0--9241426.0": 0.7963439653593841, "9222269.0--9222512.0": 0.8007054085931147, "9222512.0--9237999.0": 0.7743899337564861, "9222072.0--9222512.0": 0.7910473651633871, "9222512.0--9224197.0": 0.7579820322372895, "9222512.0--9246282.0": 0.7668626029167618, "9222314.0--9222512.0": 0.758173741072554, "9222357.0--9222512.0": 0.7604195557139221, "9222086.0--9222512.0": 0.7471157842973005, "9222360.0--9222512.0": 0.7859206182890511, "9222065.0--9222512.0": 0.7513986785652664, "9222512.0--9228894.0": 0.8008937619060704, "9222512.0--9233264.0": 0.794318190887494, "9222343.0--9222512.0": 0.7318085643394618, "9222512.0--9308621.0": 0.756021898668052, "9222512.0--9308625.0": 0.7744441848577611, "9222512.0--9241744.0": 0.7740816960928176, "9222512.0--9308629.0": 0.7766502989805322, "9222068.0--9222512.0": 0.7521033868984623, "9222248.0--9222512.0": 0.8080067481802933, "9222274.0--9222512.0": 0.7553424384726641, "9222512.0--9229116.0": 0.7855507750796571, "9222512.0--9233993.0": 0.7880891948564342, "9222512.0--9308623.0": 0.7832817395924163, "9222512.0--9222553.0": 0.7675332409939761, "9222341.0--9222512.0": 0.7919791435624469, "9222346.0--9222512.0": 0.7931373527955374, "9222512.0--9308628.0": 0.779656786935232, "9222294.0--9222512.0": 0.7781361347401156, "9222512.0--9241732.0": 0.7839298980210583, "9222060.0--9222512.0": 0.7869318811288053, "9222280.0--9222512.0": 0.7792434226820952}