{"9222315.0--9223669.0": 0.7882993669707001, "9222335.0--9223669.0": 0.8236483409042203, "9222327.0--9223669.0": 0.7925967058043102, "9223669.0--9233469.0": 0.8229805840458136, "9223669.0--9226461.0": 0.8169425816731889, "9223669.0--9238508.0": 0.8293142814446441, "9222266.0--9223669.0": 0.7726115240785505, "9223669.0--9225008.0": 0.8904066194265626, "9223669.0--9290431.0": 0.785211674350625, "9223669.0--9239918.0": 0.8070957105773986, "9223669.0--9231271.0": 0.7738446747660508, "9222313.0--9223669.0": 0.8375744950780628, "9223669.0--9231268.0": 0.783245310825668, "9222035.0--9223669.0": 0.750706056741862, "9222091.0--9223669.0": 0.8325166594306297, "9223669.0--9229515.0": 0.7700909210354265, "9222301.0--9223669.0": 0.812877654485049, "9222358.0--9223669.0": 0.8172295169943505, "9223669.0--9229135.0": 0.8338204058498535, "9222047.0--9223669.0": 0.8040381341046885, "9222272.0--9223669.0": 0.8037134399311316, "9222110.0--9223669.0": 0.8216452951038264, "9222364.0--9223669.0": 0.807919787814672, "9222088.0--9223669.0": 0.823234951263021, "9216518.0--9223669.0": 0.8113865903165945, "9222309.0--9223669.0": 0.7947698572784754, "9216595.0--9223669.0": 0.7571447256453031, "9216538.0--9223669.0": 0.7532959853622141, "9216549.0--9223669.0": 0.8000015478626319, "9216559.0--9223669.0": 0.8000606825979039, "9222376.0--9223669.0": 0.801623063266669, "9222374.0--9223669.0": 0.8116200623354761, "9223669.0--9224194.0": 0.7817770687931711, "9222254.0--9223669.0": 0.7811002228647433, "9222049.0--9223669.0": 0.7628521323808543, "9222562.0--9223669.0": 0.797243066565201, "9223669.0--9226126.0": 0.8015929113195778, "9223669.0--9240062.0": 0.8284038730957143, "9223669.0--9226101.0": 0.79234547083831, "9222377.0--9223669.0": 0.8006694555464776, "9223669.0--9233392.0": 0.8052937205120565, "9222093.0--9223669.0": 0.7387205772649648, "9223669.0--9224154.0": 0.7378838325320264, "9223669.0--9240061.0": 0.7811748089926894, "9222512.0--9223669.0": 0.7779406736496279, "9223669.0--9241413.0": 0.8116337518762549, "9223669.0--9224646.0": 0.7739812599731571, "9222372.0--9223669.0": 0.790306100592142, "9222253.0--9223669.0": 0.7848186700245319, "9222092.0--9223669.0": 0.8289707296537228, "9222271.0--9223669.0": 0.8056825681995922, "9223669.0--9230431.0": 0.7855710310352635, "9222076.0--9223669.0": 0.8283379173095551, "9222053.0--9223669.0": 0.8004861501025718, "9216532.0--9223669.0": 0.8012402175819797, "9222085.0--9223669.0": 0.8058384823535352, "9216629.0--9223669.0": 0.8121334450202156, "9223669.0--9308630.0": 0.810965963162225, "9223669.0--9308624.0": 0.7727067329053428, "9219240.0--9223669.0": 0.7929404311740877, "9216630.0--9223669.0": 0.8107485000067925, "9217981.0--9223669.0": 0.8172403425239988, "9223669.0--9224153.0": 0.775392706457828, "9223669.0--9286505.0": 0.8041641830219308, "9216512.0--9223669.0": 0.7871495754991235, "9216579.0--9223669.0": 0.8001406239190684, "9222249.0--9223669.0": 0.8285198815698818, "9222367.0--9223669.0": 0.7544202779835552, "9222325.0--9223669.0": 0.7676334277414139, "9222510.0--9223669.0": 0.7525646083419801, "9223669.0--9246250.0": 0.7818683856821222, "9223669.0--9308627.0": 0.8084664614835148, "9223669.0--9224186.0": 0.8432922325657957, "9223669.0--9229232.0": 0.7860031964908445, "9223669.0--9226404.0": 0.7660706393582638, "9223669.0--9308631.0": 0.7778214774061022, "9222255.0--9223669.0": 0.8086816486896946, "9222261.0--9223669.0": 0.785423867900196, "9222338.0--9223669.0": 0.7971660679074746, "9222284.0--9223669.0": 0.8119042167461534, "9223669.0--9230430.0": 0.8129161220323017, "9223669.0--9308622.0": 0.7361440961432402, "9223669.0--9286903.0": 0.7310519160089906, "9223669.0--9234473.0": 0.7907518297408743, "9223669.0--9241426.0": 0.8238143806678465, "9222269.0--9223669.0": 0.7670552979893777, "9223669.0--9237999.0": 0.803679863553895, "9222072.0--9223669.0": 0.8064827090911846, "9223669.0--9224197.0": 0.8023758481714998, "9223669.0--9246282.0": 0.8201843215932496, "9222314.0--9223669.0": 0.7713305683217422, "9222357.0--9223669.0": 0.8093518878957919, "9222086.0--9223669.0": 0.7685301327111274, "9222360.0--9223669.0": 0.801637933198043, "9222065.0--9223669.0": 0.7418521688564947, "9223669.0--9228894.0": 0.8268297419609224, "9223669.0--9233264.0": 0.8162786653551624, "9222343.0--9223669.0": 0.7836236490395261, "9223669.0--9308621.0": 0.7897437200746371, "9223669.0--9308625.0": 0.8239303086810775, "9223669.0--9241744.0": 0.7992674263583749, "9223669.0--9308629.0": 0.7997254463209229, "9222068.0--9223669.0": 0.7575524884269336, "9222248.0--9223669.0": 0.7856038637271567, "9222274.0--9223669.0": 0.777439006618033, "9223669.0--9229116.0": 0.8371412131069492, "9223669.0--9233993.0": 0.7957219575611227, "9223669.0--9308623.0": 0.8156631654223887, "9222553.0--9223669.0": 0.7991971890300168, "9222341.0--9223669.0": 0.8227365032885736, "9222346.0--9223669.0": 0.8780305344163024, "9223669.0--9308628.0": 0.7900086076373419, "9222294.0--9223669.0": 0.7891719272015714, "9223669.0--9241732.0": 0.7920652986665697, "9222060.0--9223669.0": 0.8184561825635142, "9222280.0--9223669.0": 0.8295952734098647}