{"8440860.0--8454343.0": 0.8128218773552333, "8440803.0--8440860.0": 0.8335956361217518, "8440860.0--8454344.0": 0.809949974347838, "8440854.0--8440860.0": 0.844647403851752, "8440860.0--8454346.0": 0.8053918058735284, "8440827.0--8440860.0": 0.8069337780698502, "8440836.0--8440860.0": 0.8119327171650053, "8440844.0--8440860.0": 0.8210897706988924, "8440808.0--8440860.0": 0.8111299963672268, "8440837.0--8440860.0": 0.793484284941832, "8440858.0--8440860.0": 0.8230886867391753, "8440820.0--8440860.0": 0.7871993975081764, "8440833.0--8440860.0": 0.8219658831744204, "8440860.0--8444072.0": 0.8430169229323978, "8440812.0--8440860.0": 0.8145948401598708, "8440809.0--8440860.0": 0.8264467454143556, "8440860.0--8454904.0": 0.8544652011885117, "8440846.0--8440860.0": 0.8329784301615155, "8440830.0--8440860.0": 0.8105800523516475, "8440860.0--8444077.0": 0.8246649717277681, "8440847.0--8440860.0": 0.8341791497372377, "8440849.0--8440860.0": 0.7815928946339998, "8440860.0--8443124.0": 0.8040262023861025, "8440843.0--8440860.0": 0.7697885679415535, "8440860.0--8807265.0": 0.851720016731543, "8440860.0--8816695.0": 0.8313729632400227, "8440860.0--8805426.0": 0.79923970957331, "8440860.0--8805421.0": 0.8094043054590091, "8440860.0--8812684.0": 0.7887311138174513, "8440860.0--8805461.0": 0.7821821328596018, "8440860.0--8807255.0": 0.813661418935578, "8440860.0--8805460.0": 0.7945802548583197, "8440860.0--8807292.0": 0.8280748118619439, "8440860.0--8807354.0": 0.8128507035751433, "8440860.0--8809711.0": 0.8102172919936445, "8440860.0--8805422.0": 0.7901553094510443, "8440860.0--8805424.0": 0.8128836898787202, "8440860.0--8794517.0": 0.7526695856515445, "8440860.0--8805451.0": 0.7776501363680256, "8440860.0--8807223.0": 0.7556172870384945, "8440860.0--8794560.0": 0.7777847575147868, "8440860.0--8481543.0": 0.7619825471605416, "8440860.0--8802285.0": 0.7788126791745978, "8440860.0--8807245.0": 0.807158385750584, "8440860.0--8805456.0": 0.7737968429302778, "8440860.0--8827944.0": 0.7830596356645803, "8440860.0--8807296.0": 0.8011612438793305, "8440860.0--8827951.0": 0.7842407988127267, "8440860.0--8854335.0": 0.8100659754747886, "8440860.0--8805446.0": 0.7758380683555643, "8440860.0--8805436.0": 0.7687125180318669, "8440860.0--8805433.0": 0.778853646018928, "8440860.0--8546802.0": 0.8069391374149046, "8440860.0--8805427.0": 0.7741727367334074, "8440860.0--8836120.0": 0.8019714400957653, "8440860.0--8794768.0": 0.7824726402577836, "8440860.0--8809750.0": 0.7827342713503673, "8440860.0--8820172.0": 0.8377665369525238, "8440860.0--8476234.0": 0.8287438887107383, "8440860.0--8807314.0": 0.7593709276349021, "8440860.0--8794520.0": 0.8049020990285842, "8440860.0--8805452.0": 0.814411217925447, "8440860.0--8805462.0": 0.8073329604601052, "8440860.0--8807275.0": 0.8050077928631041, "8419285.0--8440860.0": 0.7674926733620426, "8440860.0--8807379.0": 0.7886673873193116, "8440860.0--8807234.0": 0.8184730502726769, "8423100.0--8440860.0": 0.7812159644932857, "8440860.0--8805455.0": 0.7565855940726814, "8440860.0--8727493.0": 0.7282464174857448, "8440860.0--8807369.0": 0.7478831739041092, "8440860.0--8532319.0": 0.7786058569024165, "8419325.0--8440860.0": 0.76142296211184, "8440860.0--8805430.0": 0.8005304941105749, "8440860.0--8807301.0": 0.838546874116596, "8440860.0--8713940.0": 0.8216860666374886, "8440860.0--8637795.0": 0.8193641852581093, "7999244.0--8440860.0": 0.8236811775155738, "8440860.0--8805439.0": 0.8068046795222159, "8440860.0--8805428.0": 0.8166504888148786, "8440860.0--8809223.0": 0.8156536456509356, "8440860.0--8795584.0": 0.7972714882910781, "8440860.0--8807264.0": 0.7788155401581837, "8440860.0--8805431.0": 0.7867256071475606, "8440860.0--8453863.0": 0.7725747339344491, "8400404.0--8440860.0": 0.7661813244652099, "8440860.0--8809834.0": 0.7880696303352368, "8440860.0--8663447.0": 0.777816486369314, "8440860.0--8807213.0": 0.82432695428297, "8440860.0--8640251.0": 0.8414487091706988, "8440860.0--8807220.0": 0.8192645719207277, "8440860.0--8617736.0": 0.8112408567796563, "8440860.0--8617746.0": 0.8025810805220556, "8440860.0--8640072.0": 0.8407815662250713, "8440860.0--8636208.0": 0.8093870057064568, "8440860.0--8805458.0": 0.8256832948482035, "8440860.0--8807271.0": 0.8321758714816629, "8440860.0--8809678.0": 0.812259025922021, "8440860.0--8807226.0": 0.8633020742982112, "8440860.0--8805467.0": 0.8311709857901484, "8440860.0--8611113.0": 0.8322135691081837, "8440860.0--8854316.0": 0.8082255847880847, "8440860.0--8794607.0": 0.8177638745696538, "8440860.0--8805418.0": 0.7873857136701935, "8440860.0--8836087.0": 0.8425140385650177, "8440860.0--8807283.0": 0.8247008951641208, "8440860.0--8820171.0": 0.8355629296486804, "8440860.0--8807288.0": 0.7878349464546703, "8440860.0--8807302.0": 0.7843846319722905, "8440860.0--8805466.0": 0.8061998924616345, "8440860.0--8807351.0": 0.7992761938661745, "8440860.0--8805420.0": 0.8090018056405281, "8440860.0--8807299.0": 0.817464571473766, "8440860.0--8812988.0": 0.8197715819659473, "8440860.0--8807294.0": 0.8174442630382421, "8440860.0--8805434.0": 0.8259966552749987, "8440860.0--8732351.0": 0.7995108390965298, "8440860.0--8807232.0": 0.7896141096074366, "8419271.0--8440860.0": 0.7705784488230552, "8440860.0--8625484.0": 0.8094012839660767, "8440860.0--8807349.0": 0.8336117157961385, "8440860.0--8809730.0": 0.831730439764538, "8440860.0--8730513.0": 0.829815115541651, "8440860.0--8809833.0": 0.8319113259903945, "8440860.0--8523628.0": 0.782590671907671, "8434356.0--8440860.0": 0.7876787084836215, "8440860.0--8807303.0": 0.8056488477566278, "8440860.0--8811606.0": 0.7801180584645911, "8440860.0--8807244.0": 0.7490910465616096, "8440860.0--8490694.0": 0.8044764486315316, "8440860.0--8809844.0": 0.7634576987085178, "8440860.0--8809850.0": 0.7887952668329784, "8440860.0--8805445.0": 0.7544788334819474, "8412138.0--8440860.0": 0.8173567223885783, "8440860.0--8807247.0": 0.7569953204606413, "8440860.0--8848845.0": 0.7910886923154077, "8440860.0--8695851.0": 0.8239829646785781, "8440860.0--8713907.0": 0.8318749993248593, "8440860.0--8809847.0": 0.8231016770381853, "8440860.0--8727480.0": 0.8117746466228433, "8440860.0--8706590.0": 0.8002688374362149, "8440860.0--8735916.0": 0.8291238228682997, "8440860.0--8474512.0": 0.836772741619501, "8440860.0--8809845.0": 0.7776394953915682, "8440860.0--8540796.0": 0.8249459483285488, "8440860.0--8807233.0": 0.8063669374967276, "8440860.0--8617747.0": 0.7742214290699727, "8440860.0--8474486.0": 0.7845930586348508, "8440860.0--8474516.0": 0.8536251638702783, "8440860.0--8663650.0": 0.8187437413411994, "8440860.0--8663646.0": 0.7938604830769596, "8440860.0--8794553.0": 0.768722691651081, "8440860.0--8863966.0": 0.7606539243841473, "8440860.0--8525340.0": 0.7613153753911496, "8440860.0--8805448.0": 0.7913460488454549, "8405549.0--8440860.0": 0.810638002782514, "8440860.0--8611178.0": 0.7807818028737327, "8440860.0--8827593.0": 0.7854019441351847, "8440860.0--8805463.0": 0.8177612825205458, "8440860.0--8805457.0": 0.8295840145885094, "8440860.0--8805442.0": 0.845892905673689, "8440860.0--8807266.0": 0.8149681095929275, "8440860.0--8813126.0": 0.8606556555916143, "8440860.0--8585103.0": 0.8183040727612265, "8440860.0--8807235.0": 0.8157079741638065, "8440860.0--8585048.0": 0.8497607636207261, "8440860.0--8809843.0": 0.7890856892339944, "8440860.0--8809842.0": 0.7705040051364525, "8440860.0--8842614.0": 0.77508882591665, "8440860.0--8805441.0": 0.7350810546055834, "8440860.0--8809920.0": 0.7542856534173192, "8440860.0--8663312.0": 0.7983497681300928, "8440860.0--8477126.0": 0.8354796317205255, "8440860.0--8807224.0": 0.8411071857260497, "8440860.0--8807355.0": 0.7856829508246177, "8440860.0--8807320.0": 0.7913820879945227, "8440860.0--8665933.0": 0.8158190997802931, "8440860.0--8845772.0": 0.7751390010203045, "8440860.0--8812989.0": 0.8041280004023469, "8440860.0--8636969.0": 0.7969933073701956, "8440860.0--8805450.0": 0.772430164716468, "8440860.0--8807243.0": 0.8026656701136157,