{"8827951.0--8854335.0": 0.7845153657056637, "8805446.0--8827951.0": 0.7737806511101848, "8805436.0--8827951.0": 0.787506928727571, "8805433.0--8827951.0": 0.7436244604084795, "8546802.0--8827951.0": 0.783463452019757, "8805427.0--8827951.0": 0.7373970617799512, "8827951.0--8836120.0": 0.7503639610207832, "8794768.0--8827951.0": 0.7636686801726743, "8809750.0--8827951.0": 0.809297947499192, "8820172.0--8827951.0": 0.8149160143665171, "8476234.0--8827951.0": 0.7825144358360613, "8807314.0--8827951.0": 0.7976712418156313, "8794520.0--8827951.0": 0.8045039877759415, "8805452.0--8827951.0": 0.7728507095015837, "8805462.0--8827951.0": 0.7787863307556631, "8807275.0--8827951.0": 0.7624255882858915, "8419285.0--8827951.0": 0.7370190944040148, "8807379.0--8827951.0": 0.7797469250254103, "8807234.0--8827951.0": 0.7913592708691781, "8423100.0--8827951.0": 0.769728685691504, "8805455.0--8827951.0": 0.7701689344276105, "8727493.0--8827951.0": 0.7416668999818993, "8807369.0--8827951.0": 0.7250197375804759, "8532319.0--8827951.0": 0.8051783415192754, "8419325.0--8827951.0": 0.7798297753263881, "8805430.0--8827951.0": 0.7352008548634945, "8807301.0--8827951.0": 0.760379110057471, "8713940.0--8827951.0": 0.7718531503385467, "8637795.0--8827951.0": 0.7650763456433303, "7999244.0--8827951.0": 0.7983125830799314, "8805439.0--8827951.0": 0.7581674052783621, "8805428.0--8827951.0": 0.7785736269588162, "8809223.0--8827951.0": 0.7705104054294255, "8795584.0--8827951.0": 0.7821109714015874, "8807264.0--8827951.0": 0.7504804627512729, "8805431.0--8827951.0": 0.7609599664182367, "8453863.0--8827951.0": 0.7981698078042204, "8400404.0--8827951.0": 0.762716753085394, "8809834.0--8827951.0": 0.7625461959580094, "8663447.0--8827951.0": 0.7620114508565413, "8807213.0--8827951.0": 0.8187688966381388, "8640251.0--8827951.0": 0.7654520737144233, "8807220.0--8827951.0": 0.7972928265040005, "8617736.0--8827951.0": 0.7531841815848417, "8617746.0--8827951.0": 0.7901318316183021, "8640072.0--8827951.0": 0.7778412349815956, "8636208.0--8827951.0": 0.7651794535263474, "8805458.0--8827951.0": 0.7485704942408495, "8807271.0--8827951.0": 0.7650490852206879, "8809678.0--8827951.0": 0.7321847569125202, "8807226.0--8827951.0": 0.7677420337958093, "8805467.0--8827951.0": 0.787982895621485, "8611113.0--8827951.0": 0.7523147963136599, "8827951.0--8854316.0": 0.7885765057608461, "8794607.0--8827951.0": 0.7717884463685983, "8805418.0--8827951.0": 0.7638288399376215, "8827951.0--8836087.0": 0.7492224840483063, "8807283.0--8827951.0": 0.7842483092816412, "8820171.0--8827951.0": 0.7449829417756264, "8807288.0--8827951.0": 0.7446764249302663, "8807302.0--8827951.0": 0.7600637079588115, "8805466.0--8827951.0": 0.7589730308542362, "8807351.0--8827951.0": 0.760639686686013, "8805420.0--8827951.0": 0.7798583918648087, "8807299.0--8827951.0": 0.7671644323029667, "8812988.0--8827951.0": 0.7680393898951521, "8807294.0--8827951.0": 0.8086855011799714, "8805434.0--8827951.0": 0.7797772992781523, "8732351.0--8827951.0": 0.7808056290905746, "8807232.0--8827951.0": 0.7822336400049553, "8419271.0--8827951.0": 0.7267332073495274, "8625484.0--8827951.0": 0.7483554333454869, "8807349.0--8827951.0": 0.7718901469806114, "8809730.0--8827951.0": 0.7759963589552148, "8730513.0--8827951.0": 0.7755482310285577, "8809833.0--8827951.0": 0.7878430447124491, "8523628.0--8827951.0": 0.7747942508576047, "8434356.0--8827951.0": 0.7668854081236846, "8807303.0--8827951.0": 0.7859766271273497, "8811606.0--8827951.0": 0.768022458598667, "8807244.0--8827951.0": 0.7729834771737724, "8490694.0--8827951.0": 0.7888965753123798, "8809844.0--8827951.0": 0.7729126189432024, "8809850.0--8827951.0": 0.7784632251070329, "8805445.0--8827951.0": 0.759484475395487, "8412138.0--8827951.0": 0.8226719849436738, "8807247.0--8827951.0": 0.7774749289701871, "8827951.0--8848845.0": 0.7737013285736478, "8695851.0--8827951.0": 0.7860108668208186, "8713907.0--8827951.0": 0.8042040905815961, "8809847.0--8827951.0": 0.803272986908909, "8727480.0--8827951.0": 0.7942923402514028, "8706590.0--8827951.0": 0.7696627448135152, "8735916.0--8827951.0": 0.7751311487903567, "8474512.0--8827951.0": 0.7576479921457705, "8809845.0--8827951.0": 0.7454626343453874, "8540796.0--8827951.0": 0.8179569126765067, "8807233.0--8827951.0": 0.7746066962684639, "8617747.0--8827951.0": 0.7322629259400956, "8474486.0--8827951.0": 0.7672197708020257, "8474516.0--8827951.0": 0.8093971326927042, "8663650.0--8827951.0": 0.7640164095774111, "8663646.0--8827951.0": 0.7586545523817351, "8794553.0--8827951.0": 0.7815243425676548, "8827951.0--8863966.0": 0.7677727921920807, "8525340.0--8827951.0": 0.778113188910202, "8805448.0--8827951.0": 0.7295882847491665, "8405549.0--8827951.0": 0.787180514910938, "8611178.0--8827951.0": 0.762194746573283, "8827593.0--8827951.0": 0.7744239027938289, "8805463.0--8827951.0": 0.7673586543465325, "8805457.0--8827951.0": 0.7910588863127549, "8805442.0--8827951.0": 0.7964356910792575, "8807266.0--8827951.0": 0.7877493588740372, "8813126.0--8827951.0": 0.7672678980822706, "8585103.0--8827951.0": 0.7575324392239559, "8807235.0--8827951.0": 0.7949371760205652, "8585048.0--8827951.0": 0.7863326552121361, "8809843.0--8827951.0": 0.8091487709123684, "8809842.0--8827951.0": 0.7849351168826034, "8827951.0--8842614.0": 0.7554829645412413, "8805441.0--8827951.0": 0.7463764435074379, "8809920.0--8827951.0": 0.7478941702986461, "8663312.0--8827951.0": 0.7548331559291526, "8477126.0--8827951.0": 0.7898896263172069, "8807224.0--8827951.0": 0.7953528247049704, "8807355.0--8827951.0": 0.7460285504121283, "8807320.0--8827951.0": 0.7605070063307455, "8665933.0--8827951.0": 0.7646220658685641, "8827951.0--8845772.0": 0.7759562118653613, "8812989.0--8827951.0": 0.798168777763977, "8636969.0--8827951.0": 0.7832440868515637, "8805450.0--8827951.0": 0.7432257969092183, "8807243.0--8827951.0": 0.8085607874517717, "8805443.0--8827951.0": 0.7580737301337068, "8673661.0--8827951.0": 0.7847466803965184, "8805419.0--8827951.0": 0.7537700041625939, "8451903.0--8827951.0": 0.7634342071411238, "8805429.0--8827951.0": 0.7551055656790883, "8809846.0--8827951.0": 0.7802216602808383, "8809832.0--8827951.0": 0.7656933954790017, "8413174.0--8827951.0": 0.7756212685051014, "8494817.0--8827951.0": 0.7461265850994621, "8637778.0--8827951.0": 0.7830271587772819, "8809742.0--8827951.0": 0.7437855773590277, "8807280.0--8827951.0": 0.7897436463022613, "8807274.0--8827951.0": 0.8012068070889162, "8827951.0--9216586.0": 0.800912712420488, "8827951.0--9237132.0": 0.7615319121158775, "8827951.0--9216572.0": 0.7742702803135743, "8827951.0--9217952.0": 0.7379235059590289, "8827951.0--9217931.0": 0.7877967440438866, "8827951.0--9216507.0": 0.7582598027683358, "8827951.0--9222368.0": 0.7947436460283954, "8827951.0--9220137.0": 0.7516733221230524, "8827951.0--9233460.0": 0.7378782019613407, "8827951.0--9222263.0": 0.7558099894428414, "8827951.0--9293003.0": 0.7853271039850449, "8827951.0--9222102.0": 0.763557059909751, "8827951.0--9222323.0": 0.7673646032113707, "8827951.0--9222287.0": 0.7603294787680633, "8827951.0--9223736.0": 0.7579077690023397, "8827951.0--9224191.0": 0.7615720439621616, "8827951.0--9222251.0": 0.7171299214992555, "8827951.0--9229242.0": 0.7509105604111653, "8827951.0--9282195.0": 0.7332619420467347, "8827951.0--9222098.0": 0.77404925206789, "8827951.0--9234027.0": 0.7487256113831726, "8827951.0--9246308.0": 0.7718639420004749, "8827951.0--9240072.0": 0.7812110465235851, "8827951.0--9222353.0": 0.7752229017302966, "8827951.0--9222293.0": 0.7764210547425701, "8827951.0--9222089.0": 0.7505607235345337, "8827951.0--9228893.0": 0.7527669130156411, "8827951.0--9224192.0": 0.7532615237046603, "8827951.0--9222289.0": 0.7532270440212067, "8827951.0--9222038.0": 0.7560681511382011, "8827951.0--9229072.0": 0.7847920236491199, "8827951.0--9222295.0": 0.773734936996127, "8827951.0--9222342.0": 0.7581661134037874, "8827951.0--9241407.0": 0.7505387250847403, "8827951.0--9288884.0": 0.7587992384751034,