{"9222271.0--9230431.0": 0.8020697672611469, "9222076.0--9222271.0": 0.8494129054486905, "9222053.0--9222271.0": 0.812089160165601, "9216532.0--9222271.0": 0.8060928043518922, "9222085.0--9222271.0": 0.7923810283982423, "9216629.0--9222271.0": 0.7924323311870152, "9222271.0--9308630.0": 0.7868683473109482, "9222271.0--9308624.0": 0.780643185723696, "9219240.0--9222271.0": 0.8042735921967226, "9216630.0--9222271.0": 0.8371398506582469, "9217981.0--9222271.0": 0.829697573518331, "9222271.0--9224153.0": 0.7728381611201101, "9222271.0--9286505.0": 0.7603586796594479, "9216512.0--9222271.0": 0.8029786201414619, "9216579.0--9222271.0": 0.8063241815929286, "9222249.0--9222271.0": 0.779364413557844, "9222271.0--9222367.0": 0.7435796700523628, "9222271.0--9222325.0": 0.7637184236123562, "9222271.0--9222510.0": 0.7848946502612121, "9222271.0--9246250.0": 0.7972841977450467, "9222271.0--9308627.0": 0.807831492390066, "9222271.0--9224186.0": 0.8105399132491039, "9222271.0--9229232.0": 0.7611437547621137, "9222271.0--9226404.0": 0.8034862795524154, "9222271.0--9308631.0": 0.7917833933495684, "9222255.0--9222271.0": 0.7995613834269881, "9222261.0--9222271.0": 0.7896750059951259, "9222271.0--9222338.0": 0.789398303281325, "9222271.0--9222284.0": 0.8063937538248185, "9222271.0--9230430.0": 0.8058934020749139, "9222271.0--9308622.0": 0.7627253789829282, "9222271.0--9286903.0": 0.7457604223552831, "9222271.0--9234473.0": 0.7932435593351088, "9222271.0--9241426.0": 0.8160417968803632, "9222269.0--9222271.0": 0.824475066388003, "9222271.0--9237999.0": 0.8146885823344295, "9222072.0--9222271.0": 0.8222302424655296, "9222271.0--9224197.0": 0.7907703538988198, "9222271.0--9246282.0": 0.786520302909737, "9222271.0--9222314.0": 0.7743731363399511, "9222271.0--9222357.0": 0.7787999112848636, "9222086.0--9222271.0": 0.7820743159917756, "9222271.0--9222360.0": 0.7923562311910608, "9222065.0--9222271.0": 0.7951487897132896, "9222271.0--9228894.0": 0.8439195401608537, "9222271.0--9233264.0": 0.8133144530968034, "9222271.0--9222343.0": 0.771585872042574, "9222271.0--9308621.0": 0.7485151288077759, "9222271.0--9308625.0": 0.8591248838067631, "9222271.0--9241744.0": 0.7887872957485881, "9222271.0--9308629.0": 0.820529314017221, "9222068.0--9222271.0": 0.774156069801035, "9222248.0--9222271.0": 0.8783553915673837, "9222271.0--9222274.0": 0.7796264429899653, "9222271.0--9229116.0": 0.8062691987777522, "9222271.0--9233993.0": 0.7663480892880612, "9222271.0--9308623.0": 0.8299075539562344, "9222271.0--9222553.0": 0.7707220281199509, "9222271.0--9222341.0": 0.8425895371468508, "9222271.0--9222346.0": 0.8042722521498886, "9222271.0--9308628.0": 0.7911589664046077, "9222271.0--9222294.0": 0.780770899945016, "9222271.0--9241732.0": 0.8153999356940769, "9222060.0--9222271.0": 0.8247438133060856, "9222271.0--9222280.0": 0.8017993505590884}