{"8405549.0--8805448.0": 0.7908579199185842, "8611178.0--8805448.0": 0.7883810173410266, "8805448.0--8827593.0": 0.7479695129112984, "8805448.0--8805463.0": 0.7371990147844935, "8805448.0--8805457.0": 0.7969086597428031, "8805442.0--8805448.0": 0.8016650028136791, "8805448.0--8807266.0": 0.7915073152847898, "8805448.0--8813126.0": 0.8050023989597263, "8585103.0--8805448.0": 0.782395490264738, "8805448.0--8807235.0": 0.78054682661184, "8585048.0--8805448.0": 0.8148064720752647, "8805448.0--8809843.0": 0.7201129640837426, "8805448.0--8809842.0": 0.7668516603943831, "8805448.0--8842614.0": 0.7774834079961842, "8805441.0--8805448.0": 0.7074687946674788, "8805448.0--8809920.0": 0.7456573773716638, "8663312.0--8805448.0": 0.7804573582747836, "8477126.0--8805448.0": 0.8062851923162622, "8805448.0--8807224.0": 0.7724313063450252, "8805448.0--8807355.0": 0.743902277035995, "8805448.0--8807320.0": 0.831346794620935, "8665933.0--8805448.0": 0.7992400931569639, "8805448.0--8845772.0": 0.7771025234960083, "8805448.0--8812989.0": 0.7878599667365321, "8636969.0--8805448.0": 0.7851685609186039, "8805448.0--8805450.0": 0.7742318006576752, "8805448.0--8807243.0": 0.7846946868494828, "8805443.0--8805448.0": 0.8009812066737478, "8673661.0--8805448.0": 0.8045172895532732, "8805419.0--8805448.0": 0.775554357678194, "8451903.0--8805448.0": 0.7777793013277486, "8805429.0--8805448.0": 0.804237637191961, "8805448.0--8809846.0": 0.7986506781880555, "8805448.0--8809832.0": 0.7968693513685186, "8413174.0--8805448.0": 0.7614189829023514, "8494817.0--8805448.0": 0.7971269407917987, "8637778.0--8805448.0": 0.7703385865347102, "8805448.0--8809742.0": 0.8124789566622443, "8805448.0--8807280.0": 0.8094469039880903, "8805448.0--8807274.0": 0.7977744075201177, "8805448.0--9216586.0": 0.7765293988422493, "8805448.0--9237132.0": 0.8176007388229389, "8805448.0--9216572.0": 0.7620366250979057, "8805448.0--9217952.0": 0.8465279571607068, "8805448.0--9217931.0": 0.802121282346879, "8805448.0--9216507.0": 0.8086866031199147, "8805448.0--9222368.0": 0.8126195720567221, "8805448.0--9220137.0": 0.7808683048093124, "8805448.0--9233460.0": 0.7790721386207304, "8805448.0--9222263.0": 0.7411961054890907, "8805448.0--9293003.0": 0.7855412542398656, "8805448.0--9222102.0": 0.8129889679843971, "8805448.0--9222323.0": 0.7874634097504861, "8805448.0--9222287.0": 0.8016891130526551, "8805448.0--9223736.0": 0.8077477523713054, "8805448.0--9224191.0": 0.7915846368107875, "8805448.0--9222251.0": 0.8007586554585091, "8805448.0--9229242.0": 0.7965152038913857, "8805448.0--9282195.0": 0.7612000466213914, "8805448.0--9222098.0": 0.8106567791409499, "8805448.0--9234027.0": 0.7917442828875678, "8805448.0--9246308.0": 0.8189161920201515, "8805448.0--9240072.0": 0.7755574669905616, "8805448.0--9222353.0": 0.7666552037178481, "8805448.0--9222293.0": 0.7977772111955779, "8805448.0--9222089.0": 0.7949295026288707, "8805448.0--9228893.0": 0.8040766367138567, "8805448.0--9224192.0": 0.7611278297367308, "8805448.0--9222289.0": 0.779908547167927, "8805448.0--9222038.0": 0.7924041262974434, "8805448.0--9229072.0": 0.7787183891676268, "8805448.0--9222295.0": 0.82535994277095, "8805448.0--9222342.0": 0.747630181933068, "8805448.0--9241407.0": 0.7447471783859123, "8805448.0--9288884.0": 0.8323219416930312, "8805448.0--9222351.0": 0.7826748137484865, "8805448.0--9223669.0": 0.7939809195823957, "8805448.0--9222315.0": 0.7692440146477758, "8805448.0--9222335.0": 0.7774384637309544, "8805448.0--9222327.0": 0.8054391919465295, "8805448.0--9233469.0": 0.7988985110801231, "8805448.0--9226461.0": 0.7741155049700328, "8805448.0--9238508.0": 0.8507089049878749, "8805448.0--9222266.0": 0.7567199859356883, "8805448.0--9225008.0": 0.7959752950273595, "8805448.0--9290431.0": 0.8157280972654462, "8805448.0--9239918.0": 0.829334520811218, "8805448.0--9231271.0": 0.7762089300450161, "8805448.0--9222313.0": 0.7662212237637134, "8805448.0--9231268.0": 0.7684032112055389, "8805448.0--9222035.0": 0.7707814329827668, "8805448.0--9222091.0": 0.8044849299952443, "8805448.0--9229515.0": 0.7709381474774083, "8805448.0--9222301.0": 0.7901913613036682, "8805448.0--9222358.0": 0.7801895684763076, "8805448.0--9229135.0": 0.8159099116719674, "8805448.0--9222047.0": 0.8477658191353239, "8805448.0--9222272.0": 0.7782023012889931, "8805448.0--9222110.0": 0.781405877807557, "8805448.0--9222364.0": 0.8162474657461494, "8805448.0--9222088.0": 0.7807289787248644, "8805448.0--9216518.0": 0.7709684025348876, "8805448.0--9222309.0": 0.812007584466583, "8805448.0--9216595.0": 0.7508334538648951, "8805448.0--9216538.0": 0.7401147874936385, "8805448.0--9216549.0": 0.7583939223249979, "8805448.0--9216559.0": 0.7831034695240807, "8805448.0--9222376.0": 0.7314126440616379, "8805448.0--9222374.0": 0.7918921518514629, "8805448.0--9224194.0": 0.7513321735172661, "8805448.0--9222254.0": 0.7569341832931479, "8805448.0--9222049.0": 0.751967782946062, "8805448.0--9222562.0": 0.7430140488628945, "8805448.0--9226126.0": 0.743798532397133, "8805448.0--9240062.0": 0.7827505241707691, "8805448.0--9226101.0": 0.7730186102772691, "8805448.0--9222377.0": 0.7454899325344481, "8805448.0--9233392.0": 0.7854530011464071, "8805448.0--9222093.0": 0.74049047492621, "8805448.0--9224154.0": 0.7224372306109327, "8805448.0--9240061.0": 0.7462303879709565, "8805448.0--9222512.0": 0.7601821010990394, "8805448.0--9241413.0": 0.7827103604956247, "8805448.0--9224646.0": 0.7655609224063665, "8805448.0--9222372.0": 0.7164617756888076, "8805448.0--9222253.0": 0.7867484373640572, "8805448.0--9222092.0": 0.7894059684607609, "8805448.0--9222271.0": 0.768337096878668, "8805448.0--9230431.0": 0.7632673587794991, "8805448.0--9222076.0": 0.7897045289184382, "8805448.0--9222053.0": 0.7452287655832894, "8805448.0--9216532.0": 0.8052436912016219, "8805448.0--9222085.0": 0.7603480694739677, "8805448.0--9216629.0": 0.8396837215006598, "8805448.0--9308630.0": 0.7529001090650741, "8805448.0--9308624.0": 0.7652602196745415, "8805448.0--9219240.0": 0.7835298906065444, "8805448.0--9216630.0": 0.7697212446148529, "8805448.0--9217981.0": 0.8050315896114348, "8805448.0--9224153.0": 0.766646615871347, "8805448.0--9286505.0": 0.8054837922253321, "8805448.0--9216512.0": 0.8064808236901827, "8805448.0--9216579.0": 0.767710120101352, "8805448.0--9222249.0": 0.8150681445577506, "8805448.0--9222367.0": 0.762895797926867, "8805448.0--9222325.0": 0.7613840241220615, "8805448.0--9222510.0": 0.7461254523906369, "8805448.0--9246250.0": 0.793733373802632, "8805448.0--9308627.0": 0.7945786560765571, "8805448.0--9224186.0": 0.8155957256437618, "8805448.0--9229232.0": 0.7712043265717281, "8805448.0--9226404.0": 0.7834086162886317, "8805448.0--9308631.0": 0.7808005228764126, "8805448.0--9222255.0": 0.780985392377348, "8805448.0--9222261.0": 0.7718481146584633, "8805448.0--9222338.0": 0.7505045258144588, "8805448.0--9222284.0": 0.7959760843185235, "8805448.0--9230430.0": 0.7681702908437318, "8805448.0--9308622.0": 0.7792979628658661, "8805448.0--9286903.0": 0.7596402069291451, "8805448.0--9234473.0": 0.7616094341817645, "8805448.0--9241426.0": 0.8115053585811205, "8805448.0--9222269.0": 0.8030680422997738, "8805448.0--9237999.0": 0.7943911742288228, "8805448.0--9222072.0": 0.7932093828867053, "8805448.0--9224197.0": 0.7578968658545977, "8805448.0--9246282.0": 0.7729678323476019, "8805448.0--9222314.0": 0.7624169501187256, "8805448.0--9222357.0": 0.8409202344507165, "8805448.0--9222086.0": 0.7263178328222868, "8805448.0--9222360.0": 0.8137113867864927, "8805448.0--9222065.0": 0.7696967246287372, "8805448.0--9228894.0": 0.8068018879043839, "8805448.0--9233264.0": 0.8020520802048837, "8805448.0--9222343.0": 0.7610347486563804, "8805448.0--9308621.0": 0.7632002654980184, "8805448.0--9308625.0": 0.7712912105180606, "8805448.0--9241744.0": 0.7770550921721704, "8805448.0--9308629.0": 0.7701828418400791, "8805448.0--9222068.0": 0.7625063192329643, "8805448.0--9222248.0": 0.7783163300359726, "8805448.0--9222274.0": 0.7758026977815787,