{"8440091.0--8457259.0": 0.8109640046242999, "8440097.0--8457259.0": 0.75953812695347, "8440049.0--8457259.0": 0.7449885729143559, "8440034.0--8457259.0": 0.8129158325142698, "8454905.0--8457259.0": 0.7465688175050367, "8440039.0--8457259.0": 0.7882138889828181, "8440086.0--8457259.0": 0.7779266956507539, "8445644.0--8457259.0": 0.8099687480905323, "8457259.0--8494830.0": 0.7560951594809977, "8440038.0--8457259.0": 0.8327335556666315, "8440110.0--8457259.0": 0.8054950817196941, "8440109.0--8457259.0": 0.7617968562440972, "8453873.0--8457259.0": 0.7799031599840393, "8440115.0--8457259.0": 0.7961770008584717, "8457259.0--8467383.0": 0.8100961757048498, "8440120.0--8457259.0": 0.8168346609693113, "8440076.0--8457259.0": 0.7939072939872804, "8440043.0--8457259.0": 0.8076677655311135, "8457259.0--8467535.0": 0.7984090535734443, "8440121.0--8457259.0": 0.8155690762725506, "8440044.0--8457259.0": 0.7492121851704127, "8440089.0--8457259.0": 0.7972596266712494, "8440052.0--8457259.0": 0.8532115368521104, "8440085.0--8457259.0": 0.7971054535327602, "8440070.0--8457259.0": 0.7959077200960429, "8440048.0--8457259.0": 0.8091065027313249, "8440118.0--8457259.0": 0.8177455548753054, "8440081.0--8457259.0": 0.7784515452269616, "8440102.0--8457259.0": 0.8341602424460033, "8440080.0--8457259.0": 0.7855470002640641, "8440096.0--8457259.0": 0.7895145132331944, "8440124.0--8457259.0": 0.7552674344298127, "8440063.0--8457259.0": 0.7892299911047023, "8440037.0--8457259.0": 0.7835286399622687, "8440040.0--8457259.0": 0.7924874276626213, "8440056.0--8457259.0": 0.802310447434166, "8440116.0--8457259.0": 0.7924111472130827, "8444102.0--8457259.0": 0.8049314772105172, "8440824.0--8457259.0": 0.8090663116815149, "8457259.0--8493612.0": 0.7916466004542209, "8440850.0--8457259.0": 0.8229248205326649, "8456856.0--8457259.0": 0.796217733178439, "8447439.0--8457259.0": 0.7995747874675768, "8440805.0--8457259.0": 0.7897856319193924, "8440811.0--8457259.0": 0.7843394313084221, "8440856.0--8457259.0": 0.8026027334530759, "8440822.0--8457259.0": 0.8027634569985436, "8440828.0--8457259.0": 0.7572264783714905, "8440851.0--8457259.0": 0.7613379361940742, "8457259.0--8457476.0": 0.7884512288386452, "8440848.0--8457259.0": 0.7247306528311486, "8440839.0--8457259.0": 0.8359416663912981, "8443395.0--8457259.0": 0.7754850696008908, "8440832.0--8457259.0": 0.7723530669711887, "8440816.0--8457259.0": 0.8127864760285236, "8440835.0--8457259.0": 0.7974407879327773, "8440818.0--8457259.0": 0.8380682044731096, "8440853.0--8457259.0": 0.8227382016101688, "8440840.0--8457259.0": 0.826915486654678, "8440857.0--8457259.0": 0.7996781277352839, "8449328.0--8457259.0": 0.7922500160858825, "8440829.0--8457259.0": 0.8300149315272758, "8440807.0--8457259.0": 0.7494863761593991, "8440831.0--8457259.0": 0.825049708761549, "8440852.0--8457259.0": 0.8053572825622957, "8440841.0--8457259.0": 0.762843307903845, "8440859.0--8457259.0": 0.7988560797797135, "8440821.0--8457259.0": 0.7719193285348399, "8440842.0--8457259.0": 0.7944446054875629, "8443131.0--8457259.0": 0.7765259468147988, "8440815.0--8457259.0": 0.7735202946085568, "8457259.0--8500765.0": 0.7833889943726958, "8440804.0--8457259.0": 0.7945589302805421, "8454276.0--8457259.0": 0.802613984700438, "8457259.0--8464305.0": 0.7977132782967227, "8457259.0--8494828.0": 0.7659251030716807, "8440825.0--8457259.0": 0.7983799205972586, "8440814.0--8457259.0": 0.8194794733360375, "8440838.0--8457259.0": 0.8413284355017265, "8440855.0--8457259.0": 0.806155473490292, "8454489.0--8457259.0": 0.8028542204574934, "8440834.0--8457259.0": 0.7483960222851095, "8440826.0--8457259.0": 0.8196671713150365, "8440823.0--8457259.0": 0.8106350907239365, "8440845.0--8457259.0": 0.8217239375037104, "8440810.0--8457259.0": 0.7944211390127016, "8440806.0--8457259.0": 0.769049855562286, "8440817.0--8457259.0": 0.8252471367882898, "8440813.0--8457259.0": 0.801741457557469, "8443125.0--8457259.0": 0.7570637460560414, "8456575.0--8457259.0": 0.8266739381990675, "8440860.0--8457259.0": 0.7721089982793232, "8454343.0--8457259.0": 0.7735514721240598, "8440803.0--8457259.0": 0.7841779827267321, "8454344.0--8457259.0": 0.8101213390720461, "8440854.0--8457259.0": 0.8076261533771856, "8454346.0--8457259.0": 0.8034593605377123, "8440827.0--8457259.0": 0.7674409855632011, "8440836.0--8457259.0": 0.8018581676786677, "8440844.0--8457259.0": 0.7995907835759314, "8440808.0--8457259.0": 0.8106449450649817, "8440837.0--8457259.0": 0.8590515101311821, "8440858.0--8457259.0": 0.7601380641180245, "8440820.0--8457259.0": 0.7967679601223907, "8440833.0--8457259.0": 0.768337771600413, "8444072.0--8457259.0": 0.7663184435961469, "8440812.0--8457259.0": 0.81846465221915, "8440809.0--8457259.0": 0.8032350219204428, "8454904.0--8457259.0": 0.7936164804499997, "8440846.0--8457259.0": 0.7862032735157282, "8440830.0--8457259.0": 0.7885963911504155, "8444077.0--8457259.0": 0.7786358448339683, "8440847.0--8457259.0": 0.808847866252808, "8440849.0--8457259.0": 0.8034199008933655, "8443124.0--8457259.0": 0.8168611014551426, "8440843.0--8457259.0": 0.8140087926881956, "8457259.0--8807265.0": 0.7624118434626961, "8457259.0--8816695.0": 0.7860446420564223, "8457259.0--8805426.0": 0.8107250856846036, "8457259.0--8805421.0": 0.8021376127166867, "8457259.0--8812684.0": 0.7740474870322109, "8457259.0--8805461.0": 0.8345699088438775, "8457259.0--8807255.0": 0.7466223601906721, "8457259.0--8805460.0": 0.7530730435140729, "8457259.0--8807292.0": 0.7959332736281912, "8457259.0--8807354.0": 0.7767174793874676, "8457259.0--8809711.0": 0.7823627541480008, "8457259.0--8805422.0": 0.7774993827417618, "8457259.0--8805424.0": 0.7553176410556739, "8457259.0--8794517.0": 0.8579308361839919, "8457259.0--8805451.0": 0.7788182482992623, "8457259.0--8807223.0": 0.7874991237288477, "8457259.0--8794560.0": 0.8148946890681942, "8457259.0--8481543.0": 0.8063186188297242, "8457259.0--8802285.0": 0.7604148824883042, "8457259.0--8807245.0": 0.7906582669201099, "8457259.0--8805456.0": 0.8231056621899303, "8457259.0--8827944.0": 0.7710738895268398, "8457259.0--8807296.0": 0.8333647970924583, "8457259.0--8827951.0": 0.7945722193319108, "8457259.0--8854335.0": 0.8075689575393845, "8457259.0--8805446.0": 0.8190283540952952, "8457259.0--8805436.0": 0.8244245762226909, "8457259.0--8805433.0": 0.8142946494559391, "8457259.0--8546802.0": 0.8441094110973253, "8457259.0--8805427.0": 0.7887360424876362, "8457259.0--8836120.0": 0.799390443746264, "8457259.0--8794768.0": 0.8210595669381657, "8457259.0--8809750.0": 0.8102721511938478, "8457259.0--8820172.0": 0.8222030463883631, "8457259.0--8476234.0": 0.7903013296970616, "8457259.0--8807314.0": 0.7617747092786387, "8457259.0--8794520.0": 0.84728832996058, "8457259.0--8805452.0": 0.7943799153740276, "8457259.0--8805462.0": 0.7845727839361207, "8457259.0--8807275.0": 0.7953822271849896, "8419285.0--8457259.0": 0.7920165536740624, "8457259.0--8807379.0": 0.8232393047913079, "8457259.0--8807234.0": 0.8078677902550837, "8423100.0--8457259.0": 0.7944854696339916, "8457259.0--8805455.0": 0.7784819048330248, "8457259.0--8727493.0": 0.7771372292712188, "8457259.0--8807369.0": 0.7589715725039249, "8457259.0--8532319.0": 0.801019643767447, "8419325.0--8457259.0": 0.7992761337557007, "8457259.0--8805430.0": 0.7895730818746575, "8457259.0--8807301.0": 0.7784530182438947, "8457259.0--8713940.0": 0.8217629148074749, "8457259.0--8637795.0": 0.805543902382627, "7999244.0--8457259.0": 0.7941563438056248, "8457259.0--8805439.0": 0.7800678904999637, "8457259.0--8805428.0": 0.7965463415487477, "8457259.0--8809223.0": 0.8224351319970654, "8457259.0--8795584.0": 0.8180261341160818, "8457259.0--8807264.0": 0.7682916650270097, "8457259.0--8805431.0": 0.7871989128369091, "8453863.0--8457259.0": 0.807127420816538, "8400404.0--8457259.0": 0.8130648565031915, "8457259.0--8809834.0": 0.8035346254363677, "8457259.0--8663447.0": 0.7887394647612904, "8457259.0--8807213.0": 0.822734991318202, "8457259.0--8640251.0": 0.7828731910907835,