{"9222274.0--9229116.0": 0.8033462105401233, "9222274.0--9233993.0": 0.8121682020646902, "9222274.0--9308623.0": 0.7896592059887474, "9222274.0--9222553.0": 0.7851044608941948, "9222274.0--9222341.0": 0.8110095856429467, "9222274.0--9222346.0": 0.7713105398326957, "9222274.0--9308628.0": 0.8041564119277458, "9222274.0--9222294.0": 0.8033276408577549, "9222274.0--9241732.0": 0.779526278031499, "9222060.0--9222274.0": 0.8097613277313196, "9222274.0--9222280.0": 0.8134525648700868}