{"9222086.0--9222357.0": 0.7623011233192334, "9222357.0--9222360.0": 0.8242214042556235, "9222065.0--9222357.0": 0.7458828536706967, "9222357.0--9228894.0": 0.8196267934834369, "9222357.0--9233264.0": 0.8107007266183169, "9222343.0--9222357.0": 0.771220297641742, "9222357.0--9308621.0": 0.8072503765891236, "9222357.0--9308625.0": 0.7986345790043791, "9222357.0--9241744.0": 0.794630724580694, "9222357.0--9308629.0": 0.7814697453039053, "9222068.0--9222357.0": 0.7696387199115009, "9222248.0--9222357.0": 0.7938791519312461, "9222274.0--9222357.0": 0.7865361414942645, "9222357.0--9229116.0": 0.8408393423859367, "9222357.0--9233993.0": 0.7799037159828125, "9222357.0--9308623.0": 0.7981307810695171, "9222357.0--9222553.0": 0.8269843376897275, "9222341.0--9222357.0": 0.8461596904210431, "9222346.0--9222357.0": 0.8107071114730799, "9222357.0--9308628.0": 0.813036482965878, "9222294.0--9222357.0": 0.9022314006384952, "9222357.0--9241732.0": 0.7977595100346557, "9222060.0--9222357.0": 0.8306588419360943, "9222280.0--9222357.0": 0.8304792387486469}