{"9222294.0--9241732.0": 0.8217391217222247, "9222060.0--9222294.0": 0.835122886291376, "9222280.0--9222294.0": 0.8082586080560674}