{"8440805.0--8440811.0": 0.757244780845572, "8440805.0--8440856.0": 0.8069313432574806, "8440805.0--8440822.0": 0.7944404845198483, "8440805.0--8440828.0": 0.7772207031212697, "8440805.0--8440851.0": 0.7555985550903713, "8440805.0--8457476.0": 0.7800470816335148, "8440805.0--8440848.0": 0.7442207911301961, "8440805.0--8440839.0": 0.773670558265648, "8440805.0--8443395.0": 0.766625241395458, "8440805.0--8440832.0": 0.7789723012220839, "8440805.0--8440816.0": 0.7857591075547609, "8440805.0--8440835.0": 0.8431062971048807, "8440805.0--8440818.0": 0.8122216693807669, "8440805.0--8440853.0": 0.7840192576394661, "8440805.0--8440840.0": 0.7975398885211221, "8440805.0--8440857.0": 0.7884784801964353, "8440805.0--8449328.0": 0.7655627599652703, "8440805.0--8440829.0": 0.8020757589782312, "8440805.0--8440807.0": 0.7446311479566685, "8440805.0--8440831.0": 0.7690266491321631, "8440805.0--8440852.0": 0.7918139161639336, "8440805.0--8440841.0": 0.7930326820339015, "8440805.0--8440859.0": 0.7548378197513452, "8440805.0--8440821.0": 0.7965724889423773, "8440805.0--8440842.0": 0.7834939577618494, "8440805.0--8443131.0": 0.7561039692975975, "8440805.0--8440815.0": 0.7839216608926127, "8440805.0--8500765.0": 0.7826643121229317, "8440804.0--8440805.0": 0.7822125713270229, "8440805.0--8454276.0": 0.8153004123020899, "8440805.0--8464305.0": 0.7874300668194572, "8440805.0--8494828.0": 0.7851645195375322, "8440805.0--8440825.0": 0.7616321431885839, "8440805.0--8440814.0": 0.793029350451913, "8440805.0--8440838.0": 0.8023580830928362, "8440805.0--8440855.0": 0.7861103401600298, "8440805.0--8454489.0": 0.7924332746568579, "8440805.0--8440834.0": 0.7608002354240566, "8440805.0--8440826.0": 0.8087392627889807, "8440805.0--8440823.0": 0.7889323020322452, "8440805.0--8440845.0": 0.777582248098574, "8440805.0--8440810.0": 0.7912511347656186, "8440805.0--8440806.0": 0.8147189143629803, "8440805.0--8440817.0": 0.7844887172642607, "8440805.0--8440813.0": 0.8142082283644997, "8440805.0--8443125.0": 0.7568259620007957, "8440805.0--8456575.0": 0.7908273433988031, "8440805.0--8440860.0": 0.7751509332310466, "8440805.0--8454343.0": 0.7738732482510495, "8440803.0--8440805.0": 0.7739591386368299, "8440805.0--8454344.0": 0.8036566500196134, "8440805.0--8440854.0": 0.8129120805747764, "8440805.0--8454346.0": 0.7974835077260635, "8440805.0--8440827.0": 0.7231822159735897, "8440805.0--8440836.0": 0.7818112672701751, "8440805.0--8440844.0": 0.8117310536799927, "8440805.0--8440808.0": 0.8330316088132153, "8440805.0--8440837.0": 0.7854452497997397, "8440805.0--8440858.0": 0.7676513217369934, "8440805.0--8440820.0": 0.7774292611041016, "8440805.0--8440833.0": 0.7619883264901995, "8440805.0--8444072.0": 0.7762458092471136, "8440805.0--8440812.0": 0.8026205381869411, "8440805.0--8440809.0": 0.7842980524321358, "8440805.0--8454904.0": 0.8192334783106592, "8440805.0--8440846.0": 0.8144771124534207, "8440805.0--8440830.0": 0.8074483429908247, "8440805.0--8444077.0": 0.786171193157172, "8440805.0--8440847.0": 0.7901431730269931, "8440805.0--8440849.0": 0.7658746843870673, "8440805.0--8443124.0": 0.7938958614625319, "8440805.0--8440843.0": 0.7906223941814049, "8440805.0--8807265.0": 0.7768698323172011, "8440805.0--8816695.0": 0.7847337014229567, "8440805.0--8805426.0": 0.8026701426937735, "8440805.0--8805421.0": 0.8393763095874377, "8440805.0--8812684.0": 0.7895499554508632, "8440805.0--8805461.0": 0.7830840760705494, "8440805.0--8807255.0": 0.7712492070763977, "8440805.0--8805460.0": 0.7742760772674064, "8440805.0--8807292.0": 0.7790536869062451, "8440805.0--8807354.0": 0.7757454933630281, "8440805.0--8809711.0": 0.791418047216431, "8440805.0--8805422.0": 0.7561964218443341, "8440805.0--8805424.0": 0.760534091538673, "8440805.0--8794517.0": 0.7913716348057225, "8440805.0--8805451.0": 0.785660605006793, "8440805.0--8807223.0": 0.799479244887318, "8440805.0--8794560.0": 0.7969626985208104, "8440805.0--8481543.0": 0.7964488400700149, "8440805.0--8802285.0": 0.7584693413752938, "8440805.0--8807245.0": 0.7903463297144273, "8440805.0--8805456.0": 0.8016591845807122, "8440805.0--8827944.0": 0.7761080174556421, "8440805.0--8807296.0": 0.8117024147331298, "8440805.0--8827951.0": 0.8287212112200785, "8440805.0--8854335.0": 0.7914658296964067, "8440805.0--8805446.0": 0.806725259471677, "8440805.0--8805436.0": 0.8263585324741087, "8440805.0--8805433.0": 0.755645423214204, "8440805.0--8546802.0": 0.8016971569812015, "8440805.0--8805427.0": 0.7678882629981476, "8440805.0--8836120.0": 0.7759867548820037, "8440805.0--8794768.0": 0.7842676874289557, "8440805.0--8809750.0": 0.7975515542038181, "8440805.0--8820172.0": 0.8457867013462034, "8440805.0--8476234.0": 0.7982420068428726, "8440805.0--8807314.0": 0.8303691333730427, "8440805.0--8794520.0": 0.8338556998670802, "8440805.0--8805452.0": 0.7952949241476946, "8440805.0--8805462.0": 0.7979414470856839, "8440805.0--8807275.0": 0.7969174584095016, "8419285.0--8440805.0": 0.7782885507761527, "8440805.0--8807379.0": 0.7943863698972775, "8440805.0--8807234.0": 0.8140567259787818, "8423100.0--8440805.0": 0.783476710399258, "8440805.0--8805455.0": 0.7970739036993115, "8440805.0--8727493.0": 0.7406226613535771, "8440805.0--8807369.0": 0.7402290412725011, "8440805.0--8532319.0": 0.8238889523514866, "8419325.0--8440805.0": 0.8042055914181966, "8440805.0--8805430.0": 0.8271122038034988, "8440805.0--8807301.0": 0.7727649643648054, "8440805.0--8713940.0": 0.7985344751403628, "8440805.0--8637795.0": 0.8201454624702891, "7999244.0--8440805.0": 0.8005372563554172, "8440805.0--8805439.0": 0.7770797801311085, "8440805.0--8805428.0": 0.7960065048290311, "8440805.0--8809223.0": 0.7866285473100195, "8440805.0--8795584.0": 0.7788594398563626, "8440805.0--8807264.0": 0.7554870422581921, "8440805.0--8805431.0": 0.7703780594648072, "8440805.0--8453863.0": 0.7808764859237002, "8400404.0--8440805.0": 0.7574166366501076, "8440805.0--8809834.0": 0.7798754751784212, "8440805.0--8663447.0": 0.7883104593766205, "8440805.0--8807213.0": 0.8139802136355925, "8440805.0--8640251.0": 0.8089436375122966, "8440805.0--8807220.0": 0.8018443103157682, "8440805.0--8617736.0": 0.7985274843150836, "8440805.0--8617746.0": 0.7546507278491847, "8440805.0--8640072.0": 0.7947269437814084, "8440805.0--8636208.0": 0.799213184798977, "8440805.0--8805458.0": 0.7810112563034322, "8440805.0--8807271.0": 0.7974382615019275, "8440805.0--8809678.0": 0.7599156131459417, "8440805.0--8807226.0": 0.7845110983059476, "8440805.0--8805467.0": 0.8315715280888113, "8440805.0--8611113.0": 0.7702541993876886, "8440805.0--8854316.0": 0.8125822460323239, "8440805.0--8794607.0": 0.8006206132011795, "8440805.0--8805418.0": 0.8094107662608869, "8440805.0--8836087.0": 0.8274280893069312, "8440805.0--8807283.0": 0.7733068116248978, "8440805.0--8820171.0": 0.8045329981162077, "8440805.0--8807288.0": 0.7550617993578854, "8440805.0--8807302.0": 0.7537948239292258, "8440805.0--8805466.0": 0.7647002828972609, "8440805.0--8807351.0": 0.7803063012787788, "8440805.0--8805420.0": 0.7645299729831497, "8440805.0--8807299.0": 0.7850673494341769, "8440805.0--8812988.0": 0.7847531542683011, "8440805.0--8807294.0": 0.8281440001980735, "8440805.0--8805434.0": 0.7998411256686104, "8440805.0--8732351.0": 0.7986530046450458, "8440805.0--8807232.0": 0.7638522973306798, "8419271.0--8440805.0": 0.7394456817695838, "8440805.0--8625484.0": 0.7678244076064791, "8440805.0--8807349.0": 0.7664457852406921, "8440805.0--8809730.0": 0.7927753002850368, "8440805.0--8730513.0": 0.8028345272817701, "8440805.0--8809833.0": 0.7897273183577656, "8440805.0--8523628.0": 0.7789730400009335, "8434356.0--8440805.0": 0.7929436687453524, "8440805.0--8807303.0": 0.7863725288334174, "8440805.0--8811606.0": 0.782085635957501, "8440805.0--8807244.0": 0.778022082242011, "8440805.0--8490694.0": 0.8071761250281614, "8440805.0--8809844.0": 0.7963389394844199, "8440805.0--8809850.0": 0.7957416344985764, "8440805.0--8805445.0": 0.7913817309513167, "8412138.0--8440805.0": 0.812183809761874,