{"8794520.0--8805452.0": 0.815886996900937, "8794520.0--8805462.0": 0.8361953177241783, "8794520.0--8807275.0": 0.8019997793787429, "8419285.0--8794520.0": 0.8085428387789357, "8794520.0--8807379.0": 0.8153817797153531, "8794520.0--8807234.0": 0.8520412189772166, "8423100.0--8794520.0": 0.8170353866273445, "8794520.0--8805455.0": 0.8319595764196167, "8727493.0--8794520.0": 0.8080210299289479, "8794520.0--8807369.0": 0.7794791813817232, "8532319.0--8794520.0": 0.8039945876962892, "8419325.0--8794520.0": 0.8414496751670958, "8794520.0--8805430.0": 0.827620425059523, "8794520.0--8807301.0": 0.7890734369709551, "8713940.0--8794520.0": 0.8278538759723526, "8637795.0--8794520.0": 0.8534530959050151, "7999244.0--8794520.0": 0.8128351010329993, "8794520.0--8805439.0": 0.8085165956085228, "8794520.0--8805428.0": 0.8347301341823901, "8794520.0--8809223.0": 0.8586356275956433, "8794520.0--8795584.0": 0.8606093803655029, "8794520.0--8807264.0": 0.8043722417174247, "8794520.0--8805431.0": 0.8001279719512011, "8453863.0--8794520.0": 0.8089314073109193, "8400404.0--8794520.0": 0.8530474744151406, "8794520.0--8809834.0": 0.8350815741713498, "8663447.0--8794520.0": 0.83982437326554, "8794520.0--8807213.0": 0.8555580786295003, "8640251.0--8794520.0": 0.8362240572395853, "8794520.0--8807220.0": 0.874402203140831, "8617736.0--8794520.0": 0.8066448374011448, "8617746.0--8794520.0": 0.7508570308379264, "8640072.0--8794520.0": 0.8260321390328671, "8636208.0--8794520.0": 0.8276673314235745, "8794520.0--8805458.0": 0.8224878724350564, "8794520.0--8807271.0": 0.8176681596189251, "8794520.0--8809678.0": 0.7764833979707366, "8794520.0--8807226.0": 0.8126247629920509, "8794520.0--8805467.0": 0.8442160024915958, "8611113.0--8794520.0": 0.7892802200929618, "8794520.0--8854316.0": 0.8805145417373617, "8794520.0--8794607.0": 0.815630845258841, "8794520.0--8805418.0": 0.7817648938408082, "8794520.0--8836087.0": 0.831385228339359, "8794520.0--8807283.0": 0.8001616142459553, "8794520.0--8820171.0": 0.8328132838736669, "8794520.0--8807288.0": 0.752166656254159, "8794520.0--8807302.0": 0.8001269579680566, "8794520.0--8805466.0": 0.7968200695246757, "8794520.0--8807351.0": 0.8111462102563232, "8794520.0--8805420.0": 0.7835463037939616, "8794520.0--8807299.0": 0.8020340485246535, "8794520.0--8812988.0": 0.7973906953929277, "8794520.0--8807294.0": 0.8276915199926159, "8794520.0--8805434.0": 0.8319511346295598, "8732351.0--8794520.0": 0.7950980890227219, "8794520.0--8807232.0": 0.8147488185066201, "8419271.0--8794520.0": 0.7668981170625342, "8625484.0--8794520.0": 0.8021334809195731, "8794520.0--8807349.0": 0.8114716826283747, "8794520.0--8809730.0": 0.822243568155852, "8730513.0--8794520.0": 0.8218903408540286, "8794520.0--8809833.0": 0.8204088100965595, "8523628.0--8794520.0": 0.8058675816330211, "8434356.0--8794520.0": 0.823381084384961, "8794520.0--8807303.0": 0.8734328914598204, "8794520.0--8811606.0": 0.8330397755578851, "8794520.0--8807244.0": 0.8183436681200309, "8490694.0--8794520.0": 0.8197043279360533, "8794520.0--8809844.0": 0.8248862758275051, "8794520.0--8809850.0": 0.8453159782892008, "8794520.0--8805445.0": 0.8425217182894793, "8412138.0--8794520.0": 0.8428356091509225, "8794520.0--8807247.0": 0.8234072979053001, "8794520.0--8848845.0": 0.8038919623906199, "8695851.0--8794520.0": 0.8504889156376071, "8713907.0--8794520.0": 0.8731845046401103, "8794520.0--8809847.0": 0.8660355836209215, "8727480.0--8794520.0": 0.8852949892424987, "8706590.0--8794520.0": 0.8573841996847832, "8735916.0--8794520.0": 0.830076759677767, "8474512.0--8794520.0": 0.8176940168505107, "8794520.0--8809845.0": 0.8005076415827739, "8540796.0--8794520.0": 0.9018331460035425, "8794520.0--8807233.0": 0.8502879232195302, "8617747.0--8794520.0": 0.7740975700617476, "8474486.0--8794520.0": 0.794932715372962, "8474516.0--8794520.0": 0.8225047500688858, "8663650.0--8794520.0": 0.8080786862619461, "8663646.0--8794520.0": 0.815447122494042, "8794520.0--8794553.0": 0.8460589530414254, "8794520.0--8863966.0": 0.8188464708009757, "8525340.0--8794520.0": 0.8209578702596364, "8794520.0--8805448.0": 0.795886869451471, "8405549.0--8794520.0": 0.8464451756077208, "8611178.0--8794520.0": 0.8094568415379962, "8794520.0--8827593.0": 0.8007053672710451, "8794520.0--8805463.0": 0.7820758463604858, "8794520.0--8805457.0": 0.8111076401486478, "8794520.0--8805442.0": 0.7903843753842248, "8794520.0--8807266.0": 0.8144298049611501, "8794520.0--8813126.0": 0.7880866951459105, "8585103.0--8794520.0": 0.8076266583226415, "8794520.0--8807235.0": 0.8223919402180442, "8585048.0--8794520.0": 0.8414182030036945, "8794520.0--8809843.0": 0.80823792469001, "8794520.0--8809842.0": 0.8223304045420441, "8794520.0--8842614.0": 0.7866394358926125, "8794520.0--8805441.0": 0.7645475062979102, "8794520.0--8809920.0": 0.7606648512885854, "8663312.0--8794520.0": 0.8036992136411143, "8477126.0--8794520.0": 0.8151473781911284, "8794520.0--8807224.0": 0.8192191117353529, "8794520.0--8807355.0": 0.7990866574219896, "8794520.0--8807320.0": 0.8239445006911631, "8665933.0--8794520.0": 0.8184483712905553, "8794520.0--8845772.0": 0.8003797455441527, "8794520.0--8812989.0": 0.8239575890184152, "8636969.0--8794520.0": 0.8302164076047449, "8794520.0--8805450.0": 0.805411495542121, "8794520.0--8807243.0": 0.8393710966553158, "8794520.0--8805443.0": 0.8193620536007733, "8673661.0--8794520.0": 0.8222121912468001, "8794520.0--8805419.0": 0.794453942909865, "8451903.0--8794520.0": 0.786181566486465, "8794520.0--8805429.0": 0.7984496118407671, "8794520.0--8809846.0": 0.7938876875698124, "8794520.0--8809832.0": 0.8145169357348283, "8413174.0--8794520.0": 0.800770771606516, "8494817.0--8794520.0": 0.8110409243903656, "8637778.0--8794520.0": 0.8217805628567291, "8794520.0--8809742.0": 0.8098396354290142, "8794520.0--8807280.0": 0.8250821992011613, "8794520.0--8807274.0": 0.8669677255415298, "8794520.0--9216586.0": 0.8293051001475056, "8794520.0--9237132.0": 0.8300046861198703, "8794520.0--9216572.0": 0.8231494019335472, "8794520.0--9217952.0": 0.8005327739451653, "8794520.0--9217931.0": 0.838736220800005, "8794520.0--9216507.0": 0.8053554120645822, "8794520.0--9222368.0": 0.8219891785388175, "8794520.0--9220137.0": 0.7927210573572497, "8794520.0--9233460.0": 0.807455552382958, "8794520.0--9222263.0": 0.7522341233951587, "8794520.0--9293003.0": 0.7929898602450375, "8794520.0--9222102.0": 0.8093048434360681, "8794520.0--9222323.0": 0.8307275900263238, "8794520.0--9222287.0": 0.7916603832940592, "8794520.0--9223736.0": 0.8041556376572068, "8794520.0--9224191.0": 0.8301631019558847, "8794520.0--9222251.0": 0.7847726412632543, "8794520.0--9229242.0": 0.8499512061749032, "8794520.0--9282195.0": 0.8061653899864796, "8794520.0--9222098.0": 0.871265822965042, "8794520.0--9234027.0": 0.7965739845761481, "8794520.0--9246308.0": 0.8297365463113517, "8794520.0--9240072.0": 0.817477824848051, "8794520.0--9222353.0": 0.8468972971636098, "8794520.0--9222293.0": 0.8136313238047275, "8794520.0--9222089.0": 0.7982726145728383, "8794520.0--9228893.0": 0.8180151826288132, "8794520.0--9224192.0": 0.7937685585312886, "8794520.0--9222289.0": 0.8005492732386161, "8794520.0--9222038.0": 0.8327491443536967, "8794520.0--9229072.0": 0.8088164655711222, "8794520.0--9222295.0": 0.8346634478347312, "8794520.0--9222342.0": 0.7900377093336624, "8794520.0--9241407.0": 0.8280967223526943, "8794520.0--9288884.0": 0.8277608166206456, "8794520.0--9222351.0": 0.796128026362612, "8794520.0--9223669.0": 0.8350024828494667, "8794520.0--9222315.0": 0.7915285452666961, "8794520.0--9222335.0": 0.8139011704798819, "8794520.0--9222327.0": 0.8049459789338682, "8794520.0--9233469.0": 0.7875746973972508, "8794520.0--9226461.0": 0.8188701437025421, "8794520.0--9238508.0": 0.8386043400923617, "8794520.0--9222266.0": 0.7780569704703408, "8794520.0--9225008.0": 0.8264029420510128, "8794520.0--9290431.0": 0.8141662877955862, "8794520.0--9239918.0": 0.8108907460077001, "8794520.0--9231271.0": 0.8266387974446292,