{"8805421.0--8805426.0": 0.872289410428595, "8805426.0--8812684.0": 0.7897789428400587, "8805426.0--8805461.0": 0.7666499086382781, "8805426.0--8807255.0": 0.8047905667469332, "8805426.0--8805460.0": 0.7529077466456964, "8805426.0--8807292.0": 0.7968245977179795, "8805426.0--8807354.0": 0.77599010181368, "8805426.0--8809711.0": 0.7885114528266228, "8805422.0--8805426.0": 0.7588160295196574, "8805424.0--8805426.0": 0.7652286869252676, "8794517.0--8805426.0": 0.7962065041562204, "8805426.0--8805451.0": 0.79137903232389, "8805426.0--8807223.0": 0.7638385778793904, "8794560.0--8805426.0": 0.7868951439392036, "8481543.0--8805426.0": 0.7771504539089851, "8802285.0--8805426.0": 0.8102591125414482, "8805426.0--8807245.0": 0.7911984226648596, "8805426.0--8805456.0": 0.8190160818823647, "8805426.0--8827944.0": 0.808613549019593, "8805426.0--8807296.0": 0.839964804508459, "8805426.0--8827951.0": 0.7861686240558363, "8805426.0--8854335.0": 0.8294709919460663, "8805426.0--8805446.0": 0.7984159781233755, "8805426.0--8805436.0": 0.7953154523569869, "8805426.0--8805433.0": 0.7608913989787113, "8546802.0--8805426.0": 0.8033396765032853, "8805426.0--8805427.0": 0.7583685787717673, "8805426.0--8836120.0": 0.7719252726912968, "8794768.0--8805426.0": 0.7723483400749378, "8805426.0--8809750.0": 0.8171117496845333, "8805426.0--8820172.0": 0.8466035701192098, "8476234.0--8805426.0": 0.779234094507081, "8805426.0--8807314.0": 0.7803131807889124, "8794520.0--8805426.0": 0.8278043597286252, "8805426.0--8805452.0": 0.8324909930287924, "8805426.0--8805462.0": 0.814234918753258, "8805426.0--8807275.0": 0.8373942374353152, "8419285.0--8805426.0": 0.7883414556807176, "8805426.0--8807379.0": 0.773782250330742, "8805426.0--8807234.0": 0.8018692153683122, "8423100.0--8805426.0": 0.7736380887098652, "8805426.0--8805455.0": 0.7871722997728229, "8727493.0--8805426.0": 0.7627601339458034, "8805426.0--8807369.0": 0.7811408835550409, "8532319.0--8805426.0": 0.8396810678252921, "8419325.0--8805426.0": 0.8132200396349321, "8805426.0--8805430.0": 0.7768869982598873, "8805426.0--8807301.0": 0.7932941329999643, "8713940.0--8805426.0": 0.8199580650169676, "8637795.0--8805426.0": 0.8196002550328533, "7999244.0--8805426.0": 0.7955335829893453, "8805426.0--8805439.0": 0.7706491999210273, "8805426.0--8805428.0": 0.7953266746918692, "8805426.0--8809223.0": 0.7921690767753631, "8795584.0--8805426.0": 0.8069090691645615, "8805426.0--8807264.0": 0.8063702990075208, "8805426.0--8805431.0": 0.7575333880632494, "8453863.0--8805426.0": 0.7825499376414575, "8400404.0--8805426.0": 0.7780194681875077, "8805426.0--8809834.0": 0.7947130317520922, "8663447.0--8805426.0": 0.8012620922304061, "8805426.0--8807213.0": 0.800101240343734, "8640251.0--8805426.0": 0.8259784759774939, "8805426.0--8807220.0": 0.7978480391694601, "8617736.0--8805426.0": 0.804368076505948, "8617746.0--8805426.0": 0.7581937080557001, "8640072.0--8805426.0": 0.8106573352886888, "8636208.0--8805426.0": 0.794415060392736, "8805426.0--8805458.0": 0.778593787263955, "8805426.0--8807271.0": 0.8001996177535667, "8805426.0--8809678.0": 0.7792436033501794, "8805426.0--8807226.0": 0.8051100285106269, "8805426.0--8805467.0": 0.8241807401188216, "8611113.0--8805426.0": 0.7928130177417129, "8805426.0--8854316.0": 0.8209125947797945, "8794607.0--8805426.0": 0.7941228907673645, "8805418.0--8805426.0": 0.7732301812874444, "8805426.0--8836087.0": 0.8181235760416288, "8805426.0--8807283.0": 0.812520871268811, "8805426.0--8820171.0": 0.8186512666367958, "8805426.0--8807288.0": 0.7670825100209444, "8805426.0--8807302.0": 0.7490541654346281, "8805426.0--8805466.0": 0.7837787039340244, "8805426.0--8807351.0": 0.8074178093321693, "8805420.0--8805426.0": 0.7856393030750237, "8805426.0--8807299.0": 0.8126924099739603, "8805426.0--8812988.0": 0.8240643295663609, "8805426.0--8807294.0": 0.836387547973223, "8805426.0--8805434.0": 0.7973994626340122, "8732351.0--8805426.0": 0.8030214969303955, "8805426.0--8807232.0": 0.7954501995666697, "8419271.0--8805426.0": 0.7480025188513886, "8625484.0--8805426.0": 0.7946030966204854, "8805426.0--8807349.0": 0.7891470023718457, "8805426.0--8809730.0": 0.7979020428823957, "8730513.0--8805426.0": 0.799787352828912, "8805426.0--8809833.0": 0.7908906274952521, "8523628.0--8805426.0": 0.7886664088859136, "8434356.0--8805426.0": 0.8072739541353231, "8805426.0--8807303.0": 0.8054825976877338, "8805426.0--8811606.0": 0.8209304515272002, "8805426.0--8807244.0": 0.7970596657095064, "8490694.0--8805426.0": 0.8462805861887628, "8805426.0--8809844.0": 0.8040925771185254, "8805426.0--8809850.0": 0.8167220567890529, "8805426.0--8805445.0": 0.8007870654604922, "8412138.0--8805426.0": 0.8038035628127495, "8805426.0--8807247.0": 0.7819168304959964, "8805426.0--8848845.0": 0.7788822300033259, "8695851.0--8805426.0": 0.8244661027873917, "8713907.0--8805426.0": 0.8294645042444542, "8805426.0--8809847.0": 0.8230662388832493, "8727480.0--8805426.0": 0.8657766396154135, "8706590.0--8805426.0": 0.7860939954370083, "8735916.0--8805426.0": 0.8348212875187542, "8474512.0--8805426.0": 0.7857115952312206, "8805426.0--8809845.0": 0.762662759331095, "8540796.0--8805426.0": 0.806206320293047, "8805426.0--8807233.0": 0.8098012902664247, "8617747.0--8805426.0": 0.7839141494845816, "8474486.0--8805426.0": 0.7777133435090406, "8474516.0--8805426.0": 0.8313456448656289, "8663650.0--8805426.0": 0.7679944777789525, "8663646.0--8805426.0": 0.7985923876713608, "8794553.0--8805426.0": 0.8017563784353808, "8805426.0--8863966.0": 0.7773591734702754, "8525340.0--8805426.0": 0.8216302812673903, "8805426.0--8805448.0": 0.7426557911694252, "8405549.0--8805426.0": 0.8229939562912849, "8611178.0--8805426.0": 0.7708095632187294, "8805426.0--8827593.0": 0.8246142513349328, "8805426.0--8805463.0": 0.7884189143578202, "8805426.0--8805457.0": 0.8454735881986225, "8805426.0--8805442.0": 0.7598164324796357, "8805426.0--8807266.0": 0.805508931453284, "8805426.0--8813126.0": 0.7868241579104545, "8585103.0--8805426.0": 0.7725820301362207, "8805426.0--8807235.0": 0.7796312325989487, "8585048.0--8805426.0": 0.7975273283850375, "8805426.0--8809843.0": 0.8300772208865116, "8805426.0--8809842.0": 0.8210835703378265, "8805426.0--8842614.0": 0.7690821760832531, "8805426.0--8805441.0": 0.7424742679574305, "8805426.0--8809920.0": 0.7354157009622565, "8663312.0--8805426.0": 0.7538308468276849, "8477126.0--8805426.0": 0.7938027772016278, "8805426.0--8807224.0": 0.808158242353493, "8805426.0--8807355.0": 0.7690092494132611, "8805426.0--8807320.0": 0.7761074818108293, "8665933.0--8805426.0": 0.776715202425875, "8805426.0--8845772.0": 0.7743052497513565, "8805426.0--8812989.0": 0.8165944789986556, "8636969.0--8805426.0": 0.78560949496791, "8805426.0--8805450.0": 0.7756251721067975, "8805426.0--8807243.0": 0.7815019505517714, "8805426.0--8805443.0": 0.7629734362462758, "8673661.0--8805426.0": 0.8114701377866858, "8805419.0--8805426.0": 0.7757321589145382, "8451903.0--8805426.0": 0.7842760616903238, "8805426.0--8805429.0": 0.7687988574680182, "8805426.0--8809846.0": 0.7701906353047661, "8805426.0--8809832.0": 0.7839380008182263, "8413174.0--8805426.0": 0.7743881251576831, "8494817.0--8805426.0": 0.760385051316041, "8637778.0--8805426.0": 0.7824372986270628, "8805426.0--8809742.0": 0.7792462060304353, "8805426.0--8807280.0": 0.8052964014566003, "8805426.0--8807274.0": 0.8295951726838664, "8805426.0--9216586.0": 0.7764452151899136, "8805426.0--9237132.0": 0.8045323398137378, "8805426.0--9216572.0": 0.7895545398331303, "8805426.0--9217952.0": 0.7913766009028491, "8805426.0--9217931.0": 0.8051473929781368, "8805426.0--9216507.0": 0.8142458722700074, "8805426.0--9222368.0": 0.7979436097532133, "8805426.0--9220137.0": 0.757453789325588, "8805426.0--9233460.0": 0.7886265029641678, "8805426.0--9222263.0": 0.7908907846704635, "8805426.0--9293003.0": 0.8051775663229572, "8805426.0--9222102.0": 0.7862358041542743, "8805426.0--9222323.0": 0.7814043881630035, "8805426.0--9222287.0": 0.7635449384108529,