{"8795584.0--8809223.0": 0.8539426987362075, "8807264.0--8809223.0": 0.7880949252464274, "8805431.0--8809223.0": 0.8086246972805607, "8453863.0--8809223.0": 0.8013483538026592, "8400404.0--8809223.0": 0.8778519721997142, "8809223.0--8809834.0": 0.8161109196390324, "8663447.0--8809223.0": 0.7874103241460926, "8807213.0--8809223.0": 0.8593367162407151, "8640251.0--8809223.0": 0.8186874164461215, "8807220.0--8809223.0": 0.8518834276656532, "8617736.0--8809223.0": 0.8242739533721692, "8617746.0--8809223.0": 0.7830362708737877, "8640072.0--8809223.0": 0.8190191383511249, "8636208.0--8809223.0": 0.8169093289974874, "8805458.0--8809223.0": 0.8232296929868114, "8807271.0--8809223.0": 0.8180354084415031, "8809223.0--8809678.0": 0.798266503268605, "8807226.0--8809223.0": 0.8268355531417946, "8805467.0--8809223.0": 0.8319238518766117, "8611113.0--8809223.0": 0.7999319340434702, "8809223.0--8854316.0": 0.8447700720549369, "8794607.0--8809223.0": 0.8004383108662674, "8805418.0--8809223.0": 0.7771734646211743, "8809223.0--8836087.0": 0.834227752237091, "8807283.0--8809223.0": 0.7872486572711921, "8809223.0--8820171.0": 0.8241091474555586, "8807288.0--8809223.0": 0.7359068404659148, "8807302.0--8809223.0": 0.788092086661589, "8805466.0--8809223.0": 0.7843626576417423, "8807351.0--8809223.0": 0.7919949482353931, "8805420.0--8809223.0": 0.765823067698672, "8807299.0--8809223.0": 0.7707210128762552, "8809223.0--8812988.0": 0.7848483307407415, "8807294.0--8809223.0": 0.7764268048049822, "8805434.0--8809223.0": 0.8323883723698343, "8732351.0--8809223.0": 0.7912155260596515, "8807232.0--8809223.0": 0.7982301066685795, "8419271.0--8809223.0": 0.7656272991191838, "8625484.0--8809223.0": 0.8092206396521817, "8807349.0--8809223.0": 0.8073899903101698, "8809223.0--8809730.0": 0.7964475074861734, "8730513.0--8809223.0": 0.8003924760936324, "8809223.0--8809833.0": 0.8247061531889714, "8523628.0--8809223.0": 0.776734506032434, "8434356.0--8809223.0": 0.7969221721091443, "8807303.0--8809223.0": 0.8280534324683283, "8809223.0--8811606.0": 0.7976286534090115, "8807244.0--8809223.0": 0.7945023994798046, "8490694.0--8809223.0": 0.8139744278455056, "8809223.0--8809844.0": 0.8001129044861999, "8809223.0--8809850.0": 0.8219789837466972, "8805445.0--8809223.0": 0.7939113118672684, "8412138.0--8809223.0": 0.7855437825940766, "8807247.0--8809223.0": 0.7725232412479878, "8809223.0--8848845.0": 0.7975138778977253, "8695851.0--8809223.0": 0.8008922348337212, "8713907.0--8809223.0": 0.8394541743659888, "8809223.0--8809847.0": 0.8242227925505246, "8727480.0--8809223.0": 0.845775779526085, "8706590.0--8809223.0": 0.7885967796068242, "8735916.0--8809223.0": 0.8090903622138614, "8474512.0--8809223.0": 0.8238671502531689, "8809223.0--8809845.0": 0.7795835713176716, "8540796.0--8809223.0": 0.8788999428647405, "8807233.0--8809223.0": 0.8219960273354437, "8617747.0--8809223.0": 0.7543877869917448, "8474486.0--8809223.0": 0.7781411834312348, "8474516.0--8809223.0": 0.826696001736376, "8663650.0--8809223.0": 0.7931771633443978, "8663646.0--8809223.0": 0.8005068304612728, "8794553.0--8809223.0": 0.8134296723847698, "8809223.0--8863966.0": 0.7950349193150046, "8525340.0--8809223.0": 0.7623721745076916, "8805448.0--8809223.0": 0.8299405020635814, "8405549.0--8809223.0": 0.8519404772635178, "8611178.0--8809223.0": 0.8582642815938236, "8809223.0--8827593.0": 0.7804592340893743, "8805463.0--8809223.0": 0.7534710819992982, "8805457.0--8809223.0": 0.7778449197664764, "8805442.0--8809223.0": 0.8008808958421494, "8807266.0--8809223.0": 0.8304220219898143, "8809223.0--8813126.0": 0.8217653886460201, "8585103.0--8809223.0": 0.8334697703985574, "8807235.0--8809223.0": 0.8104543608116461, "8585048.0--8809223.0": 0.8496489229937328, "8809223.0--8809843.0": 0.7614649520136031, "8809223.0--8809842.0": 0.8104871626576098, "8809223.0--8842614.0": 0.7747173287192743, "8805441.0--8809223.0": 0.7586504083190835, "8809223.0--8809920.0": 0.7463988416316952, "8663312.0--8809223.0": 0.8045827805678218, "8477126.0--8809223.0": 0.822926138680151, "8807224.0--8809223.0": 0.8076426016415974, "8807355.0--8809223.0": 0.7766438855482787, "8807320.0--8809223.0": 0.840987077004065, "8665933.0--8809223.0": 0.814156685709572, "8809223.0--8845772.0": 0.8060903624706257, "8809223.0--8812989.0": 0.8242304913149582, "8636969.0--8809223.0": 0.8160560609263418, "8805450.0--8809223.0": 0.8212352925672968, "8807243.0--8809223.0": 0.8310860111193089, "8805443.0--8809223.0": 0.8140457608977332, "8673661.0--8809223.0": 0.8328331489892274, "8805419.0--8809223.0": 0.8055884254734456, "8451903.0--8809223.0": 0.7685986393663988, "8805429.0--8809223.0": 0.8114443888890039, "8809223.0--8809846.0": 0.798241338636698, "8809223.0--8809832.0": 0.8054480621862828, "8413174.0--8809223.0": 0.7993088279174391, "8494817.0--8809223.0": 0.8100605136175795, "8637778.0--8809223.0": 0.7837451490956593, "8809223.0--8809742.0": 0.8202824604926541, "8807280.0--8809223.0": 0.8297431317307536, "8807274.0--8809223.0": 0.8599126998421767, "8809223.0--9216586.0": 0.8395435971679868, "8809223.0--9237132.0": 0.8337129345203917, "8809223.0--9216572.0": 0.771969934828392, "8809223.0--9217952.0": 0.8333217154460323, "8809223.0--9217931.0": 0.8536512512787074, "8809223.0--9216507.0": 0.8023487761563954, "8809223.0--9222368.0": 0.8379495440090816, "8809223.0--9220137.0": 0.8054170816367132, "8809223.0--9233460.0": 0.7923898009976278, "8809223.0--9222263.0": 0.768813234963123, "8809223.0--9293003.0": 0.8079511162289121, "8809223.0--9222102.0": 0.8305229719096925, "8809223.0--9222323.0": 0.8433187509607569, "8809223.0--9222287.0": 0.7965252182315619, "8809223.0--9223736.0": 0.8367510508542537, "8809223.0--9224191.0": 0.7862843870404705, "8809223.0--9222251.0": 0.7984106410295955, "8809223.0--9229242.0": 0.8364805707152071, "8809223.0--9282195.0": 0.7563257443537297, "8809223.0--9222098.0": 0.8576649949677451, "8809223.0--9234027.0": 0.8114629576460906, "8809223.0--9246308.0": 0.8262656633399299, "8809223.0--9240072.0": 0.7794657769490033, "8809223.0--9222353.0": 0.8379342924702177, "8809223.0--9222293.0": 0.8346007875606447, "8809223.0--9222089.0": 0.815087103130219, "8809223.0--9228893.0": 0.8169497920360028, "8809223.0--9224192.0": 0.783153383919475, "8809223.0--9222289.0": 0.8108876762429387, "8809223.0--9222038.0": 0.8232650014788342, "8809223.0--9229072.0": 0.7838526657525349, "8809223.0--9222295.0": 0.8472356870119928, "8809223.0--9222342.0": 0.7847903469316099, "8809223.0--9241407.0": 0.8055292721762243, "8809223.0--9288884.0": 0.824519564790729, "8809223.0--9222351.0": 0.7980493435609634, "8809223.0--9223669.0": 0.8252643209645627, "8809223.0--9222315.0": 0.7827346371043704, "8809223.0--9222335.0": 0.8129671606700004, "8809223.0--9222327.0": 0.8167716855974145, "8809223.0--9233469.0": 0.8153165677356637, "8809223.0--9226461.0": 0.8224861207778108, "8809223.0--9238508.0": 0.840719033325587, "8809223.0--9222266.0": 0.7577424992661365, "8809223.0--9225008.0": 0.8227631116348508, "8809223.0--9290431.0": 0.7939129387481405, "8809223.0--9239918.0": 0.8255435569511627, "8809223.0--9231271.0": 0.824425090377802, "8809223.0--9222313.0": 0.8098418636586905, "8809223.0--9231268.0": 0.797835628278698, "8809223.0--9222035.0": 0.7551538003575262, "8809223.0--9222091.0": 0.8209955186024199, "8809223.0--9229515.0": 0.7887079280489486, "8809223.0--9222301.0": 0.8444000852323156, "8809223.0--9222358.0": 0.8039597289176923, "8809223.0--9229135.0": 0.8272238074654499, "8809223.0--9222047.0": 0.8293934696748819, "8809223.0--9222272.0": 0.7781045443668198, "8809223.0--9222110.0": 0.8150354123806247, "8809223.0--9222364.0": 0.8196413199247118, "8809223.0--9222088.0": 0.8201361791507249, "8809223.0--9216518.0": 0.8134085299333049, "8809223.0--9222309.0": 0.8004457172979349, "8809223.0--9216595.0": 0.7590966219839693, "8809223.0--9216538.0": 0.790215561879031, "8809223.0--9216549.0": 0.7790312771952514, "8809223.0--9216559.0": 0.8187678026408951, "8809223.0--9222376.0": 0.7492874827449307,