{"9222294.0--9308628.0": 0.8395400597194542, "9241732.0--9308628.0": 0.7921916472875449, "9222060.0--9308628.0": 0.8269538600284594, "9222280.0--9308628.0": 0.8236955115789936}