{"8809750.0--8820172.0": 0.8248745513785093, "8476234.0--8809750.0": 0.7892962527771364, "8807314.0--8809750.0": 0.7716889380348432, "8794520.0--8809750.0": 0.823502368555149, "8805452.0--8809750.0": 0.7973010676453329, "8805462.0--8809750.0": 0.7717363406635733, "8807275.0--8809750.0": 0.7909195172865191, "8419285.0--8809750.0": 0.7837111325970686, "8807379.0--8809750.0": 0.7839908703664833, "8807234.0--8809750.0": 0.8034698627375044, "8423100.0--8809750.0": 0.7952718708619464, "8805455.0--8809750.0": 0.7627695318221399, "8727493.0--8809750.0": 0.7647799050701818, "8807369.0--8809750.0": 0.7418688343272107, "8532319.0--8809750.0": 0.7827583639512495, "8419325.0--8809750.0": 0.7875447686840396, "8805430.0--8809750.0": 0.7614937118742786, "8807301.0--8809750.0": 0.7774636553722822, "8713940.0--8809750.0": 0.8089976600552656, "8637795.0--8809750.0": 0.7941888422702532, "7999244.0--8809750.0": 0.7978221665621889, "8805439.0--8809750.0": 0.7651888917191545, "8805428.0--8809750.0": 0.8309219127531493, "8809223.0--8809750.0": 0.7993529033343088, "8795584.0--8809750.0": 0.7961633847100158, "8807264.0--8809750.0": 0.7523026714607246, "8805431.0--8809750.0": 0.7651036132735481, "8453863.0--8809750.0": 0.800905413031333, "8400404.0--8809750.0": 0.7869933773248852, "8809750.0--8809834.0": 0.784791517825669, "8663447.0--8809750.0": 0.7938943460329829, "8807213.0--8809750.0": 0.8261092703520506, "8640251.0--8809750.0": 0.8009127478550212, "8807220.0--8809750.0": 0.8161789760586237, "8617736.0--8809750.0": 0.7699291632651629, "8617746.0--8809750.0": 0.7679280184910788, "8640072.0--8809750.0": 0.8021162427117356, "8636208.0--8809750.0": 0.7916734482055023, "8805458.0--8809750.0": 0.7956581143509667, "8807271.0--8809750.0": 0.7973332207241082, "8809678.0--8809750.0": 0.783424058989266, "8807226.0--8809750.0": 0.7964760788036483, "8805467.0--8809750.0": 0.8020640529906553, "8611113.0--8809750.0": 0.7742027455046516, "8809750.0--8854316.0": 0.8000561344978521, "8794607.0--8809750.0": 0.7790402526678731, "8805418.0--8809750.0": 0.7712579063557173, "8809750.0--8836087.0": 0.8006101412195052, "8807283.0--8809750.0": 0.7666839810112686, "8809750.0--8820171.0": 0.8016013777559476, "8807288.0--8809750.0": 0.7380423520311509, "8807302.0--8809750.0": 0.7491289599711513, "8805466.0--8809750.0": 0.7650192624728109, "8807351.0--8809750.0": 0.7553719421118076, "8805420.0--8809750.0": 0.7638806248980465, "8807299.0--8809750.0": 0.7760883349055857, "8809750.0--8812988.0": 0.7760455289742919, "8807294.0--8809750.0": 0.7952750375377607, "8805434.0--8809750.0": 0.7880964129051011, "8732351.0--8809750.0": 0.7721808954958229, "8807232.0--8809750.0": 0.7745397269244251, "8419271.0--8809750.0": 0.74715750142121, "8625484.0--8809750.0": 0.7648673311865976, "8807349.0--8809750.0": 0.7902558459471214, "8809730.0--8809750.0": 0.7833336934582058, "8730513.0--8809750.0": 0.7862493148262639, "8809750.0--8809833.0": 0.7990828683052128, "8523628.0--8809750.0": 0.790154021881315, "8434356.0--8809750.0": 0.7971886144344671, "8807303.0--8809750.0": 0.8146116746986756, "8809750.0--8811606.0": 0.8145691839260172, "8807244.0--8809750.0": 0.8169937905536935, "8490694.0--8809750.0": 0.8159135224925845, "8809750.0--8809844.0": 0.8140472018164006, "8809750.0--8809850.0": 0.8164516265460738, "8805445.0--8809750.0": 0.7904621851956914, "8412138.0--8809750.0": 0.8011336996283326, "8807247.0--8809750.0": 0.8120208235799644, "8809750.0--8848845.0": 0.811352194586489, "8695851.0--8809750.0": 0.8081159724660498, "8713907.0--8809750.0": 0.8149019907073037, "8809750.0--8809847.0": 0.7989394566223994, "8727480.0--8809750.0": 0.8080571317316596, "8706590.0--8809750.0": 0.7772598287483398, "8735916.0--8809750.0": 0.7719248785581045, "8474512.0--8809750.0": 0.7781023044752061, "8809750.0--8809845.0": 0.7565935860379049, "8540796.0--8809750.0": 0.8040947305351925, "8807233.0--8809750.0": 0.8054854549921731, "8617747.0--8809750.0": 0.7503637660927848, "8474486.0--8809750.0": 0.7808091919467403, "8474516.0--8809750.0": 0.7965606685646104, "8663650.0--8809750.0": 0.767782204591908, "8663646.0--8809750.0": 0.7935531757925978, "8794553.0--8809750.0": 0.7970931705054275, "8809750.0--8863966.0": 0.7672572107245794, "8525340.0--8809750.0": 0.7863943000894783, "8805448.0--8809750.0": 0.7590838154418317, "8405549.0--8809750.0": 0.7934045412724002, "8611178.0--8809750.0": 0.7892645746825246, "8809750.0--8827593.0": 0.7794940838548625, "8805463.0--8809750.0": 0.7621989247469705, "8805457.0--8809750.0": 0.7874625661747521, "8805442.0--8809750.0": 0.7811411765166013, "8807266.0--8809750.0": 0.8126090855446496, "8809750.0--8813126.0": 0.7896339560454722, "8585103.0--8809750.0": 0.778841948247916, "8807235.0--8809750.0": 0.7627274766233649, "8585048.0--8809750.0": 0.795973785769428, "8809750.0--8809843.0": 0.7673488785756782, "8809750.0--8809842.0": 0.7777502247851026, "8809750.0--8842614.0": 0.7628453683170857, "8805441.0--8809750.0": 0.729673836786742, "8809750.0--8809920.0": 0.7369211279599409, "8663312.0--8809750.0": 0.7485706269460632, "8477126.0--8809750.0": 0.8000615818365227, "8807224.0--8809750.0": 0.7950533493689447, "8807355.0--8809750.0": 0.7859483216066508, "8807320.0--8809750.0": 0.8023747446696429, "8665933.0--8809750.0": 0.7993503395829594, "8809750.0--8845772.0": 0.7953225443280398, "8809750.0--8812989.0": 0.7892507726626395, "8636969.0--8809750.0": 0.8070602728563172, "8805450.0--8809750.0": 0.7917393902148061, "8807243.0--8809750.0": 0.7956167365930793, "8805443.0--8809750.0": 0.758300096868861, "8673661.0--8809750.0": 0.7990195305515015, "8805419.0--8809750.0": 0.7787525565567321, "8451903.0--8809750.0": 0.7492693292020477, "8805429.0--8809750.0": 0.7878092847453665, "8809750.0--8809846.0": 0.7798748854746773, "8809750.0--8809832.0": 0.80314022293113, "8413174.0--8809750.0": 0.7692994122079204, "8494817.0--8809750.0": 0.7843612263566045, "8637778.0--8809750.0": 0.7780179287772893, "8809742.0--8809750.0": 0.7899618382203084, "8807280.0--8809750.0": 0.8221913538487989, "8807274.0--8809750.0": 0.8156523749981532, "8809750.0--9216586.0": 0.8203184091798877, "8809750.0--9237132.0": 0.7906544635407444, "8809750.0--9216572.0": 0.8312703432613097, "8809750.0--9217952.0": 0.7745379859806674, "8809750.0--9217931.0": 0.8070856423578221, "8809750.0--9216507.0": 0.7858484032766443, "8809750.0--9222368.0": 0.7889758323292695, "8809750.0--9220137.0": 0.7791290751934277, "8809750.0--9233460.0": 0.7621663661992423, "8809750.0--9222263.0": 0.77408726956889, "8809750.0--9293003.0": 0.7929467506602521, "8809750.0--9222102.0": 0.7719733019743901, "8809750.0--9222323.0": 0.8181188755599077, "8809750.0--9222287.0": 0.7777375686583637, "8809750.0--9223736.0": 0.8173418568097509, "8809750.0--9224191.0": 0.8051844643191645, "8809750.0--9222251.0": 0.7535188709163129, "8809750.0--9229242.0": 0.7754403645631989, "8809750.0--9282195.0": 0.7754625970287718, "8809750.0--9222098.0": 0.8630300063580167, "8809750.0--9234027.0": 0.7735388953502427, "8809750.0--9246308.0": 0.783215805483789, "8809750.0--9240072.0": 0.8125821009526886, "8809750.0--9222353.0": 0.8066115330673445, "8809750.0--9222293.0": 0.7843573999415575, "8809750.0--9222089.0": 0.7723343398669658, "8809750.0--9228893.0": 0.7941134730963791, "8809750.0--9224192.0": 0.7992283444785062, "8809750.0--9222289.0": 0.7937047447350744, "8809750.0--9222038.0": 0.8462273838671772, "8809750.0--9229072.0": 0.8097829315175851, "8809750.0--9222295.0": 0.8263792754147754, "8809750.0--9222342.0": 0.7763279831017654, "8809750.0--9241407.0": 0.7927540134605271, "8809750.0--9288884.0": 0.7942076124121882, "8809750.0--9222351.0": 0.8061463431924956, "8809750.0--9223669.0": 0.7867175437150635, "8809750.0--9222315.0": 0.774338456448166, "8809750.0--9222335.0": 0.8067131135359914, "8809750.0--9222327.0": 0.7999459945493151, "8809750.0--9233469.0": 0.8136759067424426, "8809750.0--9226461.0": 0.8291230726578604, "8809750.0--9238508.0": 0.8082254301096312, "8809750.0--9222266.0": 0.743776944961514,