{"8440815.0--8443131.0": 0.7758646455481188, "8443131.0--8500765.0": 0.7948851556596053, "8440804.0--8443131.0": 0.7691023707321405, "8443131.0--8454276.0": 0.7629547055309029, "8443131.0--8464305.0": 0.7842647296244425, "8443131.0--8494828.0": 0.7685271513421895, "8440825.0--8443131.0": 0.8288411711403656, "8440814.0--8443131.0": 0.775099993191561, "8440838.0--8443131.0": 0.7568774538282745, "8440855.0--8443131.0": 0.7545475618600992, "8443131.0--8454489.0": 0.7751642854366206, "8440834.0--8443131.0": 0.7563167643823124, "8440826.0--8443131.0": 0.7574212376492055, "8440823.0--8443131.0": 0.756519617769503, "8440845.0--8443131.0": 0.7409901106227198, "8440810.0--8443131.0": 0.7730156819245624, "8440806.0--8443131.0": 0.7654255387497199, "8440817.0--8443131.0": 0.7480185620717619, "8440813.0--8443131.0": 0.8067411605039303, "8443125.0--8443131.0": 0.7325296249045921, "8443131.0--8456575.0": 0.7724130250748169, "8440860.0--8443131.0": 0.7911251574170467, "8443131.0--8454343.0": 0.7730072591285283, "8440803.0--8443131.0": 0.7968509873938583, "8443131.0--8454344.0": 0.7819333687751548, "8440854.0--8443131.0": 0.8059235326887304, "8443131.0--8454346.0": 0.7577699387362119, "8440827.0--8443131.0": 0.754426131437629, "8440836.0--8443131.0": 0.7666524549442528, "8440844.0--8443131.0": 0.7443505938069822, "8440808.0--8443131.0": 0.7545899588116256, "8440837.0--8443131.0": 0.7797074890641464, "8440858.0--8443131.0": 0.7525982785827829, "8440820.0--8443131.0": 0.7447959997749379, "8440833.0--8443131.0": 0.7397327075695859, "8443131.0--8444072.0": 0.7911923779078294, "8440812.0--8443131.0": 0.7648599903484392, "8440809.0--8443131.0": 0.7820924011486006, "8443131.0--8454904.0": 0.8001738480437859, "8440846.0--8443131.0": 0.7769059419148912, "8440830.0--8443131.0": 0.7778605341662719, "8443131.0--8444077.0": 0.7684690762324556, "8440847.0--8443131.0": 0.7847893271127477, "8440849.0--8443131.0": 0.7699025833694287, "8443124.0--8443131.0": 0.77025268440724, "8440843.0--8443131.0": 0.7363396113058509, "8443131.0--8807265.0": 0.7791044292885374, "8443131.0--8816695.0": 0.7754082343367907, "8443131.0--8805426.0": 0.7688137784516278, "8443131.0--8805421.0": 0.7833568348008298, "8443131.0--8812684.0": 0.7341671740337076, "8443131.0--8805461.0": 0.7565259107118529, "8443131.0--8807255.0": 0.7739259513655354, "8443131.0--8805460.0": 0.7640606719361518, "8443131.0--8807292.0": 0.7641291842501577, "8443131.0--8807354.0": 0.7893541322175475, "8443131.0--8809711.0": 0.7600139576945375, "8443131.0--8805422.0": 0.7757682731434626, "8443131.0--8805424.0": 0.7496786417136895, "8443131.0--8794517.0": 0.7270565229424646, "8443131.0--8805451.0": 0.7449255115999702, "8443131.0--8807223.0": 0.7577397085633231, "8443131.0--8794560.0": 0.7584790874562517, "8443131.0--8481543.0": 0.7389355245034216, "8443131.0--8802285.0": 0.7301460027316596, "8443131.0--8807245.0": 0.7572290640338981, "8443131.0--8805456.0": 0.7593473744562961, "8443131.0--8827944.0": 0.7443735060677588, "8443131.0--8807296.0": 0.7386561318128384, "8443131.0--8827951.0": 0.758287961636566, "8443131.0--8854335.0": 0.7699871108660394, "8443131.0--8805446.0": 0.7674294054424051, "8443131.0--8805436.0": 0.7558404821513303, "8443131.0--8805433.0": 0.7622607850243452, "8443131.0--8546802.0": 0.7762807462342424, "8443131.0--8805427.0": 0.7450687414114501, "8443131.0--8836120.0": 0.7643742533013487, "8443131.0--8794768.0": 0.7428479272644145, "8443131.0--8809750.0": 0.757685964612325, "8443131.0--8820172.0": 0.7895654114898699, "8443131.0--8476234.0": 0.7936157556991869, "8443131.0--8807314.0": 0.7381262072414058, "8443131.0--8794520.0": 0.7664501011667495, "8443131.0--8805452.0": 0.759095058684062, "8443131.0--8805462.0": 0.7840727944284364, "8443131.0--8807275.0": 0.7616883167512749, "8419285.0--8443131.0": 0.7396811325364013, "8443131.0--8807379.0": 0.7524091538708881, "8443131.0--8807234.0": 0.7764030486187996, "8423100.0--8443131.0": 0.7668496758415142, "8443131.0--8805455.0": 0.7326660012060621, "8443131.0--8727493.0": 0.7154152535581441, "8443131.0--8807369.0": 0.7481048881969142, "8443131.0--8532319.0": 0.7475914742935118, "8419325.0--8443131.0": 0.748430438689405, "8443131.0--8805430.0": 0.7548775382282111, "8443131.0--8807301.0": 0.7765091443622926, "8443131.0--8713940.0": 0.7729071496376322, "8443131.0--8637795.0": 0.7700624720236635, "7999244.0--8443131.0": 0.7605911533621441, "8443131.0--8805439.0": 0.811995237199981, "8443131.0--8805428.0": 0.7490195522525799, "8443131.0--8809223.0": 0.7756048364292472, "8443131.0--8795584.0": 0.759885923402613, "8443131.0--8807264.0": 0.7559440742169772, "8443131.0--8805431.0": 0.760192530307855, "8443131.0--8453863.0": 0.7629295357557222, "8400404.0--8443131.0": 0.7630948161997829, "8443131.0--8809834.0": 0.7360727941540619, "8443131.0--8663447.0": 0.7565816593388837, "8443131.0--8807213.0": 0.7935104131209426, "8443131.0--8640251.0": 0.7705141931875839, "8443131.0--8807220.0": 0.7948503282957995, "8443131.0--8617736.0": 0.7651591052093647, "8443131.0--8617746.0": 0.7369958622256157, "8443131.0--8640072.0": 0.7696568999381027, "8443131.0--8636208.0": 0.7719465777388751, "8443131.0--8805458.0": 0.7524647623864325, "8443131.0--8807271.0": 0.7764606351268001, "8443131.0--8809678.0": 0.7358950479295951, "8443131.0--8807226.0": 0.7932936986258688, "8443131.0--8805467.0": 0.7943112321455124, "8443131.0--8611113.0": 0.7597496370353288, "8443131.0--8854316.0": 0.7608142220515163, "8443131.0--8794607.0": 0.7574395503527218, "8443131.0--8805418.0": 0.7502207581950762, "8443131.0--8836087.0": 0.7677519044009524, "8443131.0--8807283.0": 0.7740324315114973, "8443131.0--8820171.0": 0.7682509763260565, "8443131.0--8807288.0": 0.7393918136567563, "8443131.0--8807302.0": 0.7606996851819339, "8443131.0--8805466.0": 0.7746140518977203, "8443131.0--8807351.0": 0.7867458533182966, "8443131.0--8805420.0": 0.7742011545083565, "8443131.0--8807299.0": 0.7660648833944899, "8443131.0--8812988.0": 0.8361018772310987, "8443131.0--8807294.0": 0.774644336415113, "8443131.0--8805434.0": 0.7889034467375178, "8443131.0--8732351.0": 0.7707015266122645, "8443131.0--8807232.0": 0.8039814818879734, "8419271.0--8443131.0": 0.7718321725652613, "8443131.0--8625484.0": 0.7760471518120481, "8443131.0--8807349.0": 0.7767071715058149, "8443131.0--8809730.0": 0.7549774183904288, "8443131.0--8730513.0": 0.7969127634595774, "8443131.0--8809833.0": 0.7791146262091304, "8443131.0--8523628.0": 0.7523856553495931, "8434356.0--8443131.0": 0.770574747755015, "8443131.0--8807303.0": 0.7870378689396689, "8443131.0--8811606.0": 0.7551297701639659, "8443131.0--8807244.0": 0.7386443661211535, "8443131.0--8490694.0": 0.7746243097137641, "8443131.0--8809844.0": 0.7482708333057903, "8443131.0--8809850.0": 0.7697128985653932, "8443131.0--8805445.0": 0.7391170626188321, "8412138.0--8443131.0": 0.7722229846203909, "8443131.0--8807247.0": 0.7562763898274896, "8443131.0--8848845.0": 0.7603165599302566, "8443131.0--8695851.0": 0.7623670909449272, "8443131.0--8713907.0": 0.7763377745855324, "8443131.0--8809847.0": 0.7704645091885657, "8443131.0--8727480.0": 0.7733207273613851, "8443131.0--8706590.0": 0.7573004756175241, "8443131.0--8735916.0": 0.7987174813319639, "8443131.0--8474512.0": 0.7934367899174124, "8443131.0--8809845.0": 0.7499147512603482, "8443131.0--8540796.0": 0.7861625951124033, "8443131.0--8807233.0": 0.790720247579612, "8443131.0--8617747.0": 0.7445659702070783, "8443131.0--8474486.0": 0.7732549493699875, "8443131.0--8474516.0": 0.768715130243127, "8443131.0--8663650.0": 0.7645168735496961, "8443131.0--8663646.0": 0.7535700774485353, "8443131.0--8794553.0": 0.768419253520225, "8443131.0--8863966.0": 0.7609314687497979, "8443131.0--8525340.0": 0.7344423190705569, "8443131.0--8805448.0": 0.7422377170207782, "8405549.0--8443131.0": 0.785112209674017, "8443131.0--8611178.0": 0.7778468016476249, "8443131.0--8827593.0": 0.7692856998083397, "8443131.0--8805463.0": 0.806722253779195, "8443131.0--8805457.0": 0.7900869394360502,