{"8807296.0--8827951.0": 0.7813909953475258, "8807296.0--8854335.0": 0.8005176942100495, "8805446.0--8807296.0": 0.8054436934420097, "8805436.0--8807296.0": 0.7969839329479642, "8805433.0--8807296.0": 0.7747982683412864, "8546802.0--8807296.0": 0.8229976125362752, "8805427.0--8807296.0": 0.7631097303589373, "8807296.0--8836120.0": 0.8001425924821974, "8794768.0--8807296.0": 0.7851619414795128, "8807296.0--8809750.0": 0.8018607867480205, "8807296.0--8820172.0": 0.8506623411860535, "8476234.0--8807296.0": 0.781763641107412, "8807296.0--8807314.0": 0.7811402821555411, "8794520.0--8807296.0": 0.838501112695915, "8805452.0--8807296.0": 0.8449167817333487, "8805462.0--8807296.0": 0.778839080821906, "8807275.0--8807296.0": 0.8279555529026847, "8419285.0--8807296.0": 0.7940672385201649, "8807296.0--8807379.0": 0.7964772724229043, "8807234.0--8807296.0": 0.8034192554293051, "8423100.0--8807296.0": 0.7635641135722936, "8805455.0--8807296.0": 0.7930080666698415, "8727493.0--8807296.0": 0.7601864634356678, "8807296.0--8807369.0": 0.7625705734794868, "8532319.0--8807296.0": 0.8207792477096693, "8419325.0--8807296.0": 0.8173085853702776, "8805430.0--8807296.0": 0.7820790045467265, "8807296.0--8807301.0": 0.7628967098515502, "8713940.0--8807296.0": 0.8154556578519354, "8637795.0--8807296.0": 0.8144953503760706, "7999244.0--8807296.0": 0.7968412078083541, "8805439.0--8807296.0": 0.7657611122483019, "8805428.0--8807296.0": 0.8057645570909571, "8807296.0--8809223.0": 0.8283196080210402, "8795584.0--8807296.0": 0.7962284841879398, "8807264.0--8807296.0": 0.7653346802347731, "8805431.0--8807296.0": 0.7755524723056888, "8453863.0--8807296.0": 0.7741782249608357, "8400404.0--8807296.0": 0.8072540150000137, "8807296.0--8809834.0": 0.8141877489869783, "8663447.0--8807296.0": 0.7973794461919927, "8807213.0--8807296.0": 0.8140052088549364, "8640251.0--8807296.0": 0.7942382560546278, "8807220.0--8807296.0": 0.8270613933245974, "8617736.0--8807296.0": 0.7819276832266918, "8617746.0--8807296.0": 0.7686028210905774, "8640072.0--8807296.0": 0.7916906443037215, "8636208.0--8807296.0": 0.8009248174076942, "8805458.0--8807296.0": 0.7877257935004371, "8807271.0--8807296.0": 0.8093799042950179, "8807296.0--8809678.0": 0.7761194388769622, "8807226.0--8807296.0": 0.7950389287243196, "8805467.0--8807296.0": 0.8150037695681612, "8611113.0--8807296.0": 0.7733435537386336, "8807296.0--8854316.0": 0.8171869593194064, "8794607.0--8807296.0": 0.7800890663937237, "8805418.0--8807296.0": 0.7665615849368086, "8807296.0--8836087.0": 0.7901102995238183, "8807283.0--8807296.0": 0.788100924245499, "8807296.0--8820171.0": 0.7959960871253708, "8807288.0--8807296.0": 0.7410962684709699, "8807296.0--8807302.0": 0.7425089710459413, "8805466.0--8807296.0": 0.7794985980862827, "8807296.0--8807351.0": 0.7846626907383761, "8805420.0--8807296.0": 0.7546660947006352, "8807296.0--8807299.0": 0.7937444124043536, "8807296.0--8812988.0": 0.8059338561013314, "8807294.0--8807296.0": 0.8191539873509579, "8805434.0--8807296.0": 0.7931361019122116, "8732351.0--8807296.0": 0.8183265504734437, "8807232.0--8807296.0": 0.7932503862911324, "8419271.0--8807296.0": 0.7618815182808405, "8625484.0--8807296.0": 0.7620551188146373, "8807296.0--8807349.0": 0.8026897044680696, "8807296.0--8809730.0": 0.7924473663535079, "8730513.0--8807296.0": 0.7868055101902786, "8807296.0--8809833.0": 0.77758218594192, "8523628.0--8807296.0": 0.7722716522313221, "8434356.0--8807296.0": 0.7795416309357452, "8807296.0--8807303.0": 0.7914939149954701, "8807296.0--8811606.0": 0.8127016574486617, "8807244.0--8807296.0": 0.7902466259046792, "8490694.0--8807296.0": 0.8245241621019741, "8807296.0--8809844.0": 0.8234720957961972, "8807296.0--8809850.0": 0.8078213081128095, "8805445.0--8807296.0": 0.8246402041343007, "8412138.0--8807296.0": 0.8020531680704576, "8807247.0--8807296.0": 0.7874238992828049, "8807296.0--8848845.0": 0.7701561122354218, "8695851.0--8807296.0": 0.833945501147916, "8713907.0--8807296.0": 0.8328373873014278, "8807296.0--8809847.0": 0.8437472148608962, "8727480.0--8807296.0": 0.8546774475387765, "8706590.0--8807296.0": 0.8003484541018895, "8735916.0--8807296.0": 0.8158934715056911, "8474512.0--8807296.0": 0.7943202794725606, "8807296.0--8809845.0": 0.7784417541296204, "8540796.0--8807296.0": 0.8245537839917041, "8807233.0--8807296.0": 0.8267654193741052, "8617747.0--8807296.0": 0.780884897004123, "8474486.0--8807296.0": 0.7729567820461143, "8474516.0--8807296.0": 0.8291629524514801, "8663650.0--8807296.0": 0.7769637824416161, "8663646.0--8807296.0": 0.7780177012933555, "8794553.0--8807296.0": 0.8038950490369217, "8807296.0--8863966.0": 0.7914446825135308, "8525340.0--8807296.0": 0.8251094244471063, "8805448.0--8807296.0": 0.7538928030756047, "8405549.0--8807296.0": 0.8057954030438612, "8611178.0--8807296.0": 0.8185933905628453, "8807296.0--8827593.0": 0.8466623901553206, "8805463.0--8807296.0": 0.7651396583434631, "8805457.0--8807296.0": 0.8026615016520375, "8805442.0--8807296.0": 0.7974380849295404, "8807266.0--8807296.0": 0.8332028079153044, "8807296.0--8813126.0": 0.7993218302021772, "8585103.0--8807296.0": 0.7742262363834175, "8807235.0--8807296.0": 0.7907677475185726, "8585048.0--8807296.0": 0.8066395683341621, "8807296.0--8809843.0": 0.8229474881038262, "8807296.0--8809842.0": 0.7862739912242973, "8807296.0--8842614.0": 0.7612888765414414, "8805441.0--8807296.0": 0.7493512750464759, "8807296.0--8809920.0": 0.731256245637553, "8663312.0--8807296.0": 0.7675655003916774, "8477126.0--8807296.0": 0.8106393579347964, "8807224.0--8807296.0": 0.7982050489527865, "8807296.0--8807355.0": 0.7874697146316282, "8807296.0--8807320.0": 0.7890377010517924, "8665933.0--8807296.0": 0.7915832295660297, "8807296.0--8845772.0": 0.7649809387204087, "8807296.0--8812989.0": 0.7996779094924492, "8636969.0--8807296.0": 0.7895968675276576, "8805450.0--8807296.0": 0.7785057979874757, "8807243.0--8807296.0": 0.7964093815577805, "8805443.0--8807296.0": 0.7588191846210727, "8673661.0--8807296.0": 0.8081072012115308, "8805419.0--8807296.0": 0.8060715932156031, "8451903.0--8807296.0": 0.7798217445877734, "8805429.0--8807296.0": 0.8018916815513305, "8807296.0--8809846.0": 0.7876989252154236, "8807296.0--8809832.0": 0.7976497002151339, "8413174.0--8807296.0": 0.8020242107337857, "8494817.0--8807296.0": 0.7930664620507958, "8637778.0--8807296.0": 0.8092523030625383, "8807296.0--8809742.0": 0.768322383728253, "8807280.0--8807296.0": 0.7878511681689584, "8807274.0--8807296.0": 0.832173540143662, "8807296.0--9216586.0": 0.839815882351447, "8807296.0--9237132.0": 0.8047366888963612, "8807296.0--9216572.0": 0.7859210221383174, "8807296.0--9217952.0": 0.7763895911605602, "8807296.0--9217931.0": 0.8122537078677486, "8807296.0--9216507.0": 0.7986882325635889, "8807296.0--9222368.0": 0.8184336042001414, "8807296.0--9220137.0": 0.7628896055497922, "8807296.0--9233460.0": 0.7878732421077134, "8807296.0--9222263.0": 0.7995765717136193, "8807296.0--9293003.0": 0.8128554711420742, "8807296.0--9222102.0": 0.7798475731347785, "8807296.0--9222323.0": 0.7966089732315099, "8807296.0--9222287.0": 0.7710319695283662, "8807296.0--9223736.0": 0.7693803532741929, "8807296.0--9224191.0": 0.8178625921695416, "8807296.0--9222251.0": 0.7756440092383987, "8807296.0--9229242.0": 0.8096563879132679, "8807296.0--9282195.0": 0.7961843850899075, "8807296.0--9222098.0": 0.8130043600812169, "8807296.0--9234027.0": 0.7807367782859167, "8807296.0--9246308.0": 0.7973990197965892, "8807296.0--9240072.0": 0.7882193882681494, "8807296.0--9222353.0": 0.821203294568096, "8807296.0--9222293.0": 0.7908542373556819, "8807296.0--9222089.0": 0.7835410181249187, "8807296.0--9228893.0": 0.8201672898112808, "8807296.0--9224192.0": 0.7707094303416944, "8807296.0--9222289.0": 0.7896349569386019, "8807296.0--9222038.0": 0.7785038827263631, "8807296.0--9229072.0": 0.788033116852345, "8807296.0--9222295.0": 0.8286254329594421, "8807296.0--9222342.0": 0.7898340871128138, "8807296.0--9241407.0": 0.7890936442998318,