{"8665933.0--8807320.0": 0.8071964533389271, "8807320.0--8845772.0": 0.8141741971837686, "8807320.0--8812989.0": 0.8414441582450514, "8636969.0--8807320.0": 0.8236353109309938, "8805450.0--8807320.0": 0.809214374680448, "8807243.0--8807320.0": 0.7942708678808061, "8805443.0--8807320.0": 0.8421349900763471, "8673661.0--8807320.0": 0.8115540015168793, "8805419.0--8807320.0": 0.7777924843962981, "8451903.0--8807320.0": 0.7686530796568727, "8805429.0--8807320.0": 0.8256993761571103, "8807320.0--8809846.0": 0.8333234838001224, "8807320.0--8809832.0": 0.8145135293563786, "8413174.0--8807320.0": 0.800332319114727, "8494817.0--8807320.0": 0.8513348372025642, "8637778.0--8807320.0": 0.8239680683015989, "8807320.0--8809742.0": 0.8203026483216359, "8807280.0--8807320.0": 0.8304798349814893, "8807274.0--8807320.0": 0.8167406772003096, "8807320.0--9216586.0": 0.7995721148405555, "8807320.0--9237132.0": 0.8499278615272139, "8807320.0--9216572.0": 0.812927868776076, "8807320.0--9217952.0": 0.8432899666555476, "8807320.0--9217931.0": 0.8276927558603204, "8807320.0--9216507.0": 0.8188406541689499, "8807320.0--9222368.0": 0.8145019759314163, "8807320.0--9220137.0": 0.7985542259903228, "8807320.0--9233460.0": 0.774271838373355, "8807320.0--9222263.0": 0.7600080744271854, "8807320.0--9293003.0": 0.8032690347310977, "8807320.0--9222102.0": 0.8305306595870876, "8807320.0--9222323.0": 0.8223778229986111, "8807320.0--9222287.0": 0.7857276181977161, "8807320.0--9223736.0": 0.8602429631479358, "8807320.0--9224191.0": 0.7860294599499378, "8807320.0--9222251.0": 0.7726345021753112, "8807320.0--9229242.0": 0.829816399159943, "8807320.0--9282195.0": 0.7604889308514942, "8807320.0--9222098.0": 0.8487053340554456, "8807320.0--9234027.0": 0.7833450807779284, "8807320.0--9246308.0": 0.8200680625918403, "8807320.0--9240072.0": 0.7811717298904153, "8807320.0--9222353.0": 0.8140324622754613, "8807320.0--9222293.0": 0.8158414100843867, "8807320.0--9222089.0": 0.8020780195217041, "8807320.0--9228893.0": 0.82939844449165, "8807320.0--9224192.0": 0.7947185568949948, "8807320.0--9222289.0": 0.8057715702322615, "8807320.0--9222038.0": 0.8020687913260721, "8807320.0--9229072.0": 0.7944152811167825, "8807320.0--9222295.0": 0.8462995787695278, "8807320.0--9222342.0": 0.7679437516864587, "8807320.0--9241407.0": 0.7976499397949336, "8807320.0--9288884.0": 0.8818444339658443, "8807320.0--9222351.0": 0.8203220947098165, "8807320.0--9223669.0": 0.8188370204248725, "8807320.0--9222315.0": 0.7946849793188696, "8807320.0--9222335.0": 0.779039097727213, "8807320.0--9222327.0": 0.8457850707268271, "8807320.0--9233469.0": 0.7972010114733649, "8807320.0--9226461.0": 0.7964223275568946, "8807320.0--9238508.0": 0.9116856747298131, "8807320.0--9222266.0": 0.757004318626906, "8807320.0--9225008.0": 0.8354053210773799, "8807320.0--9290431.0": 0.8213496637409569, "8807320.0--9239918.0": 0.8601148224800859, "8807320.0--9231271.0": 0.773580942677308, "8807320.0--9222313.0": 0.7934455605089531, "8807320.0--9231268.0": 0.7748341990465614, "8807320.0--9222035.0": 0.7774471298385564, "8807320.0--9222091.0": 0.807800603836537, "8807320.0--9229515.0": 0.7649611021873574, "8807320.0--9222301.0": 0.8198623457057492, "8807320.0--9222358.0": 0.7921194748412407, "8807320.0--9229135.0": 0.8349458242799335, "8807320.0--9222047.0": 0.8734715698799104, "8807320.0--9222272.0": 0.7938147446273922, "8807320.0--9222110.0": 0.7876785846459701, "8807320.0--9222364.0": 0.860770671710176, "8807320.0--9222088.0": 0.8153904531023902, "8807320.0--9216518.0": 0.7967503748261675, "8807320.0--9222309.0": 0.7833985643216659, "8807320.0--9216595.0": 0.7664836066380118, "8807320.0--9216538.0": 0.7682661695351397, "8807320.0--9216549.0": 0.7691060877592748, "8807320.0--9216559.0": 0.8371580446248903, "8807320.0--9222376.0": 0.7541283912090797, "8807320.0--9222374.0": 0.8177347104834047, "8807320.0--9224194.0": 0.777073901484952, "8807320.0--9222254.0": 0.7799739244633696, "8807320.0--9222049.0": 0.7708801536620553, "8807320.0--9222562.0": 0.7825089001302838, "8807320.0--9226126.0": 0.7646668009458418, "8807320.0--9240062.0": 0.7970111022615576, "8807320.0--9226101.0": 0.7833080338220257, "8807320.0--9222377.0": 0.7672266479462322, "8807320.0--9233392.0": 0.8041490172283416, "8807320.0--9222093.0": 0.775182051704244, "8807320.0--9224154.0": 0.7548033575900825, "8807320.0--9240061.0": 0.7608996395527887, "8807320.0--9222512.0": 0.7950992421806816, "8807320.0--9241413.0": 0.7829445709707419, "8807320.0--9224646.0": 0.7813935672620373, "8807320.0--9222372.0": 0.734392558773928, "8807320.0--9222253.0": 0.7913978095622184, "8807320.0--9222092.0": 0.8223935048777083, "8807320.0--9222271.0": 0.8176061613461887, "8807320.0--9230431.0": 0.7810138608293993, "8807320.0--9222076.0": 0.8156439596905699, "8807320.0--9222053.0": 0.7848091926130881, "8807320.0--9216532.0": 0.7997395505189177, "8807320.0--9222085.0": 0.783756405540323, "8807320.0--9216629.0": 0.8037088862302821, "8807320.0--9308630.0": 0.772481842127134, "8807320.0--9308624.0": 0.792766704474754, "8807320.0--9219240.0": 0.7868182153984989, "8807320.0--9216630.0": 0.7847252198057902, "8807320.0--9217981.0": 0.8167684885842101, "8807320.0--9224153.0": 0.7623412638631055, "8807320.0--9286505.0": 0.7962530187555117, "8807320.0--9216512.0": 0.8184332472030247, "8807320.0--9216579.0": 0.7751151526016733, "8807320.0--9222249.0": 0.8049032834256296, "8807320.0--9222367.0": 0.7685318566342244, "8807320.0--9222325.0": 0.7449629122485413, "8807320.0--9222510.0": 0.7574749574949169, "8807320.0--9246250.0": 0.8296037586209782, "8807320.0--9308627.0": 0.8081487684232328, "8807320.0--9224186.0": 0.818125017150364, "8807320.0--9229232.0": 0.7665302111702725, "8807320.0--9226404.0": 0.8007819299931939, "8807320.0--9308631.0": 0.7819176127944477, "8807320.0--9222255.0": 0.7925166835845423, "8807320.0--9222261.0": 0.777936841509, "8807320.0--9222338.0": 0.7717033317126545, "8807320.0--9222284.0": 0.800508907668924, "8807320.0--9230430.0": 0.7961404466693602, "8807320.0--9308622.0": 0.7419405966169956, "8807320.0--9286903.0": 0.7212046918473166, "8807320.0--9234473.0": 0.7723748365265204, "8807320.0--9241426.0": 0.8242582705902071, "8807320.0--9222269.0": 0.8291779633719243, "8807320.0--9237999.0": 0.805316293256881, "8807320.0--9222072.0": 0.8005502235033414, "8807320.0--9224197.0": 0.7842667926932553, "8807320.0--9246282.0": 0.7804273556673611, "8807320.0--9222314.0": 0.7821907330922926, "8807320.0--9222357.0": 0.7898506940981074, "8807320.0--9222086.0": 0.7568142311884968, "8807320.0--9222360.0": 0.8098004652608345, "8807320.0--9222065.0": 0.7740823731125088, "8807320.0--9228894.0": 0.8188608881674546, "8807320.0--9233264.0": 0.8075560138002003, "8807320.0--9222343.0": 0.7673974491087567, "8807320.0--9308621.0": 0.7721747752032446, "8807320.0--9308625.0": 0.8009103610678309, "8807320.0--9241744.0": 0.7884622806920762, "8807320.0--9308629.0": 0.7985058046673899, "8807320.0--9222068.0": 0.7559491317077645, "8807320.0--9222248.0": 0.7948883412550379, "8807320.0--9222274.0": 0.7812568220382018, "8807320.0--9229116.0": 0.8006008540526413, "8807320.0--9233993.0": 0.7734414003464796, "8807320.0--9308623.0": 0.8233570687886014, "8807320.0--9222553.0": 0.7915345397774923, "8807320.0--9222341.0": 0.7987523669156054, "8807320.0--9222346.0": 0.8039188338431587, "8807320.0--9308628.0": 0.799920602987525, "8807320.0--9222294.0": 0.7711009813176425, "8807320.0--9241732.0": 0.7937719067424558, "8807320.0--9222060.0": 0.8269429048990424, "8807320.0--9222280.0": 0.8257807250507248}