{"8540796.0--8807233.0": 0.8294218480766816, "8540796.0--8617747.0": 0.7477158856669586, "8474486.0--8540796.0": 0.8004487785550682, "8474516.0--8540796.0": 0.8264920257497635, "8540796.0--8663650.0": 0.7830068675328427, "8540796.0--8663646.0": 0.8072592823755362, "8540796.0--8794553.0": 0.840977210237127, "8540796.0--8863966.0": 0.8242579928905662, "8525340.0--8540796.0": 0.7890737239240937, "8540796.0--8805448.0": 0.8031589146247069, "8405549.0--8540796.0": 0.8394451030183172, "8540796.0--8611178.0": 0.8263970885056267, "8540796.0--8827593.0": 0.7909347006959225, "8540796.0--8805463.0": 0.7979129960462288, "8540796.0--8805457.0": 0.8212078655041448, "8540796.0--8805442.0": 0.8119247593889319, "8540796.0--8807266.0": 0.826799536182065, "8540796.0--8813126.0": 0.8203417688000316, "8540796.0--8585103.0": 0.8368550902267787, "8540796.0--8807235.0": 0.83676788075563, "8540796.0--8585048.0": 0.8536961433526787, "8540796.0--8809843.0": 0.789746694808774, "8540796.0--8809842.0": 0.8186949024480549, "8540796.0--8842614.0": 0.7747866462846128, "8540796.0--8805441.0": 0.7641452750048229, "8540796.0--8809920.0": 0.7521926070997856, "8540796.0--8663312.0": 0.8413484904921943, "8477126.0--8540796.0": 0.841769208709885, "8540796.0--8807224.0": 0.876730325262511, "8540796.0--8807355.0": 0.8134076247680351, "8540796.0--8807320.0": 0.8168380269686424, "8540796.0--8665933.0": 0.8517469924659121, "8540796.0--8845772.0": 0.8043248143718895, "8540796.0--8812989.0": 0.828411138343253, "8540796.0--8636969.0": 0.8134288901723825, "8540796.0--8805450.0": 0.8096863279591898, "8540796.0--8807243.0": 0.835477502892192, "8540796.0--8805443.0": 0.8218210326391279, "8540796.0--8673661.0": 0.8178898631976859, "8540796.0--8805419.0": 0.8219155356084369, "8451903.0--8540796.0": 0.8092310530553706, "8540796.0--8805429.0": 0.8002636968433063, "8540796.0--8809846.0": 0.8256627969634063, "8540796.0--8809832.0": 0.8150149619777592, "8413174.0--8540796.0": 0.8135650429043619, "8494817.0--8540796.0": 0.807504491099266, "8540796.0--8637778.0": 0.808244066173249, "8540796.0--8809742.0": 0.8205534382057337, "8540796.0--8807280.0": 0.8264246535433346, "8540796.0--8807274.0": 0.8911173677818339, "8540796.0--9216586.0": 0.8431045066160628, "8540796.0--9237132.0": 0.8247996614940789, "8540796.0--9216572.0": 0.7938656263174069, "8540796.0--9217952.0": 0.8076382224652796, "8540796.0--9217931.0": 0.8616665737280134, "8540796.0--9216507.0": 0.8105150828500116, "8540796.0--9222368.0": 0.833125394809356, "8540796.0--9220137.0": 0.8193092303470334, "8540796.0--9233460.0": 0.8011492724863861, "8540796.0--9222263.0": 0.7576492300300429, "8540796.0--9293003.0": 0.8118704549522491, "8540796.0--9222102.0": 0.8290513738803137, "8540796.0--9222323.0": 0.831762186270157, "8540796.0--9222287.0": 0.8151273573852778, "8540796.0--9223736.0": 0.8273527592139643, "8540796.0--9224191.0": 0.8201993617414407, "8540796.0--9222251.0": 0.7929463708559545, "8540796.0--9229242.0": 0.8367752277270131, "8540796.0--9282195.0": 0.7765703809191514, "8540796.0--9222098.0": 0.8438991289790538, "8540796.0--9234027.0": 0.8041381193095983, "8540796.0--9246308.0": 0.844406773632716, "8540796.0--9240072.0": 0.8132729367656981, "8540796.0--9222353.0": 0.8494429169874326, "8540796.0--9222293.0": 0.8370513967248759, "8540796.0--9222089.0": 0.7928629984150488, "8540796.0--9228893.0": 0.797264074584882, "8540796.0--9224192.0": 0.796643278888352, "8540796.0--9222289.0": 0.8026885747654117, "8540796.0--9222038.0": 0.8123269280181039, "8540796.0--9229072.0": 0.7821586544867529, "8540796.0--9222295.0": 0.834211197644965, "8540796.0--9222342.0": 0.798385674969561, "8540796.0--9241407.0": 0.8244183068278463, "8540796.0--9288884.0": 0.81100855059779, "8540796.0--9222351.0": 0.8038802961618381, "8540796.0--9223669.0": 0.8297680210468563, "8540796.0--9222315.0": 0.8017238953731829, "8540796.0--9222335.0": 0.8158904218861358, "8540796.0--9222327.0": 0.8266338537447869, "8540796.0--9233469.0": 0.8126910792671915, "8540796.0--9226461.0": 0.8198403668233992, "8540796.0--9238508.0": 0.8254895892047651, "8540796.0--9222266.0": 0.7764523539535879, "8540796.0--9225008.0": 0.829292053674659, "8540796.0--9290431.0": 0.7900719817983146, "8540796.0--9239918.0": 0.8317280196248071, "8540796.0--9231271.0": 0.815475679784911, "8540796.0--9222313.0": 0.8316835602632414, "8540796.0--9231268.0": 0.79535596914818, "8540796.0--9222035.0": 0.7768174381619934, "8540796.0--9222091.0": 0.8297343115287973, "8540796.0--9229515.0": 0.8068657924008109, "8540796.0--9222301.0": 0.840761606399667, "8540796.0--9222358.0": 0.8203391509435835, "8540796.0--9229135.0": 0.8254897848793785, "8540796.0--9222047.0": 0.8031366068639386, "8540796.0--9222272.0": 0.8091848373370727, "8540796.0--9222110.0": 0.795380441654325, "8540796.0--9222364.0": 0.8040781412858942, "8540796.0--9222088.0": 0.8366755391929116, "8540796.0--9216518.0": 0.8000609809958442, "8540796.0--9222309.0": 0.7995912443536148, "8540796.0--9216595.0": 0.7848411700761289, "8540796.0--9216538.0": 0.7910731995693698, "8540796.0--9216549.0": 0.793332044529536, "8540796.0--9216559.0": 0.8211906356004951, "8540796.0--9222376.0": 0.7735872058603683, "8540796.0--9222374.0": 0.8633886849316066, "8540796.0--9224194.0": 0.797508997630088, "8540796.0--9222254.0": 0.8161011285840998, "8540796.0--9222049.0": 0.8131155155768389, "8540796.0--9222562.0": 0.7964327524100665, "8540796.0--9226126.0": 0.7888708279363904, "8540796.0--9240062.0": 0.8158202270168484, "8540796.0--9226101.0": 0.7966558059919701, "8540796.0--9222377.0": 0.7877375058982652, "8540796.0--9233392.0": 0.8303946765322685, "8540796.0--9222093.0": 0.8096740088318026, "8540796.0--9224154.0": 0.8031142725752479, "8540796.0--9240061.0": 0.7995888220788311, "8540796.0--9222512.0": 0.80522522073855, "8540796.0--9241413.0": 0.8242565399500912, "8540796.0--9224646.0": 0.8140129169739991, "8540796.0--9222372.0": 0.7765397018413517, "8540796.0--9222253.0": 0.8238449637016912, "8540796.0--9222092.0": 0.8479463399559046, "8540796.0--9222271.0": 0.8505113189928172, "8540796.0--9230431.0": 0.8124112068001537, "8540796.0--9222076.0": 0.8632321830682899, "8540796.0--9222053.0": 0.8080295949081978, "8540796.0--9216532.0": 0.8227220979996119, "8540796.0--9222085.0": 0.8243839963761697, "8540796.0--9216629.0": 0.8119910108706947, "8540796.0--9308630.0": 0.8078393990207354, "8540796.0--9308624.0": 0.781933804595275, "8540796.0--9219240.0": 0.802531588588897, "8540796.0--9216630.0": 0.8327092053444675, "8540796.0--9217981.0": 0.8737398050759039, "8540796.0--9224153.0": 0.8058514448134289, "8540796.0--9286505.0": 0.7859611587619624, "8540796.0--9216512.0": 0.8015002660512442, "8540796.0--9216579.0": 0.8373472796624895, "8540796.0--9222249.0": 0.8251599554993876, "8540796.0--9222367.0": 0.772539661675497, "8540796.0--9222325.0": 0.7581512127494536, "8540796.0--9222510.0": 0.7805807366066132, "8540796.0--9246250.0": 0.8121244029710303, "8540796.0--9308627.0": 0.8483227583609547, "8540796.0--9224186.0": 0.838987689403808, "8540796.0--9229232.0": 0.7723142498265696, "8540796.0--9226404.0": 0.7972890343485781, "8540796.0--9308631.0": 0.8101666783706507, "8540796.0--9222255.0": 0.8153649292722265, "8540796.0--9222261.0": 0.8117621042666885, "8540796.0--9222338.0": 0.7877802460762776, "8540796.0--9222284.0": 0.8256144867221473, "8540796.0--9230430.0": 0.8473584362186778, "8540796.0--9308622.0": 0.7670402059600668, "8540796.0--9286903.0": 0.7521376506031964, "8540796.0--9234473.0": 0.7959725016422274, "8540796.0--9241426.0": 0.8426756419923845, "8540796.0--9222269.0": 0.8119585143932652, "8540796.0--9237999.0": 0.8395598414253231, "8540796.0--9222072.0": 0.8595645789210864, "8540796.0--9224197.0": 0.8341096868992968, "8540796.0--9246282.0": 0.820919596072181, "8540796.0--9222314.0": 0.8089330655146021, "8540796.0--9222357.0": 0.8363938972331693, "8540796.0--9222086.0": 0.7550440656269379, "8540796.0--9222360.0": 0.8159016451440023, "8540796.0--9222065.0": 0.8024528546554395,