{"8490694.0--8807244.0": 0.8282873096460945, "8807244.0--8809844.0": 0.8652313562823559, "8807244.0--8809850.0": 0.799776017946641, "8805445.0--8807244.0": 0.8471875827136393, "8412138.0--8807244.0": 0.8082920557709495, "8807244.0--8807247.0": 0.8152854778889757, "8807244.0--8848845.0": 0.818946000051744, "8695851.0--8807244.0": 0.8004908083609851, "8713907.0--8807244.0": 0.8130030605806036, "8807244.0--8809847.0": 0.7940130427244094, "8727480.0--8807244.0": 0.8195647866715292, "8706590.0--8807244.0": 0.8114078669654569, "8735916.0--8807244.0": 0.7803753120180292, "8474512.0--8807244.0": 0.7595434684645116, "8807244.0--8809845.0": 0.7674529133748231, "8540796.0--8807244.0": 0.804318742984473, "8807233.0--8807244.0": 0.7853058291816423, "8617747.0--8807244.0": 0.745748286371712, "8474486.0--8807244.0": 0.7581867019301953, "8474516.0--8807244.0": 0.7805665213699521, "8663650.0--8807244.0": 0.7588831607140327, "8663646.0--8807244.0": 0.7869603564064802, "8794553.0--8807244.0": 0.8098960095583008, "8807244.0--8863966.0": 0.8157993858604901, "8525340.0--8807244.0": 0.8141426571539214, "8805448.0--8807244.0": 0.782141691272655, "8405549.0--8807244.0": 0.8047943616748583, "8611178.0--8807244.0": 0.8016004334025156, "8807244.0--8827593.0": 0.7673629014257706, "8805463.0--8807244.0": 0.7407569405143266, "8805457.0--8807244.0": 0.7683533147009344, "8805442.0--8807244.0": 0.763118698294612, "8807244.0--8807266.0": 0.7629790351209385, "8807244.0--8813126.0": 0.7542389747644584, "8585103.0--8807244.0": 0.7451429841769908, "8807235.0--8807244.0": 0.7687154603155146, "8585048.0--8807244.0": 0.7642785623632824, "8807244.0--8809843.0": 0.762358510743652, "8807244.0--8809842.0": 0.7793891375880682, "8807244.0--8842614.0": 0.7342282283780027, "8805441.0--8807244.0": 0.7215339285630415, "8807244.0--8809920.0": 0.7268214563085635, "8663312.0--8807244.0": 0.7555149405590627, "8477126.0--8807244.0": 0.7784796703672712, "8807224.0--8807244.0": 0.7831789473109225, "8807244.0--8807355.0": 0.7831703399096576, "8807244.0--8807320.0": 0.7940359886958006, "8665933.0--8807244.0": 0.7891714844184093, "8807244.0--8845772.0": 0.7910324725349984, "8807244.0--8812989.0": 0.791752025627199, "8636969.0--8807244.0": 0.798551359027114, "8805450.0--8807244.0": 0.7649116900651939, "8807243.0--8807244.0": 0.7822251624199656, "8805443.0--8807244.0": 0.766758194704033, "8673661.0--8807244.0": 0.7921110248207066, "8805419.0--8807244.0": 0.7740579616486613, "8451903.0--8807244.0": 0.7605934315195894, "8805429.0--8807244.0": 0.7873173590631504, "8807244.0--8809846.0": 0.7801242406467161, "8807244.0--8809832.0": 0.7785470626113156, "8413174.0--8807244.0": 0.8006551472665058, "8494817.0--8807244.0": 0.771660225772755, "8637778.0--8807244.0": 0.7959486103179386, "8807244.0--8809742.0": 0.7361948576082545, "8807244.0--8807280.0": 0.7987728099488834, "8807244.0--8807274.0": 0.8039461196798485, "8807244.0--9216586.0": 0.8057146589874451, "8807244.0--9237132.0": 0.7842647350664548, "8807244.0--9216572.0": 0.7691919825162526, "8807244.0--9217952.0": 0.79800050888234, "8807244.0--9217931.0": 0.7877499746752428, "8807244.0--9216507.0": 0.7807252883513864, "8807244.0--9222368.0": 0.7938554203027023, "8807244.0--9220137.0": 0.7427328492904252, "8807244.0--9233460.0": 0.7677685841807012, "8807244.0--9222263.0": 0.7502192182365224, "8807244.0--9293003.0": 0.7774828506575872, "8807244.0--9222102.0": 0.7684251512140268, "8807244.0--9222323.0": 0.7912389736487273, "8807244.0--9222287.0": 0.7602545874692844, "8807244.0--9223736.0": 0.7949370288160461, "8807244.0--9224191.0": 0.8308384490715146, "8807244.0--9222251.0": 0.7351192402845335, "8807244.0--9229242.0": 0.752224440043696, "8807244.0--9282195.0": 0.8015246869980998, "8807244.0--9222098.0": 0.8106626935248058, "8807244.0--9234027.0": 0.7475554678954988, "8807244.0--9246308.0": 0.7752638462623447, "8807244.0--9240072.0": 0.7998531852766398, "8807244.0--9222353.0": 0.8222510691787858, "8807244.0--9222293.0": 0.7511133719138149, "8807244.0--9222089.0": 0.7657241504345853, "8807244.0--9228893.0": 0.8102596439639363, "8807244.0--9224192.0": 0.8006828447302027, "8807244.0--9222289.0": 0.7647508282134128, "8807244.0--9222038.0": 0.822535424849218, "8807244.0--9229072.0": 0.7815977569951786, "8807244.0--9222295.0": 0.8568743197072483, "8807244.0--9222342.0": 0.7409365559682135, "8807244.0--9241407.0": 0.8261537040995042, "8807244.0--9288884.0": 0.7970292898312019, "8807244.0--9222351.0": 0.8304552533360805, "8807244.0--9223669.0": 0.7670118142985762, "8807244.0--9222315.0": 0.7591232275173745, "8807244.0--9222335.0": 0.7907307039787289, "8807244.0--9222327.0": 0.7903852253557442, "8807244.0--9233469.0": 0.7805476609677997, "8807244.0--9226461.0": 0.8045968243812488, "8807244.0--9238508.0": 0.8163725680329159, "8807244.0--9222266.0": 0.7317815264639985, "8807244.0--9225008.0": 0.7763964303433951, "8807244.0--9290431.0": 0.7778008609543962, "8807244.0--9239918.0": 0.7704009981362833, "8807244.0--9231271.0": 0.7635774542793942, "8807244.0--9222313.0": 0.7808585966276778, "8807244.0--9231268.0": 0.742073702967154, "8807244.0--9222035.0": 0.783474993097081, "8807244.0--9222091.0": 0.7845754281188551, "8807244.0--9229515.0": 0.7382107747579983, "8807244.0--9222301.0": 0.7809916100459457, "8807244.0--9222358.0": 0.7820305430157797, "8807244.0--9229135.0": 0.7744795058829408, "8807244.0--9222047.0": 0.7945910545190851, "8807244.0--9222272.0": 0.7793411109576857, "8807244.0--9222110.0": 0.7836254996518851, "8807244.0--9222364.0": 0.8053497583968043, "8807244.0--9222088.0": 0.8171555834492124, "8807244.0--9216518.0": 0.7712405673674315, "8807244.0--9222309.0": 0.7359245348614527, "8807244.0--9216595.0": 0.7674064657835206, "8807244.0--9216538.0": 0.7930746489928794, "8807244.0--9216549.0": 0.7829049265125556, "8807244.0--9216559.0": 0.8174081017576722, "8807244.0--9222376.0": 0.7499856633838018, "8807244.0--9222374.0": 0.8709001311115862, "8807244.0--9224194.0": 0.7883262962596895, "8807244.0--9222254.0": 0.8039883075693748, "8807244.0--9222049.0": 0.8096952571862063, "8807244.0--9222562.0": 0.7733450076746711, "8807244.0--9226126.0": 0.788519859181966, "8807244.0--9240062.0": 0.778555286993649, "8807244.0--9226101.0": 0.7586905565847595, "8807244.0--9222377.0": 0.7730402984428061, "8807244.0--9233392.0": 0.8081803891489718, "8807244.0--9222093.0": 0.7947299267693524, "8807244.0--9224154.0": 0.768552506072568, "8807244.0--9240061.0": 0.782202644549679, "8807244.0--9222512.0": 0.7912587424953, "8807244.0--9241413.0": 0.7638230369733852, "8807244.0--9224646.0": 0.7938811972035557, "8807244.0--9222372.0": 0.7638369015809874, "8807244.0--9222253.0": 0.8531690767176987, "8807244.0--9222092.0": 0.8319360981237343, "8807244.0--9222271.0": 0.7967836237799051, "8807244.0--9230431.0": 0.7762128167407936, "8807244.0--9222076.0": 0.8522684129277146, "8807244.0--9222053.0": 0.7729322955280024, "8807244.0--9216532.0": 0.7856545991072932, "8807244.0--9222085.0": 0.765091318120851, "8807244.0--9216629.0": 0.7715964469605981, "8807244.0--9308630.0": 0.7795447249736764, "8807244.0--9308624.0": 0.7510017413376822, "8807244.0--9219240.0": 0.7600056530374604, "8807244.0--9216630.0": 0.7816370859690378, "8807244.0--9217981.0": 0.8008996480298832, "8807244.0--9224153.0": 0.74862598206001, "8807244.0--9286505.0": 0.7908375864241246, "8807244.0--9216512.0": 0.7868491545671352, "8807244.0--9216579.0": 0.7622644248990998, "8807244.0--9222249.0": 0.7772593301514421, "8807244.0--9222367.0": 0.7320523369090732, "8807244.0--9222325.0": 0.7413020725110386, "8807244.0--9222510.0": 0.7649895205799445, "8807244.0--9246250.0": 0.7733534371271147, "8807244.0--9308627.0": 0.7849552168350561, "8807244.0--9224186.0": 0.7950558962071482, "8807244.0--9229232.0": 0.7662368301878022, "8807244.0--9226404.0": 0.8603235741900321, "8807244.0--9308631.0": 0.7830825289156983, "8807244.0--9222255.0": 0.7973275921833887, "8807244.0--9222261.0": 0.7542260118508032, "8807244.0--9222338.0": 0.7623498194556174,