{"9220137.0--9222368.0": 0.8029169415404751, "9222368.0--9233460.0": 0.8004782857635313, "9222263.0--9222368.0": 0.7616896837200525, "9222368.0--9293003.0": 0.8327875441630295, "9222102.0--9222368.0": 0.8439583653474243, "9222323.0--9222368.0": 0.8236763031665426, "9222287.0--9222368.0": 0.8632148310750255, "9222368.0--9223736.0": 0.8209611662599642, "9222368.0--9224191.0": 0.7908376356491118, "9222251.0--9222368.0": 0.8507505921833054, "9222368.0--9229242.0": 0.8384589511530127, "9222368.0--9282195.0": 0.7771861289460695, "9222098.0--9222368.0": 0.8435068432512138, "9222368.0--9234027.0": 0.821811144610308, "9222368.0--9246308.0": 0.8301794978410265, "9222368.0--9240072.0": 0.7906045927464859, "9222353.0--9222368.0": 0.7970416712398963, "9222293.0--9222368.0": 0.8446176588485761, "9222089.0--9222368.0": 0.8223597155766837, "9222368.0--9228893.0": 0.8131808243579908, "9222368.0--9224192.0": 0.7893816284350335, "9222289.0--9222368.0": 0.839081632224716, "9222038.0--9222368.0": 0.8309655737927553, "9222368.0--9229072.0": 0.8235747752718653, "9222295.0--9222368.0": 0.8288197161325185, "9222342.0--9222368.0": 0.8315973645494931, "9222368.0--9241407.0": 0.773601527934421, "9222368.0--9288884.0": 0.8263336679233536, "9222351.0--9222368.0": 0.8164240681921702, "9222368.0--9223669.0": 0.8188919732604064, "9222315.0--9222368.0": 0.8089056787413893, "9222335.0--9222368.0": 0.875233275651857, "9222327.0--9222368.0": 0.807961975377942, "9222368.0--9233469.0": 0.8459543765384637, "9222368.0--9226461.0": 0.8197218609673409, "9222368.0--9238508.0": 0.8366243204851924, "9222266.0--9222368.0": 0.7776500902728335, "9222368.0--9225008.0": 0.8304653196588027, "9222368.0--9290431.0": 0.8006652966922149, "9222368.0--9239918.0": 0.8222890680515997, "9222368.0--9231271.0": 0.7987937605246977, "9222313.0--9222368.0": 0.8110946134285827, "9222368.0--9231268.0": 0.7910326141414673, "9222035.0--9222368.0": 0.769101521566303, "9222091.0--9222368.0": 0.8606546233575312, "9222368.0--9229515.0": 0.8098793309684603, "9222301.0--9222368.0": 0.8207061463775426, "9222358.0--9222368.0": 0.8404615835991593, "9222368.0--9229135.0": 0.8400776120581774, "9222047.0--9222368.0": 0.8248207445376885, "9222272.0--9222368.0": 0.814077321109267, "9222110.0--9222368.0": 0.836458361966825, "9222364.0--9222368.0": 0.8077021112654477, "9222088.0--9222368.0": 0.8112831198457897, "9216518.0--9222368.0": 0.8232423126341071, "9222309.0--9222368.0": 0.8451778490014223, "9216595.0--9222368.0": 0.7795115003025708, "9216538.0--9222368.0": 0.7769088056443505, "9216549.0--9222368.0": 0.7890020872249615, "9216559.0--9222368.0": 0.8206219918660718, "9222368.0--9222376.0": 0.7723705099083544, "9222368.0--9222374.0": 0.8346585382942359, "9222368.0--9224194.0": 0.7793605091956609, "9222254.0--9222368.0": 0.7930408854043267, "9222049.0--9222368.0": 0.773576962861271, "9222368.0--9222562.0": 0.7971830013319122, "9222368.0--9226126.0": 0.789192410344241, "9222368.0--9240062.0": 0.8189878078518158, "9222368.0--9226101.0": 0.7890626820989717, "9222368.0--9222377.0": 0.7738576780889526, "9222368.0--9233392.0": 0.8132140681802031, "9222093.0--9222368.0": 0.7709418296546329, "9222368.0--9224154.0": 0.7354915782487765, "9222368.0--9240061.0": 0.7931687711835395, "9222368.0--9222512.0": 0.7783155208848731, "9222368.0--9241413.0": 0.8292377237736777, "9222368.0--9224646.0": 0.7896041612182815, "9222368.0--9222372.0": 0.7495316709907898, "9222253.0--9222368.0": 0.7936391230344741, "9222092.0--9222368.0": 0.8321921976409126, "9222271.0--9222368.0": 0.7993467387787169, "9222368.0--9230431.0": 0.8156249922102035, "9222076.0--9222368.0": 0.8272118655734598, "9222053.0--9222368.0": 0.7921417753048092, "9216532.0--9222368.0": 0.8142644497418526, "9222085.0--9222368.0": 0.8056430031332101, "9216629.0--9222368.0": 0.8272928976836047, "9222368.0--9308630.0": 0.7971056115846734, "9222368.0--9308624.0": 0.7731636448570105, "9219240.0--9222368.0": 0.8043042164875471, "9216630.0--9222368.0": 0.7977325864603888, "9217981.0--9222368.0": 0.7906628395671862, "9222368.0--9224153.0": 0.7757781817885276, "9222368.0--9286505.0": 0.7823565307341676, "9216512.0--9222368.0": 0.7946258027700053, "9216579.0--9222368.0": 0.8107116618468968, "9222249.0--9222368.0": 0.8325091628702502, "9222367.0--9222368.0": 0.7816461245459826, "9222325.0--9222368.0": 0.7795503940132923, "9222368.0--9222510.0": 0.7548049336781776, "9222368.0--9246250.0": 0.8164294040494372, "9222368.0--9308627.0": 0.8300201217461144, "9222368.0--9224186.0": 0.8391223434634701, "9222368.0--9229232.0": 0.8037199316726285, "9222368.0--9226404.0": 0.7807837959117749, "9222368.0--9308631.0": 0.7952658374384066, "9222255.0--9222368.0": 0.8172328621871399, "9222261.0--9222368.0": 0.8085815884895151, "9222338.0--9222368.0": 0.7955012046006726, "9222284.0--9222368.0": 0.8307719949760367, "9222368.0--9230430.0": 0.8278334331900591, "9222368.0--9308622.0": 0.7619968888663872, "9222368.0--9286903.0": 0.7438297161929848, "9222368.0--9234473.0": 0.7758248388631455, "9222368.0--9241426.0": 0.8410904992681665, "9222269.0--9222368.0": 0.8014518230901444, "9222368.0--9237999.0": 0.8119193054965221, "9222072.0--9222368.0": 0.8225923862133427, "9222368.0--9224197.0": 0.794674151420004, "9222368.0--9246282.0": 0.8276033014965382, "9222314.0--9222368.0": 0.794803042533994, "9222357.0--9222368.0": 0.8690358935956773, "9222086.0--9222368.0": 0.7840643203229503, "9222360.0--9222368.0": 0.8248910622265333, "9222065.0--9222368.0": 0.7703322627153969, "9222368.0--9228894.0": 0.8199211500669822, "9222368.0--9233264.0": 0.8223948224974175, "9222343.0--9222368.0": 0.8004414838166314, "9222368.0--9308621.0": 0.8120322615887634, "9222368.0--9308625.0": 0.815729004694225, "9222368.0--9241744.0": 0.8150157274720519, "9222368.0--9308629.0": 0.8041263922884776, "9222068.0--9222368.0": 0.7678390501488463, "9222248.0--9222368.0": 0.8087657364354447, "9222274.0--9222368.0": 0.7853130091086934, "9222368.0--9229116.0": 0.847568059058874, "9222368.0--9233993.0": 0.7894061392631144, "9222368.0--9308623.0": 0.8112037533521181, "9222368.0--9222553.0": 0.8205142333433578, "9222341.0--9222368.0": 0.8323297818716433, "9222346.0--9222368.0": 0.8365926776074992, "9222368.0--9308628.0": 0.8141688130670701, "9222294.0--9222368.0": 0.8205765213726769, "9222368.0--9241732.0": 0.8129106379745268, "9222060.0--9222368.0": 0.8193487148945744, "9222280.0--9222368.0": 0.8469750757011405}