{"8585484.0--8585505.0": 0.7974337962853465, "8585484.0--8585594.0": 0.7705591958599227, "8585484.0--8585498.0": 0.7722377806364302, "8585484.0--8585613.0": 0.7488702937945767, "8585484.0--8585638.0": 0.7858542789369393, "8585484.0--8585647.0": 0.7835166351905755, "8585484.0--8585646.0": 0.77789827053732, "8585484.0--8585658.0": 0.8092777203538919, "8585484.0--8585669.0": 0.7940144253277099, "8585484.0--8585665.0": 0.7571033655897711, "8585484.0--8585720.0": 0.7900145618549038, "8585484.0--8585733.0": 0.7750579408914158, "8585484.0--8585721.0": 0.779949332520127, "8454906.0--8585484.0": 0.773791159817493, "8457259.0--8585484.0": 0.785041569226507, "8440091.0--8585484.0": 0.7759543514127891, "8440097.0--8585484.0": 0.7562224440682901, "8440049.0--8585484.0": 0.7460892248735289, "8440034.0--8585484.0": 0.7432301992387363, "8454905.0--8585484.0": 0.7381617477569904, "8440039.0--8585484.0": 0.7866167999942353, "8440086.0--8585484.0": 0.7506925084024929, "8445644.0--8585484.0": 0.7637665430811789, "8494830.0--8585484.0": 0.7344317932868998, "8440038.0--8585484.0": 0.7657300144104207, "8440110.0--8585484.0": 0.7608332501473424, "8440109.0--8585484.0": 0.7690782514417341, "8453873.0--8585484.0": 0.7358148830160507, "8440115.0--8585484.0": 0.7827875181786119, "8467383.0--8585484.0": 0.7559334986504032, "8440120.0--8585484.0": 0.7676699519589654, "8440076.0--8585484.0": 0.7437865624150037, "8440043.0--8585484.0": 0.781604339272749, "8467535.0--8585484.0": 0.7981392134169142, "8440121.0--8585484.0": 0.7751575482614151, "8440044.0--8585484.0": 0.7670616525125225, "8440089.0--8585484.0": 0.7540203235487968, "8440052.0--8585484.0": 0.7646493172547913, "8440085.0--8585484.0": 0.7872424605990475, "8440070.0--8585484.0": 0.7677722213236141, "8440048.0--8585484.0": 0.7845436253405816, "8440118.0--8585484.0": 0.7666963295833749, "8440081.0--8585484.0": 0.7384664804302753, "8440102.0--8585484.0": 0.7708027135328657, "8440080.0--8585484.0": 0.8020778639722708, "8440096.0--8585484.0": 0.7394898584148214, "8440124.0--8585484.0": 0.773654519676409, "8440063.0--8585484.0": 0.7652176591337422, "8440037.0--8585484.0": 0.7432921230788294, "8440040.0--8585484.0": 0.7602982465251146, "8440056.0--8585484.0": 0.7472063738722738, "8440116.0--8585484.0": 0.8131818283263722, "8444102.0--8585484.0": 0.7685438601249452, "8440824.0--8585484.0": 0.771493057915241, "8493612.0--8585484.0": 0.7381992508313555, "8440850.0--8585484.0": 0.793282019793628, "8456856.0--8585484.0": 0.763384216262898, "8447439.0--8585484.0": 0.7432642252567199, "8440805.0--8585484.0": 0.7485697772881137, "8440811.0--8585484.0": 0.7597542299733553, "8440856.0--8585484.0": 0.7913284863886938, "8440822.0--8585484.0": 0.7645891115615664, "8440828.0--8585484.0": 0.7771974375091601, "8440851.0--8585484.0": 0.7625970244979476, "8457476.0--8585484.0": 0.7700258745839998, "8440848.0--8585484.0": 0.7596485707036904, "8440839.0--8585484.0": 0.7641875567969912, "8443395.0--8585484.0": 0.74667103111728, "8440832.0--8585484.0": 0.8202406889554279, "8440816.0--8585484.0": 0.7726542530372547, "8440835.0--8585484.0": 0.7544989797401238, "8440818.0--8585484.0": 0.774389899474554, "8440853.0--8585484.0": 0.7631658356099392, "8440840.0--8585484.0": 0.7815354952869757, "8440857.0--8585484.0": 0.7801636927223382, "8449328.0--8585484.0": 0.7761455909490059, "8440829.0--8585484.0": 0.7867615518728263, "8440807.0--8585484.0": 0.7798167292855112, "8440831.0--8585484.0": 0.7821072570732199, "8440852.0--8585484.0": 0.7973343217852127, "8440841.0--8585484.0": 0.7847390231176575, "8440859.0--8585484.0": 0.7613379129688311, "8440821.0--8585484.0": 0.7682266009125911, "8440842.0--8585484.0": 0.7692167396129268, "8443131.0--8585484.0": 0.7539706472486476, "8440815.0--8585484.0": 0.7730999044433661, "8500765.0--8585484.0": 0.796141619856106, "8440804.0--8585484.0": 0.7592597954006377, "8454276.0--8585484.0": 0.781131035249861, "8464305.0--8585484.0": 0.7563958651309263, "8494828.0--8585484.0": 0.7833474355981993, "8440825.0--8585484.0": 0.7887662038688963, "8440814.0--8585484.0": 0.7736292763346743, "8440838.0--8585484.0": 0.7819528737779811, "8440855.0--8585484.0": 0.7720198149385069, "8454489.0--8585484.0": 0.7784028059459224, "8440834.0--8585484.0": 0.7498372290371579, "8440826.0--8585484.0": 0.7792836618145305, "8440823.0--8585484.0": 0.7889917600702495, "8440845.0--8585484.0": 0.7504200315760329, "8440810.0--8585484.0": 0.8194826220403749, "8440806.0--8585484.0": 0.759845883198251, "8440817.0--8585484.0": 0.7674597950713612, "8440813.0--8585484.0": 0.7907785641627824, "8443125.0--8585484.0": 0.7475162421050169, "8456575.0--8585484.0": 0.7998707122582351, "8440860.0--8585484.0": 0.7971881735545097, "8454343.0--8585484.0": 0.7773948148655999, "8440803.0--8585484.0": 0.7999351343978742, "8454344.0--8585484.0": 0.7898555528168335, "8440854.0--8585484.0": 0.7951693143882468, "8454346.0--8585484.0": 0.7608508339757944, "8440827.0--8585484.0": 0.7904887602170547, "8440836.0--8585484.0": 0.7717531786125301, "8440844.0--8585484.0": 0.7657674755388004, "8440808.0--8585484.0": 0.7920864238698837, "8440837.0--8585484.0": 0.7718887197178188, "8440858.0--8585484.0": 0.7604678970621002, "8440820.0--8585484.0": 0.7523043718475029, "8440833.0--8585484.0": 0.779904698008488, "8444072.0--8585484.0": 0.7721378995601618, "8440812.0--8585484.0": 0.7849569931402312, "8440809.0--8585484.0": 0.7750402838577557, "8454904.0--8585484.0": 0.7769592443587977, "8440846.0--8585484.0": 0.7750006704096392, "8440830.0--8585484.0": 0.7899081335823441, "8444077.0--8585484.0": 0.7763425288155013, "8440847.0--8585484.0": 0.7940396311830167, "8440849.0--8585484.0": 0.7555069511280418, "8443124.0--8585484.0": 0.7679421087788164, "8440843.0--8585484.0": 0.7517578803812967, "8585484.0--8807265.0": 0.7914268644946327, "8585484.0--8816695.0": 0.776594056657418, "8585484.0--8805426.0": 0.7611787380164307, "8585484.0--8805421.0": 0.7707796810974089, "8585484.0--8812684.0": 0.7546096280938639, "8585484.0--8805461.0": 0.7813180929570256, "8585484.0--8807255.0": 0.7656417090296117, "8585484.0--8805460.0": 0.7688522702806908, "8585484.0--8807292.0": 0.7699803980504905, "8585484.0--8807354.0": 0.7652680000554827, "8585484.0--8809711.0": 0.7938185126907797, "8585484.0--8805422.0": 0.7585459493286472, "8585484.0--8805424.0": 0.752196461925341, "8585484.0--8794517.0": 0.7449840738291529, "8585484.0--8805451.0": 0.7357836911124893, "8585484.0--8807223.0": 0.7538786515880564, "8585484.0--8794560.0": 0.779118021416639, "8481543.0--8585484.0": 0.7638105205033965, "8585484.0--8802285.0": 0.7455611548121402, "8585484.0--8807245.0": 0.7914636714607872, "8585484.0--8805456.0": 0.7684968499973625, "8585484.0--8827944.0": 0.7700166924017801, "8585484.0--8807296.0": 0.7522261632515936, "8585484.0--8827951.0": 0.7970877729821891, "8585484.0--8854335.0": 0.7958735454917187, "8585484.0--8805446.0": 0.758670343333843, "8585484.0--8805436.0": 0.7572125953430988, "8585484.0--8805433.0": 0.763442172615568, "8546802.0--8585484.0": 0.7801091389527787, "8585484.0--8805427.0": 0.7408962791745938, "8585484.0--8836120.0": 0.7539321077550148, "8585484.0--8794768.0": 0.7533748625413442, "8585484.0--8809750.0": 0.7608308890030974, "8585484.0--8820172.0": 0.7876823220543498, "8476234.0--8585484.0": 0.7959972576452348, "8585484.0--8807314.0": 0.7492897971015208, "8585484.0--8794520.0": 0.7708162449163383, "8585484.0--8805452.0": 0.7726456291464402, "8585484.0--8805462.0": 0.7800501204647903, "8585484.0--8807275.0": 0.780328968342335, "8419285.0--8585484.0": 0.7678294687564337, "8585484.0--8807379.0": 0.7771950299159401, "8585484.0--8807234.0": 0.793167152502823, "8423100.0--8585484.0": 0.7946873410442947, "8585484.0--8805455.0": 0.7283346953906864, "8585484.0--8727493.0": 0.724954623462906, "8585484.0--8807369.0": 0.7257339920353353, "8532319.0--8585484.0": 0.7537412766008085, "8419325.0--8585484.0": 0.7550708408138842, "8585484.0--8805430.0": 0.7663649356662254, "8585484.0--8807301.0": 0.7890078224098822,