{"8412138.0--8805445.0": 0.8240916539130743, "8805445.0--8807247.0": 0.8263082474908044, "8805445.0--8848845.0": 0.8036656287210209, "8695851.0--8805445.0": 0.8119369520389017, "8713907.0--8805445.0": 0.811455645684555, "8805445.0--8809847.0": 0.8210812808547268, "8727480.0--8805445.0": 0.8501921566064884, "8706590.0--8805445.0": 0.8056754455077313, "8735916.0--8805445.0": 0.8055894688931279, "8474512.0--8805445.0": 0.7648824788096166, "8805445.0--8809845.0": 0.7762013628469913, "8540796.0--8805445.0": 0.8247838023513765, "8805445.0--8807233.0": 0.8075055811312462, "8617747.0--8805445.0": 0.7500734728981331, "8474486.0--8805445.0": 0.7659147486307193, "8474516.0--8805445.0": 0.7788434494734144, "8663650.0--8805445.0": 0.7723825431063266, "8663646.0--8805445.0": 0.7896765390005787, "8794553.0--8805445.0": 0.8215051647080113, "8805445.0--8863966.0": 0.829280800603174, "8525340.0--8805445.0": 0.8122105789121954, "8805445.0--8805448.0": 0.7417233176839474, "8405549.0--8805445.0": 0.7889443214206917, "8611178.0--8805445.0": 0.8003825862684952, "8805445.0--8827593.0": 0.7521870724614683, "8805445.0--8805463.0": 0.7591069433190663, "8805445.0--8805457.0": 0.759261633136177, "8805442.0--8805445.0": 0.7559659065720576, "8805445.0--8807266.0": 0.7705702933353575, "8805445.0--8813126.0": 0.7505135658280321, "8585103.0--8805445.0": 0.7643203593187679, "8805445.0--8807235.0": 0.7561968436561519, "8585048.0--8805445.0": 0.7652838791778429, "8805445.0--8809843.0": 0.7782582843801489, "8805445.0--8809842.0": 0.7913590853921235, "8805445.0--8842614.0": 0.7461965453990883, "8805441.0--8805445.0": 0.7517935804010693, "8805445.0--8809920.0": 0.7237696680752658, "8663312.0--8805445.0": 0.772366413685401, "8477126.0--8805445.0": 0.7678675675206783, "8805445.0--8807224.0": 0.7901575673403904, "8805445.0--8807355.0": 0.7757072879937569, "8805445.0--8807320.0": 0.7707184795681614, "8665933.0--8805445.0": 0.7884696655761767, "8805445.0--8845772.0": 0.7763292484950539, "8805445.0--8812989.0": 0.7811637355416345, "8636969.0--8805445.0": 0.7811431088169383, "8805445.0--8805450.0": 0.7824229080740578, "8805445.0--8807243.0": 0.7567099391551955, "8805443.0--8805445.0": 0.7568436923206412, "8673661.0--8805445.0": 0.769433941489988, "8805419.0--8805445.0": 0.7648463932409191, "8451903.0--8805445.0": 0.754248961694889, "8805429.0--8805445.0": 0.7795995064563745, "8805445.0--8809846.0": 0.7698982503597206, "8805445.0--8809832.0": 0.7511027698168765, "8413174.0--8805445.0": 0.7904707367091326, "8494817.0--8805445.0": 0.7783266721142261, "8637778.0--8805445.0": 0.7952471097259939, "8805445.0--8809742.0": 0.7570693593407498, "8805445.0--8807280.0": 0.776546426204501, "8805445.0--8807274.0": 0.8229730660707488, "8805445.0--9216586.0": 0.7990585747980663, "8805445.0--9237132.0": 0.7725560432708323, "8805445.0--9216572.0": 0.7642080750206348, "8805445.0--9217952.0": 0.7821389240620671, "8805445.0--9217931.0": 0.783781372984381, "8805445.0--9216507.0": 0.7992682534674853, "8805445.0--9222368.0": 0.7769573975813806, "8805445.0--9220137.0": 0.7461726064052467, "8805445.0--9233460.0": 0.768126323899799, "8805445.0--9222263.0": 0.7595830313807875, "8805445.0--9293003.0": 0.7573830276099236, "8805445.0--9222102.0": 0.7508969431817327, "8805445.0--9222323.0": 0.75974975262375, "8805445.0--9222287.0": 0.7437346932911141, "8805445.0--9223736.0": 0.7537247249086386, "8805445.0--9224191.0": 0.8589524971421396, "8805445.0--9222251.0": 0.72595624716218, "8805445.0--9229242.0": 0.7726405994232507, "8805445.0--9282195.0": 0.8100661623316864, "8805445.0--9222098.0": 0.8014054057211026, "8805445.0--9234027.0": 0.7407431104026962, "8805445.0--9246308.0": 0.7845927043395416, "8805445.0--9240072.0": 0.8001461602547888, "8805445.0--9222353.0": 0.8076095931584304, "8805445.0--9222293.0": 0.7579142278625222, "8805445.0--9222089.0": 0.755780832873802, "8805445.0--9228893.0": 0.8035211818419092, "8805445.0--9224192.0": 0.7644601409773533, "8805445.0--9222289.0": 0.7525026266610055, "8805445.0--9222038.0": 0.7940675430457509, "8805445.0--9229072.0": 0.7662714675108616, "8805445.0--9222295.0": 0.8184067618834813, "8805445.0--9222342.0": 0.7505332633033417, "8805445.0--9241407.0": 0.7770847203713325, "8805445.0--9288884.0": 0.7939371703602647, "8805445.0--9222351.0": 0.7941824120772865, "8805445.0--9223669.0": 0.7599883610115302, "8805445.0--9222315.0": 0.7414511774641808, "8805445.0--9222335.0": 0.7558076326171971, "8805445.0--9222327.0": 0.776979663017421, "8805445.0--9233469.0": 0.7808372006658104, "8805445.0--9226461.0": 0.7771028898641037, "8805445.0--9238508.0": 0.7906142677602945, "8805445.0--9222266.0": 0.7463867821829734, "8805445.0--9225008.0": 0.7724827486613277, "8805445.0--9290431.0": 0.7770881134726775, "8805445.0--9239918.0": 0.7597134967386793, "8805445.0--9231271.0": 0.7636130885524567, "8805445.0--9222313.0": 0.7918200565065758, "8805445.0--9231268.0": 0.7522614743837127, "8805445.0--9222035.0": 0.782500028476854, "8805445.0--9222091.0": 0.7738413921077372, "8805445.0--9229515.0": 0.7466285903223462, "8805445.0--9222301.0": 0.7825862771692373, "8805445.0--9222358.0": 0.774367897630103, "8805445.0--9229135.0": 0.7709858998756902, "8805445.0--9222047.0": 0.7562756311921386, "8805445.0--9222272.0": 0.7675310364399923, "8805445.0--9222110.0": 0.7649277849152921, "8805445.0--9222364.0": 0.7868464363928156, "8805445.0--9222088.0": 0.8052872163096159, "8805445.0--9216518.0": 0.7865247038806839, "8805445.0--9222309.0": 0.7427437129915135, "8805445.0--9216595.0": 0.7641521944112045, "8805445.0--9216538.0": 0.7989332366345436, "8805445.0--9216549.0": 0.787410746220712, "8805445.0--9216559.0": 0.8098512750486508, "8805445.0--9222376.0": 0.7975187332580516, "8805445.0--9222374.0": 0.8512220192425886, "8805445.0--9224194.0": 0.8176682354638223, "8805445.0--9222254.0": 0.7957390171232411, "8805445.0--9222049.0": 0.8071517252872079, "8805445.0--9222562.0": 0.7875440444700655, "8805445.0--9226126.0": 0.810542756644209, "8805445.0--9240062.0": 0.7829006838535173, "8805445.0--9226101.0": 0.7833304375766678, "8805445.0--9222377.0": 0.7660465591313219, "8805445.0--9233392.0": 0.799100374895327, "8805445.0--9222093.0": 0.8189964745056175, "8805445.0--9224154.0": 0.7620067047373535, "8805445.0--9240061.0": 0.7709464908131056, "8805445.0--9222512.0": 0.794914485614274, "8805445.0--9241413.0": 0.7614665280628249, "8805445.0--9224646.0": 0.8125802074308732, "8805445.0--9222372.0": 0.7987254471224635, "8805445.0--9222253.0": 0.8446618281102077, "8805445.0--9222092.0": 0.82826305158672, "8805445.0--9222271.0": 0.8069951191861225, "8805445.0--9230431.0": 0.7994683014535563, "8805445.0--9222076.0": 0.8665826336475818, "8805445.0--9222053.0": 0.7901485025665261, "8805445.0--9216532.0": 0.7854923864617908, "8805445.0--9222085.0": 0.7794071518807807, "8805445.0--9216629.0": 0.7597494438230853, "8805445.0--9308630.0": 0.7632938873137767, "8805445.0--9308624.0": 0.754827034164079, "8805445.0--9219240.0": 0.7749386892592591, "8805445.0--9216630.0": 0.7959449494779672, "8805445.0--9217981.0": 0.7977616589304035, "8805445.0--9224153.0": 0.7399683667017394, "8805445.0--9286505.0": 0.7671129152245922, "8805445.0--9216512.0": 0.7655489782443252, "8805445.0--9216579.0": 0.7696011161182247, "8805445.0--9222249.0": 0.7865401064408893, "8805445.0--9222367.0": 0.7450178930494255, "8805445.0--9222325.0": 0.734240112409105, "8805445.0--9222510.0": 0.7722931373414843, "8805445.0--9246250.0": 0.7690287894878429, "8805445.0--9308627.0": 0.7993793286891806, "8805445.0--9224186.0": 0.7876060918285082, "8805445.0--9229232.0": 0.730339858238361, "8805445.0--9226404.0": 0.8795321250014632, "8805445.0--9308631.0": 0.8007409131587352, "8805445.0--9222255.0": 0.7595731980424345, "8805445.0--9222261.0": 0.755756740985209, "8805445.0--9222338.0": 0.7575849982656927, "8805445.0--9222284.0": 0.7709168946688808, "8805445.0--9230430.0": 0.771341203834146, "8805445.0--9308622.0": 0.7453806710532994, "8805445.0--9286903.0": 0.7372429441175068,