{"8812989.0--8845772.0": 0.7920797124799497, "8636969.0--8845772.0": 0.8814995566511103, "8805450.0--8845772.0": 0.8329661912970419, "8807243.0--8845772.0": 0.7936349108042172, "8805443.0--8845772.0": 0.7784508150957499, "8673661.0--8845772.0": 0.8149339278691303, "8805419.0--8845772.0": 0.8019861206599201, "8451903.0--8845772.0": 0.7562280944744504, "8805429.0--8845772.0": 0.776862948918619, "8809846.0--8845772.0": 0.7772373783488566, "8809832.0--8845772.0": 0.8276845615672757, "8413174.0--8845772.0": 0.7791262232335305, "8494817.0--8845772.0": 0.7859280803341759, "8637778.0--8845772.0": 0.781011222194419, "8809742.0--8845772.0": 0.755883101176466, "8807280.0--8845772.0": 0.7992232704424573, "8807274.0--8845772.0": 0.8005727845240844, "8845772.0--9216586.0": 0.7997979694068996, "8845772.0--9237132.0": 0.7713538394449047, "8845772.0--9216572.0": 0.7821944702366914, "8845772.0--9217952.0": 0.7933122726476479, "8845772.0--9217931.0": 0.80516306894454, "8845772.0--9216507.0": 0.7868109246864814, "8845772.0--9222368.0": 0.8041871149982589, "8845772.0--9220137.0": 0.7863714522207846, "8845772.0--9233460.0": 0.7675036897732069, "8845772.0--9222263.0": 0.7599764990691915, "8845772.0--9293003.0": 0.7984653864024722, "8845772.0--9222102.0": 0.7884600721490076, "8845772.0--9222323.0": 0.8077297411261299, "8845772.0--9222287.0": 0.7931987662418511, "8845772.0--9223736.0": 0.8185987297552331, "8845772.0--9224191.0": 0.8086428138589297, "8845772.0--9222251.0": 0.7415568984136299, "8845772.0--9229242.0": 0.7759447275325251, "8845772.0--9282195.0": 0.7819078943788447, "8845772.0--9222098.0": 0.8126050680546568, "8845772.0--9234027.0": 0.7772283396593191, "8845772.0--9246308.0": 0.7932323109824055, "8845772.0--9240072.0": 0.8376385928384698, "8845772.0--9222353.0": 0.7831841700398435, "8845772.0--9222293.0": 0.7657326983159617, "8845772.0--9222089.0": 0.7819117795227095, "8845772.0--9228893.0": 0.7840849442476518, "8845772.0--9224192.0": 0.8038416530591301, "8845772.0--9222289.0": 0.7830203123869086, "8845772.0--9222038.0": 0.7926050605770635, "8845772.0--9229072.0": 0.7756835880546809, "8845772.0--9222295.0": 0.8206303892412039, "8845772.0--9222342.0": 0.7688379377723447, "8845772.0--9241407.0": 0.7640177008987352, "8845772.0--9288884.0": 0.7966998004271272, "8845772.0--9222351.0": 0.8055026749146895, "8845772.0--9223669.0": 0.7664299895747413, "8845772.0--9222315.0": 0.7691750727566029, "8845772.0--9222335.0": 0.7885130804118631, "8845772.0--9222327.0": 0.78889037185761, "8845772.0--9233469.0": 0.7843697865092573, "8845772.0--9226461.0": 0.7947782553351951, "8845772.0--9238508.0": 0.8017375961887975, "8845772.0--9222266.0": 0.7295043565237284, "8845772.0--9225008.0": 0.7763570571881689, "8845772.0--9290431.0": 0.812521621858024, "8845772.0--9239918.0": 0.7815648749676608, "8845772.0--9231271.0": 0.8178750253822323, "8845772.0--9222313.0": 0.789401169561131, "8845772.0--9231268.0": 0.7778313848739906, "8845772.0--9222035.0": 0.7938215629175168, "8845772.0--9222091.0": 0.8151033784827874, "8845772.0--9229515.0": 0.7510339979458565, "8845772.0--9222301.0": 0.8118400925119812, "8845772.0--9222358.0": 0.8091200099793803, "8845772.0--9229135.0": 0.7909877325675743, "8845772.0--9222047.0": 0.8241343598902152, "8845772.0--9222272.0": 0.7660002727651498, "8845772.0--9222110.0": 0.7976248406020201, "8845772.0--9222364.0": 0.7829817496866649, "8845772.0--9222088.0": 0.8073429425863957, "8845772.0--9216518.0": 0.7679477316625852, "8845772.0--9222309.0": 0.7574978511653927, "8845772.0--9216595.0": 0.7852652773685932, "8845772.0--9216538.0": 0.8027619824927752, "8845772.0--9216549.0": 0.7847015975345198, "8845772.0--9216559.0": 0.8109142738252684, "8845772.0--9222376.0": 0.7500172505006815, "8845772.0--9222374.0": 0.8283300652185507, "8845772.0--9224194.0": 0.7539321188946045, "8845772.0--9222254.0": 0.7846771776167047, "8845772.0--9222049.0": 0.8015043825630928, "8845772.0--9222562.0": 0.7484005757510062, "8845772.0--9226126.0": 0.7612816150850304, "8845772.0--9240062.0": 0.8017069590888625, "8845772.0--9226101.0": 0.804172155164433, "8845772.0--9222377.0": 0.7582494690619919, "8845772.0--9233392.0": 0.787851086465523, "8845772.0--9222093.0": 0.7893113000842449, "8845772.0--9224154.0": 0.7563303192930285, "8845772.0--9240061.0": 0.7638949978528791, "8845772.0--9222512.0": 0.7594647697714105, "8845772.0--9241413.0": 0.7860888240965078, "8845772.0--9224646.0": 0.8088368898213627, "8845772.0--9222372.0": 0.7457669564886545, "8845772.0--9222253.0": 0.786283679601961, "8845772.0--9222092.0": 0.7935869731252662, "8845772.0--9222271.0": 0.8073572679113439, "8845772.0--9230431.0": 0.7823111175945161, "8845772.0--9222076.0": 0.8022614541010198, "8845772.0--9222053.0": 0.7805859200244094, "8845772.0--9216532.0": 0.7874236019641041, "8845772.0--9222085.0": 0.7974050278916194, "8845772.0--9216629.0": 0.7766797385552977, "8845772.0--9308630.0": 0.7610104044056798, "8845772.0--9308624.0": 0.7895728041813972, "8845772.0--9219240.0": 0.7655858248182262, "8845772.0--9216630.0": 0.765406517387851, "8845772.0--9217981.0": 0.7725000181759409, "8845772.0--9224153.0": 0.7615614490329354, "8845772.0--9286505.0": 0.7524257398936643, "8845772.0--9216512.0": 0.7972941829505249, "8845772.0--9216579.0": 0.7862449452252965, "8845772.0--9222249.0": 0.7992441352676259, "8845772.0--9222367.0": 0.7676843611722621, "8845772.0--9222325.0": 0.7481335183084694, "8845772.0--9222510.0": 0.7580936194469031, "8845772.0--9246250.0": 0.8339560357937814, "8845772.0--9308627.0": 0.7947964991658308, "8845772.0--9224186.0": 0.7941848536286726, "8845772.0--9229232.0": 0.7589522561970521, "8845772.0--9226404.0": 0.7807529959894872, "8845772.0--9308631.0": 0.7735428226892624, "8845772.0--9222255.0": 0.7936468225319128, "8845772.0--9222261.0": 0.8138618381597196, "8845772.0--9222338.0": 0.7717279261809299, "8845772.0--9222284.0": 0.7964372979773848, "8845772.0--9230430.0": 0.7939271653284836, "8845772.0--9308622.0": 0.7597646697111311, "8845772.0--9286903.0": 0.7420260559398401, "8845772.0--9234473.0": 0.763261689608725, "8845772.0--9241426.0": 0.7791085509082372, "8845772.0--9222269.0": 0.79408963895625, "8845772.0--9237999.0": 0.8127966317040096, "8845772.0--9222072.0": 0.8115983647012741, "8845772.0--9224197.0": 0.7760160432342635, "8845772.0--9246282.0": 0.762437729446068, "8845772.0--9222314.0": 0.7624918302525687, "8845772.0--9222357.0": 0.7949086478440325, "8845772.0--9222086.0": 0.764082683261246, "8845772.0--9222360.0": 0.7883205714159958, "8845772.0--9222065.0": 0.7930183134163089, "8845772.0--9228894.0": 0.808164427939352, "8845772.0--9233264.0": 0.7819623592479549, "8845772.0--9222343.0": 0.7769878877793083, "8845772.0--9308621.0": 0.7856836162324696, "8845772.0--9308625.0": 0.7894956076493913, "8845772.0--9241744.0": 0.7662813800550097, "8845772.0--9308629.0": 0.7826402579872771, "8845772.0--9222068.0": 0.7835744017963577, "8845772.0--9222248.0": 0.8159078217565786, "8845772.0--9222274.0": 0.7905481884746712, "8845772.0--9229116.0": 0.7897953602335638, "8845772.0--9233993.0": 0.7713019891443077, "8845772.0--9308623.0": 0.8111818399576819, "8845772.0--9222553.0": 0.8237906153382569, "8845772.0--9222341.0": 0.8132335075375388, "8845772.0--9222346.0": 0.7718468904967336, "8845772.0--9308628.0": 0.7972613471957013, "8845772.0--9222294.0": 0.7670758394274729, "8845772.0--9241732.0": 0.7887634654962851, "8845772.0--9222060.0": 0.7879121754371845, "8845772.0--9222280.0": 0.8241572364362696}