{"8419285.0--8807275.0": 0.8465857052736376, "8807275.0--8807379.0": 0.8675689036478809, "8807234.0--8807275.0": 0.8348271420975066, "8423100.0--8807275.0": 0.8165288875163318, "8805455.0--8807275.0": 0.790232868753346, "8727493.0--8807275.0": 0.7512832333243757, "8807275.0--8807369.0": 0.753995291488522, "8532319.0--8807275.0": 0.8476173288342255, "8419325.0--8807275.0": 0.7911465292505835, "8805430.0--8807275.0": 0.7733033658655737, "8807275.0--8807301.0": 0.7937647965110959, "8713940.0--8807275.0": 0.7998484819932968, "8637795.0--8807275.0": 0.7991353341448144, "7999244.0--8807275.0": 0.7989461185799764, "8805439.0--8807275.0": 0.7686690865518038, "8805428.0--8807275.0": 0.8202469430209889, "8807275.0--8809223.0": 0.7965557708441613, "8795584.0--8807275.0": 0.7924691125908321, "8807264.0--8807275.0": 0.7876743202260202, "8805431.0--8807275.0": 0.7699265982598136, "8453863.0--8807275.0": 0.776942687766456, "8400404.0--8807275.0": 0.7708534550596581, "8807275.0--8809834.0": 0.7844119783627588, "8663447.0--8807275.0": 0.7945516135357, "8807213.0--8807275.0": 0.8116291864635962, "8640251.0--8807275.0": 0.7797417035043677, "8807220.0--8807275.0": 0.8050915709587798, "8617736.0--8807275.0": 0.7931386536860098, "8617746.0--8807275.0": 0.7976740584699054, "8640072.0--8807275.0": 0.7878682067375218, "8636208.0--8807275.0": 0.876128108509222, "8805458.0--8807275.0": 0.7909694322652864, "8807271.0--8807275.0": 0.8083260920986555, "8807275.0--8809678.0": 0.7969076808960411, "8807226.0--8807275.0": 0.8261959273013901, "8805467.0--8807275.0": 0.7941835185605124, "8611113.0--8807275.0": 0.7929385944727576, "8807275.0--8854316.0": 0.7806522992068476, "8794607.0--8807275.0": 0.7861558084962116, "8805418.0--8807275.0": 0.771149449538988, "8807275.0--8836087.0": 0.7951221117150593, "8807275.0--8807283.0": 0.7979008660420102, "8807275.0--8820171.0": 0.7759133562094809, "8807275.0--8807288.0": 0.7747041605770192, "8807275.0--8807302.0": 0.7364310942741312, "8805466.0--8807275.0": 0.787374241387907, "8807275.0--8807351.0": 0.7686855199223951, "8805420.0--8807275.0": 0.7716868010541723, "8807275.0--8807299.0": 0.8204724221904438, "8807275.0--8812988.0": 0.8189922209996643, "8807275.0--8807294.0": 0.8343364721058997, "8805434.0--8807275.0": 0.8242280942613651, "8732351.0--8807275.0": 0.864683975057869, "8807232.0--8807275.0": 0.7723759916041357, "8419271.0--8807275.0": 0.77429688515953, "8625484.0--8807275.0": 0.8046387266402791, "8807275.0--8807349.0": 0.8008784188163275, "8807275.0--8809730.0": 0.7830731051472202, "8730513.0--8807275.0": 0.8119101660427704, "8807275.0--8809833.0": 0.8129253891952398, "8523628.0--8807275.0": 0.7697786065392781, "8434356.0--8807275.0": 0.8000968050799069, "8807275.0--8807303.0": 0.795227533194621, "8807275.0--8811606.0": 0.821723035712052, "8807244.0--8807275.0": 0.7916075992957912, "8490694.0--8807275.0": 0.8570511366774454, "8807275.0--8809844.0": 0.8085509086779612, "8807275.0--8809850.0": 0.8038004546668581, "8805445.0--8807275.0": 0.776801663126717, "8412138.0--8807275.0": 0.8052856220629607, "8807247.0--8807275.0": 0.7592961967192112, "8807275.0--8848845.0": 0.7973292540108267, "8695851.0--8807275.0": 0.8019539901699727, "8713907.0--8807275.0": 0.8071819892690177, "8807275.0--8809847.0": 0.8131795678884363, "8727480.0--8807275.0": 0.8119368728046672, "8706590.0--8807275.0": 0.7735120658837784, "8735916.0--8807275.0": 0.8403681354134158, "8474512.0--8807275.0": 0.7891849935224563, "8807275.0--8809845.0": 0.7799721405716379, "8540796.0--8807275.0": 0.7911893570035776, "8807233.0--8807275.0": 0.8146356034174803, "8617747.0--8807275.0": 0.8130540396063779, "8474486.0--8807275.0": 0.7787835476711404, "8474516.0--8807275.0": 0.8419738331303058, "8663650.0--8807275.0": 0.7593608410314803, "8663646.0--8807275.0": 0.7914242750698657, "8794553.0--8807275.0": 0.8060815963432373, "8807275.0--8863966.0": 0.7669887095888331, "8525340.0--8807275.0": 0.7654309569108908, "8805448.0--8807275.0": 0.78226786400286, "8405549.0--8807275.0": 0.7908375035715174, "8611178.0--8807275.0": 0.7720291535276077, "8807275.0--8827593.0": 0.8373302023488735, "8805463.0--8807275.0": 0.7871513863142761, "8805457.0--8807275.0": 0.8329168575757542, "8805442.0--8807275.0": 0.7782886274504527, "8807266.0--8807275.0": 0.8382582087562765, "8807275.0--8813126.0": 0.801347198505944, "8585103.0--8807275.0": 0.7969796084686892, "8807235.0--8807275.0": 0.7829285181859572, "8585048.0--8807275.0": 0.8191374067928925, "8807275.0--8809843.0": 0.8204655276927849, "8807275.0--8809842.0": 0.7938494888264863, "8807275.0--8842614.0": 0.8096911812069483, "8805441.0--8807275.0": 0.7612345650069194, "8807275.0--8809920.0": 0.7604521895116141, "8663312.0--8807275.0": 0.7844533256020287, "8477126.0--8807275.0": 0.8420803903641666, "8807224.0--8807275.0": 0.8025738320557139, "8807275.0--8807355.0": 0.7911906984697741, "8807275.0--8807320.0": 0.7822379610575474, "8665933.0--8807275.0": 0.7992162166150691, "8807275.0--8845772.0": 0.8184785004037746, "8807275.0--8812989.0": 0.8005404954209164, "8636969.0--8807275.0": 0.8268301744853235, "8805450.0--8807275.0": 0.7806378026487736, "8807243.0--8807275.0": 0.7957188335592924, "8805443.0--8807275.0": 0.7687320105217825, "8673661.0--8807275.0": 0.8476930286409572, "8805419.0--8807275.0": 0.8135242925135936, "8451903.0--8807275.0": 0.7944065800418603, "8805429.0--8807275.0": 0.7937145827585527, "8807275.0--8809846.0": 0.7636513243821716, "8807275.0--8809832.0": 0.8229825457455466, "8413174.0--8807275.0": 0.7557983448190786, "8494817.0--8807275.0": 0.7540572628325626, "8637778.0--8807275.0": 0.7640860416658716, "8807275.0--8809742.0": 0.7875676626677734, "8807275.0--8807280.0": 0.8096210791002255, "8807274.0--8807275.0": 0.8212738327240798, "8807275.0--9216586.0": 0.807455608208341, "8807275.0--9237132.0": 0.7921252101151952, "8807275.0--9216572.0": 0.7822711556042299, "8807275.0--9217952.0": 0.7813113124904104, "8807275.0--9217931.0": 0.8105814279566704, "8807275.0--9216507.0": 0.781911309114303, "8807275.0--9222368.0": 0.8062554872806595, "8807275.0--9220137.0": 0.7945207740974649, "8807275.0--9233460.0": 0.7640580975857306, "8807275.0--9222263.0": 0.805627535527375, "8807275.0--9293003.0": 0.8230478773168992, "8807275.0--9222102.0": 0.8004456980161766, "8807275.0--9222323.0": 0.8072099134897617, "8807275.0--9222287.0": 0.7905333115114479, "8807275.0--9223736.0": 0.8187126611105393, "8807275.0--9224191.0": 0.8606163604246483, "8807275.0--9222251.0": 0.7873297746485752, "8807275.0--9229242.0": 0.7760053305552825, "8807275.0--9282195.0": 0.8532560097811255, "8807275.0--9222098.0": 0.8088734719271482, "8807275.0--9234027.0": 0.7986183361153217, "8807275.0--9246308.0": 0.8083353646602629, "8807275.0--9240072.0": 0.8908000947565595, "8807275.0--9222353.0": 0.8072444107524203, "8807275.0--9222293.0": 0.7889272118645076, "8807275.0--9222089.0": 0.7984252882921632, "8807275.0--9228893.0": 0.7920078116660172, "8807275.0--9224192.0": 0.8255999516976824, "8807275.0--9222289.0": 0.8252886895056368, "8807275.0--9222038.0": 0.7961064060211042, "8807275.0--9229072.0": 0.8172572835033749, "8807275.0--9222295.0": 0.8175174490554544, "8807275.0--9222342.0": 0.8244278104006341, "8807275.0--9241407.0": 0.7801801626051298, "8807275.0--9288884.0": 0.7805599996313968, "8807275.0--9222351.0": 0.7961807685781654, "8807275.0--9223669.0": 0.7827132591814137, "8807275.0--9222315.0": 0.7877671895465643, "8807275.0--9222335.0": 0.8538849529492335, "8807275.0--9222327.0": 0.7845766905726024, "8807275.0--9233469.0": 0.8187666841894095, "8807275.0--9226461.0": 0.816980974874308, "8807275.0--9238508.0": 0.805468962094196, "8807275.0--9222266.0": 0.7623283447252199, "8807275.0--9225008.0": 0.7839205352915438, "8807275.0--9290431.0": 0.8766241686038612, "8807275.0--9239918.0": 0.7742686242002645, "8807275.0--9231271.0": 0.8088410457246461, "8807275.0--9222313.0": 0.7900731494597573, "8807275.0--9231268.0": 0.8360411641013095, "8807275.0--9222035.0": 0.8089637386724016,