{"8477126.0--8663312.0": 0.8140116830179982, "8663312.0--8807224.0": 0.8281447767413745, "8663312.0--8807355.0": 0.7661412526223592, "8663312.0--8807320.0": 0.7669625388457251, "8663312.0--8665933.0": 0.7973384507390142, "8663312.0--8845772.0": 0.7724284183245629, "8663312.0--8812989.0": 0.8074864232392831, "8636969.0--8663312.0": 0.7813607465948158, "8663312.0--8805450.0": 0.7807855624634159, "8663312.0--8807243.0": 0.802230501826334, "8663312.0--8805443.0": 0.7962794817157944, "8663312.0--8673661.0": 0.7813530875567289, "8663312.0--8805419.0": 0.7773469185103975, "8451903.0--8663312.0": 0.8012489381682776, "8663312.0--8805429.0": 0.7704569734023616, "8663312.0--8809846.0": 0.7870565752730896, "8663312.0--8809832.0": 0.7854496370948876, "8413174.0--8663312.0": 0.749108113679692, "8494817.0--8663312.0": 0.7334342284997633, "8637778.0--8663312.0": 0.7516686606429206, "8663312.0--8809742.0": 0.8182046687336311, "8663312.0--8807280.0": 0.7810975289068555, "8663312.0--8807274.0": 0.81580615204484, "8663312.0--9216586.0": 0.7666078062153654, "8663312.0--9237132.0": 0.7873748289275213, "8663312.0--9216572.0": 0.7435591998680753, "8663312.0--9217952.0": 0.7773824301724419, "8663312.0--9217931.0": 0.8243007345475883, "8663312.0--9216507.0": 0.791679490368652, "8663312.0--9222368.0": 0.79067875894742, "8663312.0--9220137.0": 0.8049258724118173, "8663312.0--9233460.0": 0.7774164163123902, "8663312.0--9222263.0": 0.717378779727681, "8663312.0--9293003.0": 0.7726637211276096, "8663312.0--9222102.0": 0.811084757411642, "8663312.0--9222323.0": 0.7890094868595208, "8663312.0--9222287.0": 0.7870260239759477, "8663312.0--9223736.0": 0.7713056863252136, "8663312.0--9224191.0": 0.7825426885320204, "8663312.0--9222251.0": 0.7816390435377804, "8663312.0--9229242.0": 0.7776679188957237, "8663312.0--9282195.0": 0.7363326168035564, "8663312.0--9222098.0": 0.7904717571957617, "8663312.0--9234027.0": 0.7664276223843267, "8663312.0--9246308.0": 0.8312706932935763, "8663312.0--9240072.0": 0.7931689357210437, "8663312.0--9222353.0": 0.7943284258631584, "8663312.0--9222293.0": 0.7906659965922416, "8663312.0--9222089.0": 0.7958929789198262, "8663312.0--9228893.0": 0.7802667010375115, "8663312.0--9224192.0": 0.7589698371682692, "8663312.0--9222289.0": 0.7999984097518374, "8663312.0--9222038.0": 0.7493812754274014, "8663312.0--9229072.0": 0.7470292034500055, "8663312.0--9222295.0": 0.7986259306448117, "8663312.0--9222342.0": 0.789197553802361, "8663312.0--9241407.0": 0.7554010811665781, "8663312.0--9288884.0": 0.7713647537371883, "8663312.0--9222351.0": 0.7671463308849643, "8663312.0--9223669.0": 0.7764230001921948, "8663312.0--9222315.0": 0.7489739534705517, "8663312.0--9222335.0": 0.7957264337145599, "8663312.0--9222327.0": 0.7777741988101546, "8663312.0--9233469.0": 0.7862643565954599, "8663312.0--9226461.0": 0.771458466695502, "8663312.0--9238508.0": 0.7986626724323442, "8663312.0--9222266.0": 0.7775124903332761, "8663312.0--9225008.0": 0.7865536883282283, "8663312.0--9290431.0": 0.7634943422313627, "8663312.0--9239918.0": 0.7828986017775946, "8663312.0--9231271.0": 0.7814104605860581, "8663312.0--9222313.0": 0.7794133403166846, "8663312.0--9231268.0": 0.7858484198911219, "8663312.0--9222035.0": 0.7296309945576702, "8663312.0--9222091.0": 0.778260913595819, "8663312.0--9229515.0": 0.7913344460699582, "8663312.0--9222301.0": 0.7697880448443764, "8663312.0--9222358.0": 0.7686852463520883, "8663312.0--9229135.0": 0.8165629564569403, "8663312.0--9222047.0": 0.7738312989278067, "8663312.0--9222272.0": 0.7883897320801657, "8663312.0--9222110.0": 0.7568027654971006, "8663312.0--9222364.0": 0.7642748570085076, "8663312.0--9222088.0": 0.7900022103790978, "8663312.0--9216518.0": 0.7750950292377863, "8663312.0--9222309.0": 0.7809426091852878, "8663312.0--9216595.0": 0.7523067309661475, "8663312.0--9216538.0": 0.7535283844738515, "8663312.0--9216549.0": 0.753049566246853, "8663312.0--9216559.0": 0.7676717303640981, "8663312.0--9222376.0": 0.7539243357831125, "8663312.0--9222374.0": 0.7903202987794054, "8663312.0--9224194.0": 0.7557606888645924, "8663312.0--9222254.0": 0.770961780428978, "8663312.0--9222049.0": 0.7520433656750315, "8663312.0--9222562.0": 0.7299678070304696, "8663312.0--9226126.0": 0.741780059879291, "8663312.0--9240062.0": 0.7836009089812512, "8663312.0--9226101.0": 0.7649151042655937, "8663312.0--9222377.0": 0.7453517243549508, "8663312.0--9233392.0": 0.8044401977993106, "8663312.0--9222093.0": 0.7689406212912553, "8663312.0--9224154.0": 0.7576313734508955, "8663312.0--9240061.0": 0.7541979104874088, "8663312.0--9222512.0": 0.7631871829827943, "8663312.0--9241413.0": 0.8050849401827261, "8663312.0--9224646.0": 0.7476306554208247, "8663312.0--9222372.0": 0.7143341836156248, "8663312.0--9222253.0": 0.7647927400758419, "8663312.0--9222092.0": 0.7916620978804813, "8663312.0--9222271.0": 0.778750935736287, "8663312.0--9230431.0": 0.7861842407429092, "8663312.0--9222076.0": 0.7935831019802593, "8663312.0--9222053.0": 0.7413321931352372, "8663312.0--9216532.0": 0.816479580309692, "8663312.0--9222085.0": 0.7751455769800184, "8663312.0--9216629.0": 0.8096609917388826, "8663312.0--9308630.0": 0.7724514016097448, "8663312.0--9308624.0": 0.7681414238669358, "8663312.0--9219240.0": 0.8109213345871862, "8663312.0--9216630.0": 0.7839543217253391, "8663312.0--9217981.0": 0.8062589902611247, "8663312.0--9224153.0": 0.8080648495457701, "8663312.0--9286505.0": 0.7672857575627821, "8663312.0--9216512.0": 0.7889452826068556, "8663312.0--9216579.0": 0.8077737729433403, "8663312.0--9222249.0": 0.7998149560017725, "8663312.0--9222367.0": 0.7429316256187187, "8663312.0--9222325.0": 0.7412583035005208, "8663312.0--9222510.0": 0.7346313974349886, "8663312.0--9246250.0": 0.7992769109707123, "8663312.0--9308627.0": 0.8327412462100428, "8663312.0--9224186.0": 0.8415928069886719, "8663312.0--9229232.0": 0.7866771807380014, "8663312.0--9226404.0": 0.7768691384805151, "8663312.0--9308631.0": 0.8133275303931824, "8663312.0--9222255.0": 0.7882911774308115, "8663312.0--9222261.0": 0.756185628477626, "8663312.0--9222338.0": 0.7559965924419744, "8663312.0--9222284.0": 0.8070361477467546, "8663312.0--9230430.0": 0.8024245695012366, "8663312.0--9308622.0": 0.7636782256428865, "8663312.0--9286903.0": 0.7830882096946672, "8663312.0--9234473.0": 0.7540186338028647, "8663312.0--9241426.0": 0.8033915586063276, "8663312.0--9222269.0": 0.7809623292858597, "8663312.0--9237999.0": 0.811845098851838, "8663312.0--9222072.0": 0.7903472522465902, "8663312.0--9224197.0": 0.7811882311396927, "8663312.0--9246282.0": 0.7728234308829518, "8663312.0--9222314.0": 0.8154320758747432, "8663312.0--9222357.0": 0.8077170496384374, "8663312.0--9222086.0": 0.7415409459126625, "8663312.0--9222360.0": 0.8155639658056002, "8663312.0--9222065.0": 0.7575622038689709, "8663312.0--9228894.0": 0.806550276428494, "8663312.0--9233264.0": 0.7967147921669786, "8663312.0--9222343.0": 0.7819656158519696, "8663312.0--9308621.0": 0.755820171589837, "8663312.0--9308625.0": 0.7896533763975615, "8663312.0--9241744.0": 0.7737947667575169, "8663312.0--9308629.0": 0.7744372617030947, "8663312.0--9222068.0": 0.7902265433422396, "8663312.0--9222248.0": 0.7734457062082424, "8663312.0--9222274.0": 0.7827183183361608, "8663312.0--9229116.0": 0.8010808832387634, "8663312.0--9233993.0": 0.7913577957222719, "8663312.0--9308623.0": 0.7879712544380066, "8663312.0--9222553.0": 0.7905957237778549, "8663312.0--9222341.0": 0.8149413608917028, "8663312.0--9222346.0": 0.777302976748355, "8663312.0--9308628.0": 0.8137091369126399, "8663312.0--9222294.0": 0.8093601796589238, "8663312.0--9241732.0": 0.7854587395921595, "8663312.0--9222060.0": 0.8026680273213416, "8663312.0--9222280.0": 0.8290353132076834}