{"9216629.0--9308630.0": 0.7867355527471158, "9216629.0--9308624.0": 0.813285138034837, "9216629.0--9219240.0": 0.8556534405823206, "9216629.0--9216630.0": 0.8130584191832665, "9216629.0--9217981.0": 0.8087198515033798, "9216629.0--9224153.0": 0.7891576959592824, "9216629.0--9286505.0": 0.8149030943714535, "9216512.0--9216629.0": 0.8365035491150106, "9216579.0--9216629.0": 0.8204883955737922, "9216629.0--9222249.0": 0.8336972383376833, "9216629.0--9222367.0": 0.7833594931284338, "9216629.0--9222325.0": 0.8099467156630242, "9216629.0--9222510.0": 0.7772934644929096, "9216629.0--9246250.0": 0.8116735379442239, "9216629.0--9308627.0": 0.8205128636818977, "9216629.0--9224186.0": 0.8563526118792553, "9216629.0--9229232.0": 0.8424731623865156, "9216629.0--9226404.0": 0.7718246030051285, "9216629.0--9308631.0": 0.7966849768590234, "9216629.0--9222255.0": 0.8274466155759843, "9216629.0--9222261.0": 0.7939362720065227, "9216629.0--9222338.0": 0.7919779230653421, "9216629.0--9222284.0": 0.8402514717250671, "9216629.0--9230430.0": 0.8119384267167227, "9216629.0--9308622.0": 0.7975631601363894, "9216629.0--9286903.0": 0.7751248604512653, "9216629.0--9234473.0": 0.7835163671576735, "9216629.0--9241426.0": 0.8533382918615688, "9216629.0--9222269.0": 0.8081804380247971, "9216629.0--9237999.0": 0.8302962244696732, "9216629.0--9222072.0": 0.8060004534703695, "9216629.0--9224197.0": 0.7947427356977633, "9216629.0--9246282.0": 0.8139794617645121, "9216629.0--9222314.0": 0.7964697147238717, "9216629.0--9222357.0": 0.8784195785592227, "9216629.0--9222086.0": 0.7719340022202312, "9216629.0--9222360.0": 0.8430269099670139, "9216629.0--9222065.0": 0.7625412781377301, "9216629.0--9228894.0": 0.8274641844633088, "9216629.0--9233264.0": 0.8334334756985817, "9216629.0--9222343.0": 0.7770516477970733, "9216629.0--9308621.0": 0.7884321842766122, "9216629.0--9308625.0": 0.8018582583964476, "9216629.0--9241744.0": 0.8304718243722503, "9216629.0--9308629.0": 0.792325603410956, "9216629.0--9222068.0": 0.7758370520328517, "9216629.0--9222248.0": 0.8009373974378585, "9216629.0--9222274.0": 0.8158308694607326, "9216629.0--9229116.0": 0.8568190250899415, "9216629.0--9233993.0": 0.7919505914357698, "9216629.0--9308623.0": 0.800120771987538, "9216629.0--9222553.0": 0.7905504276194967, "9216629.0--9222341.0": 0.8456628181518893, "9216629.0--9222346.0": 0.8053911279453132, "9216629.0--9308628.0": 0.7985614130903516, "9216629.0--9222294.0": 0.8785020272699284, "9216629.0--9241732.0": 0.811959533111416, "9216629.0--9222060.0": 0.8560130176252467, "9216629.0--9222280.0": 0.8270705969196326}