{"9223736.0--9224191.0": 0.7930649620993987, "9222251.0--9223736.0": 0.7938247703430945, "9223736.0--9229242.0": 0.8039669783557813, "9223736.0--9282195.0": 0.7903704919099158, "9222098.0--9223736.0": 0.8513792114465293, "9223736.0--9234027.0": 0.7944485951238375, "9223736.0--9246308.0": 0.8145102717708819, "9223736.0--9240072.0": 0.8323310975899428, "9222353.0--9223736.0": 0.8049478891034791, "9222293.0--9223736.0": 0.8453659679277676, "9222089.0--9223736.0": 0.828037819049846, "9223736.0--9228893.0": 0.8030392133510633, "9223736.0--9224192.0": 0.7927200819159277, "9222289.0--9223736.0": 0.8167023189076776, "9222038.0--9223736.0": 0.8073165711023774, "9223736.0--9229072.0": 0.7940922324140541, "9222295.0--9223736.0": 0.8206345753557052, "9222342.0--9223736.0": 0.782154934166021, "9223736.0--9241407.0": 0.782614158493576, "9223736.0--9288884.0": 0.8325576379285559, "9222351.0--9223736.0": 0.8004176083971016, "9223669.0--9223736.0": 0.8127443913861365, "9222315.0--9223736.0": 0.7952522251838463, "9222335.0--9223736.0": 0.8125779414229999, "9222327.0--9223736.0": 0.8308934898802489, "9223736.0--9233469.0": 0.8216480726875875, "9223736.0--9226461.0": 0.8109333857728893, "9223736.0--9238508.0": 0.8271113977040865, "9222266.0--9223736.0": 0.7640756550259525, "9223736.0--9225008.0": 0.8370631763492751, "9223736.0--9290431.0": 0.8219137958521127, "9223736.0--9239918.0": 0.8138200238931063, "9223736.0--9231271.0": 0.7935031521372443, "9222313.0--9223736.0": 0.7835189642994977, "9223736.0--9231268.0": 0.790967779497231, "9222035.0--9223736.0": 0.771745019681575, "9222091.0--9223736.0": 0.826794525664215, "9223736.0--9229515.0": 0.7839258025195938, "9222301.0--9223736.0": 0.8174875907164599, "9222358.0--9223736.0": 0.8236815634952281, "9223736.0--9229135.0": 0.8343000723537949, "9222047.0--9223736.0": 0.8396536857048986, "9222272.0--9223736.0": 0.793964760977979, "9222110.0--9223736.0": 0.7919548586810008, "9222364.0--9223736.0": 0.8230018610923203, "9222088.0--9223736.0": 0.8304574096810907, "9216518.0--9223736.0": 0.7969119785226474, "9222309.0--9223736.0": 0.8065442432079122, "9216595.0--9223736.0": 0.7803337095640288, "9216538.0--9223736.0": 0.7741926113369939, "9216549.0--9223736.0": 0.7664287727707801, "9216559.0--9223736.0": 0.8301149150014666, "9222376.0--9223736.0": 0.7424087080723625, "9222374.0--9223736.0": 0.8122320786478748, "9223736.0--9224194.0": 0.7622997394327405, "9222254.0--9223736.0": 0.7770087607867624, "9222049.0--9223736.0": 0.7749216860058209, "9222562.0--9223736.0": 0.7577972854480586, "9223736.0--9226126.0": 0.7380961777786086, "9223736.0--9240062.0": 0.7911879502880146, "9223736.0--9226101.0": 0.7838970034384483, "9222377.0--9223736.0": 0.7552524922927445, "9223736.0--9233392.0": 0.7944539267524915, "9222093.0--9223736.0": 0.7670834916396427, "9223736.0--9224154.0": 0.7442299434966099, "9223736.0--9240061.0": 0.7449209529581645, "9222512.0--9223736.0": 0.7723640425054364, "9223736.0--9241413.0": 0.8036321817854076, "9223736.0--9224646.0": 0.7766780898109504, "9222372.0--9223736.0": 0.7305962285144065, "9222253.0--9223736.0": 0.7939184650096527, "9222092.0--9223736.0": 0.8158115015698677, "9222271.0--9223736.0": 0.7930506960838567, "9223736.0--9230431.0": 0.775440228053683, "9222076.0--9223736.0": 0.7982090082379897, "9222053.0--9223736.0": 0.7758581146767206, "9216532.0--9223736.0": 0.7851900747353711, "9222085.0--9223736.0": 0.7949467740779239, "9216629.0--9223736.0": 0.8002023811117139, "9223736.0--9308630.0": 0.7747689201383215, "9223736.0--9308624.0": 0.7951942835784621, "9219240.0--9223736.0": 0.7900122943627521, "9216630.0--9223736.0": 0.7696982115698487, "9217981.0--9223736.0": 0.8232033070149062, "9223736.0--9224153.0": 0.7767061600013893, "9223736.0--9286505.0": 0.7811236832856823, "9216512.0--9223736.0": 0.8134263108171185, "9216579.0--9223736.0": 0.7722090102346009, "9222249.0--9223736.0": 0.790987303899235, "9222367.0--9223736.0": 0.7794006195557146, "9222325.0--9223736.0": 0.7726666262539956, "9222510.0--9223736.0": 0.7524053104279524, "9223736.0--9246250.0": 0.841146757507208, "9223736.0--9308627.0": 0.8021614639690493, "9223736.0--9224186.0": 0.8289788149176622, "9223736.0--9229232.0": 0.777823446470175, "9223736.0--9226404.0": 0.7888193942843675, "9223736.0--9308631.0": 0.7679104335958576, "9222255.0--9223736.0": 0.8000612636236805, "9222261.0--9223736.0": 0.7782466961515165, "9222338.0--9223736.0": 0.7603348294821926, "9222284.0--9223736.0": 0.8097532000022953, "9223736.0--9230430.0": 0.808051285656996, "9223736.0--9308622.0": 0.7520080249855465, "9223736.0--9286903.0": 0.73653103597578, "9223736.0--9234473.0": 0.7755046794960165, "9223736.0--9241426.0": 0.825494086787752, "9222269.0--9223736.0": 0.8123249898647951, "9223736.0--9237999.0": 0.8041926184170215, "9222072.0--9223736.0": 0.8060339682497919, "9223736.0--9224197.0": 0.7586302390171735, "9223736.0--9246282.0": 0.7875284206383092, "9222314.0--9223736.0": 0.7956685747025279, "9222357.0--9223736.0": 0.8058020329156393, "9222086.0--9223736.0": 0.7407580228055397, "9222360.0--9223736.0": 0.8181034476674016, "9222065.0--9223736.0": 0.7679294528608698, "9223736.0--9228894.0": 0.798423127869088, "9223736.0--9233264.0": 0.7980730087258417, "9222343.0--9223736.0": 0.7865008001009917, "9223736.0--9308621.0": 0.7859898895067741, "9223736.0--9308625.0": 0.7994742082830931, "9223736.0--9241744.0": 0.7826187343215794, "9223736.0--9308629.0": 0.7897411370637965, "9222068.0--9223736.0": 0.7450680143174766, "9222248.0--9223736.0": 0.7818934390340789, "9222274.0--9223736.0": 0.7766218298756156, "9223736.0--9229116.0": 0.8120422033258256, "9223736.0--9233993.0": 0.7680181327356249, "9223736.0--9308623.0": 0.8009992453526991, "9222553.0--9223736.0": 0.8328030122066812, "9222341.0--9223736.0": 0.8088008646647591, "9222346.0--9223736.0": 0.8179668938661513, "9223736.0--9308628.0": 0.7875713081983106, "9222294.0--9223736.0": 0.7776888466938096, "9223736.0--9241732.0": 0.8109280570736034, "9222060.0--9223736.0": 0.7951853188697795, "9222280.0--9223736.0": 0.8277602400742256}