{"8440841.0--8440859.0": 0.7829680283480212, "8440821.0--8440841.0": 0.7723950192258998, "8440841.0--8440842.0": 0.7916128640276803, "8440841.0--8443131.0": 0.7829683914659537, "8440815.0--8440841.0": 0.8280147891746381, "8440841.0--8500765.0": 0.7925177582322491, "8440804.0--8440841.0": 0.7688543995628987, "8440841.0--8454276.0": 0.7841607079600065, "8440841.0--8464305.0": 0.8122319822834281, "8440841.0--8494828.0": 0.8038275043358687, "8440825.0--8440841.0": 0.8246364500652272, "8440814.0--8440841.0": 0.7759683521178894, "8440838.0--8440841.0": 0.776978906556347, "8440841.0--8440855.0": 0.7845639021760293, "8440841.0--8454489.0": 0.7992862349417332, "8440834.0--8440841.0": 0.7672614177931929, "8440826.0--8440841.0": 0.775110524772961, "8440823.0--8440841.0": 0.7954904655233722, "8440841.0--8440845.0": 0.733796501882879, "8440810.0--8440841.0": 0.8138635964942751, "8440806.0--8440841.0": 0.7765719431967837, "8440817.0--8440841.0": 0.7690998545517329, "8440813.0--8440841.0": 0.8107613086695874, "8440841.0--8443125.0": 0.7341882230972644, "8440841.0--8456575.0": 0.7561639200049021, "8440841.0--8440860.0": 0.7953341826825794, "8440841.0--8454343.0": 0.7697100934722587, "8440803.0--8440841.0": 0.7755981008380233, "8440841.0--8454344.0": 0.8005275002534192, "8440841.0--8440854.0": 0.8248518960033774, "8440841.0--8454346.0": 0.7639166294636786, "8440827.0--8440841.0": 0.7548656173599172, "8440836.0--8440841.0": 0.7714421530644723, "8440841.0--8440844.0": 0.7647687418037759, "8440808.0--8440841.0": 0.8138847872220394, "8440837.0--8440841.0": 0.7709519524044783, "8440841.0--8440858.0": 0.7547668936455183, "8440820.0--8440841.0": 0.7519255320238036, "8440833.0--8440841.0": 0.7622052982874847, "8440841.0--8444072.0": 0.7812203874007253, "8440812.0--8440841.0": 0.7807597019505905, "8440809.0--8440841.0": 0.7772547609729554, "8440841.0--8454904.0": 0.8147706377405577, "8440841.0--8440846.0": 0.7783040418934228, "8440830.0--8440841.0": 0.7660240401804508, "8440841.0--8444077.0": 0.7742964960605995, "8440841.0--8440847.0": 0.7867059189153848, "8440841.0--8440849.0": 0.7766967438548336, "8440841.0--8443124.0": 0.7790702475980202, "8440841.0--8440843.0": 0.7413462993282667, "8440841.0--8807265.0": 0.804161551228931, "8440841.0--8816695.0": 0.79087201971251, "8440841.0--8805426.0": 0.7863395336799688, "8440841.0--8805421.0": 0.7970172779836915, "8440841.0--8812684.0": 0.7620069884736802, "8440841.0--8805461.0": 0.7507896929551303, "8440841.0--8807255.0": 0.789818645073987, "8440841.0--8805460.0": 0.7854737267551966, "8440841.0--8807292.0": 0.7737589649043013, "8440841.0--8807354.0": 0.8143596763953214, "8440841.0--8809711.0": 0.7720301353139907, "8440841.0--8805422.0": 0.7553669643085501, "8440841.0--8805424.0": 0.7569044623481684, "8440841.0--8794517.0": 0.741389907420703, "8440841.0--8805451.0": 0.7644082380999878, "8440841.0--8807223.0": 0.7759197179798998, "8440841.0--8794560.0": 0.7947325292495407, "8440841.0--8481543.0": 0.7772639792946948, "8440841.0--8802285.0": 0.7316869778288038, "8440841.0--8807245.0": 0.7690124428524139, "8440841.0--8805456.0": 0.7725501510038325, "8440841.0--8827944.0": 0.7998934221320448, "8440841.0--8807296.0": 0.7799696376289241, "8440841.0--8827951.0": 0.7854480636749016, "8440841.0--8854335.0": 0.7915257004590277, "8440841.0--8805446.0": 0.761775587717362, "8440841.0--8805436.0": 0.7909152140886102, "8440841.0--8805433.0": 0.737327217548265, "8440841.0--8546802.0": 0.7909962547341274, "8440841.0--8805427.0": 0.7489105838481903, "8440841.0--8836120.0": 0.7617750841680352, "8440841.0--8794768.0": 0.7540189810472819, "8440841.0--8809750.0": 0.7731864762425765, "8440841.0--8820172.0": 0.8297049946505048, "8440841.0--8476234.0": 0.7986409142506995, "8440841.0--8807314.0": 0.747441490838096, "8440841.0--8794520.0": 0.8080945756024557, "8440841.0--8805452.0": 0.7856283336241601, "8440841.0--8805462.0": 0.7893026926992522, "8440841.0--8807275.0": 0.7919223521901424, "8419285.0--8440841.0": 0.7624408202441262, "8440841.0--8807379.0": 0.7746000270869738, "8440841.0--8807234.0": 0.8022000312899583, "8423100.0--8440841.0": 0.8035910671596397, "8440841.0--8805455.0": 0.7534207020949433, "8440841.0--8727493.0": 0.7290095118377944, "8440841.0--8807369.0": 0.74594317506878, "8440841.0--8532319.0": 0.7719937500408321, "8419325.0--8440841.0": 0.7696510012629987, "8440841.0--8805430.0": 0.7618543002533866, "8440841.0--8807301.0": 0.7945277640342747, "8440841.0--8713940.0": 0.8006376645197788, "8440841.0--8637795.0": 0.7925726451054582, "7999244.0--8440841.0": 0.8155565941573235, "8440841.0--8805439.0": 0.7813639425222212, "8440841.0--8805428.0": 0.7884891014899216, "8440841.0--8809223.0": 0.7816117967605974, "8440841.0--8795584.0": 0.7949296812223141, "8440841.0--8807264.0": 0.7701178894006723, "8440841.0--8805431.0": 0.7427387419240614, "8440841.0--8453863.0": 0.7552729158566241, "8400404.0--8440841.0": 0.7883612601200741, "8440841.0--8809834.0": 0.7456891698475863, "8440841.0--8663447.0": 0.7621098639271293, "8440841.0--8807213.0": 0.7983920860403837, "8440841.0--8640251.0": 0.7929061700662707, "8440841.0--8807220.0": 0.802678267909323, "8440841.0--8617736.0": 0.800236697801157, "8440841.0--8617746.0": 0.7639981653983463, "8440841.0--8640072.0": 0.8021675069550225, "8440841.0--8636208.0": 0.7919217291698168, "8440841.0--8805458.0": 0.7889650284045601, "8440841.0--8807271.0": 0.7807262826898416, "8440841.0--8809678.0": 0.7741827245336731, "8440841.0--8807226.0": 0.8009242910352671, "8440841.0--8805467.0": 0.831707736376268, "8440841.0--8611113.0": 0.7722797339661004, "8440841.0--8854316.0": 0.7886361005537522, "8440841.0--8794607.0": 0.783362977421521, "8440841.0--8805418.0": 0.7590790929588518, "8440841.0--8836087.0": 0.7721872678704547, "8440841.0--8807283.0": 0.8153794457779533, "8440841.0--8820171.0": 0.7833342745831384, "8440841.0--8807288.0": 0.7327498021775946, "8440841.0--8807302.0": 0.7530817980849864, "8440841.0--8805466.0": 0.7528165745611088, "8440841.0--8807351.0": 0.7988663905715384, "8440841.0--8805420.0": 0.7897506617799811, "8440841.0--8807299.0": 0.7987962622502476, "8440841.0--8812988.0": 0.8116905495172697, "8440841.0--8807294.0": 0.8002608303054345, "8440841.0--8805434.0": 0.8013326584532262, "8440841.0--8732351.0": 0.8048072175369116, "8440841.0--8807232.0": 0.7943416884252834, "8419271.0--8440841.0": 0.7486023448660861, "8440841.0--8625484.0": 0.7720145658296607, "8440841.0--8807349.0": 0.805860544866394, "8440841.0--8809730.0": 0.7754602773839886, "8440841.0--8730513.0": 0.7730207631238859, "8440841.0--8809833.0": 0.7814584726049119, "8440841.0--8523628.0": 0.7756361190761136, "8434356.0--8440841.0": 0.7595647915481685, "8440841.0--8807303.0": 0.820488897084343, "8440841.0--8811606.0": 0.7712720171082561, "8440841.0--8807244.0": 0.7573392610420759, "8440841.0--8490694.0": 0.7914322980061114, "8440841.0--8809844.0": 0.7802346675438956, "8440841.0--8809850.0": 0.7730177732316887, "8440841.0--8805445.0": 0.7745693608195576, "8412138.0--8440841.0": 0.7922159286856809, "8440841.0--8807247.0": 0.7716722393573313, "8440841.0--8848845.0": 0.76968047624013, "8440841.0--8695851.0": 0.7971639751675018, "8440841.0--8713907.0": 0.8005271975029427, "8440841.0--8809847.0": 0.8052776382008459, "8440841.0--8727480.0": 0.7953182546376221, "8440841.0--8706590.0": 0.7896327805105059, "8440841.0--8735916.0": 0.8074544127319458, "8440841.0--8474512.0": 0.7637290413716193, "8440841.0--8809845.0": 0.7646202319519364, "8440841.0--8540796.0": 0.8219853931365846, "8440841.0--8807233.0": 0.7968749573939625, "8440841.0--8617747.0": 0.7606158949824131, "8440841.0--8474486.0": 0.7893882726333314, "8440841.0--8474516.0": 0.8140450335286419, "8440841.0--8663650.0": 0.7531527869481324, "8440841.0--8663646.0": 0.7649947588233232, "8440841.0--8794553.0": 0.7825230425754517, "8440841.0--8863966.0": 0.7423119626630764, "8440841.0--8525340.0": 0.7568612046333398, "8440841.0--8805448.0": 0.7761968297502077, "8405549.0--8440841.0": 0.792232185571088,