{"8805433.0--8805436.0": 0.8140962139126242, "8546802.0--8805436.0": 0.8159918446751416, "8805427.0--8805436.0": 0.7663351630071372, "8805436.0--8836120.0": 0.7924922153928641, "8794768.0--8805436.0": 0.8084716565730944, "8805436.0--8809750.0": 0.795788521783505, "8805436.0--8820172.0": 0.8515150491402612, "8476234.0--8805436.0": 0.7837615469731565, "8805436.0--8807314.0": 0.8056730460315924, "8794520.0--8805436.0": 0.8479799743094956, "8805436.0--8805452.0": 0.7931059190741152, "8805436.0--8805462.0": 0.7933942963723081, "8805436.0--8807275.0": 0.8048162664602412, "8419285.0--8805436.0": 0.8244533286354496, "8805436.0--8807379.0": 0.8121954567235001, "8805436.0--8807234.0": 0.8175024105035277, "8423100.0--8805436.0": 0.7923602585285926, "8805436.0--8805455.0": 0.8154548577808562, "8727493.0--8805436.0": 0.8311832078642672, "8805436.0--8807369.0": 0.7989010718822642, "8532319.0--8805436.0": 0.8244661940943696, "8419325.0--8805436.0": 0.8219604835327202, "8805430.0--8805436.0": 0.7776579398139164, "8805436.0--8807301.0": 0.7600108390588416, "8713940.0--8805436.0": 0.8028301023247092, "8637795.0--8805436.0": 0.8123102992382203, "7999244.0--8805436.0": 0.7771737247508279, "8805436.0--8805439.0": 0.787880092993134, "8805428.0--8805436.0": 0.8055714231317888, "8805436.0--8809223.0": 0.7973805886862619, "8795584.0--8805436.0": 0.8061552466068125, "8805436.0--8807264.0": 0.790457508423082, "8805431.0--8805436.0": 0.7733617934066843, "8453863.0--8805436.0": 0.8215642726822927, "8400404.0--8805436.0": 0.7803097381287109, "8805436.0--8809834.0": 0.7982418148171269, "8663447.0--8805436.0": 0.8188258200703354, "8805436.0--8807213.0": 0.8058022587814772, "8640251.0--8805436.0": 0.7791165166943819, "8805436.0--8807220.0": 0.8173773075701278, "8617736.0--8805436.0": 0.7936542240729105, "8617746.0--8805436.0": 0.7692580865319388, "8640072.0--8805436.0": 0.8066965049903242, "8636208.0--8805436.0": 0.8210081731405823, "8805436.0--8805458.0": 0.750583394974978, "8805436.0--8807271.0": 0.7845114084883882, "8805436.0--8809678.0": 0.7719029203586433, "8805436.0--8807226.0": 0.8061976327851749, "8805436.0--8805467.0": 0.8300226272464977, "8611113.0--8805436.0": 0.7760853020092267, "8805436.0--8854316.0": 0.7950802898507718, "8794607.0--8805436.0": 0.8015887146109182, "8805418.0--8805436.0": 0.7518925441881728, "8805436.0--8836087.0": 0.7871239725703982, "8805436.0--8807283.0": 0.7728505015361204, "8805436.0--8820171.0": 0.7832294728812075, "8805436.0--8807288.0": 0.7438241813377715, "8805436.0--8807302.0": 0.7778601900103623, "8805436.0--8805466.0": 0.7585674376593199, "8805436.0--8807351.0": 0.7939137531608756, "8805420.0--8805436.0": 0.7741753160306084, "8805436.0--8807299.0": 0.7820803286188658, "8805436.0--8812988.0": 0.801006147117266, "8805436.0--8807294.0": 0.7855300960269046, "8805434.0--8805436.0": 0.8034902428816342, "8732351.0--8805436.0": 0.7813521399392049, "8805436.0--8807232.0": 0.7832873184587968, "8419271.0--8805436.0": 0.7621837196362893, "8625484.0--8805436.0": 0.7820072459336687, "8805436.0--8807349.0": 0.7813650158194894, "8805436.0--8809730.0": 0.7929041618979247, "8730513.0--8805436.0": 0.7934497463197172, "8805436.0--8809833.0": 0.7856943690087288, "8523628.0--8805436.0": 0.7985738320266308, "8434356.0--8805436.0": 0.7981673016927116, "8805436.0--8807303.0": 0.8007422341823021, "8805436.0--8811606.0": 0.816143339578601, "8805436.0--8807244.0": 0.7887501165248174, "8490694.0--8805436.0": 0.8007719655370067, "8805436.0--8809844.0": 0.7938193002562454, "8805436.0--8809850.0": 0.8039162702016963, "8805436.0--8805445.0": 0.785806008386043, "8412138.0--8805436.0": 0.7851816722512658, "8805436.0--8807247.0": 0.7912272202123051, "8805436.0--8848845.0": 0.7936403058777488, "8695851.0--8805436.0": 0.8214673491552001, "8713907.0--8805436.0": 0.8346080038418886, "8805436.0--8809847.0": 0.7887525509383144, "8727480.0--8805436.0": 0.8145525211300713, "8706590.0--8805436.0": 0.7831531524387488, "8735916.0--8805436.0": 0.8015380028959244, "8474512.0--8805436.0": 0.779757393762892, "8805436.0--8809845.0": 0.7785076480787194, "8540796.0--8805436.0": 0.8172254129247933, "8805436.0--8807233.0": 0.817536254252697, "8617747.0--8805436.0": 0.7970349996397087, "8474486.0--8805436.0": 0.7821432561252165, "8474516.0--8805436.0": 0.7929942128994478, "8663650.0--8805436.0": 0.7884953216615126, "8663646.0--8805436.0": 0.7957457287641208, "8794553.0--8805436.0": 0.8448937464518232, "8805436.0--8863966.0": 0.7972457836370395, "8525340.0--8805436.0": 0.816224064999357, "8805436.0--8805448.0": 0.7577947076374594, "8405549.0--8805436.0": 0.8204191035955117, "8611178.0--8805436.0": 0.7860861341731279, "8805436.0--8827593.0": 0.7663876681798629, "8805436.0--8805463.0": 0.7684547932115251, "8805436.0--8805457.0": 0.7797070229768847, "8805436.0--8805442.0": 0.7577469441379977, "8805436.0--8807266.0": 0.7846911616803314, "8805436.0--8813126.0": 0.7658569818780528, "8585103.0--8805436.0": 0.787734151976291, "8805436.0--8807235.0": 0.7933964592667421, "8585048.0--8805436.0": 0.8034916177088988, "8805436.0--8809843.0": 0.7890439402666031, "8805436.0--8809842.0": 0.7943088517020855, "8805436.0--8842614.0": 0.774658104390296, "8805436.0--8805441.0": 0.7750203607429031, "8805436.0--8809920.0": 0.767517114038146, "8663312.0--8805436.0": 0.7638096689848816, "8477126.0--8805436.0": 0.8139096484175814, "8805436.0--8807224.0": 0.7956814750650363, "8805436.0--8807355.0": 0.7969698616194637, "8805436.0--8807320.0": 0.7966304721845603, "8665933.0--8805436.0": 0.7852407528642913, "8805436.0--8845772.0": 0.7921978056501939, "8805436.0--8812989.0": 0.7984359269482957, "8636969.0--8805436.0": 0.8067386212806765, "8805436.0--8805450.0": 0.7504007595143503, "8805436.0--8807243.0": 0.8070343807268764, "8805436.0--8805443.0": 0.7955036113943685, "8673661.0--8805436.0": 0.8229845651101382, "8805419.0--8805436.0": 0.7684283094183397, "8451903.0--8805436.0": 0.7709797484904612, "8805429.0--8805436.0": 0.7898512711822571, "8805436.0--8809846.0": 0.7696423236563303, "8805436.0--8809832.0": 0.7897909350828983, "8413174.0--8805436.0": 0.8110583826351867, "8494817.0--8805436.0": 0.800210393260029, "8637778.0--8805436.0": 0.8258853134430448, "8805436.0--8809742.0": 0.773815890297577, "8805436.0--8807280.0": 0.8055877824530816, "8805436.0--8807274.0": 0.8074529603460221, "8805436.0--9216586.0": 0.7895556035579495, "8805436.0--9237132.0": 0.789868784375708, "8805436.0--9216572.0": 0.7886900634290317, "8805436.0--9217952.0": 0.7631702951530077, "8805436.0--9217931.0": 0.7982793274516815, "8805436.0--9216507.0": 0.7558069795808279, "8805436.0--9222368.0": 0.7750650070687571, "8805436.0--9220137.0": 0.7871009110203558, "8805436.0--9233460.0": 0.7716131333114923, "8805436.0--9222263.0": 0.7636868317189951, "8805436.0--9293003.0": 0.7801259435492853, "8805436.0--9222102.0": 0.7902011036971646, "8805436.0--9222323.0": 0.7905767290543491, "8805436.0--9222287.0": 0.758427171240794, "8805436.0--9223736.0": 0.7818763216121227, "8805436.0--9224191.0": 0.799931571915679, "8805436.0--9222251.0": 0.7486732958425502, "8805436.0--9229242.0": 0.7879764754296812, "8805436.0--9282195.0": 0.8054025015740098, "8805436.0--9222098.0": 0.8031528718968298, "8805436.0--9234027.0": 0.7841277360337324, "8805436.0--9246308.0": 0.7903431848830215, "8805436.0--9240072.0": 0.8041257996781289, "8805436.0--9222353.0": 0.8393953137832267, "8805436.0--9222293.0": 0.787538391774655, "8805436.0--9222089.0": 0.7756594991468602, "8805436.0--9228893.0": 0.7899970715487352, "8805436.0--9224192.0": 0.8003731983080598, "8805436.0--9222289.0": 0.7896042842622579, "8805436.0--9222038.0": 0.7980326247010457, "8805436.0--9229072.0": 0.7899297531730329, "8805436.0--9222295.0": 0.8101832018179725, "8805436.0--9222342.0": 0.7686497566698602, "8805436.0--9241407.0": 0.8009013236324334, "8805436.0--9288884.0": 0.783808735734576, "8805436.0--9222351.0": 0.7905992924150224, "8805436.0--9223669.0": 0.7900363742871145, "8805436.0--9222315.0": 0.7945966095808261,