{"8636969.0--8812989.0": 0.8302689311554252, "8805450.0--8812989.0": 0.7918643086970026, "8807243.0--8812989.0": 0.8346215378517805, "8805443.0--8812989.0": 0.8161991953331065, "8673661.0--8812989.0": 0.8094428825445059, "8805419.0--8812989.0": 0.7746544668024786, "8451903.0--8812989.0": 0.8054296809240812, "8805429.0--8812989.0": 0.824362913149276, "8809846.0--8812989.0": 0.8048261074572263, "8809832.0--8812989.0": 0.7994599513214934, "8413174.0--8812989.0": 0.8056715659622412, "8494817.0--8812989.0": 0.8361188499607358, "8637778.0--8812989.0": 0.8026113137717406, "8809742.0--8812989.0": 0.80568547447554, "8807280.0--8812989.0": 0.8407939066527912, "8807274.0--8812989.0": 0.8335370154474656, "8812989.0--9216586.0": 0.7984259955605886, "8812989.0--9237132.0": 0.8428424620210048, "8812989.0--9216572.0": 0.7895603531446642, "8812989.0--9217952.0": 0.8345083525062625, "8812989.0--9217931.0": 0.844779103816597, "8812989.0--9216507.0": 0.834585449752912, "8812989.0--9222368.0": 0.821480681127693, "8812989.0--9220137.0": 0.805467287937348, "8812989.0--9233460.0": 0.7869987245306233, "8812989.0--9222263.0": 0.7841159341634568, "8812989.0--9293003.0": 0.7965517289379974, "8812989.0--9222102.0": 0.8508774294994084, "8812989.0--9222323.0": 0.8079625106834435, "8812989.0--9222287.0": 0.8043631934648483, "8812989.0--9223736.0": 0.8334251918877382, "8812989.0--9224191.0": 0.7895021222049263, "8812989.0--9222251.0": 0.7876533114903119, "8812989.0--9229242.0": 0.8108170679249966, "8812989.0--9282195.0": 0.7608048539523987, "8812989.0--9222098.0": 0.8255355604107946, "8812989.0--9234027.0": 0.7956128405302467, "8812989.0--9246308.0": 0.812409425095932, "8812989.0--9240072.0": 0.8015670182860843, "8812989.0--9222353.0": 0.816577814993501, "8812989.0--9222293.0": 0.8225236813977289, "8812989.0--9222089.0": 0.8355346050326296, "8812989.0--9228893.0": 0.8273073166701304, "8812989.0--9224192.0": 0.77289149527497, "8812989.0--9222289.0": 0.8087567125239273, "8812989.0--9222038.0": 0.7903258600710347, "8812989.0--9229072.0": 0.798110432387347, "8812989.0--9222295.0": 0.8318482741979909, "8812989.0--9222342.0": 0.7907649410706907, "8812989.0--9241407.0": 0.7786716639165862, "8812989.0--9288884.0": 0.8330777661899881, "8812989.0--9222351.0": 0.8164632520734372, "8812989.0--9223669.0": 0.8061882572574908, "8812989.0--9222315.0": 0.8239131031671618, "8812989.0--9222335.0": 0.7979689468949096, "8812989.0--9222327.0": 0.8390298697472419, "8812989.0--9233469.0": 0.8014202063206457, "8812989.0--9226461.0": 0.7884014179350661, "8812989.0--9238508.0": 0.8464816460961041, "8812989.0--9222266.0": 0.7979192746773406, "8812989.0--9225008.0": 0.8410832121898777, "8812989.0--9290431.0": 0.807594698785536, "8812989.0--9239918.0": 0.8211029345737606, "8812989.0--9231271.0": 0.7855292563117029, "8812989.0--9222313.0": 0.8181183320869341, "8812989.0--9231268.0": 0.7949532842775676, "8812989.0--9222035.0": 0.7572330378586076, "8812989.0--9222091.0": 0.8036365092931552, "8812989.0--9229515.0": 0.7938945905545367, "8812989.0--9222301.0": 0.8203918348309325, "8812989.0--9222358.0": 0.7892258964320397, "8812989.0--9229135.0": 0.8609439739926941, "8812989.0--9222047.0": 0.808953555075238, "8812989.0--9222272.0": 0.8364580932697612, "8812989.0--9222110.0": 0.7833524887766693, "8812989.0--9222364.0": 0.834232891680688, "8812989.0--9222088.0": 0.8150263761910064, "8812989.0--9216518.0": 0.8204563811856921, "8812989.0--9222309.0": 0.7777843852216332, "8812989.0--9216595.0": 0.7954557439740909, "8812989.0--9216538.0": 0.7743223132248733, "8812989.0--9216549.0": 0.7842535698225589, "8812989.0--9216559.0": 0.8373251707474674, "8812989.0--9222376.0": 0.7740532811295132, "8812989.0--9222374.0": 0.8180542114466303, "8812989.0--9224194.0": 0.8100344694635053, "8812989.0--9222254.0": 0.8154869428547022, "8812989.0--9222049.0": 0.7930269548459329, "8812989.0--9222562.0": 0.7702794308727992, "8812989.0--9226126.0": 0.7815210714423116, "8812989.0--9240062.0": 0.8435308106635138, "8812989.0--9226101.0": 0.7976997546520309, "8812989.0--9222377.0": 0.8041992829206223, "8812989.0--9233392.0": 0.8624891267205642, "8812989.0--9222093.0": 0.7831742695179104, "8812989.0--9224154.0": 0.7836416706381721, "8812989.0--9240061.0": 0.7816690847555663, "8812989.0--9222512.0": 0.8140105504974195, "8812989.0--9241413.0": 0.8152311708500073, "8812989.0--9224646.0": 0.7786339891871423, "8812989.0--9222372.0": 0.7644483868533737, "8812989.0--9222253.0": 0.8122602140142212, "8812989.0--9222092.0": 0.8417682542175497, "8812989.0--9222271.0": 0.81366627121903, "8812989.0--9230431.0": 0.8036737769875923, "8812989.0--9222076.0": 0.8257435831556147, "8812989.0--9222053.0": 0.7984643386878665, "8812989.0--9216532.0": 0.8315803379922418, "8812989.0--9222085.0": 0.8189168050834746, "8812989.0--9216629.0": 0.8472057376851045, "8812989.0--9308630.0": 0.8013858122582297, "8812989.0--9308624.0": 0.806740272093228, "8812989.0--9219240.0": 0.8372191288778683, "8812989.0--9216630.0": 0.8217105675814173, "8812989.0--9217981.0": 0.8201199776516767, "8812989.0--9224153.0": 0.7988645546624968, "8812989.0--9286505.0": 0.8159041698922608, "8812989.0--9216512.0": 0.8215715676499337, "8812989.0--9216579.0": 0.8183904858983538, "8812989.0--9222249.0": 0.8118134855649062, "8812989.0--9222367.0": 0.7932948418980357, "8812989.0--9222325.0": 0.7940227205303746, "8812989.0--9222510.0": 0.7982504312905017, "8812989.0--9246250.0": 0.8268302545474303, "8812989.0--9308627.0": 0.85448389979785, "8812989.0--9224186.0": 0.8587507120636737, "8812989.0--9229232.0": 0.8137713461307354, "8812989.0--9226404.0": 0.7971094121488742, "8812989.0--9308631.0": 0.8328650481675021, "8812989.0--9222255.0": 0.8258339131688873, "8812989.0--9222261.0": 0.7927043548653039, "8812989.0--9222338.0": 0.8084544274040716, "8812989.0--9222284.0": 0.8382719706155055, "8812989.0--9230430.0": 0.8288592318634777, "8812989.0--9308622.0": 0.7764220339773704, "8812989.0--9286903.0": 0.7815077603979008, "8812989.0--9234473.0": 0.8140899579693748, "8812989.0--9241426.0": 0.8378875681498739, "8812989.0--9222269.0": 0.8054719294315368, "8812989.0--9237999.0": 0.8380935673827332, "8812989.0--9222072.0": 0.8104227376771858, "8812989.0--9224197.0": 0.7967616913276491, "8812989.0--9246282.0": 0.7988828672375171, "8812989.0--9222314.0": 0.8157181727985691, "8812989.0--9222357.0": 0.8141513829560533, "8812989.0--9222086.0": 0.7946485482701642, "8812989.0--9222360.0": 0.8467510118948571, "8812989.0--9222065.0": 0.7776135631226112, "8812989.0--9228894.0": 0.8329683572116481, "8812989.0--9233264.0": 0.8374983914588484, "8812989.0--9222343.0": 0.7970525416894856, "8812989.0--9308621.0": 0.7823183401014953, "8812989.0--9308625.0": 0.808412292802876, "8812989.0--9241744.0": 0.8156948349350146, "8812989.0--9308629.0": 0.8051077686890065, "8812989.0--9222068.0": 0.7737651554850205, "8812989.0--9222248.0": 0.7955823351496911, "8812989.0--9222274.0": 0.8180371843280125, "8812989.0--9229116.0": 0.8440891848968081, "8812989.0--9233993.0": 0.8096468472024594, "8812989.0--9308623.0": 0.8051824048439726, "8812989.0--9222553.0": 0.7976210393106152, "8812989.0--9222341.0": 0.8230715872893795, "8812989.0--9222346.0": 0.8211354288993942, "8812989.0--9308628.0": 0.8202568052159551, "8812989.0--9222294.0": 0.8188305290321523, "8812989.0--9241732.0": 0.8404639115088154, "8812989.0--9222060.0": 0.8312359429285976, "8812989.0--9222280.0": 0.8385741878858254}