{"9216532.0--9222053.0": 0.7977753781061959, "9222053.0--9222085.0": 0.8193043446497539, "9216629.0--9222053.0": 0.7733939406539, "9222053.0--9308630.0": 0.7840506003677441, "9222053.0--9308624.0": 0.7954144795596494, "9219240.0--9222053.0": 0.8059867295018897, "9216630.0--9222053.0": 0.8048238891535973, "9217981.0--9222053.0": 0.7747511497261613, "9222053.0--9224153.0": 0.789041324229312, "9222053.0--9286505.0": 0.7396545433016571, "9216512.0--9222053.0": 0.7694738538312612, "9216579.0--9222053.0": 0.766119760371137, "9222053.0--9222249.0": 0.7990803841093745, "9222053.0--9222367.0": 0.7634928491270546, "9222053.0--9222325.0": 0.8136032983201723, "9222053.0--9222510.0": 0.8218800017283596, "9222053.0--9246250.0": 0.7891317811538534, "9222053.0--9308627.0": 0.8087667140922932, "9222053.0--9224186.0": 0.8188489789127551, "9222053.0--9229232.0": 0.7571748508355332, "9222053.0--9226404.0": 0.7623990783820983, "9222053.0--9308631.0": 0.7833270310748004, "9222053.0--9222255.0": 0.7844110266492776, "9222053.0--9222261.0": 0.7791499241554936, "9222053.0--9222338.0": 0.7977365982724814, "9222053.0--9222284.0": 0.7990032115214782, "9222053.0--9230430.0": 0.8258353059070654, "9222053.0--9308622.0": 0.7663629134904885, "9222053.0--9286903.0": 0.7357779032655384, "9222053.0--9234473.0": 0.7845419407220415, "9222053.0--9241426.0": 0.7868655540839389, "9222053.0--9222269.0": 0.7810370871586125, "9222053.0--9237999.0": 0.7899882779094342, "9222053.0--9222072.0": 0.8053482108395649, "9222053.0--9224197.0": 0.8182269393238627, "9222053.0--9246282.0": 0.7884103205597792, "9222053.0--9222314.0": 0.7536926902612627, "9222053.0--9222357.0": 0.7676180881487871, "9222053.0--9222086.0": 0.7897868286981552, "9222053.0--9222360.0": 0.7912764818085786, "9222053.0--9222065.0": 0.7947363999649434, "9222053.0--9228894.0": 0.8604165693280763, "9222053.0--9233264.0": 0.7958557692266943, "9222053.0--9222343.0": 0.7693923210477815, "9222053.0--9308621.0": 0.7801179340528261, "9222053.0--9308625.0": 0.8199767393484089, "9222053.0--9241744.0": 0.7814390729381002, "9222053.0--9308629.0": 0.7934664844980549, "9222053.0--9222068.0": 0.7449156737009625, "9222053.0--9222248.0": 0.809105587773719, "9222053.0--9222274.0": 0.7781309290982337, "9222053.0--9229116.0": 0.8005192300607505, "9222053.0--9233993.0": 0.8385546113950445, "9222053.0--9308623.0": 0.7814682793830172, "9222053.0--9222553.0": 0.7734923459566203, "9222053.0--9222341.0": 0.8212634957511653, "9222053.0--9222346.0": 0.804704773762876, "9222053.0--9308628.0": 0.7893154531670711, "9222053.0--9222294.0": 0.775089432725263, "9222053.0--9241732.0": 0.8092061335794887, "9222053.0--9222060.0": 0.8162986428233541, "9222053.0--9222280.0": 0.8052609384632188}