{"9216630.0--9219240.0": 0.816752376158119, "9217981.0--9219240.0": 0.7895013840950358, "9219240.0--9224153.0": 0.8542616927024909, "9219240.0--9286505.0": 0.764305789468462, "9216512.0--9219240.0": 0.8039576635264021, "9216579.0--9219240.0": 0.8035282173812179, "9219240.0--9222249.0": 0.8046145357145189, "9219240.0--9222367.0": 0.7567939046705889, "9219240.0--9222325.0": 0.8380103342157035, "9219240.0--9222510.0": 0.8007446234349314, "9219240.0--9246250.0": 0.7921429186054341, "9219240.0--9308627.0": 0.8460310770376287, "9219240.0--9224186.0": 0.8464717533374471, "9219240.0--9229232.0": 0.8197698875066995, "9219240.0--9226404.0": 0.7802236636788127, "9219240.0--9308631.0": 0.8226743448564526, "9219240.0--9222255.0": 0.8419171595134138, "9219240.0--9222261.0": 0.7758029985991364, "9219240.0--9222338.0": 0.8059306670111686, "9219240.0--9222284.0": 0.8511302598783621, "9219240.0--9230430.0": 0.8273228098125571, "9219240.0--9308622.0": 0.7822703600409853, "9219240.0--9286903.0": 0.7597826368989096, "9219240.0--9234473.0": 0.7687051661077471, "9219240.0--9241426.0": 0.8189104262095411, "9219240.0--9222269.0": 0.8203722837287971, "9219240.0--9237999.0": 0.8160331102883325, "9219240.0--9222072.0": 0.8168657163854013, "9219240.0--9224197.0": 0.7993807087570167, "9219240.0--9246282.0": 0.8116731238422857, "9219240.0--9222314.0": 0.8072871118170433, "9219240.0--9222357.0": 0.8081282177824249, "9219240.0--9222086.0": 0.8007022987968018, "9219240.0--9222360.0": 0.8307132858963214, "9219240.0--9222065.0": 0.7546377852527614, "9219240.0--9228894.0": 0.8629906415179994, "9219240.0--9233264.0": 0.8211880222004947, "9219240.0--9222343.0": 0.823615452914092, "9219240.0--9308621.0": 0.7814293589710526, "9219240.0--9308625.0": 0.8223546644896402, "9219240.0--9241744.0": 0.7988144507540662, "9219240.0--9308629.0": 0.7844792760239807, "9219240.0--9222068.0": 0.7816929274440054, "9219240.0--9222248.0": 0.7868276933480772, "9219240.0--9222274.0": 0.7998365894543495, "9219240.0--9229116.0": 0.8346726486713796, "9219240.0--9233993.0": 0.8286599929829683, "9219240.0--9308623.0": 0.7883401520792747, "9219240.0--9222553.0": 0.7708416448933, "9219240.0--9222341.0": 0.835474456841655, "9219240.0--9222346.0": 0.7888970992579196, "9219240.0--9308628.0": 0.8114971852661743, "9219240.0--9222294.0": 0.815324400454326, "9219240.0--9241732.0": 0.8045224559844325, "9219240.0--9222060.0": 0.8567754221798762, "9219240.0--9222280.0": 0.8188780249294643}