{"9222358.0--9229135.0": 0.8246719366044791, "9222047.0--9222358.0": 0.8045544002403011, "9222272.0--9222358.0": 0.8155320641554369, "9222110.0--9222358.0": 0.819023916611654, "9222358.0--9222364.0": 0.796530989091147, "9222088.0--9222358.0": 0.8084217504799535, "9216518.0--9222358.0": 0.835654534930123, "9222309.0--9222358.0": 0.8271267628924048, "9216595.0--9222358.0": 0.7845485957163194, "9216538.0--9222358.0": 0.7650800472520968, "9216549.0--9222358.0": 0.7885443417033912, "9216559.0--9222358.0": 0.8037909228009457, "9222358.0--9222376.0": 0.8078197370740632, "9222358.0--9222374.0": 0.8263580162435002, "9222358.0--9224194.0": 0.7903077575706133, "9222254.0--9222358.0": 0.7757611981156836, "9222049.0--9222358.0": 0.8156633396937902, "9222358.0--9222562.0": 0.8141871846915574, "9222358.0--9226126.0": 0.7955465141086098, "9222358.0--9240062.0": 0.8102620809445437, "9222358.0--9226101.0": 0.8039253926862561, "9222358.0--9222377.0": 0.7500227491083331, "9222358.0--9233392.0": 0.7945615528080279, "9222093.0--9222358.0": 0.7459609453265468, "9222358.0--9224154.0": 0.7499675721809658, "9222358.0--9240061.0": 0.7651592720619644, "9222358.0--9222512.0": 0.7765347591447018, "9222358.0--9241413.0": 0.8032959332322585, "9222358.0--9224646.0": 0.7934615844094625, "9222358.0--9222372.0": 0.7488129485337038, "9222253.0--9222358.0": 0.773627537194657, "9222092.0--9222358.0": 0.8109693863385629, "9222271.0--9222358.0": 0.7870791086510892, "9222358.0--9230431.0": 0.8279887312833221, "9222076.0--9222358.0": 0.811369063641864, "9222053.0--9222358.0": 0.837339236366897, "9216532.0--9222358.0": 0.7947085894568069, "9222085.0--9222358.0": 0.7765164881101685, "9216629.0--9222358.0": 0.7963634574218491, "9222358.0--9308630.0": 0.7765679605649576, "9222358.0--9308624.0": 0.7798632735942116, "9219240.0--9222358.0": 0.8052833290690878, "9216630.0--9222358.0": 0.7792611875298491, "9217981.0--9222358.0": 0.7747055151092122, "9222358.0--9224153.0": 0.7909049810918434, "9222358.0--9286505.0": 0.7427408113875906, "9216512.0--9222358.0": 0.7809590531354422, "9216579.0--9222358.0": 0.7790889887901027, "9222249.0--9222358.0": 0.8062424885073816, "9222358.0--9222367.0": 0.7881000413019008, "9222325.0--9222358.0": 0.8075506594722794, "9222358.0--9222510.0": 0.791704860774008, "9222358.0--9246250.0": 0.787333354948798, "9222358.0--9308627.0": 0.8100026866481901, "9222358.0--9224186.0": 0.832319689854599, "9222358.0--9229232.0": 0.7877750223549479, "9222358.0--9226404.0": 0.7559705349632276, "9222358.0--9308631.0": 0.7762811898885085, "9222255.0--9222358.0": 0.8183859743402134, "9222261.0--9222358.0": 0.7961261342285394, "9222338.0--9222358.0": 0.7753358842462341, "9222284.0--9222358.0": 0.8047398392082675, "9222358.0--9230430.0": 0.8275167527878718, "9222358.0--9308622.0": 0.7727364444895908, "9222358.0--9286903.0": 0.7291625220416434, "9222358.0--9234473.0": 0.7657423422738482, "9222358.0--9241426.0": 0.8128348101814624, "9222269.0--9222358.0": 0.7813305561304016, "9222358.0--9237999.0": 0.8118862893994715, "9222072.0--9222358.0": 0.8182006870636673, "9222358.0--9224197.0": 0.793744079687887, "9222358.0--9246282.0": 0.8148142098959053, "9222314.0--9222358.0": 0.7737643350378272, "9222357.0--9222358.0": 0.8036451139374996, "9222086.0--9222358.0": 0.7583507621224979, "9222358.0--9222360.0": 0.8165797038876512, "9222065.0--9222358.0": 0.7673469940233651, "9222358.0--9228894.0": 0.8415954738362954, "9222358.0--9233264.0": 0.7978417001036104, "9222343.0--9222358.0": 0.7918364529971971, "9222358.0--9308621.0": 0.8125123184695688, "9222358.0--9308625.0": 0.8212692361952288, "9222358.0--9241744.0": 0.7942746485738064, "9222358.0--9308629.0": 0.7982039117737085, "9222068.0--9222358.0": 0.7551177135869047, "9222248.0--9222358.0": 0.7959359605794891, "9222274.0--9222358.0": 0.7711448376813522, "9222358.0--9229116.0": 0.8065568187682534, "9222358.0--9233993.0": 0.8294081472323337, "9222358.0--9308623.0": 0.7858151710514402, "9222358.0--9222553.0": 0.7911314107056007, "9222341.0--9222358.0": 0.8304113040515585, "9222346.0--9222358.0": 0.8051300802264385, "9222358.0--9308628.0": 0.7828046784967855, "9222294.0--9222358.0": 0.7832983768598699, "9222358.0--9241732.0": 0.7757809121846, "9222060.0--9222358.0": 0.8191194751404485, "9222280.0--9222358.0": 0.8221116470994247}