{"9222353.0--9240072.0": 0.8219041410560394, "9222293.0--9240072.0": 0.7835256324218666, "9222089.0--9240072.0": 0.7998323212338323, "9228893.0--9240072.0": 0.7783090475354698, "9224192.0--9240072.0": 0.8233165937415036, "9222289.0--9240072.0": 0.827339935305846, "9222038.0--9240072.0": 0.8056065102699437, "9229072.0--9240072.0": 0.813228942918574, "9222295.0--9240072.0": 0.8024286270760065, "9222342.0--9240072.0": 0.8074081796643008, "9240072.0--9241407.0": 0.7855986248297213, "9240072.0--9288884.0": 0.7870697644484254, "9222351.0--9240072.0": 0.7994940482490205, "9223669.0--9240072.0": 0.7924325344673019, "9222315.0--9240072.0": 0.7882776594071511, "9222335.0--9240072.0": 0.8281686533318592, "9222327.0--9240072.0": 0.7887597072376107, "9233469.0--9240072.0": 0.8243489050140715, "9226461.0--9240072.0": 0.814304411023784, "9238508.0--9240072.0": 0.7985761140843962, "9222266.0--9240072.0": 0.7655282247300467, "9225008.0--9240072.0": 0.8107340837930821, "9240072.0--9290431.0": 0.8529282129210273, "9239918.0--9240072.0": 0.7833493585703111, "9231271.0--9240072.0": 0.8086586706687479, "9222313.0--9240072.0": 0.7900652765993799, "9231268.0--9240072.0": 0.8203218113388528, "9222035.0--9240072.0": 0.8100052101635924, "9222091.0--9240072.0": 0.8319426428349923, "9229515.0--9240072.0": 0.7563128244068482, "9222301.0--9240072.0": 0.8251536610589596, "9222358.0--9240072.0": 0.8172358958080119, "9229135.0--9240072.0": 0.8327823212455878, "9222047.0--9240072.0": 0.7779377800484318, "9222272.0--9240072.0": 0.7902094269804365, "9222110.0--9240072.0": 0.8131950725766935, "9222364.0--9240072.0": 0.7835997232697393, "9222088.0--9240072.0": 0.8306100837735448, "9216518.0--9240072.0": 0.8074362494735781, "9222309.0--9240072.0": 0.7707673487619416, "9216595.0--9240072.0": 0.8153190359541611, "9216538.0--9240072.0": 0.7875828732836665, "9216549.0--9240072.0": 0.7826304857212035, "9216559.0--9240072.0": 0.7974827190079032, "9222376.0--9240072.0": 0.7819125288656188, "9222374.0--9240072.0": 0.8295060249730993, "9224194.0--9240072.0": 0.7709688268253927, "9222254.0--9240072.0": 0.8148327905252245, "9222049.0--9240072.0": 0.8027472214005402, "9222562.0--9240072.0": 0.7644974844191744, "9226126.0--9240072.0": 0.7829394840102378, "9240062.0--9240072.0": 0.8140831574777667, "9226101.0--9240072.0": 0.8319811860712905, "9222377.0--9240072.0": 0.7532224434220333, "9233392.0--9240072.0": 0.797119763771111, "9222093.0--9240072.0": 0.8189419570095321, "9224154.0--9240072.0": 0.7725061613296625, "9240061.0--9240072.0": 0.7798427433229924, "9222512.0--9240072.0": 0.7771734109164766, "9240072.0--9241413.0": 0.8151108123671111, "9224646.0--9240072.0": 0.8279753260811784, "9222372.0--9240072.0": 0.7806590015507744, "9222253.0--9240072.0": 0.7942128244205482, "9222092.0--9240072.0": 0.8036797936817789, "9222271.0--9240072.0": 0.7971182697986424, "9230431.0--9240072.0": 0.8093055741279194, "9222076.0--9240072.0": 0.8068791680217104, "9222053.0--9240072.0": 0.8198659685015829, "9216532.0--9240072.0": 0.8060108781646799, "9222085.0--9240072.0": 0.8061718282103677, "9216629.0--9240072.0": 0.793872092277907, "9240072.0--9308630.0": 0.7770605522272727, "9240072.0--9308624.0": 0.8006060400720749, "9219240.0--9240072.0": 0.8211238840526969, "9216630.0--9240072.0": 0.7759888457409361, "9217981.0--9240072.0": 0.7942465696087662, "9224153.0--9240072.0": 0.8256337831615029, "9240072.0--9286505.0": 0.783396679295336, "9216512.0--9240072.0": 0.8270070806320821, "9216579.0--9240072.0": 0.7760535312544009, "9222249.0--9240072.0": 0.8018382425372756, "9222367.0--9240072.0": 0.7886834117910793, "9222325.0--9240072.0": 0.796188195669634, "9222510.0--9240072.0": 0.8012629500985538, "9240072.0--9246250.0": 0.7983778745675993, "9240072.0--9308627.0": 0.8007958353785493, "9224186.0--9240072.0": 0.8208653252577875, "9229232.0--9240072.0": 0.7907819026460681, "9226404.0--9240072.0": 0.7947299371298192, "9240072.0--9308631.0": 0.7832869362401533, "9222255.0--9240072.0": 0.798669073356723, "9222261.0--9240072.0": 0.7964094852503341, "9222338.0--9240072.0": 0.8062308066465627, "9222284.0--9240072.0": 0.8122087774878584, "9230430.0--9240072.0": 0.8052382395394069, "9240072.0--9308622.0": 0.7774896531377311, "9240072.0--9286903.0": 0.7538569003406299, "9234473.0--9240072.0": 0.7725290599464861, "9240072.0--9241426.0": 0.7768185934453936, "9222269.0--9240072.0": 0.8120359617345477, "9237999.0--9240072.0": 0.8389761736034027, "9222072.0--9240072.0": 0.8435249244439261, "9224197.0--9240072.0": 0.7801091442979924, "9240072.0--9246282.0": 0.7736445941293713, "9222314.0--9240072.0": 0.7837621668083563, "9222357.0--9240072.0": 0.794211554786, "9222086.0--9240072.0": 0.7732558165862154, "9222360.0--9240072.0": 0.8274412151850943, "9222065.0--9240072.0": 0.8274596386281902, "9228894.0--9240072.0": 0.8339469072908288, "9233264.0--9240072.0": 0.7975201678935029, "9222343.0--9240072.0": 0.7799144468051977, "9240072.0--9308621.0": 0.7863292404774491, "9240072.0--9308625.0": 0.8128226847231119, "9240072.0--9241744.0": 0.8083353774136793, "9240072.0--9308629.0": 0.7991968667052072, "9222068.0--9240072.0": 0.7754440123908709, "9222248.0--9240072.0": 0.802974448638319, "9222274.0--9240072.0": 0.8141040985783339, "9229116.0--9240072.0": 0.8113855920673907, "9233993.0--9240072.0": 0.8026846049390813, "9240072.0--9308623.0": 0.8014638060026167, "9222553.0--9240072.0": 0.8155343754221208, "9222341.0--9240072.0": 0.8447783930818471, "9222346.0--9240072.0": 0.7891833180531106, "9240072.0--9308628.0": 0.809911250214985, "9222294.0--9240072.0": 0.7904039083380779, "9240072.0--9241732.0": 0.7863610010057326, "9222060.0--9240072.0": 0.8064769681658212, "9222280.0--9240072.0": 0.810668575322594}