{"8440832.0--8443395.0": 0.8080692660481179, "8440816.0--8443395.0": 0.790109866154261, "8440835.0--8443395.0": 0.7700820874703568, "8440818.0--8443395.0": 0.8595624379661925, "8440853.0--8443395.0": 0.7844292398467175, "8440840.0--8443395.0": 0.7961012930760749, "8440857.0--8443395.0": 0.8208878938603308, "8443395.0--8449328.0": 0.7921566574808143, "8440829.0--8443395.0": 0.8082649377295001, "8440807.0--8443395.0": 0.7509002157824467, "8440831.0--8443395.0": 0.802256218945772, "8440852.0--8443395.0": 0.8082991748617322, "8440841.0--8443395.0": 0.7825624924301723, "8440859.0--8443395.0": 0.7481512197085806, "8440821.0--8443395.0": 0.8135062750608894, "8440842.0--8443395.0": 0.7828757687309768, "8443131.0--8443395.0": 0.7713578029364363, "8440815.0--8443395.0": 0.8454119230833772, "8443395.0--8500765.0": 0.8197487593103221, "8440804.0--8443395.0": 0.7879512270169238, "8443395.0--8454276.0": 0.7798436713180175, "8443395.0--8464305.0": 0.800240686152446, "8443395.0--8494828.0": 0.754597197292743, "8440825.0--8443395.0": 0.772611410599614, "8440814.0--8443395.0": 0.8101780426495631, "8440838.0--8443395.0": 0.8011212865555661, "8440855.0--8443395.0": 0.8160387684105328, "8443395.0--8454489.0": 0.8406725570743921, "8440834.0--8443395.0": 0.7780088915780888, "8440826.0--8443395.0": 0.805759922977906, "8440823.0--8443395.0": 0.7863044613204747, "8440845.0--8443395.0": 0.7633778860131083, "8440810.0--8443395.0": 0.8436281072421723, "8440806.0--8443395.0": 0.7807209350403546, "8440817.0--8443395.0": 0.7964770120234108, "8440813.0--8443395.0": 0.805554187333605, "8443125.0--8443395.0": 0.7884869077072935, "8443395.0--8456575.0": 0.7867296569070052, "8440860.0--8443395.0": 0.811502945137536, "8443395.0--8454343.0": 0.7957952310023803, "8440803.0--8443395.0": 0.8217419592988435, "8443395.0--8454344.0": 0.7956906487257684, "8440854.0--8443395.0": 0.8454440479260875, "8443395.0--8454346.0": 0.7835953842735162, "8440827.0--8443395.0": 0.7869277290144054, "8440836.0--8443395.0": 0.8099392723544805, "8440844.0--8443395.0": 0.7963374377917739, "8440808.0--8443395.0": 0.781636016964257, "8440837.0--8443395.0": 0.7838317385806145, "8440858.0--8443395.0": 0.8071318689253618, "8440820.0--8443395.0": 0.7601659951594658, "8440833.0--8443395.0": 0.7951451957440859, "8443395.0--8444072.0": 0.8208797217608008, "8440812.0--8443395.0": 0.8206122142864172, "8440809.0--8443395.0": 0.8122586951301359, "8443395.0--8454904.0": 0.7884235318917523, "8440846.0--8443395.0": 0.8116694121689615, "8440830.0--8443395.0": 0.8188504943591854, "8443395.0--8444077.0": 0.771270490890831, "8440847.0--8443395.0": 0.8261534114037512, "8440849.0--8443395.0": 0.7658783949650074, "8443124.0--8443395.0": 0.7963535292998183, "8440843.0--8443395.0": 0.7813461826610034, "8443395.0--8807265.0": 0.8120818287897389, "8443395.0--8816695.0": 0.8510859675938469, "8443395.0--8805426.0": 0.7585799439074132, "8443395.0--8805421.0": 0.7625157376829892, "8443395.0--8812684.0": 0.8231244096764303, "8443395.0--8805461.0": 0.7916970343617221, "8443395.0--8807255.0": 0.7856025296630238, "8443395.0--8805460.0": 0.8042577375342047, "8443395.0--8807292.0": 0.8136252331553153, "8443395.0--8807354.0": 0.813574831035058, "8443395.0--8809711.0": 0.8154801522494564, "8443395.0--8805422.0": 0.7962180847467671, "8443395.0--8805424.0": 0.8200149134909981, "8443395.0--8794517.0": 0.749460447816647, "8443395.0--8805451.0": 0.7510865194219531, "8443395.0--8807223.0": 0.7337748539150935, "8443395.0--8794560.0": 0.7683999724627593, "8443395.0--8481543.0": 0.7560267923945977, "8443395.0--8802285.0": 0.7168376655146713, "8443395.0--8807245.0": 0.7781922338511147, "8443395.0--8805456.0": 0.765926231866828, "8443395.0--8827944.0": 0.7653823498821604, "8443395.0--8807296.0": 0.784993579817986, "8443395.0--8827951.0": 0.7386512508378473, "8443395.0--8854335.0": 0.7662664926518188, "8443395.0--8805446.0": 0.7629361256682792, "8443395.0--8805436.0": 0.7789867374036438, "8443395.0--8805433.0": 0.7463825246049904, "8443395.0--8546802.0": 0.7830876489007084, "8443395.0--8805427.0": 0.7800245072575005, "8443395.0--8836120.0": 0.7908693007684148, "8443395.0--8794768.0": 0.7791122552649795, "8443395.0--8809750.0": 0.7616458952935045, "8443395.0--8820172.0": 0.8264557079661112, "8443395.0--8476234.0": 0.8420174210267759, "8443395.0--8807314.0": 0.7384482394421682, "8443395.0--8794520.0": 0.7931944416194632, "8443395.0--8805452.0": 0.820868869699156, "8443395.0--8805462.0": 0.7873243187168985, "8443395.0--8807275.0": 0.8039813565941227, "8419285.0--8443395.0": 0.75643042819335, "8443395.0--8807379.0": 0.7810232941153422, "8443395.0--8807234.0": 0.8088598573446149, "8423100.0--8443395.0": 0.7801306538461656, "8443395.0--8805455.0": 0.7178603851558669, "8443395.0--8727493.0": 0.7254022455795354, "8443395.0--8807369.0": 0.7456408595119645, "8443395.0--8532319.0": 0.7588124994219118, "8419325.0--8443395.0": 0.7284902390078862, "8443395.0--8805430.0": 0.7816769416992213, "8443395.0--8807301.0": 0.7864059471424162, "8443395.0--8713940.0": 0.8038788555558745, "8443395.0--8637795.0": 0.8108079376514851, "7999244.0--8443395.0": 0.7804596982195752, "8443395.0--8805439.0": 0.8040537697956385, "8443395.0--8805428.0": 0.8073943394048474, "8443395.0--8809223.0": 0.8018354759800735, "8443395.0--8795584.0": 0.8034088398751903, "8443395.0--8807264.0": 0.7615109436108101, "8443395.0--8805431.0": 0.7830742841517644, "8443395.0--8453863.0": 0.7646955461053964, "8400404.0--8443395.0": 0.7841148547179491, "8443395.0--8809834.0": 0.7792864227082029, "8443395.0--8663447.0": 0.744589765338076, "8443395.0--8807213.0": 0.8346641865188584, "8443395.0--8640251.0": 0.8089027985057754, "8443395.0--8807220.0": 0.8145053173738752, "8443395.0--8617736.0": 0.8105384240787475, "8443395.0--8617746.0": 0.7625537398488726, "8443395.0--8640072.0": 0.8373155546618009, "8443395.0--8636208.0": 0.8394741019313747, "8443395.0--8805458.0": 0.7845939492480876, "8443395.0--8807271.0": 0.8007069380713291, "8443395.0--8809678.0": 0.7967800596147696, "8443395.0--8807226.0": 0.8430239358804906, "8443395.0--8805467.0": 0.8280738859474917, "8443395.0--8611113.0": 0.7821091657301049, "8443395.0--8854316.0": 0.7979359489461509, "8443395.0--8794607.0": 0.7900314292879254, "8443395.0--8805418.0": 0.7599121974258402, "8443395.0--8836087.0": 0.8185484000915082, "8443395.0--8807283.0": 0.776978311271032, "8443395.0--8820171.0": 0.8202929420233479, "8443395.0--8807288.0": 0.7497908827786415, "8443395.0--8807302.0": 0.7735750656056697, "8443395.0--8805466.0": 0.7875167512944047, "8443395.0--8807351.0": 0.7876851204480366, "8443395.0--8805420.0": 0.7995043551868601, "8443395.0--8807299.0": 0.8098517892628839, "8443395.0--8812988.0": 0.8086620641945035, "8443395.0--8807294.0": 0.7812602515615695, "8443395.0--8805434.0": 0.8425764567733836, "8443395.0--8732351.0": 0.7921697483757292, "8443395.0--8807232.0": 0.7908795412055063, "8419271.0--8443395.0": 0.7676634071713715, "8443395.0--8625484.0": 0.7782574655174349, "8443395.0--8807349.0": 0.8098194130899259, "8443395.0--8809730.0": 0.8037773730862062, "8443395.0--8730513.0": 0.8226213894056231, "8443395.0--8809833.0": 0.7964831172274122, "8443395.0--8523628.0": 0.789091024015223, "8434356.0--8443395.0": 0.760947765884374, "8443395.0--8807303.0": 0.7991140539541456, "8443395.0--8811606.0": 0.7449875888016767, "8443395.0--8807244.0": 0.7593471915012788, "8443395.0--8490694.0": 0.8015419093084176, "8443395.0--8809844.0": 0.766681551479906, "8443395.0--8809850.0": 0.7864840094669402, "8443395.0--8805445.0": 0.7372800411797102, "8412138.0--8443395.0": 0.7729754166755636, "8443395.0--8807247.0": 0.7592218843175271, "8443395.0--8848845.0": 0.7764295883818791, "8443395.0--8695851.0": 0.7929971910575864, "8443395.0--8713907.0": 0.8053669358509133, "8443395.0--8809847.0": 0.7933932965228833, "8443395.0--8727480.0": 0.7845830139926985, "8443395.0--8706590.0": 0.793799235807755, "8443395.0--8735916.0": 0.7959992883420941, "8443395.0--8474512.0": 0.7984938536001778,