{"9241744.0--9308629.0": 0.7904495847843493, "9222068.0--9241744.0": 0.7675431998272613, "9222248.0--9241744.0": 0.7806013714564831, "9222274.0--9241744.0": 0.8528158922958876, "9229116.0--9241744.0": 0.8259127844090516, "9233993.0--9241744.0": 0.7933849919307883, "9241744.0--9308623.0": 0.7701068716470296, "9222553.0--9241744.0": 0.7738439605936848, "9222341.0--9241744.0": 0.8303816925937376, "9222346.0--9241744.0": 0.8116583575881514, "9241744.0--9308628.0": 0.802820200397619, "9222294.0--9241744.0": 0.7984388214856287, "9241732.0--9241744.0": 0.7834162457543742, "9222060.0--9241744.0": 0.8190983537662506, "9222280.0--9241744.0": 0.8067238665750502}