{"8445644.0--8494830.0": 0.7973068509463314, "8440038.0--8445644.0": 0.8048503734793553, "8440110.0--8445644.0": 0.8202136929114012, "8440109.0--8445644.0": 0.7349251022844905, "8445644.0--8453873.0": 0.7964455777276906, "8440115.0--8445644.0": 0.7628886641700869, "8445644.0--8467383.0": 0.8292230586326297, "8440120.0--8445644.0": 0.7970586813401, "8440076.0--8445644.0": 0.7863179394951714, "8440043.0--8445644.0": 0.7705998184871965, "8445644.0--8467535.0": 0.764196349738255, "8440121.0--8445644.0": 0.7811313441857151, "8440044.0--8445644.0": 0.7625941236321089, "8440089.0--8445644.0": 0.8063484378026556, "8440052.0--8445644.0": 0.7725621859546999, "8440085.0--8445644.0": 0.7716726731798208, "8440070.0--8445644.0": 0.7984598253656574, "8440048.0--8445644.0": 0.7648989844689815, "8440118.0--8445644.0": 0.8087520723378282, "8440081.0--8445644.0": 0.7892459329954098, "8440102.0--8445644.0": 0.7837409114809208, "8440080.0--8445644.0": 0.7643861749799973, "8440096.0--8445644.0": 0.7841491413533435, "8440124.0--8445644.0": 0.7568189532309193, "8440063.0--8445644.0": 0.7838706796286681, "8440037.0--8445644.0": 0.7867013144657451, "8440040.0--8445644.0": 0.7667961644894556, "8440056.0--8445644.0": 0.7886868156957609, "8440116.0--8445644.0": 0.7612297756389765, "8444102.0--8445644.0": 0.7971180713817004, "8440824.0--8445644.0": 0.7961200980976546, "8445644.0--8493612.0": 0.7968621710744695, "8440850.0--8445644.0": 0.8159317170740226, "8445644.0--8456856.0": 0.7881843448468057, "8445644.0--8447439.0": 0.7951972885256101, "8440805.0--8445644.0": 0.7992077446745252, "8440811.0--8445644.0": 0.7623096310818388, "8440856.0--8445644.0": 0.7817095319645806, "8440822.0--8445644.0": 0.7741232124874612, "8440828.0--8445644.0": 0.746112030152586, "8440851.0--8445644.0": 0.7688188075146695, "8445644.0--8457476.0": 0.7787780932588305, "8440848.0--8445644.0": 0.7264382399972753, "8440839.0--8445644.0": 0.7854672339534532, "8443395.0--8445644.0": 0.7372840355149017, "8440832.0--8445644.0": 0.7793306475950065, "8440816.0--8445644.0": 0.7767157099110271, "8440835.0--8445644.0": 0.7756546651752999, "8440818.0--8445644.0": 0.8018373151483351, "8440853.0--8445644.0": 0.7732918778012269, "8440840.0--8445644.0": 0.782581107097075, "8440857.0--8445644.0": 0.7808402869228157, "8445644.0--8449328.0": 0.7658860017873597, "8440829.0--8445644.0": 0.7897381594097876, "8440807.0--8445644.0": 0.7481660356017239, "8440831.0--8445644.0": 0.7870211559934754, "8440852.0--8445644.0": 0.7868967916813792, "8440841.0--8445644.0": 0.7736181166752196, "8440859.0--8445644.0": 0.7892749467470396, "8440821.0--8445644.0": 0.7699170668104224, "8440842.0--8445644.0": 0.7622357950425453, "8443131.0--8445644.0": 0.763475106989934, "8440815.0--8445644.0": 0.7696465548654202, "8445644.0--8500765.0": 0.7654707363107853, "8440804.0--8445644.0": 0.7825764314686386, "8445644.0--8454276.0": 0.7687624141691206, "8445644.0--8464305.0": 0.7589300253413032, "8445644.0--8494828.0": 0.7504657037536879, "8440825.0--8445644.0": 0.7792803752551629, "8440814.0--8445644.0": 0.7716885819104902, "8440838.0--8445644.0": 0.7969689580121405, "8440855.0--8445644.0": 0.7732871747160055, "8445644.0--8454489.0": 0.7837700294703374, "8440834.0--8445644.0": 0.7347862038281958, "8440826.0--8445644.0": 0.7791745459013562, "8440823.0--8445644.0": 0.7812404187254743, "8440845.0--8445644.0": 0.7640281800123191, "8440810.0--8445644.0": 0.798568232448375, "8440806.0--8445644.0": 0.752335216532111, "8440817.0--8445644.0": 0.7731738364096903, "8440813.0--8445644.0": 0.7806031278180786, "8443125.0--8445644.0": 0.7463696672527945, "8445644.0--8456575.0": 0.7652897250690504, "8440860.0--8445644.0": 0.7611868725506603, "8445644.0--8454343.0": 0.7715365761298736, "8440803.0--8445644.0": 0.7518417853521785, "8445644.0--8454344.0": 0.7691302620606922, "8440854.0--8445644.0": 0.7887235925999255, "8445644.0--8454346.0": 0.7847406552719924, "8440827.0--8445644.0": 0.7433602824101111, "8440836.0--8445644.0": 0.7929554275589579, "8440844.0--8445644.0": 0.7950604312518728, "8440808.0--8445644.0": 0.8029353117798241, "8440837.0--8445644.0": 0.7859699252138932, "8440858.0--8445644.0": 0.7540464153332228, "8440820.0--8445644.0": 0.7604757786849817, "8440833.0--8445644.0": 0.7392794829190213, "8444072.0--8445644.0": 0.7350284285253902, "8440812.0--8445644.0": 0.7835795968277796, "8440809.0--8445644.0": 0.7740344574462057, "8445644.0--8454904.0": 0.7828179815294853, "8440846.0--8445644.0": 0.7733191095119767, "8440830.0--8445644.0": 0.778674906640673, "8444077.0--8445644.0": 0.7712659932690448, "8440847.0--8445644.0": 0.7739670503795184, "8440849.0--8445644.0": 0.774608121332993, "8443124.0--8445644.0": 0.7831072065130852, "8440843.0--8445644.0": 0.7901259197795953, "8445644.0--8807265.0": 0.7597157354448282, "8445644.0--8816695.0": 0.7509147034455068, "8445644.0--8805426.0": 0.7783873172815885, "8445644.0--8805421.0": 0.8021934899914145, "8445644.0--8812684.0": 0.7683988031318849, "8445644.0--8805461.0": 0.7808179880561728, "8445644.0--8807255.0": 0.7340478019448817, "8445644.0--8805460.0": 0.7384872185614593, "8445644.0--8807292.0": 0.7761115115796247, "8445644.0--8807354.0": 0.7626628023369051, "8445644.0--8809711.0": 0.784945317937198, "8445644.0--8805422.0": 0.7850819519329283, "8445644.0--8805424.0": 0.7487269161307863, "8445644.0--8794517.0": 0.7852460648927305, "8445644.0--8805451.0": 0.7904733705439144, "8445644.0--8807223.0": 0.8572610837981846, "8445644.0--8794560.0": 0.7775268116635005, "8445644.0--8481543.0": 0.7819232620010136, "8445644.0--8802285.0": 0.7364124170283873, "8445644.0--8807245.0": 0.7675876753179903, "8445644.0--8805456.0": 0.7665895046859054, "8445644.0--8827944.0": 0.7283713948950248, "8445644.0--8807296.0": 0.79248488753035, "8445644.0--8827951.0": 0.7633672952633781, "8445644.0--8854335.0": 0.7860641055189217, "8445644.0--8805446.0": 0.8049298318254534, "8445644.0--8805436.0": 0.7978880203639546, "8445644.0--8805433.0": 0.7960323286666696, "8445644.0--8546802.0": 0.7925609408085496, "8445644.0--8805427.0": 0.7404233839195097, "8445644.0--8836120.0": 0.756988025180021, "8445644.0--8794768.0": 0.7841761754801806, "8445644.0--8809750.0": 0.758180180845733, "8445644.0--8820172.0": 0.7969204659859758, "8445644.0--8476234.0": 0.7752365452664222, "8445644.0--8807314.0": 0.7866061312154393, "8445644.0--8794520.0": 0.8218015462441084, "8445644.0--8805452.0": 0.7540849656300386, "8445644.0--8805462.0": 0.7568744371285991, "8445644.0--8807275.0": 0.7549001711511435, "8419285.0--8445644.0": 0.7527468313613516, "8445644.0--8807379.0": 0.7840774910891616, "8445644.0--8807234.0": 0.7995417525724324, "8423100.0--8445644.0": 0.7784624560918014, "8445644.0--8805455.0": 0.7899457412476394, "8445644.0--8727493.0": 0.7793289291882385, "8445644.0--8807369.0": 0.7777195671317653, "8445644.0--8532319.0": 0.7798238660580408, "8419325.0--8445644.0": 0.7942170458817098, "8445644.0--8805430.0": 0.7692176956450166, "8445644.0--8807301.0": 0.7612262964105124, "8445644.0--8713940.0": 0.8003944701145987, "8445644.0--8637795.0": 0.8037139935568711, "7999244.0--8445644.0": 0.7810769713008017, "8445644.0--8805439.0": 0.7542283375191484, "8445644.0--8805428.0": 0.7682897715793049, "8445644.0--8809223.0": 0.7870317382227643, "8445644.0--8795584.0": 0.7621205852136137, "8445644.0--8807264.0": 0.7635467757295451, "8445644.0--8805431.0": 0.751629370446153, "8445644.0--8453863.0": 0.7720180120299442, "8400404.0--8445644.0": 0.7748944607540729, "8445644.0--8809834.0": 0.7664034535651275, "8445644.0--8663447.0": 0.7672656494515177, "8445644.0--8807213.0": 0.788891815364888, "8445644.0--8640251.0": 0.7719953202900736, "8445644.0--8807220.0": 0.7825223854638825, "8445644.0--8617736.0": 0.7626731536620703, "8445644.0--8617746.0": 0.7292249725803951, "8445644.0--8640072.0": 0.769945963979768, "8445644.0--8636208.0": 0.7759818890837995, "8445644.0--8805458.0": 0.7654132785806184, "8445644.0--8807271.0": 0.7897535807368377, "8445644.0--8809678.0": 0.7462481910424194,