{"9222089.0--9228893.0": 0.8052846292988917, "9222089.0--9224192.0": 0.765761424865581, "9222089.0--9222289.0": 0.8253074424544893, "9222038.0--9222089.0": 0.7996720994042388, "9222089.0--9229072.0": 0.7835224509415979, "9222089.0--9222295.0": 0.8121949240582774, "9222089.0--9222342.0": 0.7882350164253551, "9222089.0--9241407.0": 0.7504445942512952, "9222089.0--9288884.0": 0.7970922397677112, "9222089.0--9222351.0": 0.7860587680619651, "9222089.0--9223669.0": 0.8172689730886977, "9222089.0--9222315.0": 0.8046131738202354, "9222089.0--9222335.0": 0.8162724592654473, "9222089.0--9222327.0": 0.813859523013403, "9222089.0--9233469.0": 0.8090470036321795, "9222089.0--9226461.0": 0.7922567339680244, "9222089.0--9238508.0": 0.8089983787445996, "9222089.0--9222266.0": 0.7967690036053607, "9222089.0--9225008.0": 0.8435199709349335, "9222089.0--9290431.0": 0.7964261596152367, "9222089.0--9239918.0": 0.8055620531966405, "9222089.0--9231271.0": 0.7720791233051565, "9222089.0--9222313.0": 0.7864171417995891, "9222089.0--9231268.0": 0.7899832600881902, "9222035.0--9222089.0": 0.7510831277545696, "9222089.0--9222091.0": 0.8438272001269221, "9222089.0--9229515.0": 0.7788692760254863, "9222089.0--9222301.0": 0.8012396742948233, "9222089.0--9222358.0": 0.7903958464982708, "9222089.0--9229135.0": 0.8829732383172614, "9222047.0--9222089.0": 0.7878431421941166, "9222089.0--9222272.0": 0.7939236796665137, "9222089.0--9222110.0": 0.8107576512895623, "9222089.0--9222364.0": 0.8087420085888779, "9222088.0--9222089.0": 0.7807354523635921, "9216518.0--9222089.0": 0.8099912322298788, "9222089.0--9222309.0": 0.8099408814950179, "9216595.0--9222089.0": 0.7680659015270904, "9216538.0--9222089.0": 0.7560500859241166, "9216549.0--9222089.0": 0.7689748576977913, "9216559.0--9222089.0": 0.8261388430638101, "9222089.0--9222376.0": 0.738535989225039, "9222089.0--9222374.0": 0.7890093583453353, "9222089.0--9224194.0": 0.7755354080055233, "9222089.0--9222254.0": 0.7942413352131817, "9222049.0--9222089.0": 0.7450174197185366, "9222089.0--9222562.0": 0.738463073823943, "9222089.0--9226126.0": 0.7469689495691246, "9222089.0--9240062.0": 0.8058561627839059, "9222089.0--9226101.0": 0.7879388572610766, "9222089.0--9222377.0": 0.7547259109741927, "9222089.0--9233392.0": 0.8247297470247116, "9222089.0--9222093.0": 0.747899366114071, "9222089.0--9224154.0": 0.7513129478623681, "9222089.0--9240061.0": 0.7674352531005117, "9222089.0--9222512.0": 0.7720584103496587, "9222089.0--9241413.0": 0.8384683187111388, "9222089.0--9224646.0": 0.7452964458903684, "9222089.0--9222372.0": 0.7472830732450081, "9222089.0--9222253.0": 0.7738332534829382, "9222089.0--9222092.0": 0.8180026774060748, "9222089.0--9222271.0": 0.7819123950244681, "9222089.0--9230431.0": 0.7815540189612162, "9222076.0--9222089.0": 0.7875806929509173, "9222053.0--9222089.0": 0.775862109885141, "9216532.0--9222089.0": 0.8305976540023285, "9222085.0--9222089.0": 0.8008167456345902, "9216629.0--9222089.0": 0.8316073270602717, "9222089.0--9308630.0": 0.7637600019022136, "9222089.0--9308624.0": 0.7741366355437835, "9219240.0--9222089.0": 0.8014546246673819, "9216630.0--9222089.0": 0.8024339944225133, "9217981.0--9222089.0": 0.8138979867473084, "9222089.0--9224153.0": 0.749791543065669, "9222089.0--9286505.0": 0.8156120374021792, "9216512.0--9222089.0": 0.7982119204012315, "9216579.0--9222089.0": 0.8000127871929649, "9222089.0--9222249.0": 0.7975791112636824, "9222089.0--9222367.0": 0.7915728787850199, "9222089.0--9222325.0": 0.7700658180383413, "9222089.0--9222510.0": 0.746299752826424, "9222089.0--9246250.0": 0.7996996109209877, "9222089.0--9308627.0": 0.8275522557597937, "9222089.0--9224186.0": 0.8372296653458557, "9222089.0--9229232.0": 0.7676026971663975, "9222089.0--9226404.0": 0.7912177302795387, "9222089.0--9308631.0": 0.8162045526444323, "9222089.0--9222255.0": 0.7849244188898327, "9222089.0--9222261.0": 0.7966345794399499, "9222089.0--9222338.0": 0.7766317223413168, "9222089.0--9222284.0": 0.81339603251112, "9222089.0--9230430.0": 0.7839695229484737, "9222089.0--9308622.0": 0.7505506253208682, "9222089.0--9286903.0": 0.7545632690413314, "9222089.0--9234473.0": 0.7788096717268512, "9222089.0--9241426.0": 0.8518297741794979, "9222089.0--9222269.0": 0.7819857809727484, "9222089.0--9237999.0": 0.8067991984474885, "9222072.0--9222089.0": 0.79504382377344, "9222089.0--9224197.0": 0.7704573156041726, "9222089.0--9246282.0": 0.7898697238457308, "9222089.0--9222314.0": 0.7885003397597713, "9222089.0--9222357.0": 0.8026707737219364, "9222086.0--9222089.0": 0.7433644446328262, "9222089.0--9222360.0": 0.8309843656716611, "9222065.0--9222089.0": 0.7691820512420801, "9222089.0--9228894.0": 0.7968080624282085, "9222089.0--9233264.0": 0.8338564795196648, "9222089.0--9222343.0": 0.77168092608423, "9222089.0--9308621.0": 0.7847490975321216, "9222089.0--9308625.0": 0.790656862376679, "9222089.0--9241744.0": 0.7948111485400331, "9222089.0--9308629.0": 0.7779603416916446, "9222068.0--9222089.0": 0.7572540242645074, "9222089.0--9222248.0": 0.792784295958228, "9222089.0--9222274.0": 0.7852065665514676, "9222089.0--9229116.0": 0.826263142235523, "9222089.0--9233993.0": 0.7695633804242493, "9222089.0--9308623.0": 0.7924620301312538, "9222089.0--9222553.0": 0.7922849749304497, "9222089.0--9222341.0": 0.7927573006699439, "9222089.0--9222346.0": 0.8170318925218134, "9222089.0--9308628.0": 0.7902471446147512, "9222089.0--9222294.0": 0.792107840785954, "9222089.0--9241732.0": 0.8137252376101205, "9222060.0--9222089.0": 0.8073082376465507, "9222089.0--9222280.0": 0.7982217014699857}