{"8440806.0--8440810.0": 0.7914830847782285, "8440810.0--8440817.0": 0.8028183758515185, "8440810.0--8440813.0": 0.8255710573447661, "8440810.0--8443125.0": 0.7982198951527206, "8440810.0--8456575.0": 0.8412195237907615, "8440810.0--8440860.0": 0.8466626780753114, "8440810.0--8454343.0": 0.8193790952382985, "8440803.0--8440810.0": 0.8280946268257334, "8440810.0--8454344.0": 0.8450732470565989, "8440810.0--8440854.0": 0.8632998477677171, "8440810.0--8454346.0": 0.8079974782845312, "8440810.0--8440827.0": 0.8016971706564766, "8440810.0--8440836.0": 0.825245587073201, "8440810.0--8440844.0": 0.8298013158404464, "8440808.0--8440810.0": 0.8172250860073311, "8440810.0--8440837.0": 0.7945947988845625, "8440810.0--8440858.0": 0.8062489400425736, "8440810.0--8440820.0": 0.7922928667646255, "8440810.0--8440833.0": 0.8274857944035217, "8440810.0--8444072.0": 0.8279414488638276, "8440810.0--8440812.0": 0.8418090714103817, "8440809.0--8440810.0": 0.8200617538417071, "8440810.0--8454904.0": 0.8121659591947294, "8440810.0--8440846.0": 0.8337585805363206, "8440810.0--8440830.0": 0.8019049781596626, "8440810.0--8444077.0": 0.7946433119866065, "8440810.0--8440847.0": 0.8218668141385393, "8440810.0--8440849.0": 0.799311610666135, "8440810.0--8443124.0": 0.8344664335373195, "8440810.0--8440843.0": 0.7989149753157838, "8440810.0--8807265.0": 0.823260552738168, "8440810.0--8816695.0": 0.8338793679115344, "8440810.0--8805426.0": 0.793189714551797, "8440810.0--8805421.0": 0.7930104553672472, "8440810.0--8812684.0": 0.806039166368966, "8440810.0--8805461.0": 0.8064666800473618, "8440810.0--8807255.0": 0.7771009760174837, "8440810.0--8805460.0": 0.8033207218862295, "8440810.0--8807292.0": 0.8437784492432917, "8440810.0--8807354.0": 0.8110750138519459, "8440810.0--8809711.0": 0.8149831594891181, "8440810.0--8805422.0": 0.8071451419017897, "8440810.0--8805424.0": 0.8097698180149595, "8440810.0--8794517.0": 0.7682602263940117, "8440810.0--8805451.0": 0.7725172448404712, "8440810.0--8807223.0": 0.7831969785968985, "8440810.0--8794560.0": 0.8089022357304103, "8440810.0--8481543.0": 0.7859959995337147, "8440810.0--8802285.0": 0.7641323176638771, "8440810.0--8807245.0": 0.8057682043518739, "8440810.0--8805456.0": 0.7724258438870963, "8440810.0--8827944.0": 0.7648087274157529, "8440810.0--8807296.0": 0.8026523371694237, "8440810.0--8827951.0": 0.7759236621063712, "8440810.0--8854335.0": 0.8063904246680798, "8440810.0--8805446.0": 0.7848120749683849, "8440810.0--8805436.0": 0.783186101037183, "8440810.0--8805433.0": 0.772592614458302, "8440810.0--8546802.0": 0.8163737478908983, "8440810.0--8805427.0": 0.8066045215627466, "8440810.0--8836120.0": 0.8256704862511082, "8440810.0--8794768.0": 0.7953962794501221, "8440810.0--8809750.0": 0.807271459494803, "8440810.0--8820172.0": 0.8356325340208082, "8440810.0--8476234.0": 0.8336372888348375, "8440810.0--8807314.0": 0.7775535972300247, "8440810.0--8794520.0": 0.8237270187466574, "8440810.0--8805452.0": 0.8250696297782513, "8440810.0--8805462.0": 0.7857565959572136, "8440810.0--8807275.0": 0.8119735841030592, "8419285.0--8440810.0": 0.7782167242956382, "8440810.0--8807379.0": 0.8113905575237594, "8440810.0--8807234.0": 0.8420872100182749, "8423100.0--8440810.0": 0.8039160817595561, "8440810.0--8805455.0": 0.7526975585101424, "8440810.0--8727493.0": 0.7387301870464124, "8440810.0--8807369.0": 0.7577278770222431, "8440810.0--8532319.0": 0.783787280159313, "8419325.0--8440810.0": 0.7679005930461741, "8440810.0--8805430.0": 0.8082755030330375, "8440810.0--8807301.0": 0.818046502526862, "8440810.0--8713940.0": 0.8342962139659462, "8440810.0--8637795.0": 0.8289757486790015, "7999244.0--8440810.0": 0.8046616063214814, "8440810.0--8805439.0": 0.8014292249014096, "8440810.0--8805428.0": 0.830813168766881, "8440810.0--8809223.0": 0.8323087776174908, "8440810.0--8795584.0": 0.8433125380884752, "8440810.0--8807264.0": 0.7968253649090457, "8440810.0--8805431.0": 0.7917748479297693, "8440810.0--8453863.0": 0.773310569630066, "8400404.0--8440810.0": 0.8004266251333627, "8440810.0--8809834.0": 0.8021361789816739, "8440810.0--8663447.0": 0.7861694279762912, "8440810.0--8807213.0": 0.8301068221771577, "8440810.0--8640251.0": 0.8344253654439473, "8440810.0--8807220.0": 0.8386717994199293, "8440810.0--8617736.0": 0.826582847706393, "8440810.0--8617746.0": 0.7816570266323895, "8440810.0--8640072.0": 0.8391103785217197, "8440810.0--8636208.0": 0.8250083383071571, "8440810.0--8805458.0": 0.8272929176686322, "8440810.0--8807271.0": 0.8302111748502076, "8440810.0--8809678.0": 0.8011174386463676, "8440810.0--8807226.0": 0.8612634129640148, "8440810.0--8805467.0": 0.8439656707022195, "8440810.0--8611113.0": 0.8152933503649608, "8440810.0--8854316.0": 0.8262189336699752, "8440810.0--8794607.0": 0.8080074968032427, "8440810.0--8805418.0": 0.7831606953391786, "8440810.0--8836087.0": 0.8305603816628258, "8440810.0--8807283.0": 0.8268083634757304, "8440810.0--8820171.0": 0.8385256619829684, "8440810.0--8807288.0": 0.7511063200655426, "8440810.0--8807302.0": 0.7770180959220367, "8440810.0--8805466.0": 0.8039411390556254, "8440810.0--8807351.0": 0.8191046296624369, "8440810.0--8805420.0": 0.7917149631725728, "8440810.0--8807299.0": 0.7908211164495262, "8440810.0--8812988.0": 0.7974305044337312, "8440810.0--8807294.0": 0.797432618648098, "8440810.0--8805434.0": 0.8343637266784734, "8440810.0--8732351.0": 0.7914680327430658, "8440810.0--8807232.0": 0.7964353156618366, "8419271.0--8440810.0": 0.7719920983947952, "8440810.0--8625484.0": 0.7996582810496018, "8440810.0--8807349.0": 0.8515025181430019, "8440810.0--8809730.0": 0.811818881336698, "8440810.0--8730513.0": 0.8121315335244981, "8440810.0--8809833.0": 0.8186272519941027, "8440810.0--8523628.0": 0.7942380949096868, "8434356.0--8440810.0": 0.7943841696159967, "8440810.0--8807303.0": 0.8381480161388205, "8440810.0--8811606.0": 0.7745596504592803, "8440810.0--8807244.0": 0.7779435157564507, "8440810.0--8490694.0": 0.812844968010216, "8440810.0--8809844.0": 0.7966269231590177, "8440810.0--8809850.0": 0.813660214875144, "8440810.0--8805445.0": 0.7777848269616199, "8412138.0--8440810.0": 0.7945165185720549, "8440810.0--8807247.0": 0.7779482423496908, "8440810.0--8848845.0": 0.7934259396583138, "8440810.0--8695851.0": 0.8228233290237343, "8440810.0--8713907.0": 0.8408500941342809, "8440810.0--8809847.0": 0.8275299229557371, "8440810.0--8727480.0": 0.8232264052145637, "8440810.0--8706590.0": 0.8148107310889829, "8440810.0--8735916.0": 0.816831126639392, "8440810.0--8474512.0": 0.8204125737721777, "8440810.0--8809845.0": 0.7752653278031212, "8440810.0--8540796.0": 0.86508573078921, "8440810.0--8807233.0": 0.8116530479792771, "8440810.0--8617747.0": 0.7472041028289841, "8440810.0--8474486.0": 0.8131663479718934, "8440810.0--8474516.0": 0.834205382646489, "8440810.0--8663650.0": 0.7891874997791886, "8440810.0--8663646.0": 0.7990790649848125, "8440810.0--8794553.0": 0.7985062583364643, "8440810.0--8863966.0": 0.7794796339268689, "8440810.0--8525340.0": 0.7570102655250065, "8440810.0--8805448.0": 0.8158251065148376, "8405549.0--8440810.0": 0.8225229170937592, "8440810.0--8611178.0": 0.7960368713848671, "8440810.0--8827593.0": 0.7809274165009709, "8440810.0--8805463.0": 0.7767144679595939, "8440810.0--8805457.0": 0.8193846420368802, "8440810.0--8805442.0": 0.8583844270045123, "8440810.0--8807266.0": 0.8374697056946773, "8440810.0--8813126.0": 0.8539012412447745, "8440810.0--8585103.0": 0.8435330658217589, "8440810.0--8807235.0": 0.8219231100155103, "8440810.0--8585048.0": 0.867066819049649, "8440810.0--8809843.0": 0.7768208406669906, "8440810.0--8809842.0": 0.7911564424745833, "8440810.0--8842614.0": 0.7866627877217254, "8440810.0--8805441.0": 0.7507208539781991, "8440810.0--8809920.0": 0.7515000042212918, "8440810.0--8663312.0": 0.8042811873367313, "8440810.0--8477126.0": 0.8572521902761148, "8440810.0--8807224.0": 0.8337893899232818, "8440810.0--8807355.0": 0.78269297840591, "8440810.0--8807320.0": 0.8031360407692736,