{"9222314.0--9222357.0": 0.7878682603256024, "9222086.0--9222314.0": 0.7514669096179716, "9222314.0--9222360.0": 0.8138740774436027, "9222065.0--9222314.0": 0.7537830915633269, "9222314.0--9228894.0": 0.8066290996577915, "9222314.0--9233264.0": 0.7844017939731296, "9222314.0--9222343.0": 0.7558956383331097, "9222314.0--9308621.0": 0.7862896023133079, "9222314.0--9308625.0": 0.7889318160366973, "9222314.0--9241744.0": 0.8032906800196986, "9222314.0--9308629.0": 0.7697316471702885, "9222068.0--9222314.0": 0.7937055437011602, "9222248.0--9222314.0": 0.7717578403758083, "9222274.0--9222314.0": 0.8122217844077085, "9222314.0--9229116.0": 0.8088973703707363, "9222314.0--9233993.0": 0.7717510894873536, "9222314.0--9308623.0": 0.7862157141919527, "9222314.0--9222553.0": 0.7978595611145072, "9222314.0--9222341.0": 0.7982041678503456, "9222314.0--9222346.0": 0.7972805524317262, "9222314.0--9308628.0": 0.8547580750685175, "9222294.0--9222314.0": 0.7762401666128718, "9222314.0--9241732.0": 0.7778002262409567, "9222060.0--9222314.0": 0.8048939912276198, "9222280.0--9222314.0": 0.7910758099955058}