{"8443125.0--8456575.0": 0.7862645535345543, "8440860.0--8443125.0": 0.7911751512279097, "8443125.0--8454343.0": 0.8012928220296345, "8440803.0--8443125.0": 0.7685485290760611, "8443125.0--8454344.0": 0.7636176702720533, "8440854.0--8443125.0": 0.7892720833285924, "8443125.0--8454346.0": 0.7827096550401469, "8440827.0--8443125.0": 0.7654071878611326, "8440836.0--8443125.0": 0.7821508866766458, "8440844.0--8443125.0": 0.8001905170861836, "8440808.0--8443125.0": 0.7683958722604439, "8440837.0--8443125.0": 0.7775530763465112, "8440858.0--8443125.0": 0.7662751146761422, "8440820.0--8443125.0": 0.7630411765390592, "8440833.0--8443125.0": 0.8047759897466873, "8443125.0--8444072.0": 0.7907389245211218, "8440812.0--8443125.0": 0.8858624142063405, "8440809.0--8443125.0": 0.8028417202312086, "8443125.0--8454904.0": 0.7609392846381624, "8440846.0--8443125.0": 0.8114693607180626, "8440830.0--8443125.0": 0.7739925433459003, "8443125.0--8444077.0": 0.7724419969184347, "8440847.0--8443125.0": 0.7752982969276453, "8440849.0--8443125.0": 0.8222691371818721, "8443124.0--8443125.0": 0.7744399539206198, "8440843.0--8443125.0": 0.7878226375558719, "8443125.0--8807265.0": 0.7595732865883438, "8443125.0--8816695.0": 0.7907248735212821, "8443125.0--8805426.0": 0.7474879273979463, "8443125.0--8805421.0": 0.7634101543729941, "8443125.0--8812684.0": 0.7552613364145464, "8443125.0--8805461.0": 0.7636025478589986, "8443125.0--8807255.0": 0.7501851585438755, "8443125.0--8805460.0": 0.7639267524873582, "8443125.0--8807292.0": 0.7911884995875392, "8443125.0--8807354.0": 0.7652985780983801, "8443125.0--8809711.0": 0.7762748782472271, "8443125.0--8805422.0": 0.7751436075210558, "8443125.0--8805424.0": 0.7707763173681108, "8443125.0--8794517.0": 0.7643836333659851, "8443125.0--8805451.0": 0.7374129066177249, "8443125.0--8807223.0": 0.7143939782473533, "8443125.0--8794560.0": 0.7445320592429426, "8443125.0--8481543.0": 0.7622402701631267, "8443125.0--8802285.0": 0.7304784568523595, "8443125.0--8807245.0": 0.7515306886154793, "8443125.0--8805456.0": 0.7518593226192298, "8443125.0--8827944.0": 0.7322757252838534, "8443125.0--8807296.0": 0.7471356387746125, "8443125.0--8827951.0": 0.7207180492260021, "8443125.0--8854335.0": 0.7548468772484782, "8443125.0--8805446.0": 0.7493960097302166, "8443125.0--8805436.0": 0.7555080156269143, "8443125.0--8805433.0": 0.7308713306437887, "8443125.0--8546802.0": 0.7743299614666571, "8443125.0--8805427.0": 0.8069827505832545, "8443125.0--8836120.0": 0.8422366627644284, "8443125.0--8794768.0": 0.799991265407633, "8443125.0--8809750.0": 0.7745273305252299, "8443125.0--8820172.0": 0.7854796347543638, "8443125.0--8476234.0": 0.7982801331600576, "8443125.0--8807314.0": 0.7369537291529915, "8443125.0--8794520.0": 0.7938350336679438, "8443125.0--8805452.0": 0.7497833428990726, "8443125.0--8805462.0": 0.7569878934069095, "8443125.0--8807275.0": 0.7667927710840583, "8419285.0--8443125.0": 0.7593597867157127, "8443125.0--8807379.0": 0.758735252191597, "8443125.0--8807234.0": 0.7867541419907982, "8423100.0--8443125.0": 0.7554592471552982, "8443125.0--8805455.0": 0.733057666851268, "8443125.0--8727493.0": 0.7324953286117339, "8443125.0--8807369.0": 0.7161586548870426, "8443125.0--8532319.0": 0.7328143204688305, "8419325.0--8443125.0": 0.7514463012209768, "8443125.0--8805430.0": 0.8161034892088466, "8443125.0--8807301.0": 0.7820884901566421, "8443125.0--8713940.0": 0.7656243743362299, "8443125.0--8637795.0": 0.81994945271534, "7999244.0--8443125.0": 0.7830975634207045, "8443125.0--8805439.0": 0.7588752704092729, "8443125.0--8805428.0": 0.8527581076984195, "8443125.0--8809223.0": 0.7963734474894595, "8443125.0--8795584.0": 0.8114432432821131, "8443125.0--8807264.0": 0.7785253715370158, "8443125.0--8805431.0": 0.7947515095133625, "8443125.0--8453863.0": 0.7310237475984199, "8400404.0--8443125.0": 0.759446118587874, "8443125.0--8809834.0": 0.7714382574730325, "8443125.0--8663447.0": 0.7564972948606298, "8443125.0--8807213.0": 0.7921827428616001, "8443125.0--8640251.0": 0.7849493821418039, "8443125.0--8807220.0": 0.7864678911772843, "8443125.0--8617736.0": 0.7759318230575789, "8443125.0--8617746.0": 0.7621502041472743, "8443125.0--8640072.0": 0.7873095242768042, "8443125.0--8636208.0": 0.7812951003676285, "8443125.0--8805458.0": 0.842493472333471, "8443125.0--8807271.0": 0.7821256092539141, "8443125.0--8809678.0": 0.7750131859699714, "8443125.0--8807226.0": 0.8047238922922033, "8443125.0--8805467.0": 0.79832949102595, "8443125.0--8611113.0": 0.7931711856009953, "8443125.0--8854316.0": 0.8092030742106451, "8443125.0--8794607.0": 0.7718291649002177, "8443125.0--8805418.0": 0.7821675782008536, "8443125.0--8836087.0": 0.8106748063630985, "8443125.0--8807283.0": 0.7695022508001647, "8443125.0--8820171.0": 0.7922379788552135, "8443125.0--8807288.0": 0.7089710585057073, "8443125.0--8807302.0": 0.7302313800108663, "8443125.0--8805466.0": 0.7616565927010208, "8443125.0--8807351.0": 0.7788344349708379, "8443125.0--8805420.0": 0.7687186658169788, "8443125.0--8807299.0": 0.734197582751223, "8443125.0--8812988.0": 0.7375351233098111, "8443125.0--8807294.0": 0.7573422629289419, "8443125.0--8805434.0": 0.8037408741367373, "8443125.0--8732351.0": 0.7375295580264393, "8443125.0--8807232.0": 0.7586479803657674, "8419271.0--8443125.0": 0.7286830559981947, "8443125.0--8625484.0": 0.7544556478044281, "8443125.0--8807349.0": 0.742556853862513, "8443125.0--8809730.0": 0.7747892809569603, "8443125.0--8730513.0": 0.7559277942647473, "8443125.0--8809833.0": 0.7422284147020278, "8443125.0--8523628.0": 0.7438462624412673, "8434356.0--8443125.0": 0.7732130697370283, "8443125.0--8807303.0": 0.7924303689842264, "8443125.0--8811606.0": 0.755438777461166, "8443125.0--8807244.0": 0.7541672254613591, "8443125.0--8490694.0": 0.8089662619311917, "8443125.0--8809844.0": 0.7557225376699814, "8443125.0--8809850.0": 0.8013877444839048, "8443125.0--8805445.0": 0.7465915351739403, "8412138.0--8443125.0": 0.7348404943106804, "8443125.0--8807247.0": 0.7733160054889352, "8443125.0--8848845.0": 0.7837938624643794, "8443125.0--8695851.0": 0.7726156126270891, "8443125.0--8713907.0": 0.8111149787207517, "8443125.0--8809847.0": 0.770913708766855, "8443125.0--8727480.0": 0.7952098632327088, "8443125.0--8706590.0": 0.7744658480253581, "8443125.0--8735916.0": 0.7924528374736052, "8443125.0--8474512.0": 0.7707932167781091, "8443125.0--8809845.0": 0.7296745363216376, "8443125.0--8540796.0": 0.7779886499898155, "8443125.0--8807233.0": 0.764988219413078, "8443125.0--8617747.0": 0.7469195599123017, "8443125.0--8474486.0": 0.750304737837545, "8443125.0--8474516.0": 0.7815303172433606, "8443125.0--8663650.0": 0.7446064807429085, "8443125.0--8663646.0": 0.7613351720050354, "8443125.0--8794553.0": 0.7666009676649608, "8443125.0--8863966.0": 0.7197513949345573, "8443125.0--8525340.0": 0.7217040425694881, "8443125.0--8805448.0": 0.8064034551334605, "8405549.0--8443125.0": 0.7853631545538416, "8443125.0--8611178.0": 0.7746432855052525, "8443125.0--8827593.0": 0.7451132124321749, "8443125.0--8805463.0": 0.730460297098667, "8443125.0--8805457.0": 0.7601756575532688, "8443125.0--8805442.0": 0.7779825214988104, "8443125.0--8807266.0": 0.7969587971533273, "8443125.0--8813126.0": 0.7708182764466391, "8443125.0--8585103.0": 0.7708475773761023, "8443125.0--8807235.0": 0.7585428551912595, "8443125.0--8585048.0": 0.8045875699819802, "8443125.0--8809843.0": 0.7454264252236695, "8443125.0--8809842.0": 0.7567900517876038, "8443125.0--8842614.0": 0.7538509038544763, "8443125.0--8805441.0": 0.737225727691182, "8443125.0--8809920.0": 0.7430777186793607, "8443125.0--8663312.0": 0.7341994119091975, "8443125.0--8477126.0": 0.7832443064703805, "8443125.0--8807224.0": 0.7478531781937353, "8443125.0--8807355.0": 0.7599787684456625, "8443125.0--8807320.0": 0.8613122922538916, "8443125.0--8665933.0": 0.78492125894394, "8443125.0--8845772.0": 0.787506676519147, "8443125.0--8812989.0": 0.7895172876351707, "8443125.0--8636969.0": 0.7737252206870515,