{"8805466.0--8807351.0": 0.8066096874895045, "8805420.0--8805466.0": 0.7983944417329765, "8805466.0--8807299.0": 0.796855279688668, "8805466.0--8812988.0": 0.799627780291268, "8805466.0--8807294.0": 0.7902229083493373, "8805434.0--8805466.0": 0.8153873077237943, "8732351.0--8805466.0": 0.7700008024619078, "8805466.0--8807232.0": 0.788659237308651, "8419271.0--8805466.0": 0.7741634500731596, "8625484.0--8805466.0": 0.8145212045574967, "8805466.0--8807349.0": 0.7926320945881934, "8805466.0--8809730.0": 0.8055495012981353, "8730513.0--8805466.0": 0.8084028885419738, "8805466.0--8809833.0": 0.7967219991720343, "8523628.0--8805466.0": 0.7666358077814193, "8434356.0--8805466.0": 0.7474671569604459, "8805466.0--8807303.0": 0.7954545882016318, "8805466.0--8811606.0": 0.7544984371847419, "8805466.0--8807244.0": 0.7595656232248287, "8490694.0--8805466.0": 0.7867055645866936, "8805466.0--8809844.0": 0.7595672267005342, "8805466.0--8809850.0": 0.7814027637913465, "8805445.0--8805466.0": 0.7515182694238763, "8412138.0--8805466.0": 0.7660575215612672, "8805466.0--8807247.0": 0.7568516595899001, "8805466.0--8848845.0": 0.7609752974391174, "8695851.0--8805466.0": 0.7999793599551872, "8713907.0--8805466.0": 0.8069344080985953, "8805466.0--8809847.0": 0.7891576244935021, "8727480.0--8805466.0": 0.8072921386006988, "8706590.0--8805466.0": 0.7741055023350253, "8735916.0--8805466.0": 0.8139435137617397, "8474512.0--8805466.0": 0.8164932618390564, "8805466.0--8809845.0": 0.7500821377884892, "8540796.0--8805466.0": 0.7982706953496422, "8805466.0--8807233.0": 0.8154794470642379, "8617747.0--8805466.0": 0.7578655026004086, "8474486.0--8805466.0": 0.7966412118068545, "8474516.0--8805466.0": 0.8123052077558643, "8663650.0--8805466.0": 0.7732637082044476, "8663646.0--8805466.0": 0.7861936016170804, "8794553.0--8805466.0": 0.7727886300137141, "8805466.0--8863966.0": 0.7733252207992288, "8525340.0--8805466.0": 0.7378286731510977, "8805448.0--8805466.0": 0.7727998163140486, "8405549.0--8805466.0": 0.8020129851017195, "8611178.0--8805466.0": 0.7746475371129988, "8805466.0--8827593.0": 0.7840884612864625, "8805463.0--8805466.0": 0.7715986832107785, "8805457.0--8805466.0": 0.8066752908755631, "8805442.0--8805466.0": 0.805526989008328, "8805466.0--8807266.0": 0.8038597784527698, "8805466.0--8813126.0": 0.780558414370625, "8585103.0--8805466.0": 0.7705347082692106, "8805466.0--8807235.0": 0.7681245206639468, "8585048.0--8805466.0": 0.8422378273462755, "8805466.0--8809843.0": 0.7709292738095979, "8805466.0--8809842.0": 0.759154586524819, "8805466.0--8842614.0": 0.7481107572060444, "8805441.0--8805466.0": 0.7340615992831708, "8805466.0--8809920.0": 0.7567446570257617, "8663312.0--8805466.0": 0.7572157864296754, "8477126.0--8805466.0": 0.8048228880097118, "8805466.0--8807224.0": 0.7849802946738882, "8805466.0--8807355.0": 0.7422149848053998, "8805466.0--8807320.0": 0.7757414456811385, "8665933.0--8805466.0": 0.7633486010292975, "8805466.0--8845772.0": 0.7643127011905155, "8805466.0--8812989.0": 0.7852052310942941, "8636969.0--8805466.0": 0.759996861772299, "8805450.0--8805466.0": 0.7705619333600076, "8805466.0--8807243.0": 0.7750687034809502, "8805443.0--8805466.0": 0.8155463561249428, "8673661.0--8805466.0": 0.7834740898898979, "8805419.0--8805466.0": 0.7651181831163194, "8451903.0--8805466.0": 0.7804757655826834, "8805429.0--8805466.0": 0.7773740384891031, "8805466.0--8809846.0": 0.7664433674516842, "8805466.0--8809832.0": 0.7842523712794701, "8413174.0--8805466.0": 0.733498778742576, "8494817.0--8805466.0": 0.7359656364820945, "8637778.0--8805466.0": 0.7273121375870385, "8805466.0--8809742.0": 0.7878053576974527, "8805466.0--8807280.0": 0.8127105240697627, "8805466.0--8807274.0": 0.8169231433195622, "8805466.0--9216586.0": 0.7683521716200263, "8805466.0--9237132.0": 0.7972944197664872, "8805466.0--9216572.0": 0.7683925246812358, "8805466.0--9217952.0": 0.7754276814271013, "8805466.0--9217931.0": 0.8316044380543666, "8805466.0--9216507.0": 0.7843447246920745, "8805466.0--9222368.0": 0.8127617513746466, "8805466.0--9220137.0": 0.7697332463047287, "8805466.0--9233460.0": 0.7761212446200164, "8805466.0--9222263.0": 0.7396678227925053, "8805466.0--9293003.0": 0.7801824832681269, "8805466.0--9222102.0": 0.7787260410051982, "8805466.0--9222323.0": 0.7957764693784963, "8805466.0--9222287.0": 0.7637413243652049, "8805466.0--9223736.0": 0.7752948865079689, "8805466.0--9224191.0": 0.7714841370494917, "8805466.0--9222251.0": 0.7806649623858021, "8805466.0--9229242.0": 0.8014670180811239, "8805466.0--9282195.0": 0.758578724271038, "8805466.0--9222098.0": 0.8112323803149897, "8805466.0--9234027.0": 0.7721233413917861, "8805466.0--9246308.0": 0.7753054363358988, "8805466.0--9240072.0": 0.7720942750978694, "8805466.0--9222353.0": 0.7620099143969638, "8805466.0--9222293.0": 0.7943178826282576, "8805466.0--9222089.0": 0.7883166031938607, "8805466.0--9228893.0": 0.7974584921932735, "8805466.0--9224192.0": 0.761125552497976, "8805466.0--9222289.0": 0.7827999843876134, "8805466.0--9222038.0": 0.7844118088419081, "8805466.0--9229072.0": 0.7896219316678053, "8805466.0--9222295.0": 0.7858440281409138, "8805466.0--9222342.0": 0.7789668059259802, "8805466.0--9241407.0": 0.7574875869917326, "8805466.0--9288884.0": 0.7949264888248848, "8805466.0--9222351.0": 0.7816982523016741, "8805466.0--9223669.0": 0.7922289034858901, "8805466.0--9222315.0": 0.7731171109228273, "8805466.0--9222335.0": 0.8193904196824883, "8805466.0--9222327.0": 0.7580590253983757, "8805466.0--9233469.0": 0.781334381737932, "8805466.0--9226461.0": 0.7834920410487645, "8805466.0--9238508.0": 0.7858513101678573, "8805466.0--9222266.0": 0.7966120689987762, "8805466.0--9225008.0": 0.7947052189328004, "8805466.0--9290431.0": 0.7869330675422446, "8805466.0--9239918.0": 0.7635073515848847, "8805466.0--9231271.0": 0.7687353577464724, "8805466.0--9222313.0": 0.7964670728053115, "8805466.0--9231268.0": 0.7779796768177084, "8805466.0--9222035.0": 0.7385614717599389, "8805466.0--9222091.0": 0.8061668494198435, "8805466.0--9229515.0": 0.7659452623967772, "8805466.0--9222301.0": 0.7924087016894231, "8805466.0--9222358.0": 0.7825614188903769, "8805466.0--9229135.0": 0.8190861240979455, "8805466.0--9222047.0": 0.7754977597798204, "8805466.0--9222272.0": 0.7832231425529643, "8805466.0--9222110.0": 0.7881859103714199, "8805466.0--9222364.0": 0.7787338303284155, "8805466.0--9222088.0": 0.7762419312622193, "8805466.0--9216518.0": 0.7962229793703538, "8805466.0--9222309.0": 0.7603115541758374, "8805466.0--9216595.0": 0.7403111785118277, "8805466.0--9216538.0": 0.760462092505687, "8805466.0--9216549.0": 0.7642261584524224, "8805466.0--9216559.0": 0.773489153834167, "8805466.0--9222376.0": 0.7485481865108758, "8805466.0--9222374.0": 0.7822453098611328, "8805466.0--9224194.0": 0.7628506048223698, "8805466.0--9222254.0": 0.7891708254090111, "8805466.0--9222049.0": 0.7572742941316337, "8805466.0--9222562.0": 0.7594742937218604, "8805466.0--9226126.0": 0.7466828052962311, "8805466.0--9240062.0": 0.7956408681842997, "8805466.0--9226101.0": 0.7753273930978679, "8805466.0--9222377.0": 0.7458977075543509, "8805466.0--9233392.0": 0.7864499143623616, "8805466.0--9222093.0": 0.7512336814832478, "8805466.0--9224154.0": 0.7351141481463973, "8805466.0--9240061.0": 0.7712736307462792, "8805466.0--9222512.0": 0.7471551701186533, "8805466.0--9241413.0": 0.7637193161889633, "8805466.0--9224646.0": 0.7511154274742654, "8805466.0--9222372.0": 0.7483156436548412, "8805466.0--9222253.0": 0.768537844223736, "8805466.0--9222092.0": 0.7979553989698057, "8805466.0--9222271.0": 0.7787883858913153, "8805466.0--9230431.0": 0.7858469749308852, "8805466.0--9222076.0": 0.7948106892095645, "8805466.0--9222053.0": 0.7714313557132844, "8805466.0--9216532.0": 0.801858628961187, "8805466.0--9222085.0": 0.7825445962694301, "8805466.0--9216629.0": 0.8177238111570782, "8805466.0--9308630.0": 0.798544694939218, "8805466.0--9308624.0": 0.7563328451917313, "8805466.0--9219240.0": 0.799063521684223,