{"8805443.0--8807243.0": 0.803212342885136, "8673661.0--8807243.0": 0.8411676764353271, "8805419.0--8807243.0": 0.7823791922058195, "8451903.0--8807243.0": 0.777116257349007, "8805429.0--8807243.0": 0.7735859416553971, "8807243.0--8809846.0": 0.7766008324600135, "8807243.0--8809832.0": 0.807012687767931, "8413174.0--8807243.0": 0.7761817235978056, "8494817.0--8807243.0": 0.76940836560515, "8637778.0--8807243.0": 0.7702357193969012, "8807243.0--8809742.0": 0.79060695441797, "8807243.0--8807280.0": 0.8351052181020903, "8807243.0--8807274.0": 0.8242561174986471, "8807243.0--9216586.0": 0.7996738204475283, "8807243.0--9237132.0": 0.8286165386746752, "8807243.0--9216572.0": 0.7807681112313565, "8807243.0--9217952.0": 0.7858385341410454, "8807243.0--9217931.0": 0.8428392096226243, "8807243.0--9216507.0": 0.7810560819571108, "8807243.0--9222368.0": 0.8205225523267416, "8807243.0--9220137.0": 0.8072746309561606, "8807243.0--9233460.0": 0.7813770823637991, "8807243.0--9222263.0": 0.7426436422446836, "8807243.0--9293003.0": 0.7779298169560606, "8807243.0--9222102.0": 0.8112715190809054, "8807243.0--9222323.0": 0.7918963604409325, "8807243.0--9222287.0": 0.8022865876919308, "8807243.0--9223736.0": 0.8113884110979908, "8807243.0--9224191.0": 0.785174568295796, "8807243.0--9222251.0": 0.8020555740591342, "8807243.0--9229242.0": 0.7917005760953943, "8807243.0--9282195.0": 0.7646657434403487, "8807243.0--9222098.0": 0.8299075152968192, "8807243.0--9234027.0": 0.8025546566891171, "8807243.0--9246308.0": 0.8173863494100461, "8807243.0--9240072.0": 0.8112210176288812, "8807243.0--9222353.0": 0.8128545011630633, "8807243.0--9222293.0": 0.8203474945901132, "8807243.0--9222089.0": 0.8231417262082207, "8807243.0--9228893.0": 0.7844218362877797, "8807243.0--9224192.0": 0.7966006405319345, "8807243.0--9222289.0": 0.8195312809358035, "8807243.0--9222038.0": 0.8096144070694878, "8807243.0--9229072.0": 0.7863260992825422, "8807243.0--9222295.0": 0.79692115189404, "8807243.0--9222342.0": 0.7892097816700465, "8807243.0--9241407.0": 0.7659673370659668, "8807243.0--9288884.0": 0.7751697593750123, "8807243.0--9222351.0": 0.7828647983926026, "8807243.0--9223669.0": 0.7966496566883244, "8807243.0--9222315.0": 0.7827124250533423, "8807243.0--9222335.0": 0.8079854125474328, "8807243.0--9222327.0": 0.7841636277685037, "8807243.0--9233469.0": 0.7844180240489311, "8807243.0--9226461.0": 0.7905376482674303, "8807243.0--9238508.0": 0.7956209066091253, "8807243.0--9222266.0": 0.7925725159404073, "8807243.0--9225008.0": 0.7973108523673813, "8807243.0--9290431.0": 0.787487383651926, "8807243.0--9239918.0": 0.7954035073088744, "8807243.0--9231271.0": 0.7905933223766166, "8807243.0--9222313.0": 0.8015759581269729, "8807243.0--9231268.0": 0.7739135944567125, "8807243.0--9222035.0": 0.7655105428750716, "8807243.0--9222091.0": 0.8119808791621821, "8807243.0--9229515.0": 0.7945807882153727, "8807243.0--9222301.0": 0.8062874483655589, "8807243.0--9222358.0": 0.7655438405772244, "8807243.0--9229135.0": 0.8094679542918186, "8807243.0--9222047.0": 0.7703042549186705, "8807243.0--9222272.0": 0.8000533712783382, "8807243.0--9222110.0": 0.8066882884194013, "8807243.0--9222364.0": 0.7696176991389342, "8807243.0--9222088.0": 0.8111732651551368, "8807243.0--9216518.0": 0.7948755109008849, "8807243.0--9222309.0": 0.7701736752938705, "8807243.0--9216595.0": 0.7843875426588206, "8807243.0--9216538.0": 0.7775023901055054, "8807243.0--9216549.0": 0.7835777560116752, "8807243.0--9216559.0": 0.7930110064273277, "8807243.0--9222376.0": 0.731237950037469, "8807243.0--9222374.0": 0.817356206684567, "8807243.0--9224194.0": 0.7548495347063915, "8807243.0--9222254.0": 0.8096102891262942, "8807243.0--9222049.0": 0.7856852543051548, "8807243.0--9222562.0": 0.748056640757226, "8807243.0--9226126.0": 0.7969472589841993, "8807243.0--9240062.0": 0.8373059523856262, "8807243.0--9226101.0": 0.7987462502265232, "8807243.0--9222377.0": 0.7880990038945832, "8807243.0--9233392.0": 0.818107143614796, "8807243.0--9222093.0": 0.793833199385451, "8807243.0--9224154.0": 0.7771660812488872, "8807243.0--9240061.0": 0.8132950188938304, "8807243.0--9222512.0": 0.7922922444738193, "8807243.0--9241413.0": 0.8510777379330271, "8807243.0--9224646.0": 0.780109550471391, "8807243.0--9222372.0": 0.761150798289081, "8807243.0--9222253.0": 0.7859637161877902, "8807243.0--9222092.0": 0.8193933472543872, "8807243.0--9222271.0": 0.7987671069887823, "8807243.0--9230431.0": 0.7830588063451864, "8807243.0--9222076.0": 0.8065001503494383, "8807243.0--9222053.0": 0.7823746398819744, "8807243.0--9216532.0": 0.8234328177803454, "8807243.0--9222085.0": 0.8022563107423795, "8807243.0--9216629.0": 0.8091197133252788, "8807243.0--9308630.0": 0.7969897205429837, "8807243.0--9308624.0": 0.7815854878196131, "8807243.0--9219240.0": 0.8128769537506186, "8807243.0--9216630.0": 0.7866515302298018, "8807243.0--9217981.0": 0.8258699775256576, "8807243.0--9224153.0": 0.78339589301689, "8807243.0--9286505.0": 0.7897643640004193, "8807243.0--9216512.0": 0.8041755837557416, "8807243.0--9216579.0": 0.8238210422537972, "8807243.0--9222249.0": 0.8176373016868994, "8807243.0--9222367.0": 0.7823577561641474, "8807243.0--9222325.0": 0.7775991295366464, "8807243.0--9222510.0": 0.7493014794509022, "8807243.0--9246250.0": 0.8041801569536138, "8807243.0--9308627.0": 0.8294983636088016, "8807243.0--9224186.0": 0.8345307346711466, "8807243.0--9229232.0": 0.7729062433665601, "8807243.0--9226404.0": 0.7662224113338973, "8807243.0--9308631.0": 0.794693591719403, "8807243.0--9222255.0": 0.8062388560591965, "8807243.0--9222261.0": 0.8268926071585865, "8807243.0--9222338.0": 0.7915502620027696, "8807243.0--9222284.0": 0.8089068549462088, "8807243.0--9230430.0": 0.8158159007735972, "8807243.0--9308622.0": 0.7745735033380057, "8807243.0--9286903.0": 0.781619135151442, "8807243.0--9234473.0": 0.8191802121331798, "8807243.0--9241426.0": 0.8288587380246781, "8807243.0--9222269.0": 0.790175183033224, "8807243.0--9237999.0": 0.8173713496735014, "8807243.0--9222072.0": 0.8195195681238343, "8807243.0--9224197.0": 0.803297112837555, "8807243.0--9246282.0": 0.7937139921178007, "8807243.0--9222314.0": 0.8001405002308172, "8807243.0--9222357.0": 0.8071390651316895, "8807243.0--9222086.0": 0.7888242237967105, "8807243.0--9222360.0": 0.8373715979579744, "8807243.0--9222065.0": 0.7748344926045723, "8807243.0--9228894.0": 0.8027603227306742, "8807243.0--9233264.0": 0.7908897091334347, "8807243.0--9222343.0": 0.7767308392946188, "8807243.0--9308621.0": 0.8056482719082335, "8807243.0--9308625.0": 0.8054776791851427, "8807243.0--9241744.0": 0.7948168801825741, "8807243.0--9308629.0": 0.7683228550665666, "8807243.0--9222068.0": 0.7825295609237917, "8807243.0--9222248.0": 0.7887102326717486, "8807243.0--9222274.0": 0.774217467234072, "8807243.0--9229116.0": 0.8388225740031618, "8807243.0--9233993.0": 0.7737833699737869, "8807243.0--9308623.0": 0.7859398266342756, "8807243.0--9222553.0": 0.8218665406585972, "8807243.0--9222341.0": 0.8426568190613796, "8807243.0--9222346.0": 0.8230464662579188, "8807243.0--9308628.0": 0.7997485485956803, "8807243.0--9222294.0": 0.8065990947606673, "8807243.0--9241732.0": 0.8405768304895838, "8807243.0--9222060.0": 0.8069674387357678, "8807243.0--9222280.0": 0.810851036711964}