{"8423100.0--8807234.0": 0.8860018768251062, "8805455.0--8807234.0": 0.7868804169127612, "8727493.0--8807234.0": 0.7669495935660899, "8807234.0--8807369.0": 0.7703091189508814, "8532319.0--8807234.0": 0.8146155844363095, "8419325.0--8807234.0": 0.8121658374142717, "8805430.0--8807234.0": 0.8017377468166444, "8807234.0--8807301.0": 0.8043146115910924, "8713940.0--8807234.0": 0.81084203734022, "8637795.0--8807234.0": 0.8365893084360468, "7999244.0--8807234.0": 0.818137701012573, "8805439.0--8807234.0": 0.8116844816730654, "8805428.0--8807234.0": 0.8255465895501544, "8807234.0--8809223.0": 0.8092380228643961, "8795584.0--8807234.0": 0.8030619074250638, "8807234.0--8807264.0": 0.7928138851704274, "8805431.0--8807234.0": 0.7945476126969244, "8453863.0--8807234.0": 0.799507836962774, "8400404.0--8807234.0": 0.782666197425238, "8807234.0--8809834.0": 0.8158463271735198, "8663447.0--8807234.0": 0.8150695637571717, "8807213.0--8807234.0": 0.8391896577171583, "8640251.0--8807234.0": 0.8126327186235287, "8807220.0--8807234.0": 0.8511397102094762, "8617736.0--8807234.0": 0.8179416355014193, "8617746.0--8807234.0": 0.7901091256355421, "8640072.0--8807234.0": 0.8155424899833361, "8636208.0--8807234.0": 0.8604186424708822, "8805458.0--8807234.0": 0.8001595917640625, "8807234.0--8807271.0": 0.8275814291211846, "8807234.0--8809678.0": 0.8047966724334483, "8807226.0--8807234.0": 0.8289128237383863, "8805467.0--8807234.0": 0.8299465434168963, "8611113.0--8807234.0": 0.8056832823395155, "8807234.0--8854316.0": 0.8150438093242336, "8794607.0--8807234.0": 0.8323335488974601, "8805418.0--8807234.0": 0.8048978200338348, "8807234.0--8836087.0": 0.8219046402380579, "8807234.0--8807283.0": 0.8037634792448647, "8807234.0--8820171.0": 0.803846983693338, "8807234.0--8807288.0": 0.7755705290798037, "8807234.0--8807302.0": 0.7662877528967464, "8805466.0--8807234.0": 0.7977476503584802, "8807234.0--8807351.0": 0.8032741589511083, "8805420.0--8807234.0": 0.809848519930067, "8807234.0--8807299.0": 0.8184905899475331, "8807234.0--8812988.0": 0.8049583340367678, "8807234.0--8807294.0": 0.8199414251409654, "8805434.0--8807234.0": 0.8477532997971187, "8732351.0--8807234.0": 0.8086906758106576, "8807232.0--8807234.0": 0.8034065209760637, "8419271.0--8807234.0": 0.7991054665522047, "8625484.0--8807234.0": 0.8107033354277003, "8807234.0--8807349.0": 0.8133274137627021, "8807234.0--8809730.0": 0.826377987473306, "8730513.0--8807234.0": 0.8412186145844615, "8807234.0--8809833.0": 0.8143607559237684, "8523628.0--8807234.0": 0.8153402343145347, "8434356.0--8807234.0": 0.8107882132279831, "8807234.0--8807303.0": 0.8498594475679404, "8807234.0--8811606.0": 0.8203454148571706, "8807234.0--8807244.0": 0.8051061866487598, "8490694.0--8807234.0": 0.8142073011533334, "8807234.0--8809844.0": 0.8217761239185924, "8807234.0--8809850.0": 0.8137211816149558, "8805445.0--8807234.0": 0.8174023552658305, "8412138.0--8807234.0": 0.8352049862206898, "8807234.0--8807247.0": 0.8198302953380334, "8807234.0--8848845.0": 0.8135611835947675, "8695851.0--8807234.0": 0.8280352151656881, "8713907.0--8807234.0": 0.8456753051105057, "8807234.0--8809847.0": 0.8402636613899548, "8727480.0--8807234.0": 0.8354258153631711, "8706590.0--8807234.0": 0.8305325378722518, "8735916.0--8807234.0": 0.834180033370801, "8474512.0--8807234.0": 0.8074252293867227, "8807234.0--8809845.0": 0.858694274601806, "8540796.0--8807234.0": 0.8402105436783842, "8807233.0--8807234.0": 0.8309630190082457, "8617747.0--8807234.0": 0.7890806212972789, "8474486.0--8807234.0": 0.8159830343710395, "8474516.0--8807234.0": 0.8485975089362627, "8663650.0--8807234.0": 0.7924235795881096, "8663646.0--8807234.0": 0.8387060769048074, "8794553.0--8807234.0": 0.8429175802966462, "8807234.0--8863966.0": 0.7967457448412747, "8525340.0--8807234.0": 0.8061995504777452, "8805448.0--8807234.0": 0.7991149539305723, "8405549.0--8807234.0": 0.8423268530699916, "8611178.0--8807234.0": 0.7946629911467169, "8807234.0--8827593.0": 0.7979775018573196, "8805463.0--8807234.0": 0.7776806601450675, "8805457.0--8807234.0": 0.8272471710055268, "8805442.0--8807234.0": 0.8076144599194067, "8807234.0--8807266.0": 0.8274753162538127, "8807234.0--8813126.0": 0.8186402949671493, "8585103.0--8807234.0": 0.8165144255867918, "8807234.0--8807235.0": 0.8078372584550135, "8585048.0--8807234.0": 0.8508876698897423, "8807234.0--8809843.0": 0.7973665261705642, "8807234.0--8809842.0": 0.802207248197327, "8807234.0--8842614.0": 0.796727056937016, "8805441.0--8807234.0": 0.752511240381269, "8807234.0--8809920.0": 0.7676523478956424, "8663312.0--8807234.0": 0.7956663824342272, "8477126.0--8807234.0": 0.8388365259673579, "8807224.0--8807234.0": 0.842023501928322, "8807234.0--8807355.0": 0.8020146318741909, "8807234.0--8807320.0": 0.8090661736279912, "8665933.0--8807234.0": 0.818920793615393, "8807234.0--8845772.0": 0.830873426072845, "8807234.0--8812989.0": 0.8080812119177117, "8636969.0--8807234.0": 0.8435801365723533, "8805450.0--8807234.0": 0.798562950951831, "8807234.0--8807243.0": 0.803921727932468, "8805443.0--8807234.0": 0.8097304511823933, "8673661.0--8807234.0": 0.8418269951536358, "8805419.0--8807234.0": 0.791095740666835, "8451903.0--8807234.0": 0.7800438141295473, "8805429.0--8807234.0": 0.8197914121076773, "8807234.0--8809846.0": 0.7963388915777725, "8807234.0--8809832.0": 0.8328985080268191, "8413174.0--8807234.0": 0.7840570419430273, "8494817.0--8807234.0": 0.7804531687534874, "8637778.0--8807234.0": 0.7859576855611996, "8807234.0--8809742.0": 0.8000130902257224, "8807234.0--8807280.0": 0.8330628452369114, "8807234.0--8807274.0": 0.8349637968560638, "8807234.0--9216586.0": 0.8086132172859769, "8807234.0--9237132.0": 0.8132176932496773, "8807234.0--9216572.0": 0.805819503800421, "8807234.0--9217952.0": 0.8188125453995656, "8807234.0--9217931.0": 0.8542329247681135, "8807234.0--9216507.0": 0.8174169450236749, "8807234.0--9222368.0": 0.8259753931694901, "8807234.0--9220137.0": 0.8041239621808326, "8807234.0--9233460.0": 0.7976268047937105, "8807234.0--9222263.0": 0.7884301470136099, "8807234.0--9293003.0": 0.8142939693061605, "8807234.0--9222102.0": 0.82031100085371, "8807234.0--9222323.0": 0.8240535031473469, "8807234.0--9222287.0": 0.8092173115780931, "8807234.0--9223736.0": 0.8245432410636035, "8807234.0--9224191.0": 0.8428089829135692, "8807234.0--9222251.0": 0.7891762327616454, "8807234.0--9229242.0": 0.813670443846262, "8807234.0--9282195.0": 0.825495637237885, "8807234.0--9222098.0": 0.8437234562335282, "8807234.0--9234027.0": 0.8200810810744247, "8807234.0--9246308.0": 0.8324389081351303, "8807234.0--9240072.0": 0.8619372999737409, "8807234.0--9222353.0": 0.8128689240499091, "8807234.0--9222293.0": 0.8106684294777028, "8807234.0--9222089.0": 0.8078696964365868, "8807234.0--9228893.0": 0.8173269867345618, "8807234.0--9224192.0": 0.8133083101821443, "8807234.0--9222289.0": 0.8207418830165533, "8807234.0--9222038.0": 0.8102021861422046, "8807234.0--9229072.0": 0.8243476403113301, "8807234.0--9222295.0": 0.831741890019757, "8807234.0--9222342.0": 0.7986467486443581, "8807234.0--9241407.0": 0.7949431728869476, "8807234.0--9288884.0": 0.8016409210483623, "8807234.0--9222351.0": 0.829423015229428, "8807234.0--9223669.0": 0.8232934643739268, "8807234.0--9222315.0": 0.7935672634496773, "8807234.0--9222335.0": 0.8348463096208609, "8807234.0--9222327.0": 0.795577797849919, "8807234.0--9233469.0": 0.8219786419975669, "8807234.0--9226461.0": 0.8169413195937296, "8807234.0--9238508.0": 0.8220231039255128, "8807234.0--9222266.0": 0.7790115497877392, "8807234.0--9225008.0": 0.8209272974920387, "8807234.0--9290431.0": 0.8461517825115775, "8807234.0--9239918.0": 0.8003227837578206, "8807234.0--9231271.0": 0.8319153074971365, "8807234.0--9222313.0": 0.8182198363012785, "8807234.0--9231268.0": 0.8164447662436962, "8807234.0--9222035.0": 0.8126254475826371, "8807234.0--9222091.0": 0.854640943340834, "8807234.0--9229515.0": 0.8101228355319873, "8807234.0--9222301.0": 0.8496889840649692,