{"8794553.0--8863966.0": 0.8112285062040688, "8525340.0--8794553.0": 0.8213880794881911, "8794553.0--8805448.0": 0.7897216715143027, "8405549.0--8794553.0": 0.8227593766435524, "8611178.0--8794553.0": 0.8187284522388447, "8794553.0--8827593.0": 0.7867768414102356, "8794553.0--8805463.0": 0.7538711302336891, "8794553.0--8805457.0": 0.8003123010898033, "8794553.0--8805442.0": 0.7706219354429057, "8794553.0--8807266.0": 0.7967754437355314, "8794553.0--8813126.0": 0.7716850944682745, "8585103.0--8794553.0": 0.787287366700453, "8794553.0--8807235.0": 0.7820760802371813, "8585048.0--8794553.0": 0.801121438498402, "8794553.0--8809843.0": 0.7871864180701136, "8794553.0--8809842.0": 0.8147907990060851, "8794553.0--8842614.0": 0.7732441120223342, "8794553.0--8805441.0": 0.765635656841768, "8794553.0--8809920.0": 0.7490253645842169, "8663312.0--8794553.0": 0.7845050714270847, "8477126.0--8794553.0": 0.8116348605453862, "8794553.0--8807224.0": 0.8086608139984113, "8794553.0--8807355.0": 0.7988655120669742, "8794553.0--8807320.0": 0.8262667649267184, "8665933.0--8794553.0": 0.8023182728434766, "8794553.0--8845772.0": 0.8560080166576766, "8794553.0--8812989.0": 0.8236980581002248, "8636969.0--8794553.0": 0.860201527325225, "8794553.0--8805450.0": 0.7877046171552444, "8794553.0--8807243.0": 0.8180458920438279, "8794553.0--8805443.0": 0.8009934460923932, "8673661.0--8794553.0": 0.8265531740367928, "8794553.0--8805419.0": 0.802399479260485, "8451903.0--8794553.0": 0.7734713001551827, "8794553.0--8805429.0": 0.7938411814194952, "8794553.0--8809846.0": 0.7786944818220394, "8794553.0--8809832.0": 0.8045849777398708, "8413174.0--8794553.0": 0.8066863817439829, "8494817.0--8794553.0": 0.8027995336821272, "8637778.0--8794553.0": 0.8231933235617116, "8794553.0--8809742.0": 0.7768959463068112, "8794553.0--8807280.0": 0.8038429772225408, "8794553.0--8807274.0": 0.8244141454681836, "8794553.0--9216586.0": 0.8035862796055582, "8794553.0--9237132.0": 0.79453556578166, "8794553.0--9216572.0": 0.7917384698077178, "8794553.0--9217952.0": 0.8219479467465995, "8794553.0--9217931.0": 0.8128949114415698, "8794553.0--9216507.0": 0.8056823675205148, "8794553.0--9222368.0": 0.7952711650158477, "8794553.0--9220137.0": 0.7773534272942518, "8794553.0--9233460.0": 0.7894023310344507, "8794553.0--9222263.0": 0.7782204067894032, "8794553.0--9293003.0": 0.7895450273585392, "8794553.0--9222102.0": 0.793840597001013, "8794553.0--9222323.0": 0.8098173134590826, "8794553.0--9222287.0": 0.7763553451248203, "8794553.0--9223736.0": 0.8104942023198249, "8794553.0--9224191.0": 0.8329371169267478, "8794553.0--9222251.0": 0.7499565418219681, "8794553.0--9229242.0": 0.7972232943161519, "8794553.0--9282195.0": 0.8004496880959574, "8794553.0--9222098.0": 0.8193127119340243, "8794553.0--9234027.0": 0.7804820711040835, "8794553.0--9246308.0": 0.8105111303407132, "8794553.0--9240072.0": 0.8364183390621109, "8794553.0--9222353.0": 0.8150561890454346, "8794553.0--9222293.0": 0.781480984035254, "8794553.0--9222089.0": 0.799118074275371, "8794553.0--9228893.0": 0.802380352036314, "8794553.0--9224192.0": 0.8018274677693839, "8794553.0--9222289.0": 0.780961209988273, "8794553.0--9222038.0": 0.7993769233547064, "8794553.0--9229072.0": 0.7888007223733824, "8794553.0--9222295.0": 0.837465026148714, "8794553.0--9222342.0": 0.7651387648685781, "8794553.0--9241407.0": 0.7982822667169474, "8794553.0--9288884.0": 0.8309119919870395, "8794553.0--9222351.0": 0.7854489913571091, "8794553.0--9223669.0": 0.7751117096292273, "8794553.0--9222315.0": 0.7934527689100964, "8794553.0--9222335.0": 0.7974620775377483, "8794553.0--9222327.0": 0.8072418672556255, "8794553.0--9233469.0": 0.7875089317570086, "8794553.0--9226461.0": 0.7929449000643027, "8794553.0--9238508.0": 0.8327754542799468, "8794553.0--9222266.0": 0.7698526711382153, "8794553.0--9225008.0": 0.8106328953782881, "8794553.0--9290431.0": 0.8177094356177163, "8794553.0--9239918.0": 0.7905220284493635, "8794553.0--9231271.0": 0.8002549907524564, "8794553.0--9222313.0": 0.7940465702870791, "8794553.0--9231268.0": 0.7839656094305052, "8794553.0--9222035.0": 0.8101478337590302, "8794553.0--9222091.0": 0.8287477450576419, "8794553.0--9229515.0": 0.7718322887722142, "8794553.0--9222301.0": 0.8161188400629766, "8794553.0--9222358.0": 0.7865638442433118, "8794553.0--9229135.0": 0.8100498001643958, "8794553.0--9222047.0": 0.7986403678031628, "8794553.0--9222272.0": 0.7809901812389907, "8794553.0--9222110.0": 0.7965278793894397, "8794553.0--9222364.0": 0.8457625587044719, "8794553.0--9222088.0": 0.8161865301378395, "8794553.0--9216518.0": 0.805937851627205, "8794553.0--9222309.0": 0.7612193501832036, "8794553.0--9216595.0": 0.8077138625347264, "8794553.0--9216538.0": 0.8297491814765641, "8794553.0--9216549.0": 0.8024615028322779, "8794553.0--9216559.0": 0.8284445824533164, "8794553.0--9222376.0": 0.7743338427979793, "8794553.0--9222374.0": 0.850426131232817, "8794553.0--9224194.0": 0.8341604661832343, "8794553.0--9222254.0": 0.8250957254877417, "8794553.0--9222049.0": 0.8478800507988271, "8794553.0--9222562.0": 0.7843775981595579, "8794553.0--9226126.0": 0.7811966197192666, "8794553.0--9240062.0": 0.8050900779862807, "8794553.0--9226101.0": 0.8111013950578382, "8794553.0--9222377.0": 0.7624428926029078, "8794553.0--9233392.0": 0.8215203820442933, "8794553.0--9222093.0": 0.8458523359295524, "8794553.0--9224154.0": 0.8223594073111788, "8794553.0--9240061.0": 0.7784434481015738, "8794553.0--9222512.0": 0.8226617208902829, "8794553.0--9241413.0": 0.7786200780406397, "8794553.0--9224646.0": 0.8275259962175007, "8794553.0--9222372.0": 0.7973773027929663, "8794553.0--9222253.0": 0.8451246950370768, "8794553.0--9222092.0": 0.8439144081975971, "8794553.0--9222271.0": 0.8338849241060473, "8794553.0--9230431.0": 0.7991426925294557, "8794553.0--9222076.0": 0.8381260825286554, "8794553.0--9222053.0": 0.8067583131249598, "8794553.0--9216532.0": 0.8133952606925794, "8794553.0--9222085.0": 0.8102874249833433, "8794553.0--9216629.0": 0.7862925464292875, "8794553.0--9308630.0": 0.7805354471167724, "8794553.0--9308624.0": 0.7803119944473271, "8794553.0--9219240.0": 0.7907281723446816, "8794553.0--9216630.0": 0.7892412978608737, "8794553.0--9217981.0": 0.8121482250229037, "8794553.0--9224153.0": 0.7746525953649546, "8794553.0--9286505.0": 0.779945294713701, "8794553.0--9216512.0": 0.8140649644424907, "8794553.0--9216579.0": 0.796320541412535, "8794553.0--9222249.0": 0.7981305338830766, "8794553.0--9222367.0": 0.7606362383404248, "8794553.0--9222325.0": 0.7462245144622353, "8794553.0--9222510.0": 0.7820111232748039, "8794553.0--9246250.0": 0.8068568838048895, "8794553.0--9308627.0": 0.8110573140127278, "8794553.0--9224186.0": 0.8062298716683584, "8794553.0--9229232.0": 0.7648064170623576, "8794553.0--9226404.0": 0.8089328559913571, "8794553.0--9308631.0": 0.7925599992751462, "8794553.0--9222255.0": 0.7963645725508299, "8794553.0--9222261.0": 0.8040062377428459, "8794553.0--9222338.0": 0.7961336975228195, "8794553.0--9222284.0": 0.8083972807693124, "8794553.0--9230430.0": 0.7984405704161345, "8794553.0--9308622.0": 0.7837918300986533, "8794553.0--9286903.0": 0.7522345401452817, "8794553.0--9234473.0": 0.7912748368563726, "8794553.0--9241426.0": 0.8018424890220732, "8794553.0--9222269.0": 0.8185216511869339, "8794553.0--9237999.0": 0.8271130352893775, "8794553.0--9222072.0": 0.8334916091137164, "8794553.0--9224197.0": 0.7909431150184103, "8794553.0--9246282.0": 0.7706529156011926, "8794553.0--9222314.0": 0.762816954442219, "8794553.0--9222357.0": 0.7929515169403001, "8794553.0--9222086.0": 0.7752502832858511, "8794553.0--9222360.0": 0.7974640839351246, "8794553.0--9222065.0": 0.8190503393922458, "8794553.0--9228894.0": 0.846133652690631, "8794553.0--9233264.0": 0.8015287785421903, "8794553.0--9222343.0": 0.7929814718535262, "8794553.0--9308621.0": 0.761139852681469, "8794553.0--9308625.0": 0.8239461487867672, "8794553.0--9241744.0": 0.7880465562286122, "8794553.0--9308629.0": 0.8045952636249389,