{"8440824.0--8444102.0": 0.7971103388741851, "8444102.0--8493612.0": 0.7926988483187645, "8440850.0--8444102.0": 0.8051909909376004, "8444102.0--8456856.0": 0.7719053244262774, "8444102.0--8447439.0": 0.7763896065371649, "8440805.0--8444102.0": 0.8064694019607714, "8440811.0--8444102.0": 0.7653846392849215, "8440856.0--8444102.0": 0.7967609969129748, "8440822.0--8444102.0": 0.8094567197964173, "8440828.0--8444102.0": 0.7594785652223979, "8440851.0--8444102.0": 0.7667706042281276, "8444102.0--8457476.0": 0.7663388108399193, "8440848.0--8444102.0": 0.7205873666793953, "8440839.0--8444102.0": 0.7499936083023018, "8443395.0--8444102.0": 0.7293116854617703, "8440832.0--8444102.0": 0.7846742371325879, "8440816.0--8444102.0": 0.7778009031819425, "8440835.0--8444102.0": 0.789275269092237, "8440818.0--8444102.0": 0.7920929838963742, "8440853.0--8444102.0": 0.8001255419561197, "8440840.0--8444102.0": 0.8080328822389131, "8440857.0--8444102.0": 0.7864010169469395, "8444102.0--8449328.0": 0.767346353629306, "8440829.0--8444102.0": 0.7932946183509637, "8440807.0--8444102.0": 0.7472194101761628, "8440831.0--8444102.0": 0.7904192646488271, "8440852.0--8444102.0": 0.7730583125655426, "8440841.0--8444102.0": 0.7611575876042059, "8440859.0--8444102.0": 0.7837552524257214, "8440821.0--8444102.0": 0.7510799973932929, "8440842.0--8444102.0": 0.7756454137036678, "8443131.0--8444102.0": 0.7453975830023803, "8440815.0--8444102.0": 0.7508396768181229, "8444102.0--8500765.0": 0.7653886806338324, "8440804.0--8444102.0": 0.743986860196787, "8444102.0--8454276.0": 0.7867544283281228, "8444102.0--8464305.0": 0.7546542681587078, "8444102.0--8494828.0": 0.756032338199341, "8440825.0--8444102.0": 0.7613134163060328, "8440814.0--8444102.0": 0.7771689213667009, "8440838.0--8444102.0": 0.7930725053697296, "8440855.0--8444102.0": 0.8079330400163436, "8444102.0--8454489.0": 0.7633934527270441, "8440834.0--8444102.0": 0.7444683496101723, "8440826.0--8444102.0": 0.7777379495962481, "8440823.0--8444102.0": 0.7720268971705516, "8440845.0--8444102.0": 0.7719728309589862, "8440810.0--8444102.0": 0.7971291309034904, "8440806.0--8444102.0": 0.7782812797040006, "8440817.0--8444102.0": 0.7963619966455255, "8440813.0--8444102.0": 0.792361412137839, "8443125.0--8444102.0": 0.7534758692961672, "8444102.0--8456575.0": 0.7977030513030638, "8440860.0--8444102.0": 0.7835044003871736, "8444102.0--8454343.0": 0.7724760209462592, "8440803.0--8444102.0": 0.7614595531044736, "8444102.0--8454344.0": 0.811469919554283, "8440854.0--8444102.0": 0.7969080467960841, "8444102.0--8454346.0": 0.7895380663556544, "8440827.0--8444102.0": 0.7413837922188389, "8440836.0--8444102.0": 0.7709858936073543, "8440844.0--8444102.0": 0.7965854024887925, "8440808.0--8444102.0": 0.7968231251181849, "8440837.0--8444102.0": 0.8005906620516712, "8440858.0--8444102.0": 0.743231747091881, "8440820.0--8444102.0": 0.7672399195956281, "8440833.0--8444102.0": 0.7721020608951873, "8444072.0--8444102.0": 0.7483225192124695, "8440812.0--8444102.0": 0.8060620464150752, "8440809.0--8444102.0": 0.7830397901100258, "8444102.0--8454904.0": 0.7984002928444287, "8440846.0--8444102.0": 0.7749849213957041, "8440830.0--8444102.0": 0.7489495077829555, "8444077.0--8444102.0": 0.7612769550993025, "8440847.0--8444102.0": 0.7857363223884832, "8440849.0--8444102.0": 0.7761747810388318, "8443124.0--8444102.0": 0.8233058210226687, "8440843.0--8444102.0": 0.7866183813806387, "8444102.0--8807265.0": 0.7507909190997604, "8444102.0--8816695.0": 0.7527552764525353, "8444102.0--8805426.0": 0.7728312067259867, "8444102.0--8805421.0": 0.7832936603550891, "8444102.0--8812684.0": 0.7401239524406192, "8444102.0--8805461.0": 0.7888045051711732, "8444102.0--8807255.0": 0.7494322095664917, "8444102.0--8805460.0": 0.752130407095571, "8444102.0--8807292.0": 0.7699788618809293, "8444102.0--8807354.0": 0.7528705333176701, "8444102.0--8809711.0": 0.7506839136581523, "8444102.0--8805422.0": 0.7490310919789088, "8444102.0--8805424.0": 0.7339247595648858, "8444102.0--8794517.0": 0.7866454652712616, "8444102.0--8805451.0": 0.766610475541227, "8444102.0--8807223.0": 0.795136013828237, "8444102.0--8794560.0": 0.8370807831773861, "8444102.0--8481543.0": 0.8201796133994177, "8444102.0--8802285.0": 0.7587405309622266, "8444102.0--8807245.0": 0.7814749094557875, "8444102.0--8805456.0": 0.8075069648796106, "8444102.0--8827944.0": 0.7593272388210847, "8444102.0--8807296.0": 0.7982647218307677, "8444102.0--8827951.0": 0.7872762474083007, "8444102.0--8854335.0": 0.7971784808769121, "8444102.0--8805446.0": 0.7732360913465295, "8444102.0--8805436.0": 0.766386628147335, "8444102.0--8805433.0": 0.7491560317669803, "8444102.0--8546802.0": 0.813485137331494, "8444102.0--8805427.0": 0.7673215712674296, "8444102.0--8836120.0": 0.7742649268346544, "8444102.0--8794768.0": 0.7843210455793542, "8444102.0--8809750.0": 0.7881870381712668, "8444102.0--8820172.0": 0.8293118556901283, "8444102.0--8476234.0": 0.7904044502775182, "8444102.0--8807314.0": 0.7891524970172459, "8444102.0--8794520.0": 0.8227037161635715, "8444102.0--8805452.0": 0.7864938164438385, "8444102.0--8805462.0": 0.7513839348169715, "8444102.0--8807275.0": 0.7850843156245808, "8419285.0--8444102.0": 0.7653073554047923, "8444102.0--8807379.0": 0.7951135514771964, "8444102.0--8807234.0": 0.812894630526539, "8423100.0--8444102.0": 0.7710526386053477, "8444102.0--8805455.0": 0.7912273706518227, "8444102.0--8727493.0": 0.7391700841305132, "8444102.0--8807369.0": 0.7200803875505056, "8444102.0--8532319.0": 0.785944097159804, "8419325.0--8444102.0": 0.787495942804374, "8444102.0--8805430.0": 0.7859251535691766, "8444102.0--8807301.0": 0.7694087606821688, "8444102.0--8713940.0": 0.793812605493161, "8444102.0--8637795.0": 0.7972239752890948, "7999244.0--8444102.0": 0.8028466657268523, "8444102.0--8805439.0": 0.7576187827194794, "8444102.0--8805428.0": 0.7746774629212503, "8444102.0--8809223.0": 0.7749754737656065, "8444102.0--8795584.0": 0.7748408634837919, "8444102.0--8807264.0": 0.7427055268226539, "8444102.0--8805431.0": 0.7532500039734795, "8444102.0--8453863.0": 0.7820809590207655, "8400404.0--8444102.0": 0.7514029934628481, "8444102.0--8809834.0": 0.7822769020080586, "8444102.0--8663447.0": 0.7932455586349888, "8444102.0--8807213.0": 0.8073577387651122, "8444102.0--8640251.0": 0.7673290497362681, "8444102.0--8807220.0": 0.8048437170525058, "8444102.0--8617736.0": 0.7483624226900012, "8444102.0--8617746.0": 0.7282499953547515, "8444102.0--8640072.0": 0.7479510303265275, "8444102.0--8636208.0": 0.7838239183250675, "8444102.0--8805458.0": 0.7800417785127348, "8444102.0--8807271.0": 0.7763278629982164, "8444102.0--8809678.0": 0.761095052759665, "8444102.0--8807226.0": 0.7751017588778057, "8444102.0--8805467.0": 0.7850605404532968, "8444102.0--8611113.0": 0.754026793076618, "8444102.0--8854316.0": 0.7876728971012361, "8444102.0--8794607.0": 0.7777978992225681, "8444102.0--8805418.0": 0.7714227333386744, "8444102.0--8836087.0": 0.7742998229142889, "8444102.0--8807283.0": 0.7949354576134506, "8444102.0--8820171.0": 0.7603667841559073, "8444102.0--8807288.0": 0.7410613576465284, "8444102.0--8807302.0": 0.7354742417470829, "8444102.0--8805466.0": 0.7509891714541487, "8444102.0--8807351.0": 0.7665761934757719, "8444102.0--8805420.0": 0.7614396404929966, "8444102.0--8807299.0": 0.7624604057183773, "8444102.0--8812988.0": 0.7694643354320791, "8444102.0--8807294.0": 0.7808212800877601, "8444102.0--8805434.0": 0.7858099691221619, "8444102.0--8732351.0": 0.7640712540287141, "8444102.0--8807232.0": 0.7750786914027369, "8419271.0--8444102.0": 0.7321267179634092, "8444102.0--8625484.0": 0.7674002498883292, "8444102.0--8807349.0": 0.7705716669088764, "8444102.0--8809730.0": 0.7725277385492991, "8444102.0--8730513.0": 0.7802923660789608, "8444102.0--8809833.0": 0.7695307703758607, "8444102.0--8523628.0": 0.7522980895890983, "8434356.0--8444102.0": 0.7765355445676433, "8444102.0--8807303.0": 0.8321581522629339, "8444102.0--8811606.0": 0.7831756573408304,