{"8440808.0--8440837.0": 0.8052437265631425, "8440808.0--8440858.0": 0.8163439553102065, "8440808.0--8440820.0": 0.8079764167444817, "8440808.0--8440833.0": 0.788727234053392, "8440808.0--8444072.0": 0.7772123420058189, "8440808.0--8440812.0": 0.809152405897394, "8440808.0--8440809.0": 0.7964696599223264, "8440808.0--8454904.0": 0.8135306248499037, "8440808.0--8440846.0": 0.8059016669072305, "8440808.0--8440830.0": 0.8000325645015847, "8440808.0--8444077.0": 0.8058809585629786, "8440808.0--8440847.0": 0.8083142557744638, "8440808.0--8440849.0": 0.7876616674416014, "8440808.0--8443124.0": 0.8243731924491314, "8440808.0--8440843.0": 0.7873685691087478, "8440808.0--8807265.0": 0.8161848005572035, "8440808.0--8816695.0": 0.8118980319906957, "8440808.0--8805426.0": 0.8050736470739432, "8440808.0--8805421.0": 0.8268846577498911, "8440808.0--8812684.0": 0.7919480934368925, "8440808.0--8805461.0": 0.8120742479910525, "8440808.0--8807255.0": 0.7754496706567762, "8440808.0--8805460.0": 0.7716203153095615, "8440808.0--8807292.0": 0.8093735812813863, "8440808.0--8807354.0": 0.7955335487316422, "8440808.0--8809711.0": 0.7889468622883625, "8440808.0--8805422.0": 0.7613993061708193, "8440808.0--8805424.0": 0.787966295546546, "8440808.0--8794517.0": 0.7688476369552486, "8440808.0--8805451.0": 0.792495894521765, "8440808.0--8807223.0": 0.8313401280069295, "8440808.0--8794560.0": 0.8129048944453852, "8440808.0--8481543.0": 0.8138149166720787, "8440808.0--8802285.0": 0.772997467474382, "8440808.0--8807245.0": 0.7994795238187776, "8440808.0--8805456.0": 0.8208749935488486, "8440808.0--8827944.0": 0.7885357133242176, "8440808.0--8807296.0": 0.8229094405708786, "8440808.0--8827951.0": 0.8126387526038699, "8440808.0--8854335.0": 0.8234836362434509, "8440808.0--8805446.0": 0.8257696417070237, "8440808.0--8805436.0": 0.8240633794329816, "8440808.0--8805433.0": 0.7861906323877955, "8440808.0--8546802.0": 0.8320057133131209, "8440808.0--8805427.0": 0.7604525847511974, "8440808.0--8836120.0": 0.7836165727466967, "8440808.0--8794768.0": 0.7934564700713115, "8440808.0--8809750.0": 0.8040281865830836, "8440808.0--8820172.0": 0.8544646840299543, "8440808.0--8476234.0": 0.8032748872642794, "8440808.0--8807314.0": 0.8102303169619544, "8440808.0--8794520.0": 0.8461274718166322, "8440808.0--8805452.0": 0.8044993121731906, "8440808.0--8805462.0": 0.8075528580080398, "8440808.0--8807275.0": 0.8213136203578023, "8419285.0--8440808.0": 0.7941047339326501, "8440808.0--8807379.0": 0.8146960735054145, "8440808.0--8807234.0": 0.8388832335641776, "8423100.0--8440808.0": 0.8247535163039368, "8440808.0--8805455.0": 0.8128690442392621, "8440808.0--8727493.0": 0.7708076105423183, "8440808.0--8807369.0": 0.7691081337653951, "8440808.0--8532319.0": 0.8288264209068423, "8419325.0--8440808.0": 0.8239648155850913, "8440808.0--8805430.0": 0.7941380482562903, "8440808.0--8807301.0": 0.7909942328728932, "8440808.0--8713940.0": 0.8043316567151981, "8440808.0--8637795.0": 0.8254670968458017, "7999244.0--8440808.0": 0.8142888320093455, "8440808.0--8805439.0": 0.7617519927633299, "8440808.0--8805428.0": 0.8072592047407188, "8440808.0--8809223.0": 0.8170907825831156, "8440808.0--8795584.0": 0.8344061215897065, "8440808.0--8807264.0": 0.7852544394310688, "8440808.0--8805431.0": 0.7986361641117068, "8440808.0--8453863.0": 0.8044076371005766, "8400404.0--8440808.0": 0.7986192574999331, "8440808.0--8809834.0": 0.8132572319523508, "8440808.0--8663447.0": 0.798010830371261, "8440808.0--8807213.0": 0.8256122685417178, "8440808.0--8640251.0": 0.8253994355045333, "8440808.0--8807220.0": 0.8222525969920178, "8440808.0--8617736.0": 0.8032020615175832, "8440808.0--8617746.0": 0.7806156156069675, "8440808.0--8640072.0": 0.8194139586323455, "8440808.0--8636208.0": 0.8465262816552298, "8440808.0--8805458.0": 0.7916357298257077, "8440808.0--8807271.0": 0.8070262908367258, "8440808.0--8809678.0": 0.7702184384444669, "8440808.0--8807226.0": 0.8201579210216396, "8440808.0--8805467.0": 0.8333131670488463, "8440808.0--8611113.0": 0.8022336910024661, "8440808.0--8854316.0": 0.8553116316283473, "8440808.0--8794607.0": 0.8296122805962801, "8440808.0--8805418.0": 0.8036182231560992, "8440808.0--8836087.0": 0.8345924194817446, "8440808.0--8807283.0": 0.7994095749825898, "8440808.0--8820171.0": 0.8295461297022996, "8440808.0--8807288.0": 0.7875933762219808, "8440808.0--8807302.0": 0.7648942474839118, "8440808.0--8805466.0": 0.7969877279921611, "8440808.0--8807351.0": 0.7952867196943703, "8440808.0--8805420.0": 0.7783418439547213, "8440808.0--8807299.0": 0.8095104752725865, "8440808.0--8812988.0": 0.7915969160547043, "8440808.0--8807294.0": 0.8074746420508343, "8440808.0--8805434.0": 0.8347049915294217, "8440808.0--8732351.0": 0.8088329539162518, "8440808.0--8807232.0": 0.8063287840813476, "8419271.0--8440808.0": 0.772581263518852, "8440808.0--8625484.0": 0.7934263613444438, "8440808.0--8807349.0": 0.7931867359249893, "8440808.0--8809730.0": 0.8114573569449295, "8440808.0--8730513.0": 0.8072440863968172, "8440808.0--8809833.0": 0.8066390163495525, "8440808.0--8523628.0": 0.8077962101336426, "8434356.0--8440808.0": 0.802409581391768, "8440808.0--8807303.0": 0.813845066136267, "8440808.0--8811606.0": 0.816350843497655, "8440808.0--8807244.0": 0.7899665590036136, "8440808.0--8490694.0": 0.827632510123343, "8440808.0--8809844.0": 0.8067347105187027, "8440808.0--8809850.0": 0.78671953947852, "8440808.0--8805445.0": 0.8042516711701324, "8412138.0--8440808.0": 0.8224362625014695, "8440808.0--8807247.0": 0.7855652930377587, "8440808.0--8848845.0": 0.79911888885864, "8440808.0--8695851.0": 0.8487353203041014, "8440808.0--8713907.0": 0.8581871990527972, "8440808.0--8809847.0": 0.8384654582882718, "8440808.0--8727480.0": 0.8479852510698106, "8440808.0--8706590.0": 0.797186879729353, "8440808.0--8735916.0": 0.8386239399808575, "8440808.0--8474512.0": 0.8100757624499972, "8440808.0--8809845.0": 0.8207327499432984, "8440808.0--8540796.0": 0.8376172661386738, "8440808.0--8807233.0": 0.8322610353296425, "8440808.0--8617747.0": 0.79303230563176, "8440808.0--8474486.0": 0.7906576805861978, "8440808.0--8474516.0": 0.8304961101738592, "8440808.0--8663650.0": 0.8166806635323394, "8440808.0--8663646.0": 0.803723381808216, "8440808.0--8794553.0": 0.823951067807714, "8440808.0--8863966.0": 0.7839019061902579, "8440808.0--8525340.0": 0.8007726811719428, "8440808.0--8805448.0": 0.7677936394612531, "8405549.0--8440808.0": 0.8005849168273528, "8440808.0--8611178.0": 0.7868528387243331, "8440808.0--8827593.0": 0.7906921952842947, "8440808.0--8805463.0": 0.7581434770222665, "8440808.0--8805457.0": 0.8117669922005551, "8440808.0--8805442.0": 0.7835503152731887, "8440808.0--8807266.0": 0.8165447285363187, "8440808.0--8813126.0": 0.7837216988836491, "8440808.0--8585103.0": 0.7891737798260268, "8440808.0--8807235.0": 0.8012180640645832, "8440808.0--8585048.0": 0.8185113740900872, "8440808.0--8809843.0": 0.8411940549906446, "8440808.0--8809842.0": 0.8013314575168959, "8440808.0--8842614.0": 0.8106603175443825, "8440808.0--8805441.0": 0.7782110861372032, "8440808.0--8809920.0": 0.7825537840808704, "8440808.0--8663312.0": 0.7813811393530139, "8440808.0--8477126.0": 0.8338891597220967, "8440808.0--8807224.0": 0.8071132073148563, "8440808.0--8807355.0": 0.7969914936905549, "8440808.0--8807320.0": 0.7921537835416421, "8440808.0--8665933.0": 0.7921909353139376, "8440808.0--8845772.0": 0.8098789886445924, "8440808.0--8812989.0": 0.810120229456852, "8440808.0--8636969.0": 0.8138509287818415, "8440808.0--8805450.0": 0.7919545789512081, "8440808.0--8807243.0": 0.8184164626682519, "8440808.0--8805443.0": 0.7830428433204512, "8440808.0--8673661.0": 0.8182485933861796, "8440808.0--8805419.0": 0.7845373159404833, "8440808.0--8451903.0": 0.7681380162102179, "8440808.0--8805429.0": 0.7911925290657739, "8440808.0--8809846.0": 0.7919142428792291, "8440808.0--8809832.0": 0.8129007106356525, "8413174.0--8440808.0": 0.7723966944545091, "8440808.0--8494817.0": 0.7691543680436744,