{"9222249.0--9222367.0": 0.8059466234517391, "9222249.0--9222325.0": 0.7853791231624581, "9222249.0--9222510.0": 0.796194375366404, "9222249.0--9246250.0": 0.8071184549505989, "9222249.0--9308627.0": 0.828815245658177, "9222249.0--9224186.0": 0.8542428708282455, "9222249.0--9229232.0": 0.7984208276168228, "9222249.0--9226404.0": 0.7809222829859394, "9222249.0--9308631.0": 0.80506285670449, "9222249.0--9222255.0": 0.8018358727730578, "9222249.0--9222261.0": 0.8068256031541441, "9222249.0--9222338.0": 0.8099396036400809, "9222249.0--9222284.0": 0.8220171180869938, "9222249.0--9230430.0": 0.828609326149021, "9222249.0--9308622.0": 0.7697269976783039, "9222249.0--9286903.0": 0.752094650915126, "9222249.0--9234473.0": 0.7698178776793103, "9222249.0--9241426.0": 0.8249602181475398, "9222249.0--9222269.0": 0.7928904751519159, "9222249.0--9237999.0": 0.8337455172715176, "9222072.0--9222249.0": 0.8147062875411257, "9222249.0--9224197.0": 0.8263256426343399, "9222249.0--9246282.0": 0.8142399403177086, "9222249.0--9222314.0": 0.7969948252421818, "9222249.0--9222357.0": 0.8239883820626813, "9222086.0--9222249.0": 0.7910468525759524, "9222249.0--9222360.0": 0.8073237823805844, "9222065.0--9222249.0": 0.7830220479620755, "9222249.0--9228894.0": 0.834977690017687, "9222249.0--9233264.0": 0.8234929777434175, "9222249.0--9222343.0": 0.8013955915153239, "9222249.0--9308621.0": 0.7807458935434528, "9222249.0--9308625.0": 0.8085662872897077, "9222249.0--9241744.0": 0.8015460920684094, "9222249.0--9308629.0": 0.8131844209180604, "9222068.0--9222249.0": 0.768814498878848, "9222248.0--9222249.0": 0.7889532048114549, "9222249.0--9222274.0": 0.8094545998719787, "9222249.0--9229116.0": 0.8570691795806032, "9222249.0--9233993.0": 0.8278651199986768, "9222249.0--9308623.0": 0.8427216222444652, "9222249.0--9222553.0": 0.8084943842776083, "9222249.0--9222341.0": 0.8221624084315171, "9222249.0--9222346.0": 0.8238514232849882, "9222249.0--9308628.0": 0.8294912704449297, "9222249.0--9222294.0": 0.8251628973101316, "9222249.0--9241732.0": 0.8107428462410512, "9222060.0--9222249.0": 0.8233954368763371, "9222249.0--9222280.0": 0.8472939855138856}