{"9222102.0--9222323.0": 0.8230269047823805, "9222102.0--9222287.0": 0.8261769430696801, "9222102.0--9223736.0": 0.8487925955376951, "9222102.0--9224191.0": 0.7995272655896679, "9222102.0--9222251.0": 0.8398299444730821, "9222102.0--9229242.0": 0.8346027939207445, "9222102.0--9282195.0": 0.7522023731810696, "9222098.0--9222102.0": 0.8287434106270669, "9222102.0--9234027.0": 0.811029155175625, "9222102.0--9246308.0": 0.8340619404967748, "9222102.0--9240072.0": 0.8023697242934782, "9222102.0--9222353.0": 0.8031601555212511, "9222102.0--9222293.0": 0.8615122009117566, "9222089.0--9222102.0": 0.8566367588651109, "9222102.0--9228893.0": 0.8074003330051938, "9222102.0--9224192.0": 0.7694792067712437, "9222102.0--9222289.0": 0.8378703075292596, "9222038.0--9222102.0": 0.8047488443303341, "9222102.0--9229072.0": 0.8051077322990771, "9222102.0--9222295.0": 0.8245822831958314, "9222102.0--9222342.0": 0.8268961428367829, "9222102.0--9241407.0": 0.761530120066838, "9222102.0--9288884.0": 0.8234703523770952, "9222102.0--9222351.0": 0.8028527587507959, "9222102.0--9223669.0": 0.8226292475564017, "9222102.0--9222315.0": 0.8102452737091598, "9222102.0--9222335.0": 0.8228039361889368, "9222102.0--9222327.0": 0.840354612875776, "9222102.0--9233469.0": 0.821864226699617, "9222102.0--9226461.0": 0.804289225396551, "9222102.0--9238508.0": 0.840931613326128, "9222102.0--9222266.0": 0.8002894308855809, "9222102.0--9225008.0": 0.8442237361318234, "9222102.0--9290431.0": 0.8327455859233158, "9222102.0--9239918.0": 0.8556827621647387, "9222102.0--9231271.0": 0.7857237635456109, "9222102.0--9222313.0": 0.7997594214009104, "9222102.0--9231268.0": 0.8048503002901187, "9222035.0--9222102.0": 0.7595711451530981, "9222091.0--9222102.0": 0.83995431548544, "9222102.0--9229515.0": 0.7887280030879154, "9222102.0--9222301.0": 0.8226004980438015, "9222102.0--9222358.0": 0.8309462946127961, "9222102.0--9229135.0": 0.8770960710980408, "9222047.0--9222102.0": 0.8063660795333775, "9222102.0--9222272.0": 0.8307247297524764, "9222102.0--9222110.0": 0.8273184318063671, "9222102.0--9222364.0": 0.8277995829739677, "9222088.0--9222102.0": 0.8154182135914462, "9216518.0--9222102.0": 0.8235722934751459, "9222102.0--9222309.0": 0.833500650924472, "9216595.0--9222102.0": 0.7781737082115652, "9216538.0--9222102.0": 0.7753584299350845, "9216549.0--9222102.0": 0.7729736155634086, "9216559.0--9222102.0": 0.8355797536662578, "9222102.0--9222376.0": 0.7713704225991745, "9222102.0--9222374.0": 0.8097614669480729, "9222102.0--9224194.0": 0.7805548270645203, "9222102.0--9222254.0": 0.7974082478053018, "9222049.0--9222102.0": 0.7603451322209279, "9222102.0--9222562.0": 0.7758442208835774, "9222102.0--9226126.0": 0.7586168968357515, "9222102.0--9240062.0": 0.8232501339910635, "9222102.0--9226101.0": 0.7978955378011618, "9222102.0--9222377.0": 0.775188086345603, "9222102.0--9233392.0": 0.8094737770230551, "9222093.0--9222102.0": 0.7629593537429439, "9222102.0--9224154.0": 0.7527506724680391, "9222102.0--9240061.0": 0.7571242638654623, "9222102.0--9222512.0": 0.8010114332462575, "9222102.0--9241413.0": 0.8516454186308988, "9222102.0--9224646.0": 0.7666710364862563, "9222102.0--9222372.0": 0.7296810322568578, "9222102.0--9222253.0": 0.7730733965642096, "9222092.0--9222102.0": 0.8101884844437628, "9222102.0--9222271.0": 0.7943404750605338, "9222102.0--9230431.0": 0.8021716217574302, "9222076.0--9222102.0": 0.79580204580664, "9222053.0--9222102.0": 0.7952980319239185, "9216532.0--9222102.0": 0.8097136847238255, "9222085.0--9222102.0": 0.7928528555501819, "9216629.0--9222102.0": 0.8415601813375304, "9222102.0--9308630.0": 0.7980111618507902, "9222102.0--9308624.0": 0.7853716390190386, "9219240.0--9222102.0": 0.8359360953771656, "9216630.0--9222102.0": 0.7781782680526915, "9217981.0--9222102.0": 0.8083343020115658, "9222102.0--9224153.0": 0.8004007771444528, "9222102.0--9286505.0": 0.796249162827705, "9216512.0--9222102.0": 0.8061734544535327, "9216579.0--9222102.0": 0.7958700929568328, "9222102.0--9222249.0": 0.8118581163438956, "9222102.0--9222367.0": 0.804525926061025, "9222102.0--9222325.0": 0.801575436423927, "9222102.0--9222510.0": 0.7804595972036681, "9222102.0--9246250.0": 0.820851155755772, "9222102.0--9308627.0": 0.8204851888746377, "9222102.0--9224186.0": 0.8562203450774251, "9222102.0--9229232.0": 0.790488377769144, "9222102.0--9226404.0": 0.7670670072816652, "9222102.0--9308631.0": 0.8001160799846678, "9222102.0--9222255.0": 0.8128097362216918, "9222102.0--9222261.0": 0.7987532641459959, "9222102.0--9222338.0": 0.7813549383539488, "9222102.0--9222284.0": 0.832731395337964, "9222102.0--9230430.0": 0.8228782016156626, "9222102.0--9308622.0": 0.7711707574402245, "9222102.0--9286903.0": 0.7532129831709675, "9222102.0--9234473.0": 0.7702669291803703, "9222102.0--9241426.0": 0.8543383994467626, "9222102.0--9222269.0": 0.7991139528848994, "9222102.0--9237999.0": 0.8251855679595329, "9222072.0--9222102.0": 0.8057166187336697, "9222102.0--9224197.0": 0.7795405301493399, "9222102.0--9246282.0": 0.8224084199626595, "9222102.0--9222314.0": 0.812939173544088, "9222102.0--9222357.0": 0.8357017797933843, "9222086.0--9222102.0": 0.7647516684547873, "9222102.0--9222360.0": 0.8517058971078411, "9222065.0--9222102.0": 0.7711123440330425, "9222102.0--9228894.0": 0.8084045558076361, "9222102.0--9233264.0": 0.8134065226409327, "9222102.0--9222343.0": 0.7801087913346664, "9222102.0--9308621.0": 0.8071355908261376, "9222102.0--9308625.0": 0.7999286770454705, "9222102.0--9241744.0": 0.8150143569954922, "9222102.0--9308629.0": 0.7790993850016755, "9222068.0--9222102.0": 0.7701334146277239, "9222102.0--9222248.0": 0.7936124483073517, "9222102.0--9222274.0": 0.7974636530498299, "9222102.0--9229116.0": 0.8406665503852679, "9222102.0--9233993.0": 0.8033184278122033, "9222102.0--9308623.0": 0.7895704282214635, "9222102.0--9222553.0": 0.8017156567203299, "9222102.0--9222341.0": 0.8147599739745599, "9222102.0--9222346.0": 0.8309005137509512, "9222102.0--9308628.0": 0.8049474224145035, "9222102.0--9222294.0": 0.8023174047985034, "9222102.0--9241732.0": 0.7999219902762402, "9222060.0--9222102.0": 0.8166248874145525, "9222102.0--9222280.0": 0.8421785927872429}