{"8440096.0--8440124.0": 0.7433941728370862, "8440063.0--8440096.0": 0.7403636294717783, "8440037.0--8440096.0": 0.8696424730073123, "8440040.0--8440096.0": 0.7710558710525259, "8440056.0--8440096.0": 0.7917464836694099, "8440096.0--8440116.0": 0.7467938159142349, "8440096.0--8444102.0": 0.74861845679982, "8440096.0--8440824.0": 0.7689590060108815, "8440096.0--8493612.0": 0.7650214147964219, "8440096.0--8440850.0": 0.8058944875542188, "8440096.0--8456856.0": 0.769017700120867, "8440096.0--8447439.0": 0.8044714581879637, "8440096.0--8440805.0": 0.7695109536736748, "8440096.0--8440811.0": 0.7454298345511075, "8440096.0--8440856.0": 0.7509353148307463, "8440096.0--8440822.0": 0.7513727312984042, "8440096.0--8440828.0": 0.759061267017067, "8440096.0--8440851.0": 0.741334559824935, "8440096.0--8457476.0": 0.7381452659251131, "8440096.0--8440848.0": 0.727746780654324, "8440096.0--8440839.0": 0.771590136327457, "8440096.0--8443395.0": 0.7303690000068697, "8440096.0--8440832.0": 0.7203343494076064, "8440096.0--8440816.0": 0.7603062951906272, "8440096.0--8440835.0": 0.7787350558806543, "8440096.0--8440818.0": 0.7685518358427859, "8440096.0--8440853.0": 0.7315442232377605, "8440096.0--8440840.0": 0.7671184653112145, "8440096.0--8440857.0": 0.7468652354157777, "8440096.0--8449328.0": 0.7484390787269181, "8440096.0--8440829.0": 0.7617554839851021, "8440096.0--8440807.0": 0.6987890961428536, "8440096.0--8440831.0": 0.7504932309975448, "8440096.0--8440852.0": 0.7509836913922994, "8440096.0--8440841.0": 0.7328804999522597, "8440096.0--8440859.0": 0.7774611944612032, "8440096.0--8440821.0": 0.7561877857418684, "8440096.0--8440842.0": 0.7409475012788929, "8440096.0--8443131.0": 0.7417040392927907, "8440096.0--8440815.0": 0.7365367011394037, "8440096.0--8500765.0": 0.7502664716430358, "8440096.0--8440804.0": 0.7606205168143713, "8440096.0--8454276.0": 0.7828975403808726, "8440096.0--8464305.0": 0.7329473498906289, "8440096.0--8494828.0": 0.7448551701699808, "8440096.0--8440825.0": 0.7643238746367469, "8440096.0--8440814.0": 0.7551742995939786, "8440096.0--8440838.0": 0.7809780977193185, "8440096.0--8440855.0": 0.7350847686287398, "8440096.0--8454489.0": 0.7522590023291289, "8440096.0--8440834.0": 0.7110723617617014, "8440096.0--8440826.0": 0.769422605891807, "8440096.0--8440823.0": 0.7932704897021978, "8440096.0--8440845.0": 0.758825587163429, "8440096.0--8440810.0": 0.7417134233156109, "8440096.0--8440806.0": 0.7340794745129877, "8440096.0--8440817.0": 0.727078793485718, "8440096.0--8440813.0": 0.7575870936339271, "8440096.0--8443125.0": 0.7300890464401506, "8440096.0--8456575.0": 0.740258041649498, "8440096.0--8440860.0": 0.7483336666248662, "8440096.0--8454343.0": 0.7588398716225403, "8440096.0--8440803.0": 0.7634779830417974, "8440096.0--8454344.0": 0.7528993453490286, "8440096.0--8440854.0": 0.7524824617940364, "8440096.0--8454346.0": 0.7348239362371973, "8440096.0--8440827.0": 0.7156128538670541, "8440096.0--8440836.0": 0.77149202589626, "8440096.0--8440844.0": 0.7814609179091478, "8440096.0--8440808.0": 0.7989765580253894, "8440096.0--8440837.0": 0.7833963713042323, "8440096.0--8440858.0": 0.7436587014441935, "8440096.0--8440820.0": 0.7641614771249242, "8440096.0--8440833.0": 0.7306959542431126, "8440096.0--8444072.0": 0.7327282063708023, "8440096.0--8440812.0": 0.7646907389887393, "8440096.0--8440809.0": 0.7486460198014788, "8440096.0--8454904.0": 0.7670990684185512, "8440096.0--8440846.0": 0.7464727877645558, "8440096.0--8440830.0": 0.7560965838725026, "8440096.0--8444077.0": 0.7642210634147708, "8440096.0--8440847.0": 0.7508275092224138, "8440096.0--8440849.0": 0.7369349748889252, "8440096.0--8443124.0": 0.7625552261889355, "8440096.0--8440843.0": 0.7714653855062363, "8440096.0--8807265.0": 0.7541231577376766, "8440096.0--8816695.0": 0.7260146396938716, "8440096.0--8805426.0": 0.7588216028898267, "8440096.0--8805421.0": 0.7621437275182723, "8440096.0--8812684.0": 0.7381727563830054, "8440096.0--8805461.0": 0.7528967687665982, "8440096.0--8807255.0": 0.7143827542425101, "8440096.0--8805460.0": 0.719353917634719, "8440096.0--8807292.0": 0.7520761526091145, "8440096.0--8807354.0": 0.7396813285531312, "8440096.0--8809711.0": 0.7588224796230644, "8440096.0--8805422.0": 0.7290998209407875, "8440096.0--8805424.0": 0.7331750557728163, "8440096.0--8794517.0": 0.7744930881970066, "8440096.0--8805451.0": 0.7686630536388495, "8440096.0--8807223.0": 0.7640916238875614, "8440096.0--8794560.0": 0.7655012304796615, "8440096.0--8481543.0": 0.7650686015445152, "8440096.0--8802285.0": 0.7289016892297718, "8440096.0--8807245.0": 0.7496601975059651, "8440096.0--8805456.0": 0.7786392475401488, "8440096.0--8827944.0": 0.7475448914815827, "8440096.0--8807296.0": 0.7580018780861916, "8440096.0--8827951.0": 0.7388920595891234, "8440096.0--8854335.0": 0.7613853840943279, "8440096.0--8805446.0": 0.8688494063920332, "8440096.0--8805436.0": 0.8060502485627602, "8440096.0--8805433.0": 0.8392235557007708, "8440096.0--8546802.0": 0.8123122905579546, "8440096.0--8805427.0": 0.7315899113435377, "8440096.0--8836120.0": 0.7348672108289436, "8440096.0--8794768.0": 0.7487588668070624, "8440096.0--8809750.0": 0.742408497564916, "8440096.0--8820172.0": 0.7686556538817605, "8440096.0--8476234.0": 0.7374454022231232, "8440096.0--8807314.0": 0.7709375465633113, "8440096.0--8794520.0": 0.7862030091548846, "8440096.0--8805452.0": 0.7358132287538249, "8440096.0--8805462.0": 0.7485268646702486, "8440096.0--8807275.0": 0.7464861894934327, "8419285.0--8440096.0": 0.7500573727327977, "8440096.0--8807379.0": 0.7630835563333325, "8440096.0--8807234.0": 0.7599357658067103, "8423100.0--8440096.0": 0.7617577447454869, "8440096.0--8805455.0": 0.8089010202565969, "8440096.0--8727493.0": 0.8091593826394908, "8440096.0--8807369.0": 0.8111776260674683, "8440096.0--8532319.0": 0.8023422123081038, "8419325.0--8440096.0": 0.7980793724188839, "8440096.0--8805430.0": 0.7319659114270879, "8440096.0--8807301.0": 0.7405989408580961, "8440096.0--8713940.0": 0.7622224825527546, "8440096.0--8637795.0": 0.783807176258197, "7999244.0--8440096.0": 0.7414444297510479, "8440096.0--8805439.0": 0.7325743766745023, "8440096.0--8805428.0": 0.7573266994061795, "8440096.0--8809223.0": 0.7596939048710059, "8440096.0--8795584.0": 0.7632543609093474, "8440096.0--8807264.0": 0.7348208886753097, "8440096.0--8805431.0": 0.7839748582467763, "8440096.0--8453863.0": 0.7618666728577062, "8400404.0--8440096.0": 0.7633585860247004, "8440096.0--8809834.0": 0.7564851620932382, "8440096.0--8663447.0": 0.7619604764124266, "8440096.0--8807213.0": 0.7661890956616777, "8440096.0--8640251.0": 0.7561071783351243, "8440096.0--8807220.0": 0.766483280634084, "8440096.0--8617736.0": 0.7512775646204453, "8440096.0--8617746.0": 0.7295119178946822, "8440096.0--8640072.0": 0.7548110505871273, "8440096.0--8636208.0": 0.7691822616134723, "8440096.0--8805458.0": 0.7279910262793735, "8440096.0--8807271.0": 0.7303190755572212, "8440096.0--8809678.0": 0.7081188563946372, "8440096.0--8807226.0": 0.7529491677826522, "8440096.0--8805467.0": 0.7693800002765505, "8440096.0--8611113.0": 0.7318062769380383, "8440096.0--8854316.0": 0.7812725134993518, "8440096.0--8794607.0": 0.7567632627084132, "8440096.0--8805418.0": 0.7613049488666188, "8440096.0--8836087.0": 0.7739800938647682, "8440096.0--8807283.0": 0.7489840032839356, "8440096.0--8820171.0": 0.760430222350523, "8440096.0--8807288.0": 0.7263164176790358, "8440096.0--8807302.0": 0.7382297121424201, "8440096.0--8805466.0": 0.726104033675301, "8440096.0--8807351.0": 0.7489863710300417, "8440096.0--8805420.0": 0.7226029052405508, "8440096.0--8807299.0": 0.7496282828987306, "8440096.0--8812988.0": 0.7405967436097842, "8440096.0--8807294.0": 0.7278175574960801, "8440096.0--8805434.0": 0.7556368773706754, "8440096.0--8732351.0": 0.7306702551834526, "8440096.0--8807232.0": 0.7750884904639813, "8419271.0--8440096.0": 0.7197988915341974, "8440096.0--8625484.0": 0.7331852677371171, "8440096.0--8807349.0": 0.7335774478844277,