{"8665933.0--8845772.0": 0.7986586394755872, "8665933.0--8812989.0": 0.8104201709925469, "8636969.0--8665933.0": 0.8012778801545771, "8665933.0--8805450.0": 0.7723469694189363, "8665933.0--8807243.0": 0.8071352079857367, "8665933.0--8805443.0": 0.7999494438054072, "8665933.0--8673661.0": 0.822726133170995, "8665933.0--8805419.0": 0.7869098277725549, "8451903.0--8665933.0": 0.798753033352511, "8665933.0--8805429.0": 0.8205211840370877, "8665933.0--8809846.0": 0.8418995612884306, "8665933.0--8809832.0": 0.8129540417067178, "8413174.0--8665933.0": 0.7936138750287548, "8494817.0--8665933.0": 0.8140781934551136, "8637778.0--8665933.0": 0.7874650119511969, "8665933.0--8809742.0": 0.798186184270576, "8665933.0--8807280.0": 0.8192445147258804, "8665933.0--8807274.0": 0.8293527539767033, "8665933.0--9216586.0": 0.8157950663967541, "8665933.0--9237132.0": 0.8346144677143879, "8665933.0--9216572.0": 0.7963151458118459, "8665933.0--9217952.0": 0.8007576406945032, "8665933.0--9217931.0": 0.818505590579529, "8665933.0--9216507.0": 0.7915655730755543, "8665933.0--9222368.0": 0.8270597817339299, "8665933.0--9220137.0": 0.8268990434141412, "8665933.0--9233460.0": 0.7743607498327825, "8665933.0--9222263.0": 0.7737521648522412, "8665933.0--9293003.0": 0.8086930109082222, "8665933.0--9222102.0": 0.8274560279831088, "8665933.0--9222323.0": 0.8114832894092792, "8665933.0--9222287.0": 0.8273263498740503, "8665933.0--9223736.0": 0.8594556931910906, "8665933.0--9224191.0": 0.7949169573268235, "8665933.0--9222251.0": 0.797484823993756, "8665933.0--9229242.0": 0.7992005466337142, "8665933.0--9282195.0": 0.7791192308499217, "8665933.0--9222098.0": 0.8212929709501565, "8665933.0--9234027.0": 0.7734890117082474, "8665933.0--9246308.0": 0.8121725505717768, "8665933.0--9240072.0": 0.8141338814874123, "8665933.0--9222353.0": 0.7984628524396419, "8665933.0--9222293.0": 0.8297281805625267, "8665933.0--9222089.0": 0.8003564593054767, "8665933.0--9228893.0": 0.7923537989808334, "8665933.0--9224192.0": 0.7789393350531824, "8665933.0--9222289.0": 0.7992803741852452, "8665933.0--9222038.0": 0.8047516510844457, "8665933.0--9229072.0": 0.7777197141599326, "8665933.0--9222295.0": 0.8292971836257395, "8665933.0--9222342.0": 0.7856068986830569, "8665933.0--9241407.0": 0.757817478873331, "8665933.0--9288884.0": 0.8017286851440832, "8665933.0--9222351.0": 0.8234449177517406, "8665933.0--9223669.0": 0.797901474745748, "8665933.0--9222315.0": 0.7917484794636716, "8665933.0--9222335.0": 0.8153978461253597, "8665933.0--9222327.0": 0.8338926896015746, "8665933.0--9233469.0": 0.8116030061925456, "8665933.0--9226461.0": 0.7987853788399026, "8665933.0--9238508.0": 0.8120588645121463, "8665933.0--9222266.0": 0.7596454462499675, "8665933.0--9225008.0": 0.8069219061712989, "8665933.0--9290431.0": 0.8166889579897649, "8665933.0--9239918.0": 0.8467949248682827, "8665933.0--9231271.0": 0.7817285023477766, "8665933.0--9222313.0": 0.7858326363422341, "8665933.0--9231268.0": 0.7681236382806087, "8665933.0--9222035.0": 0.7721424727959195, "8665933.0--9222091.0": 0.813001206638118, "8665933.0--9229515.0": 0.7756368315493327, "8665933.0--9222301.0": 0.7979241289058383, "8665933.0--9222358.0": 0.8132677603681333, "8665933.0--9229135.0": 0.821517990038476, "8665933.0--9222047.0": 0.8095910920034268, "8665933.0--9222272.0": 0.7855265384201762, "8665933.0--9222110.0": 0.7846963662882586, "8665933.0--9222364.0": 0.821133929278735, "8665933.0--9222088.0": 0.8283453830697552, "8665933.0--9216518.0": 0.7998674778400817, "8665933.0--9222309.0": 0.8157356180572856, "8665933.0--9216595.0": 0.7749441336833782, "8665933.0--9216538.0": 0.7828080449647017, "8665933.0--9216549.0": 0.7668466373416544, "8665933.0--9216559.0": 0.8268467652205039, "8665933.0--9222376.0": 0.7486268278912253, "8665933.0--9222374.0": 0.8015066900561797, "8665933.0--9224194.0": 0.7448751302911885, "8665933.0--9222254.0": 0.7628265282477756, "8665933.0--9222049.0": 0.7663113891036251, "8665933.0--9222562.0": 0.7609327584137584, "8665933.0--9226126.0": 0.7580071234890661, "8665933.0--9240062.0": 0.7879907584894971, "8665933.0--9226101.0": 0.7784518111350859, "8665933.0--9222377.0": 0.7856488919594085, "8665933.0--9233392.0": 0.8055114393290265, "8665933.0--9222093.0": 0.7657744210389523, "8665933.0--9224154.0": 0.7615929582044713, "8665933.0--9240061.0": 0.7717680479206931, "8665933.0--9222512.0": 0.7635170049671225, "8665933.0--9241413.0": 0.8030284264969864, "8665933.0--9224646.0": 0.7677997400995933, "8665933.0--9222372.0": 0.730880425255185, "8665933.0--9222253.0": 0.7871307746398767, "8665933.0--9222092.0": 0.8085561457546936, "8665933.0--9222271.0": 0.7828195495791492, "8665933.0--9230431.0": 0.770431486939559, "8665933.0--9222076.0": 0.8126208146019748, "8665933.0--9222053.0": 0.7727134269499953, "8665933.0--9216532.0": 0.7666864433836923, "8665933.0--9222085.0": 0.772217271935228, "8665933.0--9216629.0": 0.7836272680072012, "8665933.0--9308630.0": 0.7773896677568616, "8665933.0--9308624.0": 0.7668827087686945, "8665933.0--9219240.0": 0.7913306218409628, "8665933.0--9216630.0": 0.7572296387089167, "8665933.0--9217981.0": 0.8195810548780407, "8665933.0--9224153.0": 0.7954800329558527, "8665933.0--9286505.0": 0.7905098287817516, "8665933.0--9216512.0": 0.7859038554700277, "8665933.0--9216579.0": 0.7765340099988692, "8665933.0--9222249.0": 0.78666304083353, "8665933.0--9222367.0": 0.7679961997808709, "8665933.0--9222325.0": 0.7792320057135338, "8665933.0--9222510.0": 0.773869044892409, "8665933.0--9246250.0": 0.7924563814579126, "8665933.0--9308627.0": 0.8074914651856407, "8665933.0--9224186.0": 0.802984287243307, "8665933.0--9229232.0": 0.7728919318887848, "8665933.0--9226404.0": 0.8040699803126978, "8665933.0--9308631.0": 0.7912334891765767, "8665933.0--9222255.0": 0.8043767381634279, "8665933.0--9222261.0": 0.7824507424872039, "8665933.0--9222338.0": 0.7758515210728945, "8665933.0--9222284.0": 0.8178471069883686, "8665933.0--9230430.0": 0.8228811236509284, "8665933.0--9308622.0": 0.7580367536395316, "8665933.0--9286903.0": 0.7318884328088, "8665933.0--9234473.0": 0.7710793301391135, "8665933.0--9241426.0": 0.8177075789478916, "8665933.0--9222269.0": 0.7978601646754024, "8665933.0--9237999.0": 0.8240486304577782, "8665933.0--9222072.0": 0.7938875992868792, "8665933.0--9224197.0": 0.7812767033498978, "8665933.0--9246282.0": 0.7868577381822752, "8665933.0--9222314.0": 0.7933811501293349, "8665933.0--9222357.0": 0.8142554871358099, "8665933.0--9222086.0": 0.7395589339341702, "8665933.0--9222360.0": 0.794864746683394, "8665933.0--9222065.0": 0.7662848126382591, "8665933.0--9228894.0": 0.8227480347211138, "8665933.0--9233264.0": 0.7874596263733099, "8665933.0--9222343.0": 0.7859742742963712, "8665933.0--9308621.0": 0.7775973611169721, "8665933.0--9308625.0": 0.8036667748885342, "8665933.0--9241744.0": 0.7885398080755336, "8665933.0--9308629.0": 0.7846585363100662, "8665933.0--9222068.0": 0.7529400080536468, "8665933.0--9222248.0": 0.8023816766946326, "8665933.0--9222274.0": 0.7712751548196695, "8665933.0--9229116.0": 0.8182455919337374, "8665933.0--9233993.0": 0.7923668666713524, "8665933.0--9308623.0": 0.8139911043020991, "8665933.0--9222553.0": 0.8251558807442891, "8665933.0--9222341.0": 0.8026016348538313, "8665933.0--9222346.0": 0.8120253038868754, "8665933.0--9308628.0": 0.7883952569882864, "8665933.0--9222294.0": 0.767624654004615, "8665933.0--9241732.0": 0.7996063710984309, "8665933.0--9222060.0": 0.7973976439945492, "8665933.0--9222280.0": 0.8264466385228719}