{"8440810.0--8440845.0": 0.7708407861222156, "8440806.0--8440845.0": 0.7529462537474995, "8440817.0--8440845.0": 0.8150335583352883, "8440813.0--8440845.0": 0.791900063136938, "8440845.0--8443125.0": 0.7548331279002046, "8440845.0--8456575.0": 0.8154904496775377, "8440845.0--8440860.0": 0.7669415882255837, "8440845.0--8454343.0": 0.7799215240657269, "8440803.0--8440845.0": 0.7772237504451803, "8440845.0--8454344.0": 0.8019123771427085, "8440845.0--8440854.0": 0.8087428497977078, "8440845.0--8454346.0": 0.79718444693041, "8440827.0--8440845.0": 0.7681005587599716, "8440836.0--8440845.0": 0.784494176653897, "8440844.0--8440845.0": 0.8199536993613408, "8440808.0--8440845.0": 0.792631060052386, "8440837.0--8440845.0": 0.7989131683307538, "8440845.0--8440858.0": 0.7889270042609682, "8440820.0--8440845.0": 0.8356492550871866, "8440833.0--8440845.0": 0.759798516397974, "8440845.0--8444072.0": 0.7599875898481476, "8440812.0--8440845.0": 0.8057013308777141, "8440809.0--8440845.0": 0.8013762015074889, "8440845.0--8454904.0": 0.763357513758266, "8440845.0--8440846.0": 0.7923082786734283, "8440830.0--8440845.0": 0.763706968721049, "8440845.0--8444077.0": 0.7621585555551568, "8440845.0--8440847.0": 0.7972036582127755, "8440845.0--8440849.0": 0.7810522780765016, "8440845.0--8443124.0": 0.796109998311149, "8440843.0--8440845.0": 0.821745710315754, "8440845.0--8807265.0": 0.7321862377076596, "8440845.0--8816695.0": 0.7974039683380267, "8440845.0--8805426.0": 0.7694828924896141, "8440845.0--8805421.0": 0.7912198898903109, "8440845.0--8812684.0": 0.768304819227608, "8440845.0--8805461.0": 0.8414748815931506, "8440845.0--8807255.0": 0.7439676152619655, "8440845.0--8805460.0": 0.7456681846058714, "8440845.0--8807292.0": 0.7790129733511477, "8440845.0--8807354.0": 0.770656600029242, "8440845.0--8809711.0": 0.7765910131404601, "8440845.0--8805422.0": 0.7564085787859924, "8440845.0--8805424.0": 0.7563268454671741, "8440845.0--8794517.0": 0.8008981711714773, "8440845.0--8805451.0": 0.7786285159775446, "8440845.0--8807223.0": 0.7524021658472255, "8440845.0--8794560.0": 0.7867154233743253, "8440845.0--8481543.0": 0.7932138437592933, "8440845.0--8802285.0": 0.7431109204358328, "8440845.0--8807245.0": 0.7965087504779408, "8440845.0--8805456.0": 0.791304285506493, "8440845.0--8827944.0": 0.7572597090485522, "8440845.0--8807296.0": 0.7779408122680058, "8440845.0--8827951.0": 0.7693334592152138, "8440845.0--8854335.0": 0.7749223414989527, "8440845.0--8805446.0": 0.7811990544509568, "8440845.0--8805436.0": 0.8039030809279826, "8440845.0--8805433.0": 0.7643835945176691, "8440845.0--8546802.0": 0.797371538710589, "8440845.0--8805427.0": 0.8070001285317858, "8440845.0--8836120.0": 0.8104638431335764, "8440845.0--8794768.0": 0.8360566333139655, "8440845.0--8809750.0": 0.7950034674659789, "8440845.0--8820172.0": 0.815112799883636, "8440845.0--8476234.0": 0.7778095113783796, "8440845.0--8807314.0": 0.7538989961979643, "8440845.0--8794520.0": 0.8198244144756822, "8440845.0--8805452.0": 0.7917768589649037, "8440845.0--8805462.0": 0.8019809821110465, "8440845.0--8807275.0": 0.7851740642234061, "8419285.0--8440845.0": 0.8114856350286049, "8440845.0--8807379.0": 0.8073879424918113, "8440845.0--8807234.0": 0.7877292815723167, "8423100.0--8440845.0": 0.7850112565668466, "8440845.0--8805455.0": 0.7530723689347198, "8440845.0--8727493.0": 0.745678847065968, "8440845.0--8807369.0": 0.7164242515640784, "8440845.0--8532319.0": 0.7617446443262806, "8419325.0--8440845.0": 0.756637855518117, "8440845.0--8805430.0": 0.7642013213173564, "8440845.0--8807301.0": 0.7533089249966141, "8440845.0--8713940.0": 0.8024442048843733, "8440845.0--8637795.0": 0.7830601774771523, "7999244.0--8440845.0": 0.7586975187419452, "8440845.0--8805439.0": 0.7667841379042893, "8440845.0--8805428.0": 0.7929109989513407, "8440845.0--8809223.0": 0.8208924242117954, "8440845.0--8795584.0": 0.7892823603415766, "8440845.0--8807264.0": 0.7447509279451705, "8440845.0--8805431.0": 0.7782447677627438, "8440845.0--8453863.0": 0.7840011997912154, "8400404.0--8440845.0": 0.7726661204380971, "8440845.0--8809834.0": 0.8571170747720914, "8440845.0--8663447.0": 0.8341639438318972, "8440845.0--8807213.0": 0.8414422902686941, "8440845.0--8640251.0": 0.7839700566803025, "8440845.0--8807220.0": 0.8111391083682267, "8440845.0--8617736.0": 0.7572176715181024, "8440845.0--8617746.0": 0.75516655855227, "8440845.0--8640072.0": 0.7925618151100973, "8440845.0--8636208.0": 0.7940303567699362, "8440845.0--8805458.0": 0.7651398938432633, "8440845.0--8807271.0": 0.7885196714781942, "8440845.0--8809678.0": 0.7777614752433515, "8440845.0--8807226.0": 0.7975412918787959, "8440845.0--8805467.0": 0.7895660892570384, "8440845.0--8611113.0": 0.7912126020205894, "8440845.0--8854316.0": 0.8155423761535853, "8440845.0--8794607.0": 0.7948566475149916, "8440845.0--8805418.0": 0.787284891761618, "8440845.0--8836087.0": 0.8005141027304753, "8440845.0--8807283.0": 0.7425330778410655, "8440845.0--8820171.0": 0.7927178324902601, "8440845.0--8807288.0": 0.7548929142685451, "8440845.0--8807302.0": 0.7578490490432082, "8440845.0--8805466.0": 0.758009280581202, "8440845.0--8807351.0": 0.7490708460090392, "8440845.0--8805420.0": 0.7647639467149376, "8440845.0--8807299.0": 0.7616303212778036, "8440845.0--8812988.0": 0.7656828207265971, "8440845.0--8807294.0": 0.7628051906906441, "8440845.0--8805434.0": 0.7962173262852317, "8440845.0--8732351.0": 0.7566535606098423, "8440845.0--8807232.0": 0.7581459357383973, "8419271.0--8440845.0": 0.7512164672176073, "8440845.0--8625484.0": 0.7815016036606053, "8440845.0--8807349.0": 0.7862077017095142, "8440845.0--8809730.0": 0.7772892299359813, "8440845.0--8730513.0": 0.7720509218850922, "8440845.0--8809833.0": 0.7971280633187701, "8440845.0--8523628.0": 0.7517474730899397, "8434356.0--8440845.0": 0.829049780323347, "8440845.0--8807303.0": 0.8030291293630869, "8440845.0--8811606.0": 0.8141232290542284, "8440845.0--8807244.0": 0.8055369384871923, "8440845.0--8490694.0": 0.8034297726179742, "8440845.0--8809844.0": 0.7980632130869385, "8440845.0--8809850.0": 0.8065825800684034, "8440845.0--8805445.0": 0.7852714583929842, "8412138.0--8440845.0": 0.7803660249629039, "8440845.0--8807247.0": 0.7837334073312368, "8440845.0--8848845.0": 0.7867089565922973, "8440845.0--8695851.0": 0.8136250566510583, "8440845.0--8713907.0": 0.8286308243688794, "8440845.0--8809847.0": 0.8032396679371925, "8440845.0--8727480.0": 0.80717884355421, "8440845.0--8706590.0": 0.7828395642759354, "8440845.0--8735916.0": 0.7637512604400987, "8440845.0--8474512.0": 0.7792211010102168, "8440845.0--8809845.0": 0.780817159227579, "8440845.0--8540796.0": 0.8344238418099051, "8440845.0--8807233.0": 0.7778506408544404, "8440845.0--8617747.0": 0.735936634506329, "8440845.0--8474486.0": 0.7772885544335306, "8440845.0--8474516.0": 0.7869584774427026, "8440845.0--8663650.0": 0.7629902371791006, "8440845.0--8663646.0": 0.784934759167764, "8440845.0--8794553.0": 0.7949549182889712, "8440845.0--8863966.0": 0.8283795233308542, "8440845.0--8525340.0": 0.7734797083338465, "8440845.0--8805448.0": 0.7606680977721789, "8405549.0--8440845.0": 0.7990334918955033, "8440845.0--8611178.0": 0.8056985021922176, "8440845.0--8827593.0": 0.7777928954055077, "8440845.0--8805463.0": 0.7404862463787755, "8440845.0--8805457.0": 0.7644719699262923, "8440845.0--8805442.0": 0.7603609391544692, "8440845.0--8807266.0": 0.7748642657687912, "8440845.0--8813126.0": 0.7712657460539993, "8440845.0--8585103.0": 0.7735673035520889, "8440845.0--8807235.0": 0.7807698894168936, "8440845.0--8585048.0": 0.8088937240561025, "8440845.0--8809843.0": 0.7899699460090595, "8440845.0--8809842.0": 0.7780436119574201, "8440845.0--8842614.0": 0.7424858111864611, "8440845.0--8805441.0": 0.731163316715624, "8440845.0--8809920.0": 0.7343936165542923, "8440845.0--8663312.0": 0.7562733239706041, "8440845.0--8477126.0": 0.7704523771593307, "8440845.0--8807224.0": 0.8024283485505505, "8440845.0--8807355.0": 0.7916722114016884,