{"9224186.0--9229232.0": 0.8399384040737452, "9224186.0--9226404.0": 0.8133067622418313, "9224186.0--9308631.0": 0.8195088938399073, "9222255.0--9224186.0": 0.8377381780411197, "9222261.0--9224186.0": 0.8154322479027477, "9222338.0--9224186.0": 0.822512110802243, "9222284.0--9224186.0": 0.8510765675662624, "9224186.0--9230430.0": 0.8533965185194304, "9224186.0--9308622.0": 0.7747659645387202, "9224186.0--9286903.0": 0.7694158279244818, "9224186.0--9234473.0": 0.8072807659379359, "9224186.0--9241426.0": 0.8427125477137326, "9222269.0--9224186.0": 0.812026820723031, "9224186.0--9237999.0": 0.8603005956430869, "9222072.0--9224186.0": 0.818323919924122, "9224186.0--9224197.0": 0.8077967583041545, "9224186.0--9246282.0": 0.8259553927853183, "9222314.0--9224186.0": 0.8179325407774353, "9222357.0--9224186.0": 0.8249233982815054, "9222086.0--9224186.0": 0.8110946295836268, "9222360.0--9224186.0": 0.8595868925442859, "9222065.0--9224186.0": 0.7930189566899858, "9224186.0--9228894.0": 0.8431025993677137, "9224186.0--9233264.0": 0.8421473160432777, "9222343.0--9224186.0": 0.8185187003331044, "9224186.0--9308621.0": 0.8270532682827784, "9224186.0--9308625.0": 0.8320104693631716, "9224186.0--9241744.0": 0.8335556338539865, "9224186.0--9308629.0": 0.8374059437412189, "9222068.0--9224186.0": 0.7973096072002079, "9222248.0--9224186.0": 0.7958071686773431, "9222274.0--9224186.0": 0.8141577614916409, "9224186.0--9229116.0": 0.8614339967062499, "9224186.0--9233993.0": 0.8069482842928766, "9224186.0--9308623.0": 0.8204231640015061, "9222553.0--9224186.0": 0.8008390971349097, "9222341.0--9224186.0": 0.8624273234073162, "9222346.0--9224186.0": 0.8510944956045126, "9224186.0--9308628.0": 0.8385852466283991, "9222294.0--9224186.0": 0.8438274352577648, "9224186.0--9241732.0": 0.8252661800776494, "9222060.0--9224186.0": 0.8565156413304558, "9222280.0--9224186.0": 0.8530629308517592}