{"8440838.0--8440855.0": 0.8396388678368996, "8440838.0--8454489.0": 0.8301325451782626, "8440834.0--8440838.0": 0.7928862467794179, "8440826.0--8440838.0": 0.8336907739365649, "8440823.0--8440838.0": 0.8081468929784027, "8440838.0--8440845.0": 0.8365333018466262, "8440810.0--8440838.0": 0.8209566074882919, "8440806.0--8440838.0": 0.7861613374810674, "8440817.0--8440838.0": 0.8040614753473861, "8440813.0--8440838.0": 0.827623316834094, "8440838.0--8443125.0": 0.7895078566860125, "8440838.0--8456575.0": 0.8193766932635806, "8440838.0--8440860.0": 0.8235882413362312, "8440838.0--8454343.0": 0.8140293348299952, "8440803.0--8440838.0": 0.818882339278242, "8440838.0--8454344.0": 0.8267921938390925, "8440838.0--8440854.0": 0.8418378962801901, "8440838.0--8454346.0": 0.8136892762865608, "8440827.0--8440838.0": 0.7832010499973745, "8440836.0--8440838.0": 0.8441054474908477, "8440838.0--8440844.0": 0.8207725155394665, "8440808.0--8440838.0": 0.8311471395852889, "8440837.0--8440838.0": 0.859553873952024, "8440838.0--8440858.0": 0.812045684484618, "8440820.0--8440838.0": 0.8477451403558036, "8440833.0--8440838.0": 0.8172500688787367, "8440838.0--8444072.0": 0.7913806681688852, "8440812.0--8440838.0": 0.8267254039232415, "8440809.0--8440838.0": 0.8348362082793235, "8440838.0--8454904.0": 0.8376574732357754, "8440838.0--8440846.0": 0.8264833719013353, "8440830.0--8440838.0": 0.802582206618947, "8440838.0--8444077.0": 0.7902278297819783, "8440838.0--8440847.0": 0.8425023956906252, "8440838.0--8440849.0": 0.8094208240720762, "8440838.0--8443124.0": 0.8260659331506708, "8440838.0--8440843.0": 0.8202432924682846, "8440838.0--8807265.0": 0.8026733650005109, "8440838.0--8816695.0": 0.8224967251283712, "8440838.0--8805426.0": 0.8754567691837178, "8440838.0--8805421.0": 0.8668492375220163, "8440838.0--8812684.0": 0.8159442642353816, "8440838.0--8805461.0": 0.8431564158280525, "8440838.0--8807255.0": 0.8023185741527228, "8440838.0--8805460.0": 0.779409955509543, "8440838.0--8807292.0": 0.8198155685165396, "8440838.0--8807354.0": 0.7944662663593338, "8440838.0--8809711.0": 0.808334976848072, "8440838.0--8805422.0": 0.7843823551667178, "8440838.0--8805424.0": 0.807502456629609, "8440838.0--8794517.0": 0.8212111824134989, "8440838.0--8805451.0": 0.8102528341862901, "8440838.0--8807223.0": 0.7830490655459005, "8440838.0--8794560.0": 0.7976152574348615, "8440838.0--8481543.0": 0.8081997179480052, "8440838.0--8802285.0": 0.8015381546568716, "8440838.0--8807245.0": 0.8165484875778303, "8440838.0--8805456.0": 0.8185773359305555, "8440838.0--8827944.0": 0.797521213310639, "8440838.0--8807296.0": 0.8335572853072912, "8440838.0--8827951.0": 0.8016869978138237, "8440838.0--8854335.0": 0.8278981063965909, "8440838.0--8805446.0": 0.8060547715507659, "8440838.0--8805436.0": 0.8332520079953425, "8440838.0--8805433.0": 0.791375272688054, "8440838.0--8546802.0": 0.833460976570969, "8440838.0--8805427.0": 0.7872483057853615, "8440838.0--8836120.0": 0.8312461005013181, "8440838.0--8794768.0": 0.8213950157106679, "8440838.0--8809750.0": 0.8263119005648365, "8440838.0--8820172.0": 0.8605200338433913, "8440838.0--8476234.0": 0.8059071687188852, "8440838.0--8807314.0": 0.7878947907416922, "8440838.0--8794520.0": 0.8645892220931726, "8440838.0--8805452.0": 0.8385858501228554, "8440838.0--8805462.0": 0.8243173117152792, "8440838.0--8807275.0": 0.81777776868599, "8419285.0--8440838.0": 0.8241649443506143, "8440838.0--8807379.0": 0.8309873917489297, "8440838.0--8807234.0": 0.8361749934870212, "8423100.0--8440838.0": 0.8025846068046423, "8440838.0--8805455.0": 0.796206296177281, "8440838.0--8727493.0": 0.7801389495410848, "8440838.0--8807369.0": 0.7835129430708284, "8440838.0--8532319.0": 0.8135326264782868, "8419325.0--8440838.0": 0.8089712689078383, "8440838.0--8805430.0": 0.7955030146116888, "8440838.0--8807301.0": 0.8057319376361426, "8440838.0--8713940.0": 0.8371756752599653, "8440838.0--8637795.0": 0.8549789449917844, "7999244.0--8440838.0": 0.8161973673469723, "8440838.0--8805439.0": 0.7892270308665892, "8440838.0--8805428.0": 0.8265462434043634, "8440838.0--8809223.0": 0.8321214617552153, "8440838.0--8795584.0": 0.8370236562652781, "8440838.0--8807264.0": 0.810192895289057, "8440838.0--8805431.0": 0.7924421409589197, "8440838.0--8453863.0": 0.8067057987503364, "8400404.0--8440838.0": 0.7885941688868754, "8440838.0--8809834.0": 0.8488268171587935, "8440838.0--8663447.0": 0.8280574898209315, "8440838.0--8807213.0": 0.8578356002625762, "8440838.0--8640251.0": 0.8468313271481712, "8440838.0--8807220.0": 0.8403444172182866, "8440838.0--8617736.0": 0.8066809614325001, "8440838.0--8617746.0": 0.7643374476056627, "8440838.0--8640072.0": 0.8494448184011472, "8440838.0--8636208.0": 0.8285028775465753, "8440838.0--8805458.0": 0.802147433602817, "8440838.0--8807271.0": 0.8113144418277344, "8440838.0--8809678.0": 0.8388376029383444, "8440838.0--8807226.0": 0.8245868528398752, "8440838.0--8805467.0": 0.8210231022634055, "8440838.0--8611113.0": 0.8139557699744581, "8440838.0--8854316.0": 0.8461664466471552, "8440838.0--8794607.0": 0.8209605459360388, "8440838.0--8805418.0": 0.7927078253694041, "8440838.0--8836087.0": 0.8406309603294435, "8440838.0--8807283.0": 0.8077143627702593, "8440838.0--8820171.0": 0.8380042832375162, "8440838.0--8807288.0": 0.7907147172065483, "8440838.0--8807302.0": 0.7818986599139973, "8440838.0--8805466.0": 0.7984530487159887, "8440838.0--8807351.0": 0.8009855394239761, "8440838.0--8805420.0": 0.7952883829414636, "8440838.0--8807299.0": 0.8191615785351403, "8440838.0--8812988.0": 0.8097807209783991, "8440838.0--8807294.0": 0.8020988167042259, "8440838.0--8805434.0": 0.8255399109066768, "8440838.0--8732351.0": 0.801556585562347, "8440838.0--8807232.0": 0.8050951843983355, "8419271.0--8440838.0": 0.779045831736339, "8440838.0--8625484.0": 0.8071638778808287, "8440838.0--8807349.0": 0.8199531708238943, "8440838.0--8809730.0": 0.815034844087623, "8440838.0--8730513.0": 0.8086865638573562, "8440838.0--8809833.0": 0.823979566601782, "8440838.0--8523628.0": 0.8092976952104002, "8434356.0--8440838.0": 0.8382496915327998, "8440838.0--8807303.0": 0.8317354780696994, "8440838.0--8811606.0": 0.8377727354265856, "8440838.0--8807244.0": 0.8324472063417316, "8440838.0--8490694.0": 0.8381317909254471, "8440838.0--8809844.0": 0.8239071686031515, "8440838.0--8809850.0": 0.833215852177455, "8440838.0--8805445.0": 0.8227292169427635, "8412138.0--8440838.0": 0.8320687954719703, "8440838.0--8807247.0": 0.8031121679727719, "8440838.0--8848845.0": 0.8097115321802697, "8440838.0--8695851.0": 0.837277242874439, "8440838.0--8713907.0": 0.852928447364363, "8440838.0--8809847.0": 0.8416136167582204, "8440838.0--8727480.0": 0.8627038270891088, "8440838.0--8706590.0": 0.8253761738187675, "8440838.0--8735916.0": 0.8162718231898938, "8440838.0--8474512.0": 0.8046367846983398, "8440838.0--8809845.0": 0.7854624086526104, "8440838.0--8540796.0": 0.8418373469860154, "8440838.0--8807233.0": 0.8082245774226365, "8440838.0--8617747.0": 0.7897357052076035, "8440838.0--8474486.0": 0.808858218967065, "8440838.0--8474516.0": 0.819680075633594, "8440838.0--8663650.0": 0.7927933416294211, "8440838.0--8663646.0": 0.8255063341190031, "8440838.0--8794553.0": 0.8195091129933246, "8440838.0--8863966.0": 0.8377718198762263, "8440838.0--8525340.0": 0.8216945660041188, "8440838.0--8805448.0": 0.7760540211883928, "8405549.0--8440838.0": 0.8552439793173152, "8440838.0--8611178.0": 0.799070572150403, "8440838.0--8827593.0": 0.8323583602677687, "8440838.0--8805463.0": 0.7827873930562091, "8440838.0--8805457.0": 0.8319344452083242, "8440838.0--8805442.0": 0.7939185601317054, "8440838.0--8807266.0": 0.7980128335839388, "8440838.0--8813126.0": 0.7944955877454946, "8440838.0--8585103.0": 0.7888887497084347, "8440838.0--8807235.0": 0.8054860456083215, "8440838.0--8585048.0": 0.8180730316070804, "8440838.0--8809843.0": 0.8086989977025414, "8440838.0--8809842.0": 0.8165280405275444, "8440838.0--8842614.0": 0.7688332230068491,