{"8440063.0--8440124.0": 0.7885238530672606, "8440037.0--8440124.0": 0.7748848017517401, "8440040.0--8440124.0": 0.7555113466092787, "8440056.0--8440124.0": 0.7686514286562836, "8440116.0--8440124.0": 0.8089523648956398, "8440124.0--8444102.0": 0.7689089084810021, "8440124.0--8440824.0": 0.7776366771550006, "8440124.0--8493612.0": 0.7519776896983593, "8440124.0--8440850.0": 0.8071408323640654, "8440124.0--8456856.0": 0.7801883358194105, "8440124.0--8447439.0": 0.7643085918477119, "8440124.0--8440805.0": 0.7895860337212435, "8440124.0--8440811.0": 0.7734771639241695, "8440124.0--8440856.0": 0.7708597512595927, "8440124.0--8440822.0": 0.7636712587791458, "8440124.0--8440828.0": 0.7831999079770654, "8440124.0--8440851.0": 0.7883195770936394, "8440124.0--8457476.0": 0.7706533596664347, "8440124.0--8440848.0": 0.7735962390096862, "8440124.0--8440839.0": 0.7648743776752447, "8440124.0--8443395.0": 0.7600333442387635, "8440124.0--8440832.0": 0.7963280306293993, "8440124.0--8440816.0": 0.7758246759521833, "8440124.0--8440835.0": 0.7539332229856521, "8440124.0--8440818.0": 0.7945041486099482, "8440124.0--8440853.0": 0.7564125295575881, "8440124.0--8440840.0": 0.7811690145628913, "8440124.0--8440857.0": 0.7732257454735653, "8440124.0--8449328.0": 0.787849506810634, "8440124.0--8440829.0": 0.7824889486760808, "8440124.0--8440807.0": 0.7479748521172002, "8440124.0--8440831.0": 0.8133003711881266, "8440124.0--8440852.0": 0.8197541128608153, "8440124.0--8440841.0": 0.7759558758391758, "8440124.0--8440859.0": 0.7498969694205025, "8440124.0--8440821.0": 0.8157469992790201, "8440124.0--8440842.0": 0.8052896307120495, "8440124.0--8443131.0": 0.7718326118316862, "8440124.0--8440815.0": 0.7818314492462352, "8440124.0--8500765.0": 0.8214565876557148, "8440124.0--8440804.0": 0.7798242911074421, "8440124.0--8454276.0": 0.7909140138246341, "8440124.0--8464305.0": 0.7906292115992465, "8440124.0--8494828.0": 0.8067040238573076, "8440124.0--8440825.0": 0.7699783878272565, "8440124.0--8440814.0": 0.7798382663555754, "8440124.0--8440838.0": 0.7926714985033242, "8440124.0--8440855.0": 0.76564375193065, "8440124.0--8454489.0": 0.7928664099342384, "8440124.0--8440834.0": 0.7700056219407172, "8440124.0--8440826.0": 0.7757328865514468, "8440124.0--8440823.0": 0.7609597922369732, "8440124.0--8440845.0": 0.7445044741935433, "8440124.0--8440810.0": 0.7828973215256626, "8440124.0--8440806.0": 0.7921342877584581, "8440124.0--8440817.0": 0.7657592181023218, "8440124.0--8440813.0": 0.8016420091441577, "8440124.0--8443125.0": 0.7015313396825902, "8440124.0--8456575.0": 0.7817812125697745, "8440124.0--8440860.0": 0.821110138842746, "8440124.0--8454343.0": 0.7999009583705514, "8440124.0--8440803.0": 0.8277493162214502, "8440124.0--8454344.0": 0.7924254547205283, "8440124.0--8440854.0": 0.8146835441313174, "8440124.0--8454346.0": 0.7741265111405775, "8440124.0--8440827.0": 0.747704345321305, "8440124.0--8440836.0": 0.7860161259034344, "8440124.0--8440844.0": 0.7823063506525322, "8440124.0--8440808.0": 0.7806201687697855, "8440124.0--8440837.0": 0.7609003716794736, "8440124.0--8440858.0": 0.7611945749598318, "8440124.0--8440820.0": 0.7366355467785313, "8440124.0--8440833.0": 0.7439585737979344, "8440124.0--8444072.0": 0.7836891254653531, "8440124.0--8440812.0": 0.7544082697941688, "8440124.0--8440809.0": 0.7704874986892046, "8440124.0--8454904.0": 0.8295526854333574, "8440124.0--8440846.0": 0.7925714831146253, "8440124.0--8440830.0": 0.8194650784839437, "8440124.0--8444077.0": 0.79095369269874, "8440124.0--8440847.0": 0.8222742975473469, "8440124.0--8440849.0": 0.7609075106822035, "8440124.0--8443124.0": 0.7664862681154107, "8440124.0--8440843.0": 0.7400515161075878, "8440124.0--8807265.0": 0.8114396645198991, "8440124.0--8816695.0": 0.7830509603753538, "8440124.0--8805426.0": 0.7884767362713228, "8440124.0--8805421.0": 0.7965751352961311, "8440124.0--8812684.0": 0.7803251264503516, "8440124.0--8805461.0": 0.750957978251456, "8440124.0--8807255.0": 0.8191203799001301, "8440124.0--8805460.0": 0.7781161829905107, "8440124.0--8807292.0": 0.7918287562060852, "8440124.0--8807354.0": 0.8019292513923053, "8440124.0--8809711.0": 0.7842639733106933, "8440124.0--8805422.0": 0.7541708426191795, "8440124.0--8805424.0": 0.7748300012508076, "8440124.0--8794517.0": 0.7368969793721738, "8440124.0--8805451.0": 0.760014298487557, "8440124.0--8807223.0": 0.7613396056731175, "8440124.0--8794560.0": 0.7844686055073992, "8440124.0--8481543.0": 0.774494863161563, "8440124.0--8802285.0": 0.7346542395228316, "8440124.0--8807245.0": 0.7810197223870257, "8440124.0--8805456.0": 0.7713681207854979, "8440124.0--8827944.0": 0.7777395823861017, "8440124.0--8807296.0": 0.7688981587148912, "8440124.0--8827951.0": 0.7662851881854761, "8440124.0--8854335.0": 0.7870283930553514, "8440124.0--8805446.0": 0.7738059163014592, "8440124.0--8805436.0": 0.7712673206471388, "8440124.0--8805433.0": 0.7562166640871393, "8440124.0--8546802.0": 0.790434894662631, "8440124.0--8805427.0": 0.7273695391049201, "8440124.0--8836120.0": 0.7600674640485696, "8440124.0--8794768.0": 0.723789712778783, "8440124.0--8809750.0": 0.755431830817125, "8440124.0--8820172.0": 0.8198865845890952, "8440124.0--8476234.0": 0.8024717653127562, "8440124.0--8807314.0": 0.7739485883312671, "8440124.0--8794520.0": 0.7836560432903913, "8440124.0--8805452.0": 0.7911123807717894, "8440124.0--8805462.0": 0.7722202500042421, "8440124.0--8807275.0": 0.7907036097955455, "8419285.0--8440124.0": 0.7540028566459182, "8440124.0--8807379.0": 0.7663429762579776, "8440124.0--8807234.0": 0.7928847232234598, "8423100.0--8440124.0": 0.771639242980567, "8440124.0--8805455.0": 0.7489151933517404, "8440124.0--8727493.0": 0.72819697455593, "8440124.0--8807369.0": 0.7451976161936631, "8440124.0--8532319.0": 0.7875635864676115, "8419325.0--8440124.0": 0.7627147787365486, "8440124.0--8805430.0": 0.7945606482345395, "8440124.0--8807301.0": 0.8304947294947393, "8440124.0--8713940.0": 0.8119696575770528, "8440124.0--8637795.0": 0.770191650411974, "7999244.0--8440124.0": 0.8190022618620594, "8440124.0--8805439.0": 0.8302907067228339, "8440124.0--8805428.0": 0.7555895341344457, "8440124.0--8809223.0": 0.7683701942185162, "8440124.0--8795584.0": 0.7713869760560954, "8440124.0--8807264.0": 0.7672601261256582, "8440124.0--8805431.0": 0.7300426012516907, "8440124.0--8453863.0": 0.7727509508339778, "8400404.0--8440124.0": 0.7414770775511109, "8440124.0--8809834.0": 0.752797113517779, "8440124.0--8663447.0": 0.7724167179813587, "8440124.0--8807213.0": 0.7852923712613505, "8440124.0--8640251.0": 0.7936924207821938, "8440124.0--8807220.0": 0.7823612302549569, "8440124.0--8617736.0": 0.8089662374755259, "8440124.0--8617746.0": 0.7391177959110511, "8440124.0--8640072.0": 0.8057965897218448, "8440124.0--8636208.0": 0.7882030153824645, "8440124.0--8805458.0": 0.7777750724840176, "8440124.0--8807271.0": 0.8087580358221831, "8440124.0--8809678.0": 0.7650635726433986, "8440124.0--8807226.0": 0.8113910684092993, "8440124.0--8805467.0": 0.8047900540350788, "8440124.0--8611113.0": 0.8000979059791863, "8440124.0--8854316.0": 0.7597707758866862, "8440124.0--8794607.0": 0.7869814443228359, "8440124.0--8805418.0": 0.7451102422122658, "8440124.0--8836087.0": 0.7949549464040673, "8440124.0--8807283.0": 0.7939696558735975, "8440124.0--8820171.0": 0.7813505369028702, "8440124.0--8807288.0": 0.7503622312650253, "8440124.0--8807302.0": 0.7368465802319456, "8440124.0--8805466.0": 0.8045576053271044, "8440124.0--8807351.0": 0.7878230831340112, "8440124.0--8805420.0": 0.7782790536344817, "8440124.0--8807299.0": 0.8298203007381887, "8440124.0--8812988.0": 0.8403703299077292, "8440124.0--8807294.0": 0.7923059431694865, "8440124.0--8805434.0": 0.8173551588028796, "8440124.0--8732351.0": 0.7853026936172932, "8440124.0--8807232.0": 0.7858285146615809, "8419271.0--8440124.0": 0.7551200735230954, "8440124.0--8625484.0": 0.7963923757801998, "8440124.0--8807349.0": 0.7974127365344067, "8440124.0--8809730.0": 0.7818384914872238,