{"8440814.0--8440838.0": 0.8506363099952776, "8440814.0--8440855.0": 0.8202328689656935, "8440814.0--8454489.0": 0.832913660175734, "8440814.0--8440834.0": 0.7702631792277779, "8440814.0--8440826.0": 0.8467936841007142, "8440814.0--8440823.0": 0.7937794860129939, "8440814.0--8440845.0": 0.8317099513122185, "8440810.0--8440814.0": 0.8158534351970558, "8440806.0--8440814.0": 0.7966481599668869, "8440814.0--8440817.0": 0.8160643101304842, "8440813.0--8440814.0": 0.8265084361048688, "8440814.0--8443125.0": 0.7925399844108132, "8440814.0--8456575.0": 0.8335218799993491, "8440814.0--8440860.0": 0.8230772693467764, "8440814.0--8454343.0": 0.8148078669804668, "8440803.0--8440814.0": 0.8175964869815823, "8440814.0--8454344.0": 0.8370823730208952, "8440814.0--8440854.0": 0.8622747954835089, "8440814.0--8454346.0": 0.8205222315449471, "8440814.0--8440827.0": 0.7867231581772088, "8440814.0--8440836.0": 0.8039467400361867, "8440814.0--8440844.0": 0.8142614148166722, "8440808.0--8440814.0": 0.8128795894420779, "8440814.0--8440837.0": 0.8222478971245629, "8440814.0--8440858.0": 0.8165596551883189, "8440814.0--8440820.0": 0.8304518815089252, "8440814.0--8440833.0": 0.8068183969216433, "8440814.0--8444072.0": 0.8203839872252178, "8440812.0--8440814.0": 0.8305790732289033, "8440809.0--8440814.0": 0.8354632204852351, "8440814.0--8454904.0": 0.8212249667550848, "8440814.0--8440846.0": 0.8175387643093835, "8440814.0--8440830.0": 0.7979604994094078, "8440814.0--8444077.0": 0.8134107564397686, "8440814.0--8440847.0": 0.8297125041058284, "8440814.0--8440849.0": 0.8028528840195654, "8440814.0--8443124.0": 0.8172384429166463, "8440814.0--8440843.0": 0.8262282629665672, "8440814.0--8807265.0": 0.7950679735471194, "8440814.0--8816695.0": 0.8273194437929021, "8440814.0--8805426.0": 0.8167004432145055, "8440814.0--8805421.0": 0.8178956254150405, "8440814.0--8812684.0": 0.7909130991471282, "8440814.0--8805461.0": 0.8424737436445896, "8440814.0--8807255.0": 0.7933018715556561, "8440814.0--8805460.0": 0.7892875037611707, "8440814.0--8807292.0": 0.8313818260868565, "8440814.0--8807354.0": 0.8092387281462123, "8440814.0--8809711.0": 0.8282214400760053, "8440814.0--8805422.0": 0.795308934453227, "8440814.0--8805424.0": 0.8175031765511265, "8440814.0--8794517.0": 0.7777502159708022, "8440814.0--8805451.0": 0.7878841856141517, "8440814.0--8807223.0": 0.7495102288857121, "8440814.0--8794560.0": 0.7868693850934623, "8440814.0--8481543.0": 0.7896309848385406, "8440814.0--8802285.0": 0.7745349832831577, "8440814.0--8807245.0": 0.8125073415502713, "8440814.0--8805456.0": 0.7827714049644796, "8440814.0--8827944.0": 0.76707898865809, "8440814.0--8807296.0": 0.7872681308965853, "8440814.0--8827951.0": 0.7680899786591349, "8440814.0--8854335.0": 0.7929511421327086, "8440814.0--8805446.0": 0.7753582237939476, "8440814.0--8805436.0": 0.8177857774755743, "8440814.0--8805433.0": 0.7758504577355554, "8440814.0--8546802.0": 0.8172643682987939, "8440814.0--8805427.0": 0.8089136870989931, "8440814.0--8836120.0": 0.8220145323021105, "8440814.0--8794768.0": 0.8360897928202577, "8440814.0--8809750.0": 0.805294428218345, "8440814.0--8820172.0": 0.8533473659326793, "8440814.0--8476234.0": 0.8413048012292537, "8440814.0--8807314.0": 0.760373774612445, "8440814.0--8794520.0": 0.8348551636601531, "8440814.0--8805452.0": 0.8040446680400625, "8440814.0--8805462.0": 0.8250173236740296, "8440814.0--8807275.0": 0.8000573197224797, "8419285.0--8440814.0": 0.7827262716767682, "8440814.0--8807379.0": 0.8010771598286233, "8440814.0--8807234.0": 0.8101508522242221, "8423100.0--8440814.0": 0.8056126719966267, "8440814.0--8805455.0": 0.7399547652266473, "8440814.0--8727493.0": 0.7584614371110711, "8440814.0--8807369.0": 0.7572409567932296, "8440814.0--8532319.0": 0.7751394614124567, "8419325.0--8440814.0": 0.775016064152423, "8440814.0--8805430.0": 0.8034318831791792, "8440814.0--8807301.0": 0.8060960026788988, "8440814.0--8713940.0": 0.8235868196953307, "8440814.0--8637795.0": 0.821244119938849, "7999244.0--8440814.0": 0.8109533023036659, "8440814.0--8805439.0": 0.7896743009712651, "8440814.0--8805428.0": 0.8192613649259451, "8440814.0--8809223.0": 0.8423660265044435, "8440814.0--8795584.0": 0.8158625922076217, "8440814.0--8807264.0": 0.7845530820821752, "8440814.0--8805431.0": 0.7798685845198906, "8440814.0--8453863.0": 0.8152125153606593, "8400404.0--8440814.0": 0.8047973310920736, "8440814.0--8809834.0": 0.8297458271698233, "8440814.0--8663447.0": 0.8079460346325597, "8440814.0--8807213.0": 0.8604388906030771, "8440814.0--8640251.0": 0.8385446348692198, "8440814.0--8807220.0": 0.8375665997316588, "8440814.0--8617736.0": 0.81998617826453, "8440814.0--8617746.0": 0.7622912102010304, "8440814.0--8640072.0": 0.8242828721230088, "8440814.0--8636208.0": 0.8253103517037303, "8440814.0--8805458.0": 0.7976236273246421, "8440814.0--8807271.0": 0.8035880772367903, "8440814.0--8809678.0": 0.7944054531496189, "8440814.0--8807226.0": 0.8482316503972455, "8440814.0--8805467.0": 0.8216496502890753, "8440814.0--8611113.0": 0.8073248356356079, "8440814.0--8854316.0": 0.8272360209758861, "8440814.0--8794607.0": 0.8193629892714075, "8440814.0--8805418.0": 0.7922406031739223, "8440814.0--8836087.0": 0.8404638676685914, "8440814.0--8807283.0": 0.8031994453328697, "8440814.0--8820171.0": 0.8266106358845301, "8440814.0--8807288.0": 0.766978393616436, "8440814.0--8807302.0": 0.7889178829111161, "8440814.0--8805466.0": 0.786100715109509, "8440814.0--8807351.0": 0.8078770996037664, "8440814.0--8805420.0": 0.8057908309640557, "8440814.0--8807299.0": 0.8030088112536633, "8440814.0--8812988.0": 0.801096311856639, "8440814.0--8807294.0": 0.8232959016072672, "8440814.0--8805434.0": 0.8419868288465313, "8440814.0--8732351.0": 0.7834200508912049, "8440814.0--8807232.0": 0.7942888411179188, "8419271.0--8440814.0": 0.7617582348699405, "8440814.0--8625484.0": 0.8015867324128882, "8440814.0--8807349.0": 0.8117091386211621, "8440814.0--8809730.0": 0.8092305304235732, "8440814.0--8730513.0": 0.8080818739050893, "8440814.0--8809833.0": 0.8331028090102055, "8440814.0--8523628.0": 0.7766553899997811, "8434356.0--8440814.0": 0.8342085194409954, "8440814.0--8807303.0": 0.8500270573008184, "8440814.0--8811606.0": 0.8083803871255307, "8440814.0--8807244.0": 0.7935388519005959, "8440814.0--8490694.0": 0.8429250754389619, "8440814.0--8809844.0": 0.8055098025133763, "8440814.0--8809850.0": 0.8475131859073504, "8440814.0--8805445.0": 0.7776301764641504, "8412138.0--8440814.0": 0.7958210363341474, "8440814.0--8807247.0": 0.7994106423241851, "8440814.0--8848845.0": 0.818558439343857, "8440814.0--8695851.0": 0.8199312886487342, "8440814.0--8713907.0": 0.8391661331526602, "8440814.0--8809847.0": 0.8210856920737664, "8440814.0--8727480.0": 0.8424865128880065, "8440814.0--8706590.0": 0.814531751725184, "8440814.0--8735916.0": 0.8121848239574456, "8440814.0--8474512.0": 0.8082673832199112, "8440814.0--8809845.0": 0.7716893558958934, "8440814.0--8540796.0": 0.8367237666923172, "8440814.0--8807233.0": 0.8023672723717407, "8440814.0--8617747.0": 0.7734378198329561, "8440814.0--8474486.0": 0.7986454632305806, "8440814.0--8474516.0": 0.8288451022235434, "8440814.0--8663650.0": 0.7886907065366002, "8440814.0--8663646.0": 0.7950676722161675, "8440814.0--8794553.0": 0.798494552987211, "8440814.0--8863966.0": 0.8157164030999339, "8440814.0--8525340.0": 0.7862420433944729, "8440814.0--8805448.0": 0.8006692592400083, "8405549.0--8440814.0": 0.8377276088489085, "8440814.0--8611178.0": 0.8318486189940908, "8440814.0--8827593.0": 0.7802787137225081, "8440814.0--8805463.0": 0.7655056224333147, "8440814.0--8805457.0": 0.8188792677716105, "8440814.0--8805442.0": 0.7975993179996629, "8440814.0--8807266.0": 0.7949520415677881, "8440814.0--8813126.0": 0.8035682155569591, "8440814.0--8585103.0": 0.8044853665253434, "8440814.0--8807235.0": 0.7936214143184024, "8440814.0--8585048.0": 0.8402563385117282, "8440814.0--8809843.0": 0.7683010174853416, "8440814.0--8809842.0": 0.8041226943854687,