{"9222295.0--9222342.0": 0.7720236165183785, "9222295.0--9241407.0": 0.8245942539877834, "9222295.0--9288884.0": 0.8270089665157881, "9222295.0--9222351.0": 0.8464530763832476, "9222295.0--9223669.0": 0.8091917954471537, "9222295.0--9222315.0": 0.7890310301494656, "9222295.0--9222335.0": 0.8202662259680812, "9222295.0--9222327.0": 0.8373360911230688, "9222295.0--9233469.0": 0.8132898874672811, "9222295.0--9226461.0": 0.8189193099322848, "9222295.0--9238508.0": 0.8603846352038402, "9222266.0--9222295.0": 0.7562951203685611, "9222295.0--9225008.0": 0.8088624378026268, "9222295.0--9290431.0": 0.8325613546078278, "9222295.0--9239918.0": 0.855119285402667, "9222295.0--9231271.0": 0.7832329832857885, "9222295.0--9222313.0": 0.8152139627690167, "9222295.0--9231268.0": 0.7784768478217284, "9222035.0--9222295.0": 0.786741092973592, "9222091.0--9222295.0": 0.8203335285238137, "9222295.0--9229515.0": 0.7643010920867261, "9222295.0--9222301.0": 0.819452458109068, "9222295.0--9222358.0": 0.8204978838561408, "9222295.0--9229135.0": 0.8313864560574884, "9222047.0--9222295.0": 0.8416741723241042, "9222272.0--9222295.0": 0.8109840549783062, "9222110.0--9222295.0": 0.8103613103742112, "9222295.0--9222364.0": 0.85776065879298, "9222088.0--9222295.0": 0.8390226577861548, "9216518.0--9222295.0": 0.8133720649514, "9222295.0--9222309.0": 0.8061538176793535, "9216595.0--9222295.0": 0.7807312567818403, "9216538.0--9222295.0": 0.783408124827045, "9216549.0--9222295.0": 0.8097152525884277, "9216559.0--9222295.0": 0.828162827871644, "9222295.0--9222376.0": 0.7645867856744032, "9222295.0--9222374.0": 0.8540242182882366, "9222295.0--9224194.0": 0.784341441637499, "9222254.0--9222295.0": 0.8070005193116219, "9222049.0--9222295.0": 0.8140979911667612, "9222295.0--9222562.0": 0.7808565624373848, "9222295.0--9226126.0": 0.7917014738708174, "9222295.0--9240062.0": 0.8274766224789968, "9222295.0--9226101.0": 0.7984484332049573, "9222295.0--9222377.0": 0.7824797190967362, "9222295.0--9233392.0": 0.8307008049953779, "9222093.0--9222295.0": 0.7903711799659513, "9222295.0--9224154.0": 0.7701580761925565, "9222295.0--9240061.0": 0.7763587189850415, "9222295.0--9222512.0": 0.7796362054746481, "9222295.0--9241413.0": 0.8050906190216573, "9222295.0--9224646.0": 0.8128731529747931, "9222295.0--9222372.0": 0.7429565937248577, "9222253.0--9222295.0": 0.8416946709309625, "9222092.0--9222295.0": 0.8504554872970309, "9222271.0--9222295.0": 0.8415183710815964, "9222295.0--9230431.0": 0.7872544922989733, "9222076.0--9222295.0": 0.881348511575772, "9222053.0--9222295.0": 0.7840254392475786, "9216532.0--9222295.0": 0.8086211392437781, "9222085.0--9222295.0": 0.7941432420391744, "9216629.0--9222295.0": 0.8141409251139993, "9222295.0--9308630.0": 0.7633110785714279, "9222295.0--9308624.0": 0.7764418819748944, "9219240.0--9222295.0": 0.811426825242699, "9216630.0--9222295.0": 0.800345056928647, "9217981.0--9222295.0": 0.8469144234994685, "9222295.0--9224153.0": 0.7768271632305149, "9222295.0--9286505.0": 0.8003846425024247, "9216512.0--9222295.0": 0.8189702257184766, "9216579.0--9222295.0": 0.7859506757096697, "9222249.0--9222295.0": 0.8094675211722882, "9222295.0--9222367.0": 0.7631757435862804, "9222295.0--9222325.0": 0.7680590988241938, "9222295.0--9222510.0": 0.7759136501221902, "9222295.0--9246250.0": 0.7947341322492504, "9222295.0--9308627.0": 0.8135505496307804, "9222295.0--9224186.0": 0.8540355232186154, "9222295.0--9229232.0": 0.7787711014846886, "9222295.0--9226404.0": 0.8679788723376008, "9222295.0--9308631.0": 0.8060553323097689, "9222255.0--9222295.0": 0.8184112621386265, "9222261.0--9222295.0": 0.7957127778429854, "9222295.0--9222338.0": 0.788988900326369, "9222284.0--9222295.0": 0.8084564189931888, "9222295.0--9230430.0": 0.8020971923550091, "9222295.0--9308622.0": 0.7613447859097391, "9222295.0--9286903.0": 0.758460963618248, "9222295.0--9234473.0": 0.7796372190113912, "9222295.0--9241426.0": 0.8285135541925233, "9222269.0--9222295.0": 0.8332111862533014, "9222295.0--9237999.0": 0.8465601952876601, "9222072.0--9222295.0": 0.816577416702024, "9222295.0--9224197.0": 0.787231086680595, "9222295.0--9246282.0": 0.7951848799452945, "9222295.0--9222314.0": 0.7968699222373498, "9222295.0--9222357.0": 0.8087114337131406, "9222086.0--9222295.0": 0.7623362305355856, "9222295.0--9222360.0": 0.8084513348322487, "9222065.0--9222295.0": 0.8009069563165792, "9222295.0--9228894.0": 0.8463973019668352, "9222295.0--9233264.0": 0.8142109291553367, "9222295.0--9222343.0": 0.7950569545050987, "9222295.0--9308621.0": 0.7776878473413911, "9222295.0--9308625.0": 0.8451516749098946, "9222295.0--9241744.0": 0.7949951072024454, "9222295.0--9308629.0": 0.8072006133789653, "9222068.0--9222295.0": 0.7762256743837865, "9222248.0--9222295.0": 0.8604875623122268, "9222274.0--9222295.0": 0.7930595969131047, "9222295.0--9229116.0": 0.8197109936899802, "9222295.0--9233993.0": 0.7849317911284757, "9222295.0--9308623.0": 0.8917293239121515, "9222295.0--9222553.0": 0.7954817929167776, "9222295.0--9222341.0": 0.828881444487907, "9222295.0--9222346.0": 0.8068124789517293, "9222295.0--9308628.0": 0.8002806802952527, "9222294.0--9222295.0": 0.8007626288404217, "9222295.0--9241732.0": 0.8265460720453854, "9222060.0--9222295.0": 0.8417517243150009, "9222280.0--9222295.0": 0.8182956450352767}