{"8617747.0--8807233.0": 0.7739903532704238, "8474486.0--8807233.0": 0.8136495409213351, "8474516.0--8807233.0": 0.8267223230807457, "8663650.0--8807233.0": 0.7836597341102806, "8663646.0--8807233.0": 0.7993446927594259, "8794553.0--8807233.0": 0.8117395874931945, "8807233.0--8863966.0": 0.8004742741688068, "8525340.0--8807233.0": 0.7839589829617435, "8805448.0--8807233.0": 0.7858016272609147, "8405549.0--8807233.0": 0.8131245654295545, "8611178.0--8807233.0": 0.8168904055538891, "8807233.0--8827593.0": 0.7884810466910194, "8805463.0--8807233.0": 0.7925605554469911, "8805457.0--8807233.0": 0.8096296733301938, "8805442.0--8807233.0": 0.7864045242089636, "8807233.0--8807266.0": 0.8055148558005928, "8807233.0--8813126.0": 0.8066554902743495, "8585103.0--8807233.0": 0.7892243719905558, "8807233.0--8807235.0": 0.7982304726765039, "8585048.0--8807233.0": 0.8212838380401573, "8807233.0--8809843.0": 0.8000597653074211, "8807233.0--8809842.0": 0.8015510895995022, "8807233.0--8842614.0": 0.7870115124424043, "8805441.0--8807233.0": 0.7656726520745358, "8807233.0--8809920.0": 0.7621139926278995, "8663312.0--8807233.0": 0.7957995894773569, "8477126.0--8807233.0": 0.8179469578543829, "8807224.0--8807233.0": 0.8219461173931359, "8807233.0--8807355.0": 0.7826488322376657, "8807233.0--8807320.0": 0.7882224993815106, "8665933.0--8807233.0": 0.8077165198057918, "8807233.0--8845772.0": 0.7792087469304371, "8807233.0--8812989.0": 0.8277036802551574, "8636969.0--8807233.0": 0.8117713570058392, "8805450.0--8807233.0": 0.7679630719940238, "8807233.0--8807243.0": 0.811743169326014, "8805443.0--8807233.0": 0.786412537287011, "8673661.0--8807233.0": 0.8230330113353761, "8805419.0--8807233.0": 0.805091355311828, "8451903.0--8807233.0": 0.8182300291295418, "8805429.0--8807233.0": 0.7910674281714842, "8807233.0--8809846.0": 0.7904745459343752, "8807233.0--8809832.0": 0.8053792091729914, "8413174.0--8807233.0": 0.773783648792236, "8494817.0--8807233.0": 0.7827294708967065, "8637778.0--8807233.0": 0.7698302466978555, "8807233.0--8809742.0": 0.7949453556231689, "8807233.0--8807280.0": 0.8274829660210958, "8807233.0--8807274.0": 0.8560973428031446, "8807233.0--9216586.0": 0.8118764142917145, "8807233.0--9237132.0": 0.8065027776777834, "8807233.0--9216572.0": 0.7732128812182922, "8807233.0--9217952.0": 0.7964351402091651, "8807233.0--9217931.0": 0.8279595062124722, "8807233.0--9216507.0": 0.8013095621758362, "8807233.0--9222368.0": 0.8090996085467068, "8807233.0--9220137.0": 0.7951596970649514, "8807233.0--9233460.0": 0.8183560779496354, "8807233.0--9222263.0": 0.7729956951799316, "8807233.0--9293003.0": 0.8008992078848824, "8807233.0--9222102.0": 0.8006415060101432, "8807233.0--9222323.0": 0.8058905576893154, "8807233.0--9222287.0": 0.7822443818697233, "8807233.0--9223736.0": 0.7782912529852353, "8807233.0--9224191.0": 0.8248044039127052, "8807233.0--9222251.0": 0.7784470727035446, "8807233.0--9229242.0": 0.7927130071446807, "8807233.0--9282195.0": 0.7907910273115369, "8807233.0--9222098.0": 0.8159406018060266, "8807233.0--9234027.0": 0.7884703382252279, "8807233.0--9246308.0": 0.8119644809610083, "8807233.0--9240072.0": 0.8008386792532403, "8807233.0--9222353.0": 0.8065099161755809, "8807233.0--9222293.0": 0.8079444677806297, "8807233.0--9222089.0": 0.7909108913019707, "8807233.0--9228893.0": 0.8077494045200445, "8807233.0--9224192.0": 0.7950791621288651, "8807233.0--9222289.0": 0.7833479633464782, "8807233.0--9222038.0": 0.8007107824242012, "8807233.0--9229072.0": 0.8101763303615452, "8807233.0--9222295.0": 0.8160790255095831, "8807233.0--9222342.0": 0.7901362881238736, "8807233.0--9241407.0": 0.783306353899237, "8807233.0--9288884.0": 0.7864673888612014, "8807233.0--9222351.0": 0.7939584414386253, "8807233.0--9223669.0": 0.8070765966290793, "8807233.0--9222315.0": 0.7789544701731264, "8807233.0--9222335.0": 0.8067724124793986, "8807233.0--9222327.0": 0.7761281111845636, "8807233.0--9233469.0": 0.8052766792476215, "8807233.0--9226461.0": 0.7931780504810175, "8807233.0--9238508.0": 0.8163471801190482, "8807233.0--9222266.0": 0.7921710463252091, "8807233.0--9225008.0": 0.8079017715329025, "8807233.0--9290431.0": 0.8170247893302731, "8807233.0--9239918.0": 0.7867410770840269, "8807233.0--9231271.0": 0.7914797189797211, "8807233.0--9222313.0": 0.8183359213752961, "8807233.0--9231268.0": 0.7985032007614251, "8807233.0--9222035.0": 0.7818613921783013, "8807233.0--9222091.0": 0.7975736325658178, "8807233.0--9229515.0": 0.7804226498390323, "8807233.0--9222301.0": 0.8092734477358919, "8807233.0--9222358.0": 0.793913970742222, "8807233.0--9229135.0": 0.8271097559561114, "8807233.0--9222047.0": 0.7816114616353419, "8807233.0--9222272.0": 0.7979074808744759, "8807233.0--9222110.0": 0.7986839957397713, "8807233.0--9222364.0": 0.7917249044858795, "8807233.0--9222088.0": 0.8128371940375411, "8807233.0--9216518.0": 0.8284175361578665, "8807233.0--9222309.0": 0.7755287133610043, "8807233.0--9216595.0": 0.7750192352682542, "8807233.0--9216538.0": 0.7903644179720208, "8807233.0--9216549.0": 0.7907172212145384, "8807233.0--9216559.0": 0.7903592375325452, "8807233.0--9222376.0": 0.782676604089579, "8807233.0--9222374.0": 0.8183472612806373, "8807233.0--9224194.0": 0.7947050707021334, "8807233.0--9222254.0": 0.8189525024262869, "8807233.0--9222049.0": 0.784330718428818, "8807233.0--9222562.0": 0.7812375947999617, "8807233.0--9226126.0": 0.7953763227150532, "8807233.0--9240062.0": 0.8227941148280767, "8807233.0--9226101.0": 0.7872509185796102, "8807233.0--9222377.0": 0.8181930789602648, "8807233.0--9233392.0": 0.839649007260328, "8807233.0--9222093.0": 0.7995743266993194, "8807233.0--9224154.0": 0.7788355628953123, "8807233.0--9240061.0": 0.8062650073006876, "8807233.0--9222512.0": 0.79443507874776, "8807233.0--9241413.0": 0.8131878025915953, "8807233.0--9224646.0": 0.7963422190477314, "8807233.0--9222372.0": 0.769545414126177, "8807233.0--9222253.0": 0.8012915091322173, "8807233.0--9222092.0": 0.8428616632483776, "8807233.0--9222271.0": 0.8103995178445056, "8807233.0--9230431.0": 0.8085737537327848, "8807233.0--9222076.0": 0.83229181975909, "8807233.0--9222053.0": 0.8029349945931792, "8807233.0--9216532.0": 0.8323726753707877, "8807233.0--9222085.0": 0.8013379015954151, "8807233.0--9216629.0": 0.8318503205803837, "8807233.0--9308630.0": 0.800757574412811, "8807233.0--9308624.0": 0.7804556440106682, "8807233.0--9219240.0": 0.8220823353763124, "8807233.0--9216630.0": 0.801081208033058, "8807233.0--9217981.0": 0.803543038237433, "8807233.0--9224153.0": 0.8011777682463435, "8807233.0--9286505.0": 0.7820061335893929, "8807233.0--9216512.0": 0.8120353202618581, "8807233.0--9216579.0": 0.7989235081335566, "8807233.0--9222249.0": 0.8164369247597655, "8807233.0--9222367.0": 0.7776831535022068, "8807233.0--9222325.0": 0.7756638191769467, "8807233.0--9222510.0": 0.7933102907980109, "8807233.0--9246250.0": 0.7956233749518521, "8807233.0--9308627.0": 0.8491934497126596, "8807233.0--9224186.0": 0.823202917095835, "8807233.0--9229232.0": 0.7684956085822126, "8807233.0--9226404.0": 0.793787688431816, "8807233.0--9308631.0": 0.8307726275746589, "8807233.0--9222255.0": 0.8070959769205829, "8807233.0--9222261.0": 0.7886993323971533, "8807233.0--9222338.0": 0.7947451288719461, "8807233.0--9222284.0": 0.8056879507971098, "8807233.0--9230430.0": 0.8084632797968505, "8807233.0--9308622.0": 0.8077724528269463, "8807233.0--9286903.0": 0.8054434803180792, "8807233.0--9234473.0": 0.8025029408132279, "8807233.0--9241426.0": 0.8141335516340671, "8807233.0--9222269.0": 0.8055874368550912, "8807233.0--9237999.0": 0.8228233136553288, "8807233.0--9222072.0": 0.8215976257290161, "8807233.0--9224197.0": 0.7969325417175706, "8807233.0--9246282.0": 0.7963490923924637, "8807233.0--9222314.0": 0.8131923494355512, "8807233.0--9222357.0": 0.8143187036485229, "8807233.0--9222086.0": 0.7839400940373595, "8807233.0--9222360.0": 0.8138264250701538, "8807233.0--9222065.0": 0.7862403111067158, "8807233.0--9228894.0": 0.8739339305565921,