{"8440816.0--8440832.0": 0.7860646258128523, "8440832.0--8440835.0": 0.7572903040048443, "8440818.0--8440832.0": 0.8344804950070991, "8440832.0--8440853.0": 0.7833946137668578, "8440832.0--8440840.0": 0.7968024072101111, "8440832.0--8440857.0": 0.8045726321218973, "8440832.0--8449328.0": 0.7995017865031924, "8440829.0--8440832.0": 0.8091974453809849, "8440807.0--8440832.0": 0.760663796509169, "8440831.0--8440832.0": 0.8110345239085621, "8440832.0--8440852.0": 0.8537672363627735, "8440832.0--8440841.0": 0.8117847295446377, "8440832.0--8440859.0": 0.7629162638307222, "8440821.0--8440832.0": 0.8087677756227102, "8440832.0--8440842.0": 0.8423349349299111, "8440832.0--8443131.0": 0.7710891567615628, "8440815.0--8440832.0": 0.7924646715197492, "8440832.0--8500765.0": 0.8320932303214905, "8440804.0--8440832.0": 0.7729106704238962, "8440832.0--8454276.0": 0.7922246215120523, "8440832.0--8464305.0": 0.7962584938808117, "8440832.0--8494828.0": 0.7938438309811621, "8440825.0--8440832.0": 0.7787726076307936, "8440814.0--8440832.0": 0.8117869371732833, "8440832.0--8440838.0": 0.8036092944291406, "8440832.0--8440855.0": 0.8052804894290021, "8440832.0--8454489.0": 0.801700091650418, "8440832.0--8440834.0": 0.8134887840669733, "8440826.0--8440832.0": 0.8177497781223968, "8440823.0--8440832.0": 0.7667241296480607, "8440832.0--8440845.0": 0.7571738551885924, "8440810.0--8440832.0": 0.8856707364309064, "8440806.0--8440832.0": 0.7811614413946051, "8440817.0--8440832.0": 0.774443923817457, "8440813.0--8440832.0": 0.8103944038791512, "8440832.0--8443125.0": 0.77764639720324, "8440832.0--8456575.0": 0.809507537987235, "8440832.0--8440860.0": 0.8382305095096257, "8440832.0--8454343.0": 0.8033819786300929, "8440803.0--8440832.0": 0.813052947573992, "8440832.0--8454344.0": 0.8144768224854808, "8440832.0--8440854.0": 0.840655583209959, "8440832.0--8454346.0": 0.7844627658976223, "8440827.0--8440832.0": 0.7970187682694602, "8440832.0--8440836.0": 0.7915410263682774, "8440832.0--8440844.0": 0.7964421280736353, "8440808.0--8440832.0": 0.8069345778410812, "8440832.0--8440837.0": 0.7905435043282529, "8440832.0--8440858.0": 0.7951584264770906, "8440820.0--8440832.0": 0.7667817538422805, "8440832.0--8440833.0": 0.8043605605083688, "8440832.0--8444072.0": 0.8154449830662196, "8440812.0--8440832.0": 0.8222731916139159, "8440809.0--8440832.0": 0.8069796018976997, "8440832.0--8454904.0": 0.8047033659045189, "8440832.0--8440846.0": 0.8264986569296195, "8440830.0--8440832.0": 0.8106096812195598, "8440832.0--8444077.0": 0.797299765617048, "8440832.0--8440847.0": 0.8101189324642045, "8440832.0--8440849.0": 0.7964537922167998, "8440832.0--8443124.0": 0.7944799289428113, "8440832.0--8440843.0": 0.7739327485871748, "8440832.0--8807265.0": 0.8137842589648877, "8440832.0--8816695.0": 0.8117201736470192, "8440832.0--8805426.0": 0.779181867598379, "8440832.0--8805421.0": 0.7911835857352617, "8440832.0--8812684.0": 0.7864313050685752, "8440832.0--8805461.0": 0.7813484987677158, "8440832.0--8807255.0": 0.7719161451990126, "8440832.0--8805460.0": 0.7672773093348687, "8440832.0--8807292.0": 0.8290185614530384, "8440832.0--8807354.0": 0.7955888337148698, "8440832.0--8809711.0": 0.8138933931336368, "8440832.0--8805422.0": 0.802867534955305, "8440832.0--8805424.0": 0.7928691153360914, "8440832.0--8794517.0": 0.7426464482451065, "8440832.0--8805451.0": 0.7520863419175982, "8440832.0--8807223.0": 0.7633021541319873, "8440832.0--8794560.0": 0.7761016228526196, "8440832.0--8481543.0": 0.7844536361512351, "8440832.0--8802285.0": 0.750848932318644, "8440832.0--8807245.0": 0.7868077974161272, "8440832.0--8805456.0": 0.760500824594156, "8440832.0--8827944.0": 0.7789769753607699, "8440832.0--8807296.0": 0.7719031612540542, "8440832.0--8827951.0": 0.788124796309454, "8440832.0--8854335.0": 0.7836659354263115, "8440832.0--8805446.0": 0.762384209164287, "8440832.0--8805436.0": 0.7683863590570928, "8440832.0--8805433.0": 0.7712788883869729, "8440832.0--8546802.0": 0.7908919487495114, "8440832.0--8805427.0": 0.7758421870447973, "8440832.0--8836120.0": 0.7898136137716221, "8440832.0--8794768.0": 0.7761909327050396, "8440832.0--8809750.0": 0.7794090344320652, "8440832.0--8820172.0": 0.8178983462692881, "8440832.0--8476234.0": 0.819358322158869, "8440832.0--8807314.0": 0.7649832465240524, "8440832.0--8794520.0": 0.8073695105282988, "8440832.0--8805452.0": 0.7854969326422007, "8440832.0--8805462.0": 0.7785798313515232, "8440832.0--8807275.0": 0.7910415242479751, "8419285.0--8440832.0": 0.7452782753074506, "8440832.0--8807379.0": 0.7812180535429964, "8440832.0--8807234.0": 0.8079109136762761, "8423100.0--8440832.0": 0.7804171366202588, "8440832.0--8805455.0": 0.7431823719675973, "8440832.0--8727493.0": 0.7128385804873371, "8440832.0--8807369.0": 0.7503581379210829, "8440832.0--8532319.0": 0.7720285108511413, "8419325.0--8440832.0": 0.7505695411679196, "8440832.0--8805430.0": 0.8016763464454808, "8440832.0--8807301.0": 0.819741353730042, "8440832.0--8713940.0": 0.8179032474156571, "8440832.0--8637795.0": 0.8142907546828573, "7999244.0--8440832.0": 0.8051309195446241, "8440832.0--8805439.0": 0.8209624967987987, "8440832.0--8805428.0": 0.8096892021606077, "8440832.0--8809223.0": 0.8136361300568755, "8440832.0--8795584.0": 0.8141595590211597, "8440832.0--8807264.0": 0.7795213327633171, "8440832.0--8805431.0": 0.7594548286581837, "8440832.0--8453863.0": 0.7586240162873661, "8400404.0--8440832.0": 0.7695797205515051, "8440832.0--8809834.0": 0.7754128082065828, "8440832.0--8663447.0": 0.7612377064940069, "8440832.0--8807213.0": 0.837689167408264, "8440832.0--8640251.0": 0.8079914217738976, "8440832.0--8807220.0": 0.81497985088354, "8440832.0--8617736.0": 0.8146679434790668, "8440832.0--8617746.0": 0.7678536531451359, "8440832.0--8640072.0": 0.8068253004233384, "8440832.0--8636208.0": 0.8022792058065336, "8440832.0--8805458.0": 0.8020553458620616, "8440832.0--8807271.0": 0.8104463314103532, "8440832.0--8809678.0": 0.7946109818631504, "8440832.0--8807226.0": 0.8535383781060222, "8440832.0--8805467.0": 0.8252060365325604, "8440832.0--8611113.0": 0.8221747623331128, "8440832.0--8854316.0": 0.8003975137066399, "8440832.0--8794607.0": 0.7995528374445227, "8440832.0--8805418.0": 0.7786757639811428, "8440832.0--8836087.0": 0.8238105540617107, "8440832.0--8807283.0": 0.8114756821818572, "8440832.0--8820171.0": 0.7998783199412767, "8440832.0--8807288.0": 0.756251238834651, "8440832.0--8807302.0": 0.767022789336048, "8440832.0--8805466.0": 0.7840325110247196, "8440832.0--8807351.0": 0.7989305767529504, "8440832.0--8805420.0": 0.7949048288738759, "8440832.0--8807299.0": 0.7825147356273683, "8440832.0--8812988.0": 0.7872774899295195, "8440832.0--8807294.0": 0.796823785395631, "8440832.0--8805434.0": 0.8231051693774867, "8440832.0--8732351.0": 0.7748831048235212, "8440832.0--8807232.0": 0.7983117414962229, "8419271.0--8440832.0": 0.7586605068944443, "8440832.0--8625484.0": 0.8016183754077928, "8440832.0--8807349.0": 0.8478434312714467, "8440832.0--8809730.0": 0.791169331599669, "8440832.0--8730513.0": 0.7981091088453449, "8440832.0--8809833.0": 0.8201379192857934, "8440832.0--8523628.0": 0.7845030099858824, "8434356.0--8440832.0": 0.7743074161226521, "8440832.0--8807303.0": 0.8181045958929561, "8440832.0--8811606.0": 0.76195193899062, "8440832.0--8807244.0": 0.7563739974258902, "8440832.0--8490694.0": 0.7935166984040728, "8440832.0--8809844.0": 0.7698606759790341, "8440832.0--8809850.0": 0.7968984310197816, "8440832.0--8805445.0": 0.7520115401026458, "8412138.0--8440832.0": 0.7927980449756197, "8440832.0--8807247.0": 0.768787437489165, "8440832.0--8848845.0": 0.7738759458172116, "8440832.0--8695851.0": 0.795748538054493, "8440832.0--8713907.0": 0.8239389515506463, "8440832.0--8809847.0": 0.8058394668972715, "8440832.0--8727480.0": 0.8041121422985642, "8440832.0--8706590.0": 0.79591955215561, "8440832.0--8735916.0": 0.8045005741904074, "8440832.0--8474512.0": 0.8066269717379735, "8440832.0--8809845.0": 0.7518102078611681,