{"9222098.0--9234027.0": 0.8239028035829972, "9222098.0--9246308.0": 0.8478308775528635, "9222098.0--9240072.0": 0.818252762429262, "9222098.0--9222353.0": 0.8239618374323838, "9222098.0--9222293.0": 0.8403187452881578, "9222089.0--9222098.0": 0.8246035226466903, "9222098.0--9228893.0": 0.8367869759501867, "9222098.0--9224192.0": 0.789400276071365, "9222098.0--9222289.0": 0.8531153656852284, "9222038.0--9222098.0": 0.8659287152201882, "9222098.0--9229072.0": 0.8256396049309794, "9222098.0--9222295.0": 0.8584570379655186, "9222098.0--9222342.0": 0.8094295088593286, "9222098.0--9241407.0": 0.8021530369596657, "9222098.0--9288884.0": 0.8296666045308351, "9222098.0--9222351.0": 0.816266269433971, "9222098.0--9223669.0": 0.8593422649638252, "9222098.0--9222315.0": 0.8079195732312479, "9222098.0--9222335.0": 0.8398043324431461, "9222098.0--9222327.0": 0.816102001947152, "9222098.0--9233469.0": 0.8182635836805684, "9222098.0--9226461.0": 0.8406368310752039, "9222098.0--9238508.0": 0.8460624192303159, "9222098.0--9222266.0": 0.7810007788324276, "9222098.0--9225008.0": 0.8566104221885884, "9222098.0--9290431.0": 0.8236618430094437, "9222098.0--9239918.0": 0.8231279822222208, "9222098.0--9231271.0": 0.8082537087976336, "9222098.0--9222313.0": 0.8653362650315191, "9222098.0--9231268.0": 0.8222865193296427, "9222035.0--9222098.0": 0.7713125568389497, "9222091.0--9222098.0": 0.8375414374252118, "9222098.0--9229515.0": 0.7877571796048481, "9222098.0--9222301.0": 0.8625210741917118, "9222098.0--9222358.0": 0.811109976172995, "9222098.0--9229135.0": 0.8423129658986359, "9222047.0--9222098.0": 0.8250896324010065, "9222098.0--9222272.0": 0.7948156530047737, "9222098.0--9222110.0": 0.8437834253393416, "9222098.0--9222364.0": 0.845213732851168, "9222088.0--9222098.0": 0.8844173004208201, "9216518.0--9222098.0": 0.8205795077369468, "9222098.0--9222309.0": 0.8142521910603444, "9216595.0--9222098.0": 0.7929602412246681, "9216538.0--9222098.0": 0.7888223459768051, "9216549.0--9222098.0": 0.8069521329959917, "9216559.0--9222098.0": 0.8325336355761529, "9222098.0--9222376.0": 0.7808777814370176, "9222098.0--9222374.0": 0.8457606606302025, "9222098.0--9224194.0": 0.7880963851802025, "9222098.0--9222254.0": 0.8188423224481114, "9222049.0--9222098.0": 0.7951866741575607, "9222098.0--9222562.0": 0.8047369041724995, "9222098.0--9226126.0": 0.8057102617128445, "9222098.0--9240062.0": 0.8347990907253996, "9222098.0--9226101.0": 0.8033373431610163, "9222098.0--9222377.0": 0.8004435759678166, "9222098.0--9233392.0": 0.8227933078156691, "9222093.0--9222098.0": 0.7792877263223216, "9222098.0--9224154.0": 0.7660018523542349, "9222098.0--9240061.0": 0.791007088344553, "9222098.0--9222512.0": 0.7910882522375111, "9222098.0--9241413.0": 0.8245562126798575, "9222098.0--9224646.0": 0.7895994862064062, "9222098.0--9222372.0": 0.7740057158784988, "9222098.0--9222253.0": 0.8106160204999184, "9222092.0--9222098.0": 0.8512800685835609, "9222098.0--9222271.0": 0.8297018784577003, "9222098.0--9230431.0": 0.786733632682312, "9222076.0--9222098.0": 0.8524624028267468, "9222053.0--9222098.0": 0.8071653991167178, "9216532.0--9222098.0": 0.8190352973546993, "9222085.0--9222098.0": 0.815926843324918, "9216629.0--9222098.0": 0.8107830165173324, "9222098.0--9308630.0": 0.7988884531400751, "9222098.0--9308624.0": 0.7809406163544302, "9219240.0--9222098.0": 0.8008508156563728, "9216630.0--9222098.0": 0.7954083277106494, "9217981.0--9222098.0": 0.851915235469367, "9222098.0--9224153.0": 0.7823879009823413, "9222098.0--9286505.0": 0.7987167166217984, "9216512.0--9222098.0": 0.8063538058527567, "9216579.0--9222098.0": 0.807168162227553, "9222098.0--9222249.0": 0.8291686747959901, "9222098.0--9222367.0": 0.8016673546190585, "9222098.0--9222325.0": 0.7913791935220873, "9222098.0--9222510.0": 0.7550057117369124, "9222098.0--9246250.0": 0.814018037706779, "9222098.0--9308627.0": 0.8263461111027293, "9222098.0--9224186.0": 0.8672746406040392, "9222098.0--9229232.0": 0.786352679110409, "9222098.0--9226404.0": 0.82519194521265, "9222098.0--9308631.0": 0.8036523508220152, "9222098.0--9222255.0": 0.8072594178574573, "9222098.0--9222261.0": 0.8236124652018388, "9222098.0--9222338.0": 0.7982314214579885, "9222098.0--9222284.0": 0.8002827562273724, "9222098.0--9230430.0": 0.8219806618445383, "9222098.0--9308622.0": 0.7577157438749829, "9222098.0--9286903.0": 0.7542317439403191, "9222098.0--9234473.0": 0.8036924314288117, "9222098.0--9241426.0": 0.8469801521160317, "9222098.0--9222269.0": 0.81720443197061, "9222098.0--9237999.0": 0.8200312629595464, "9222072.0--9222098.0": 0.8488707774475664, "9222098.0--9224197.0": 0.8264516639264571, "9222098.0--9246282.0": 0.8158018827844769, "9222098.0--9222314.0": 0.8044600785811952, "9222098.0--9222357.0": 0.8230537888557662, "9222086.0--9222098.0": 0.7832676419670406, "9222098.0--9222360.0": 0.8407381034466694, "9222065.0--9222098.0": 0.7724846877811856, "9222098.0--9228894.0": 0.838351853220587, "9222098.0--9233264.0": 0.8193860219763646, "9222098.0--9222343.0": 0.7817143859617589, "9222098.0--9308621.0": 0.8330634391005916, "9222098.0--9308625.0": 0.844271006550223, "9222098.0--9241744.0": 0.8167866563952473, "9222098.0--9308629.0": 0.8299527239873505, "9222068.0--9222098.0": 0.7685886904424861, "9222098.0--9222248.0": 0.8236312137809421, "9222098.0--9222274.0": 0.8013701779670764, "9222098.0--9229116.0": 0.8468703076626444, "9222098.0--9233993.0": 0.7685038269971392, "9222098.0--9308623.0": 0.8449689975947838, "9222098.0--9222553.0": 0.7930781474424444, "9222098.0--9222341.0": 0.837799280655235, "9222098.0--9222346.0": 0.8810649561336832, "9222098.0--9308628.0": 0.8014875027464266, "9222098.0--9222294.0": 0.7966942398181815, "9222098.0--9241732.0": 0.8365021828385207, "9222060.0--9222098.0": 0.8184746042084141, "9222098.0--9222280.0": 0.8320411139230851}