{"8440843.0--8807265.0": 0.7664373889097351, "8440843.0--8816695.0": 0.7895909527658007, "8440843.0--8805426.0": 0.787162686715262, "8440843.0--8805421.0": 0.7883531386703017, "8440843.0--8812684.0": 0.763435244858534, "8440843.0--8805461.0": 0.8253057052644928, "8440843.0--8807255.0": 0.758554099781371, "8440843.0--8805460.0": 0.7522850070734327, "8440843.0--8807292.0": 0.7888727732006973, "8440843.0--8807354.0": 0.775173490387385, "8440843.0--8809711.0": 0.7850605819235594, "8440843.0--8805422.0": 0.7668699403354656, "8440843.0--8805424.0": 0.7638994285731808, "8440843.0--8794517.0": 0.8159133614336507, "8440843.0--8805451.0": 0.7881624295777659, "8440843.0--8807223.0": 0.7597580686037493, "8440843.0--8794560.0": 0.7699294087489145, "8440843.0--8481543.0": 0.7794730175276129, "8440843.0--8802285.0": 0.7408395745324745, "8440843.0--8807245.0": 0.802664031710701, "8440843.0--8805456.0": 0.8099149962323017, "8440843.0--8827944.0": 0.7382632708591854, "8440843.0--8807296.0": 0.8060338747236317, "8440843.0--8827951.0": 0.7780377330018263, "8440843.0--8854335.0": 0.7824598784636075, "8440843.0--8805446.0": 0.7971236146785737, "8440843.0--8805436.0": 0.8221060453069992, "8440843.0--8805433.0": 0.7681605616058269, "8440843.0--8546802.0": 0.7985655946141671, "8440843.0--8805427.0": 0.7985421148037559, "8440843.0--8836120.0": 0.8178276823047297, "8440843.0--8794768.0": 0.8570711035103193, "8440843.0--8809750.0": 0.8039017779269308, "8440843.0--8820172.0": 0.8143832612571478, "8440843.0--8476234.0": 0.8010430056423001, "8440843.0--8807314.0": 0.7661376732428529, "8440843.0--8794520.0": 0.8110174484895714, "8440843.0--8805452.0": 0.8115750807663997, "8440843.0--8805462.0": 0.7614962272733012, "8440843.0--8807275.0": 0.8029057929095913, "8419285.0--8440843.0": 0.8125612643958808, "8440843.0--8807379.0": 0.814475116886041, "8440843.0--8807234.0": 0.8060058680126155, "8423100.0--8440843.0": 0.7856230893050782, "8440843.0--8805455.0": 0.7688145681527151, "8440843.0--8727493.0": 0.7655231264021043, "8440843.0--8807369.0": 0.7486701871708262, "8440843.0--8532319.0": 0.7986403545637409, "8419325.0--8440843.0": 0.7784499968915954, "8440843.0--8805430.0": 0.7750323168512592, "8440843.0--8807301.0": 0.7471002088502867, "8440843.0--8713940.0": 0.7874656670750082, "8440843.0--8637795.0": 0.8104391367210289, "7999244.0--8440843.0": 0.783882752270303, "8440843.0--8805439.0": 0.7860794764782824, "8440843.0--8805428.0": 0.8173635902343666, "8440843.0--8809223.0": 0.811033775141403, "8440843.0--8795584.0": 0.7838490292135402, "8440843.0--8807264.0": 0.7594430098448595, "8440843.0--8805431.0": 0.7818485241730406, "8440843.0--8453863.0": 0.8207606842681803, "8400404.0--8440843.0": 0.7696277802269635, "8440843.0--8809834.0": 0.8013528354039354, "8440843.0--8663447.0": 0.8071582592959516, "8440843.0--8807213.0": 0.841497819019155, "8440843.0--8640251.0": 0.7645141141657673, "8440843.0--8807220.0": 0.8112812751413827, "8440843.0--8617736.0": 0.7840526251508801, "8440843.0--8617746.0": 0.8013304465234801, "8440843.0--8640072.0": 0.7750460686197735, "8440843.0--8636208.0": 0.8034696377258121, "8440843.0--8805458.0": 0.7629084540005195, "8440843.0--8807271.0": 0.7845571032217578, "8440843.0--8809678.0": 0.7700848050181479, "8440843.0--8807226.0": 0.8102445281666384, "8440843.0--8805467.0": 0.7954437155550635, "8440843.0--8611113.0": 0.7581491070908312, "8440843.0--8854316.0": 0.7693844658761039, "8440843.0--8794607.0": 0.8015705904398516, "8440843.0--8805418.0": 0.781114209465769, "8440843.0--8836087.0": 0.7995456235278865, "8440843.0--8807283.0": 0.7627026078211097, "8440843.0--8820171.0": 0.7695202363696855, "8440843.0--8807288.0": 0.7350828035917905, "8440843.0--8807302.0": 0.7712003627212456, "8440843.0--8805466.0": 0.7661895394842583, "8440843.0--8807351.0": 0.7771004882802357, "8440843.0--8805420.0": 0.789719706810861, "8440843.0--8807299.0": 0.757103052897856, "8440843.0--8812988.0": 0.7583040658318404, "8440843.0--8807294.0": 0.7721142919587609, "8440843.0--8805434.0": 0.8048077103097662, "8440843.0--8732351.0": 0.7735125344419238, "8440843.0--8807232.0": 0.7774359623140286, "8419271.0--8440843.0": 0.7532672104055538, "8440843.0--8625484.0": 0.771626044286558, "8440843.0--8807349.0": 0.7855731592417479, "8440843.0--8809730.0": 0.7717457105761056, "8440843.0--8730513.0": 0.7837491834015134, "8440843.0--8809833.0": 0.7925412172402142, "8440843.0--8523628.0": 0.7380098419617678, "8434356.0--8440843.0": 0.7892416771466271, "8440843.0--8807303.0": 0.8118186835336134, "8440843.0--8811606.0": 0.7817017863226143, "8440843.0--8807244.0": 0.8293619335413516, "8440843.0--8490694.0": 0.835945314549333, "8440843.0--8809844.0": 0.8317088291666915, "8440843.0--8809850.0": 0.827837318355009, "8440843.0--8805445.0": 0.8066897621340594, "8412138.0--8440843.0": 0.7869760868565967, "8440843.0--8807247.0": 0.804170748611812, "8440843.0--8848845.0": 0.7984305041427502, "8440843.0--8695851.0": 0.7975261670543111, "8440843.0--8713907.0": 0.8232334643496507, "8440843.0--8809847.0": 0.7728740791338974, "8440843.0--8727480.0": 0.8116939829959005, "8440843.0--8706590.0": 0.8001120858084688, "8440843.0--8735916.0": 0.7691596991706464, "8440843.0--8474512.0": 0.7755617199926639, "8440843.0--8809845.0": 0.7422159059992233, "8440843.0--8540796.0": 0.8038974473555407, "8440843.0--8807233.0": 0.7807746476385176, "8440843.0--8617747.0": 0.7368072031553841, "8440843.0--8474486.0": 0.7782844629671779, "8440843.0--8474516.0": 0.7957454898094448, "8440843.0--8663650.0": 0.766443500767116, "8440843.0--8663646.0": 0.7711168396858965, "8440843.0--8794553.0": 0.8022189256405515, "8440843.0--8863966.0": 0.8001290880569134, "8440843.0--8525340.0": 0.8080832252153974, "8440843.0--8805448.0": 0.7872708409725945, "8405549.0--8440843.0": 0.8053442272312342, "8440843.0--8611178.0": 0.8019434228907082, "8440843.0--8827593.0": 0.7665445128475584, "8440843.0--8805463.0": 0.7458493433875817, "8440843.0--8805457.0": 0.7703539740806387, "8440843.0--8805442.0": 0.7938774355657338, "8440843.0--8807266.0": 0.8176012693949485, "8440843.0--8813126.0": 0.7981040063919916, "8440843.0--8585103.0": 0.7700267779311893, "8440843.0--8807235.0": 0.7774355464468227, "8440843.0--8585048.0": 0.8069350871517695, "8440843.0--8809843.0": 0.7801347219205176, "8440843.0--8809842.0": 0.7895833717460161, "8440843.0--8842614.0": 0.7656612962302463, "8440843.0--8805441.0": 0.7447279893458115, "8440843.0--8809920.0": 0.7222736102631315, "8440843.0--8663312.0": 0.7650453111999147, "8440843.0--8477126.0": 0.7903163893450984, "8440843.0--8807224.0": 0.7701339383140131, "8440843.0--8807355.0": 0.7746593083744548, "8440843.0--8807320.0": 0.8224743477507637, "8440843.0--8665933.0": 0.7848170548815605, "8440843.0--8845772.0": 0.7896590057135962, "8440843.0--8812989.0": 0.7978654900709429, "8440843.0--8636969.0": 0.7917576202915968, "8440843.0--8805450.0": 0.7718739749193714, "8440843.0--8807243.0": 0.7864045230285277, "8440843.0--8805443.0": 0.7973216124564405, "8440843.0--8673661.0": 0.7984602140624844, "8440843.0--8805419.0": 0.7666192148141421, "8440843.0--8451903.0": 0.75798551887693, "8440843.0--8805429.0": 0.8032388006514866, "8440843.0--8809846.0": 0.7896914751935691, "8440843.0--8809832.0": 0.7953879671305042, "8413174.0--8440843.0": 0.7959463529105085, "8440843.0--8494817.0": 0.7964965463052448, "8440843.0--8637778.0": 0.8084656357666491, "8440843.0--8809742.0": 0.7602846779056898, "8440843.0--8807280.0": 0.8067132870347563, "8440843.0--8807274.0": 0.7911858194142392, "8440843.0--9216586.0": 0.8069176963244872, "8440843.0--9237132.0": 0.7918574555003656, "8440843.0--9216572.0": 0.7873052668431488, "8440843.0--9217952.0": 0.8067068370793148, "8440843.0--9217931.0": 0.8024880040702702, "8440843.0--9216507.0": 0.7741447010097078, "8440843.0--9222368.0": 0.8161738535362348, "8440843.0--9220137.0": 0.774140962826922, "8440843.0--9233460.0": 0.750963977846486, "8440843.0--9222263.0": 0.761547958950356, "8440843.0--9293003.0": 0.8074576410304544,