{"8805429.0--8809846.0": 0.8756728169020814, "8805429.0--8809832.0": 0.8290105839251549, "8413174.0--8805429.0": 0.8425536213556287, "8494817.0--8805429.0": 0.8508250730408367, "8637778.0--8805429.0": 0.8393947779394392, "8805429.0--8809742.0": 0.7989525162523621, "8805429.0--8807280.0": 0.8336157403974046, "8805429.0--8807274.0": 0.8132356640385703, "8805429.0--9216586.0": 0.7966866597797297, "8805429.0--9237132.0": 0.8332207190561395, "8805429.0--9216572.0": 0.7925675687459969, "8805429.0--9217952.0": 0.8174195980114062, "8805429.0--9217931.0": 0.8174926798882693, "8805429.0--9216507.0": 0.8077797234109134, "8805429.0--9222368.0": 0.81931418527018, "8805429.0--9220137.0": 0.7814617577511154, "8805429.0--9233460.0": 0.7760886167467814, "8805429.0--9222263.0": 0.7933695395514889, "8805429.0--9293003.0": 0.8009540800459314, "8805429.0--9222102.0": 0.8327732254021832, "8805429.0--9222323.0": 0.7945243053701121, "8805429.0--9222287.0": 0.7971914115149039, "8805429.0--9223736.0": 0.8081308952141563, "8805429.0--9224191.0": 0.7857208822855829, "8805429.0--9222251.0": 0.7842271649907163, "8805429.0--9229242.0": 0.8068395624206898, "8805429.0--9282195.0": 0.7837261970864535, "8805429.0--9222098.0": 0.8170648677535223, "8805429.0--9234027.0": 0.8030360044232279, "8805429.0--9246308.0": 0.8073811789110015, "8805429.0--9240072.0": 0.7902737425753947, "8805429.0--9222353.0": 0.7997992235913881, "8805429.0--9222293.0": 0.814642223761642, "8805429.0--9222089.0": 0.8128954626165571, "8805429.0--9228893.0": 0.806828178224198, "8805429.0--9224192.0": 0.7756829547923774, "8805429.0--9222289.0": 0.812905025754295, "8805429.0--9222038.0": 0.793155666185381, "8805429.0--9229072.0": 0.8010004454207739, "8805429.0--9222295.0": 0.8347352621134252, "8805429.0--9222342.0": 0.7905419351912268, "8805429.0--9241407.0": 0.7596771086104673, "8805429.0--9288884.0": 0.8262662743674432, "8805429.0--9222351.0": 0.8772804155414202, "8805429.0--9223669.0": 0.7945046556351313, "8805429.0--9222315.0": 0.801720055066274, "8805429.0--9222335.0": 0.8151209381058167, "8805429.0--9222327.0": 0.8975569357377153, "8805429.0--9233469.0": 0.818524084905765, "8805429.0--9226461.0": 0.7867558890368159, "8805429.0--9238508.0": 0.845609931720519, "8805429.0--9222266.0": 0.768561073304604, "8805429.0--9225008.0": 0.7996019698761441, "8805429.0--9290431.0": 0.8026203106515382, "8805429.0--9239918.0": 0.8560481284247302, "8805429.0--9231271.0": 0.773299914574086, "8805429.0--9222313.0": 0.7809976803343794, "8805429.0--9231268.0": 0.7664815232111396, "8805429.0--9222035.0": 0.7756157371465782, "8805429.0--9222091.0": 0.8193216759861641, "8805429.0--9229515.0": 0.7530990113538983, "8805429.0--9222301.0": 0.7864090219594421, "8805429.0--9222358.0": 0.8228026329924668, "8805429.0--9229135.0": 0.8413710061162994, "8805429.0--9222047.0": 0.8261227377509027, "8805429.0--9222272.0": 0.8154590057860669, "8805429.0--9222110.0": 0.7839302757403588, "8805429.0--9222364.0": 0.8282313085685381, "8805429.0--9222088.0": 0.8011554566268523, "8805429.0--9216518.0": 0.800511994040238, "8805429.0--9222309.0": 0.8002324141642956, "8805429.0--9216595.0": 0.7915906052499377, "8805429.0--9216538.0": 0.7569113749080683, "8805429.0--9216549.0": 0.7922727578797241, "8805429.0--9216559.0": 0.8676133676206907, "8805429.0--9222376.0": 0.7610172003185091, "8805429.0--9222374.0": 0.8275305184390923, "8805429.0--9224194.0": 0.7827141563364396, "8805429.0--9222254.0": 0.7868127411935989, "8805429.0--9222049.0": 0.7914199308500616, "8805429.0--9222562.0": 0.7836132085571242, "8805429.0--9226126.0": 0.7795990885284401, "8805429.0--9240062.0": 0.7845729707780824, "8805429.0--9226101.0": 0.7838917924429328, "8805429.0--9222377.0": 0.7571993881533623, "8805429.0--9233392.0": 0.8128515801824099, "8805429.0--9222093.0": 0.7596375987377921, "8805429.0--9224154.0": 0.7563715218443156, "8805429.0--9240061.0": 0.7523277671883201, "8805429.0--9222512.0": 0.7719884350698999, "8805429.0--9241413.0": 0.786618677047541, "8805429.0--9224646.0": 0.7827775047588541, "8805429.0--9222372.0": 0.757109792336453, "8805429.0--9222253.0": 0.8042487213278342, "8805429.0--9222092.0": 0.8179101347078808, "8805429.0--9222271.0": 0.7879693389072273, "8805429.0--9230431.0": 0.7816112993938582, "8805429.0--9222076.0": 0.8192707471005098, "8805429.0--9222053.0": 0.7752952492990693, "8805429.0--9216532.0": 0.7974185316572903, "8805429.0--9222085.0": 0.763125722549591, "8805429.0--9216629.0": 0.8106829778334089, "8805429.0--9308630.0": 0.7594133519746469, "8805429.0--9308624.0": 0.755909308664477, "8805429.0--9219240.0": 0.7823254854530625, "8805429.0--9216630.0": 0.7901714911281597, "8805429.0--9217981.0": 0.7839691862299034, "8805429.0--9224153.0": 0.7674023386272428, "8805429.0--9286505.0": 0.7920575227905654, "8805429.0--9216512.0": 0.7996553393030645, "8805429.0--9216579.0": 0.7676692217432028, "8805429.0--9222249.0": 0.8024259620323342, "8805429.0--9222367.0": 0.7849750791480932, "8805429.0--9222325.0": 0.7734179534087293, "8805429.0--9222510.0": 0.764904579813746, "8805429.0--9246250.0": 0.7888173035150767, "8805429.0--9308627.0": 0.8059551281596226, "8805429.0--9224186.0": 0.8306602117249151, "8805429.0--9229232.0": 0.762544822627944, "8805429.0--9226404.0": 0.7872358775859855, "8805429.0--9308631.0": 0.7961313288328574, "8805429.0--9222255.0": 0.8052302853991549, "8805429.0--9222261.0": 0.78109180548119, "8805429.0--9222338.0": 0.8049799156170249, "8805429.0--9222284.0": 0.8030109088699092, "8805429.0--9230430.0": 0.8002597760685799, "8805429.0--9308622.0": 0.7352920707766282, "8805429.0--9286903.0": 0.7312819754788313, "8805429.0--9234473.0": 0.7553652168711843, "8805429.0--9241426.0": 0.8277990451441056, "8805429.0--9222269.0": 0.8059667966809052, "8805429.0--9237999.0": 0.8098567754354329, "8805429.0--9222072.0": 0.7858704007016832, "8805429.0--9224197.0": 0.7822202135251843, "8805429.0--9246282.0": 0.7954242047631984, "8805429.0--9222314.0": 0.7840567947525504, "8805429.0--9222357.0": 0.7966217775760824, "8805429.0--9222086.0": 0.7702591239544646, "8805429.0--9222360.0": 0.8103640741124689, "8805429.0--9222065.0": 0.7695384087905576, "8805429.0--9228894.0": 0.8175720491011089, "8805429.0--9233264.0": 0.8207301926926356, "8805429.0--9222343.0": 0.7704977659900317, "8805429.0--9308621.0": 0.7694935871743988, "8805429.0--9308625.0": 0.7894533134865781, "8805429.0--9241744.0": 0.8102241147712314, "8805429.0--9308629.0": 0.7957472371719216, "8805429.0--9222068.0": 0.7463179219249945, "8805429.0--9222248.0": 0.8052182413148881, "8805429.0--9222274.0": 0.7923694752475636, "8805429.0--9229116.0": 0.8164147276799844, "8805429.0--9233993.0": 0.7957041604146208, "8805429.0--9308623.0": 0.790903032506604, "8805429.0--9222553.0": 0.7799208343766961, "8805429.0--9222341.0": 0.7968304209167825, "8805429.0--9222346.0": 0.7864571931634371, "8805429.0--9308628.0": 0.8048193146992032, "8805429.0--9222294.0": 0.7840470943811301, "8805429.0--9241732.0": 0.7778420780970673, "8805429.0--9222060.0": 0.817863496326422, "8805429.0--9222280.0": 0.8041221849700053}