{"9222102.0--9293003.0": 0.8017901256116595, "9222323.0--9293003.0": 0.8179182484206126, "9222287.0--9293003.0": 0.8215129220718945, "9223736.0--9293003.0": 0.8069853315192228, "9224191.0--9293003.0": 0.7863567366743536, "9222251.0--9293003.0": 0.7721681541715512, "9229242.0--9293003.0": 0.811692008296484, "9282195.0--9293003.0": 0.7796391914593874, "9222098.0--9293003.0": 0.8154947190815816, "9234027.0--9293003.0": 0.797697204617239, "9246308.0--9293003.0": 0.8122585238207948, "9240072.0--9293003.0": 0.806042253574239, "9222353.0--9293003.0": 0.8010945665444752, "9222293.0--9293003.0": 0.8107512772247566, "9222089.0--9293003.0": 0.7697418953688918, "9228893.0--9293003.0": 0.7953367774581983, "9224192.0--9293003.0": 0.7811969654768341, "9222289.0--9293003.0": 0.804298107035469, "9222038.0--9293003.0": 0.7946760780674637, "9229072.0--9293003.0": 0.8234145196040514, "9222295.0--9293003.0": 0.808995611722162, "9222342.0--9293003.0": 0.791834408412387, "9241407.0--9293003.0": 0.7933769035185149, "9288884.0--9293003.0": 0.8120178755922302, "9222351.0--9293003.0": 0.8119863921326841, "9223669.0--9293003.0": 0.8074922707941105, "9222315.0--9293003.0": 0.8115498097434641, "9222335.0--9293003.0": 0.8094667760467096, "9222327.0--9293003.0": 0.8090084738705031, "9233469.0--9293003.0": 0.8451997680267027, "9226461.0--9293003.0": 0.8059990102195497, "9238508.0--9293003.0": 0.8311024844367663, "9222266.0--9293003.0": 0.770957973578569, "9225008.0--9293003.0": 0.808700603559787, "9290431.0--9293003.0": 0.7702956450251138, "9239918.0--9293003.0": 0.7992923213762514, "9231271.0--9293003.0": 0.7633599032179422, "9222313.0--9293003.0": 0.800329540803112, "9231268.0--9293003.0": 0.7716127196622083, "9222035.0--9293003.0": 0.7704073813215744, "9222091.0--9293003.0": 0.8372936960588033, "9229515.0--9293003.0": 0.766544666719137, "9222301.0--9293003.0": 0.7809545462786504, "9222358.0--9293003.0": 0.86096019345889, "9229135.0--9293003.0": 0.8121601138612478, "9222047.0--9293003.0": 0.8270325410966272, "9222272.0--9293003.0": 0.802546632679573, "9222110.0--9293003.0": 0.7913570697869938, "9222364.0--9293003.0": 0.7918723294790468, "9222088.0--9293003.0": 0.8102380189117715, "9216518.0--9293003.0": 0.820030625723886, "9222309.0--9293003.0": 0.807120246494384, "9216595.0--9293003.0": 0.7787328257968473, "9216538.0--9293003.0": 0.7524322889919292, "9216549.0--9293003.0": 0.7764519783066837, "9216559.0--9293003.0": 0.809901621776248, "9222376.0--9293003.0": 0.7722824735706683, "9222374.0--9293003.0": 0.8055861569196707, "9224194.0--9293003.0": 0.7630690660400324, "9222254.0--9293003.0": 0.7814765751118029, "9222049.0--9293003.0": 0.7891144578651506, "9222562.0--9293003.0": 0.8033448198336868, "9226126.0--9293003.0": 0.7788739289632731, "9240062.0--9293003.0": 0.8143940587548041, "9226101.0--9293003.0": 0.800174572423176, "9222377.0--9293003.0": 0.7589201195589231, "9233392.0--9293003.0": 0.7987365023063169, "9222093.0--9293003.0": 0.7634254927214279, "9224154.0--9293003.0": 0.7542556887371014, "9240061.0--9293003.0": 0.7647306800087899, "9222512.0--9293003.0": 0.764653860412111, "9241413.0--9293003.0": 0.7749949317146694, "9224646.0--9293003.0": 0.7888790026471272, "9222372.0--9293003.0": 0.7647970530174801, "9222253.0--9293003.0": 0.7710843178011889, "9222092.0--9293003.0": 0.8037996503938633, "9222271.0--9293003.0": 0.7971199239236042, "9230431.0--9293003.0": 0.7908801642086773, "9222076.0--9293003.0": 0.7956952953277225, "9222053.0--9293003.0": 0.826956431831984, "9216532.0--9293003.0": 0.8025015584898009, "9222085.0--9293003.0": 0.7829370479849552, "9216629.0--9293003.0": 0.7932591047552142, "9293003.0--9308630.0": 0.7755063900866546, "9293003.0--9308624.0": 0.775397831755295, "9219240.0--9293003.0": 0.8053629810047487, "9216630.0--9293003.0": 0.7858667085898758, "9217981.0--9293003.0": 0.7747072534603197, "9224153.0--9293003.0": 0.7768306247715384, "9286505.0--9293003.0": 0.7556652826556223, "9216512.0--9293003.0": 0.7982917147130368, "9216579.0--9293003.0": 0.7564813500943454, "9222249.0--9293003.0": 0.800358501477735, "9222367.0--9293003.0": 0.7636301139402604, "9222325.0--9293003.0": 0.7842125389009177, "9222510.0--9293003.0": 0.7819990673002327, "9246250.0--9293003.0": 0.7833269019685507, "9293003.0--9308627.0": 0.8149767252982104, "9224186.0--9293003.0": 0.826437008049138, "9229232.0--9293003.0": 0.7779870974754405, "9226404.0--9293003.0": 0.7702328068964999, "9293003.0--9308631.0": 0.7864570785240967, "9222255.0--9293003.0": 0.8116709347252129, "9222261.0--9293003.0": 0.7985181901851384, "9222338.0--9293003.0": 0.7999717553758315, "9222284.0--9293003.0": 0.809938884032308, "9230430.0--9293003.0": 0.8198457519741779, "9293003.0--9308622.0": 0.7401757524075745, "9286903.0--9293003.0": 0.7316125227023481, "9234473.0--9293003.0": 0.7643673305292749, "9241426.0--9293003.0": 0.8063427043716885, "9222269.0--9293003.0": 0.8116378898396946, "9237999.0--9293003.0": 0.7991684833835647, "9222072.0--9293003.0": 0.810017398439979, "9224197.0--9293003.0": 0.7770955218517722, "9246282.0--9293003.0": 0.8063659054063761, "9222314.0--9293003.0": 0.776961310828935, "9222357.0--9293003.0": 0.785317885612052, "9222086.0--9293003.0": 0.7765067046677256, "9222360.0--9293003.0": 0.7872725542483792, "9222065.0--9293003.0": 0.7674910974277461, "9228894.0--9293003.0": 0.8285586337077475, "9233264.0--9293003.0": 0.8018434249768254, "9222343.0--9293003.0": 0.7744382019452438, "9293003.0--9308621.0": 0.7938454107653192, "9293003.0--9308625.0": 0.814679022981807, "9241744.0--9293003.0": 0.7777257731173853, "9293003.0--9308629.0": 0.7797869040310562, "9222068.0--9293003.0": 0.7715508885223237, "9222248.0--9293003.0": 0.7869319890870492, "9222274.0--9293003.0": 0.78746328701242, "9229116.0--9293003.0": 0.7996731046770029, "9233993.0--9293003.0": 0.7954373045051101, "9293003.0--9308623.0": 0.8009522087459631, "9222553.0--9293003.0": 0.7883012780898098, "9222341.0--9293003.0": 0.8246773453585738, "9222346.0--9293003.0": 0.7987723508545235, "9293003.0--9308628.0": 0.8040360901517596, "9222294.0--9293003.0": 0.7849475105941559, "9241732.0--9293003.0": 0.7826302240209877, "9222060.0--9293003.0": 0.81111326016493, "9222280.0--9293003.0": 0.8220765891199935}