{"8805456.0--8807245.0": 0.7824331310620032, "8807245.0--8827944.0": 0.7673095381981841, "8807245.0--8807296.0": 0.7730287317416354, "8807245.0--8827951.0": 0.7716297166934937, "8807245.0--8854335.0": 0.7992025805855835, "8805446.0--8807245.0": 0.7858071482699791, "8805436.0--8807245.0": 0.8048666056961458, "8805433.0--8807245.0": 0.759257633389283, "8546802.0--8807245.0": 0.7983343400617612, "8805427.0--8807245.0": 0.7877404860026423, "8807245.0--8836120.0": 0.7972819566829101, "8794768.0--8807245.0": 0.7964443709036162, "8807245.0--8809750.0": 0.7923621096471309, "8807245.0--8820172.0": 0.8343742559048621, "8476234.0--8807245.0": 0.8019222975357654, "8807245.0--8807314.0": 0.7784031223531576, "8794520.0--8807245.0": 0.7962565401369783, "8805452.0--8807245.0": 0.8382853992202054, "8805462.0--8807245.0": 0.7746450826601987, "8807245.0--8807275.0": 0.8286966453109152, "8419285.0--8807245.0": 0.8165223055461481, "8807245.0--8807379.0": 0.8265744488230218, "8807234.0--8807245.0": 0.8291691575676984, "8423100.0--8807245.0": 0.8082468910435942, "8805455.0--8807245.0": 0.7532390578429772, "8727493.0--8807245.0": 0.7223511091110536, "8807245.0--8807369.0": 0.7308077458602114, "8532319.0--8807245.0": 0.782952483044463, "8419325.0--8807245.0": 0.7833042589330876, "8805430.0--8807245.0": 0.7805070471496952, "8807245.0--8807301.0": 0.791896388921185, "8713940.0--8807245.0": 0.81341843882644, "8637795.0--8807245.0": 0.8032271274869682, "7999244.0--8807245.0": 0.8094491005888516, "8805439.0--8807245.0": 0.7825775314627816, "8805428.0--8807245.0": 0.796481893205883, "8807245.0--8809223.0": 0.8062574241842401, "8795584.0--8807245.0": 0.7731220586424717, "8807245.0--8807264.0": 0.7760934011219467, "8805431.0--8807245.0": 0.767813467421568, "8453863.0--8807245.0": 0.7787921216189482, "8400404.0--8807245.0": 0.7620072599692558, "8807245.0--8809834.0": 0.8061403098305084, "8663447.0--8807245.0": 0.8124410396180427, "8807213.0--8807245.0": 0.8081470235785595, "8640251.0--8807245.0": 0.7870389619036844, "8807220.0--8807245.0": 0.7974383652246482, "8617736.0--8807245.0": 0.7660429763512892, "8617746.0--8807245.0": 0.8050670145342564, "8640072.0--8807245.0": 0.8028439239763996, "8636208.0--8807245.0": 0.8143514317872975, "8805458.0--8807245.0": 0.7797273240086638, "8807245.0--8807271.0": 0.7946173569775181, "8807245.0--8809678.0": 0.807208431160159, "8807226.0--8807245.0": 0.8181872755538961, "8805467.0--8807245.0": 0.7887456876817579, "8611113.0--8807245.0": 0.8011995830844314, "8807245.0--8854316.0": 0.8025279365834139, "8794607.0--8807245.0": 0.8113589832329107, "8805418.0--8807245.0": 0.7514926607072112, "8807245.0--8836087.0": 0.8119089103856589, "8807245.0--8807283.0": 0.7984650698460702, "8807245.0--8820171.0": 0.7954878805781782, "8807245.0--8807288.0": 0.7846293207896369, "8807245.0--8807302.0": 0.7586550063333075, "8805466.0--8807245.0": 0.7842602424093332, "8807245.0--8807351.0": 0.7787024753656131, "8805420.0--8807245.0": 0.7983648371544676, "8807245.0--8807299.0": 0.8127903743621596, "8807245.0--8812988.0": 0.8008216643198011, "8807245.0--8807294.0": 0.7916146998884426, "8805434.0--8807245.0": 0.8112289150219545, "8732351.0--8807245.0": 0.8071186821134781, "8807232.0--8807245.0": 0.762385082854662, "8419271.0--8807245.0": 0.7752800530801275, "8625484.0--8807245.0": 0.8066117282918054, "8807245.0--8807349.0": 0.8032312990239716, "8807245.0--8809730.0": 0.7950991985864837, "8730513.0--8807245.0": 0.7957550294472222, "8807245.0--8809833.0": 0.8014073605933353, "8523628.0--8807245.0": 0.7742186048731297, "8434356.0--8807245.0": 0.7938956862040341, "8807245.0--8807303.0": 0.8068285003480054, "8807245.0--8811606.0": 0.7805467703030451, "8807244.0--8807245.0": 0.8045048504174455, "8490694.0--8807245.0": 0.8041550829248663, "8807245.0--8809844.0": 0.7847346152916111, "8807245.0--8809850.0": 0.8080880468054503, "8805445.0--8807245.0": 0.7723999732224868, "8412138.0--8807245.0": 0.7966319068357705, "8807245.0--8807247.0": 0.7855506934393123, "8807245.0--8848845.0": 0.7839570371004958, "8695851.0--8807245.0": 0.8050071870697733, "8713907.0--8807245.0": 0.8111474304681145, "8807245.0--8809847.0": 0.805218417647565, "8727480.0--8807245.0": 0.7985175075962037, "8706590.0--8807245.0": 0.7906426341626979, "8735916.0--8807245.0": 0.7977826237839769, "8474512.0--8807245.0": 0.7912405004482976, "8807245.0--8809845.0": 0.7703740766291168, "8540796.0--8807245.0": 0.8056547597999493, "8807233.0--8807245.0": 0.7922409101477504, "8617747.0--8807245.0": 0.7841298586545091, "8474486.0--8807245.0": 0.7655144407144487, "8474516.0--8807245.0": 0.8232616534684302, "8663650.0--8807245.0": 0.7756124814502696, "8663646.0--8807245.0": 0.799624428428689, "8794553.0--8807245.0": 0.8159685432880592, "8807245.0--8863966.0": 0.8013959794139924, "8525340.0--8807245.0": 0.7478084623114047, "8805448.0--8807245.0": 0.7939460875846488, "8405549.0--8807245.0": 0.7942750708286417, "8611178.0--8807245.0": 0.7865666952526451, "8807245.0--8827593.0": 0.809857126436254, "8805463.0--8807245.0": 0.7575430989322949, "8805457.0--8807245.0": 0.8058657145275562, "8805442.0--8807245.0": 0.7824646122608971, "8807245.0--8807266.0": 0.8026893035357485, "8807245.0--8813126.0": 0.7920042345572237, "8585103.0--8807245.0": 0.7741521279267805, "8807235.0--8807245.0": 0.7809237728880246, "8585048.0--8807245.0": 0.8076887080548059, "8807245.0--8809843.0": 0.7901764419364242, "8807245.0--8809842.0": 0.7845508406025926, "8807245.0--8842614.0": 0.7723343550426429, "8805441.0--8807245.0": 0.731377408624691, "8807245.0--8809920.0": 0.740877533457249, "8663312.0--8807245.0": 0.7652712235145129, "8477126.0--8807245.0": 0.8193585340143545, "8807224.0--8807245.0": 0.8179779706204566, "8807245.0--8807355.0": 0.769454695717292, "8807245.0--8807320.0": 0.8098272642752811, "8665933.0--8807245.0": 0.7920141503171254, "8807245.0--8845772.0": 0.7946517907493426, "8807245.0--8812989.0": 0.80218144582476, "8636969.0--8807245.0": 0.8077676211884807, "8805450.0--8807245.0": 0.7531691893743102, "8807243.0--8807245.0": 0.7879583114337037, "8805443.0--8807245.0": 0.8094009391523708, "8673661.0--8807245.0": 0.8234444717278744, "8805419.0--8807245.0": 0.8224711584343328, "8451903.0--8807245.0": 0.7678240061505973, "8805429.0--8807245.0": 0.8077434226773732, "8807245.0--8809846.0": 0.7763740327941719, "8807245.0--8809832.0": 0.7968012108817519, "8413174.0--8807245.0": 0.7782522066677922, "8494817.0--8807245.0": 0.7763812413346611, "8637778.0--8807245.0": 0.787550060215791, "8807245.0--8809742.0": 0.7820161818533462, "8807245.0--8807280.0": 0.8129010136466677, "8807245.0--8807274.0": 0.8164026149185619, "8807245.0--9216586.0": 0.8193869606747862, "8807245.0--9237132.0": 0.7937992176684527, "8807245.0--9216572.0": 0.7899701335014582, "8807245.0--9217952.0": 0.8090483193661088, "8807245.0--9217931.0": 0.8239518097970253, "8807245.0--9216507.0": 0.791432551196581, "8807245.0--9222368.0": 0.8093704515863476, "8807245.0--9220137.0": 0.7818771629969046, "8807245.0--9233460.0": 0.752560359198747, "8807245.0--9222263.0": 0.7636463254574497, "8807245.0--9293003.0": 0.7931295385814381, "8807245.0--9222102.0": 0.7953122004172146, "8807245.0--9222323.0": 0.8188552221871842, "8807245.0--9222287.0": 0.7691880920792556, "8807245.0--9223736.0": 0.8256629388349845, "8807245.0--9224191.0": 0.8285475486971094, "8807245.0--9222251.0": 0.7662097845989203, "8807245.0--9229242.0": 0.7961821567943632, "8807245.0--9282195.0": 0.8276773853090235, "8807245.0--9222098.0": 0.8141221669529112, "8807245.0--9234027.0": 0.8006486109704263, "8807245.0--9246308.0": 0.7957892060812338, "8807245.0--9240072.0": 0.8238382326637606, "8807245.0--9222353.0": 0.8087145002295265, "8807245.0--9222293.0": 0.7938418985627829, "8807245.0--9222089.0": 0.7872768005178412, "8807245.0--9228893.0": 0.785979558711978, "8807245.0--9224192.0": 0.8146406388115482, "8807245.0--9222289.0": 0.8171180461278196, "8807245.0--9222038.0": 0.8089258712492443, "8807245.0--9229072.0": 0.8220103114936377,