{"8805446.0--8854335.0": 0.8214156152985599, "8805436.0--8854335.0": 0.8085529549303954, "8805433.0--8854335.0": 0.7683066211752586, "8546802.0--8854335.0": 0.8290591067223503, "8805427.0--8854335.0": 0.7467173314691292, "8836120.0--8854335.0": 0.773564223330514, "8794768.0--8854335.0": 0.7824378780835158, "8809750.0--8854335.0": 0.7981746445713911, "8820172.0--8854335.0": 0.8502517557014566, "8476234.0--8854335.0": 0.7928883799709152, "8807314.0--8854335.0": 0.7969026165820078, "8794520.0--8854335.0": 0.8409919994848328, "8805452.0--8854335.0": 0.8017793780893256, "8805462.0--8854335.0": 0.794573287157297, "8807275.0--8854335.0": 0.8208986691814647, "8419285.0--8854335.0": 0.8131195874713523, "8807379.0--8854335.0": 0.8110883109276824, "8807234.0--8854335.0": 0.8306099164015861, "8423100.0--8854335.0": 0.7999549245105785, "8805455.0--8854335.0": 0.8098574772697564, "8727493.0--8854335.0": 0.7692281546029578, "8807369.0--8854335.0": 0.7837282462212998, "8532319.0--8854335.0": 0.8029918221313597, "8419325.0--8854335.0": 0.8096245372608544, "8805430.0--8854335.0": 0.7720673944874052, "8807301.0--8854335.0": 0.7940700127656726, "8713940.0--8854335.0": 0.7879530780592277, "8637795.0--8854335.0": 0.8156730595018878, "7999244.0--8854335.0": 0.8129283597033548, "8805439.0--8854335.0": 0.7853346228373013, "8805428.0--8854335.0": 0.790897627493985, "8809223.0--8854335.0": 0.8017531590866731, "8795584.0--8854335.0": 0.8130595500621765, "8807264.0--8854335.0": 0.8090893998851374, "8805431.0--8854335.0": 0.7882236424810029, "8453863.0--8854335.0": 0.8140997623074799, "8400404.0--8854335.0": 0.7782143436185479, "8809834.0--8854335.0": 0.7841909493954672, "8663447.0--8854335.0": 0.8027803626736032, "8807213.0--8854335.0": 0.8128640285709351, "8640251.0--8854335.0": 0.8095353752912144, "8807220.0--8854335.0": 0.8386808753428973, "8617736.0--8854335.0": 0.7859768434105465, "8617746.0--8854335.0": 0.7940166150477368, "8640072.0--8854335.0": 0.8053688257003923, "8636208.0--8854335.0": 0.8137911365308265, "8805458.0--8854335.0": 0.7849301996688488, "8807271.0--8854335.0": 0.8036958468413196, "8809678.0--8854335.0": 0.7881315259294555, "8807226.0--8854335.0": 0.8085643324290223, "8805467.0--8854335.0": 0.8073555695184842, "8611113.0--8854335.0": 0.7808229579052459, "8854316.0--8854335.0": 0.8113218640648187, "8794607.0--8854335.0": 0.7993542915457805, "8805418.0--8854335.0": 0.7664005656182076, "8836087.0--8854335.0": 0.7972134947293965, "8807283.0--8854335.0": 0.7903080616289408, "8820171.0--8854335.0": 0.7917035881592216, "8807288.0--8854335.0": 0.7832754505248384, "8807302.0--8854335.0": 0.754981880337889, "8805466.0--8854335.0": 0.7878891780662407, "8807351.0--8854335.0": 0.7918706713297389, "8805420.0--8854335.0": 0.7727816372814147, "8807299.0--8854335.0": 0.785383571606082, "8812988.0--8854335.0": 0.7784789958423446, "8807294.0--8854335.0": 0.8160519262996468, "8805434.0--8854335.0": 0.8121519924331774, "8732351.0--8854335.0": 0.8308376591728811, "8807232.0--8854335.0": 0.7870011977631652, "8419271.0--8854335.0": 0.7774959561631012, "8625484.0--8854335.0": 0.7958031625427833, "8807349.0--8854335.0": 0.8022469886881075, "8809730.0--8854335.0": 0.8104050088600329, "8730513.0--8854335.0": 0.8206308576082656, "8809833.0--8854335.0": 0.8179258831948275, "8523628.0--8854335.0": 0.7796712631872145, "8434356.0--8854335.0": 0.7828050693758185, "8807303.0--8854335.0": 0.8315665613439598, "8811606.0--8854335.0": 0.8119519124549469, "8807244.0--8854335.0": 0.7808777278602426, "8490694.0--8854335.0": 0.8090197274297551, "8809844.0--8854335.0": 0.8062547645108591, "8809850.0--8854335.0": 0.7988890569348456, "8805445.0--8854335.0": 0.7979749673424866, "8412138.0--8854335.0": 0.8269261513116786, "8807247.0--8854335.0": 0.8013382809210849, "8848845.0--8854335.0": 0.7936874556398947, "8695851.0--8854335.0": 0.823327734173597, "8713907.0--8854335.0": 0.8353428683863641, "8809847.0--8854335.0": 0.8302216932394286, "8727480.0--8854335.0": 0.8362104896301763, "8706590.0--8854335.0": 0.7962477681333011, "8735916.0--8854335.0": 0.82103256326387, "8474512.0--8854335.0": 0.7985644493030278, "8809845.0--8854335.0": 0.7814673906758252, "8540796.0--8854335.0": 0.8213259051265509, "8807233.0--8854335.0": 0.8029639974716465, "8617747.0--8854335.0": 0.7769025535601685, "8474486.0--8854335.0": 0.7908450676303993, "8474516.0--8854335.0": 0.8065722119551606, "8663650.0--8854335.0": 0.7970625602283642, "8663646.0--8854335.0": 0.8092289866982829, "8794553.0--8854335.0": 0.833997433188398, "8854335.0--8863966.0": 0.761745411268656, "8525340.0--8854335.0": 0.7996629677703125, "8805448.0--8854335.0": 0.7673300791005009, "8405549.0--8854335.0": 0.7908520128875165, "8611178.0--8854335.0": 0.7690768272065309, "8827593.0--8854335.0": 0.7810417978034171, "8805463.0--8854335.0": 0.777631137342162, "8805457.0--8854335.0": 0.814886867748637, "8805442.0--8854335.0": 0.7688364629416742, "8807266.0--8854335.0": 0.8117407416552825, "8813126.0--8854335.0": 0.7808100587668844, "8585103.0--8854335.0": 0.7902427916266852, "8807235.0--8854335.0": 0.7845308036082197, "8585048.0--8854335.0": 0.8249835387601757, "8809843.0--8854335.0": 0.801917855769016, "8809842.0--8854335.0": 0.8185791045429476, "8842614.0--8854335.0": 0.7751527902611315, "8805441.0--8854335.0": 0.73870712565297, "8809920.0--8854335.0": 0.7333918933570998, "8663312.0--8854335.0": 0.7895791089657024, "8477126.0--8854335.0": 0.816597967110706, "8807224.0--8854335.0": 0.8070399891941198, "8807355.0--8854335.0": 0.7697908392753424, "8807320.0--8854335.0": 0.78533523685649, "8665933.0--8854335.0": 0.7830483294067797, "8845772.0--8854335.0": 0.8232617574643222, "8812989.0--8854335.0": 0.7924885961682477, "8636969.0--8854335.0": 0.8299971184474374, "8805450.0--8854335.0": 0.799485102783516, "8807243.0--8854335.0": 0.8215024322992424, "8805443.0--8854335.0": 0.7778585030780323, "8673661.0--8854335.0": 0.8250130269453743, "8805419.0--8854335.0": 0.7945134656569603, "8451903.0--8854335.0": 0.7765834205334918, "8805429.0--8854335.0": 0.7733398982767893, "8809846.0--8854335.0": 0.7600664398377368, "8809832.0--8854335.0": 0.8009007843607602, "8413174.0--8854335.0": 0.7595967839985993, "8494817.0--8854335.0": 0.7494733107172317, "8637778.0--8854335.0": 0.7614013595682951, "8809742.0--8854335.0": 0.770452761049882, "8807280.0--8854335.0": 0.8173259094715655, "8807274.0--8854335.0": 0.8380950139672179, "8854335.0--9216586.0": 0.8020412909546086, "8854335.0--9237132.0": 0.776881952875334, "8854335.0--9216572.0": 0.8013327106853285, "8854335.0--9217952.0": 0.7683662855198358, "8854335.0--9217931.0": 0.8233392527764174, "8854335.0--9216507.0": 0.7789665413716043, "8854335.0--9222368.0": 0.8146954799684571, "8854335.0--9220137.0": 0.774909451066389, "8854335.0--9233460.0": 0.7906009915768031, "8854335.0--9222263.0": 0.7647142197860726, "8854335.0--9293003.0": 0.7821207781323635, "8854335.0--9222102.0": 0.792479380770565, "8854335.0--9222323.0": 0.7989093164887933, "8854335.0--9222287.0": 0.7829233940320088, "8854335.0--9223736.0": 0.7829440027575127, "8854335.0--9224191.0": 0.8236760482681498, "8854335.0--9222251.0": 0.7999957289687825, "8854335.0--9229242.0": 0.7930309313656138, "8854335.0--9282195.0": 0.8180131172157011, "8854335.0--9222098.0": 0.8276324607966564, "8854335.0--9234027.0": 0.8321063806320945, "8854335.0--9246308.0": 0.8099074788482592, "8854335.0--9240072.0": 0.8412446611940928, "8854335.0--9222353.0": 0.7880219002472939, "8854335.0--9222293.0": 0.7785935414407619, "8854335.0--9222089.0": 0.7866581333190101, "8854335.0--9228893.0": 0.7732223449974588, "8854335.0--9224192.0": 0.8237411967766276, "8854335.0--9222289.0": 0.8070879498042871, "8854335.0--9222038.0": 0.8074912441747772, "8854335.0--9229072.0": 0.7861767043935952, "8854335.0--9222295.0": 0.7938813441968362, "8854335.0--9222342.0": 0.8116994529290462, "8854335.0--9241407.0": 0.7764383770126803, "8854335.0--9288884.0": 0.7768089531078298, "8854335.0--9222351.0": 0.7710473921963898,