{"9224646.0--9241413.0": 0.7735976234948876, "9222372.0--9241413.0": 0.741721031065423, "9222253.0--9241413.0": 0.7748814406138216, "9222092.0--9241413.0": 0.8079801262977675, "9222271.0--9241413.0": 0.7872648232612678, "9230431.0--9241413.0": 0.7868077527280595, "9222076.0--9241413.0": 0.8126541651528938, "9222053.0--9241413.0": 0.7942134282826825, "9216532.0--9241413.0": 0.827361602052137, "9222085.0--9241413.0": 0.8098508880110484, "9216629.0--9241413.0": 0.8153863357446169, "9241413.0--9308630.0": 0.797481176870538, "9241413.0--9308624.0": 0.7866085305403763, "9219240.0--9241413.0": 0.8070605814604745, "9216630.0--9241413.0": 0.7818043254061466, "9217981.0--9241413.0": 0.7866368936603636, "9224153.0--9241413.0": 0.7653627895014727, "9241413.0--9286505.0": 0.7902751017388936, "9216512.0--9241413.0": 0.7768958594437116, "9216579.0--9241413.0": 0.8089731296046246, "9222249.0--9241413.0": 0.798666132301733, "9222367.0--9241413.0": 0.7780975128583253, "9222325.0--9241413.0": 0.7894531153944242, "9222510.0--9241413.0": 0.7459530340256506, "9241413.0--9246250.0": 0.8053748410164707, "9241413.0--9308627.0": 0.8196081445355975, "9224186.0--9241413.0": 0.846168814015684, "9229232.0--9241413.0": 0.7986653661800598, "9226404.0--9241413.0": 0.7786783310762666, "9241413.0--9308631.0": 0.7926304798125277, "9222255.0--9241413.0": 0.8090916321905521, "9222261.0--9241413.0": 0.8215828151466753, "9222338.0--9241413.0": 0.7756319718913478, "9222284.0--9241413.0": 0.813952627261411, "9230430.0--9241413.0": 0.8133918287103137, "9241413.0--9308622.0": 0.7684514555300017, "9241413.0--9286903.0": 0.8028311476041978, "9234473.0--9241413.0": 0.8058893236778559, "9241413.0--9241426.0": 0.8120361166347647, "9222269.0--9241413.0": 0.7650563628602874, "9237999.0--9241413.0": 0.8160904862988607, "9222072.0--9241413.0": 0.8046043732234045, "9224197.0--9241413.0": 0.7935363917618166, "9241413.0--9246282.0": 0.7957428719820567, "9222314.0--9241413.0": 0.7834567947314047, "9222357.0--9241413.0": 0.8228954488981266, "9222086.0--9241413.0": 0.766255541596135, "9222360.0--9241413.0": 0.8224601743776687, "9222065.0--9241413.0": 0.7756241653934333, "9228894.0--9241413.0": 0.8001296300583381, "9233264.0--9241413.0": 0.7828993339010815, "9222343.0--9241413.0": 0.787996575086014, "9241413.0--9308621.0": 0.7976647336247108, "9241413.0--9308625.0": 0.8107867724605835, "9241413.0--9241744.0": 0.7946677900557254, "9241413.0--9308629.0": 0.7726369760150601, "9222068.0--9241413.0": 0.7679669024737371, "9222248.0--9241413.0": 0.7857716801551651, "9222274.0--9241413.0": 0.7699042022224943, "9229116.0--9241413.0": 0.8309218019351041, "9233993.0--9241413.0": 0.7653622864560142, "9241413.0--9308623.0": 0.784397330961137, "9222553.0--9241413.0": 0.7900209104641434, "9222341.0--9241413.0": 0.8269529041118142, "9222346.0--9241413.0": 0.8224984119494925, "9241413.0--9308628.0": 0.7869290621133798, "9222294.0--9241413.0": 0.7984592878555745, "9241413.0--9241732.0": 0.8271212291613665, "9222060.0--9241413.0": 0.7993695175820408, "9222280.0--9241413.0": 0.8031128245989294}