{"8805457.0--8805463.0": 0.8227919676274769, "8805442.0--8805463.0": 0.7685850427087885, "8805463.0--8807266.0": 0.7880926982078015, "8805463.0--8813126.0": 0.7955819885328917, "8585103.0--8805463.0": 0.77059669280493, "8805463.0--8807235.0": 0.7839080976529288, "8585048.0--8805463.0": 0.7915664311007089, "8805463.0--8809843.0": 0.761964922952572, "8805463.0--8809842.0": 0.7717765227473812, "8805463.0--8842614.0": 0.7592590609136607, "8805441.0--8805463.0": 0.745518161581633, "8805463.0--8809920.0": 0.7667849217036452, "8663312.0--8805463.0": 0.7988627876391923, "8477126.0--8805463.0": 0.7855721545217684, "8805463.0--8807224.0": 0.8130550052708522, "8805463.0--8807355.0": 0.7749124391621638, "8805463.0--8807320.0": 0.7491184433800433, "8665933.0--8805463.0": 0.7847932228330529, "8805463.0--8845772.0": 0.755161245678903, "8805463.0--8812989.0": 0.7643188719481464, "8636969.0--8805463.0": 0.7692571536560475, "8805450.0--8805463.0": 0.7630630790245883, "8805463.0--8807243.0": 0.7736451713123591, "8805443.0--8805463.0": 0.7769514851928863, "8673661.0--8805463.0": 0.7889794309278684, "8805419.0--8805463.0": 0.7791758419398459, "8451903.0--8805463.0": 0.8120566292653454, "8805429.0--8805463.0": 0.7505189837979132, "8805463.0--8809846.0": 0.7691798885851379, "8805463.0--8809832.0": 0.7876197393131535, "8413174.0--8805463.0": 0.7473364419950628, "8494817.0--8805463.0": 0.7307492020482904, "8637778.0--8805463.0": 0.7374050732422959, "8805463.0--8809742.0": 0.7835916494088476, "8805463.0--8807280.0": 0.8096318092312447, "8805463.0--8807274.0": 0.806551293215059, "8805463.0--9216586.0": 0.7496107233769079, "8805463.0--9237132.0": 0.7679143331455381, "8805463.0--9216572.0": 0.7706192308508122, "8805463.0--9217952.0": 0.752769259113892, "8805463.0--9217931.0": 0.781064716627757, "8805463.0--9216507.0": 0.7685276126207303, "8805463.0--9222368.0": 0.789688832406236, "8805463.0--9220137.0": 0.7936110358040378, "8805463.0--9233460.0": 0.7592891258029526, "8805463.0--9222263.0": 0.7473000143272628, "8805463.0--9293003.0": 0.7871368921257523, "8805463.0--9222102.0": 0.7853670734523351, "8805463.0--9222323.0": 0.7720644582811095, "8805463.0--9222287.0": 0.7424595041178182, "8805463.0--9223736.0": 0.7559701412385776, "8805463.0--9224191.0": 0.7776529153783229, "8805463.0--9222251.0": 0.7721671846692039, "8805463.0--9229242.0": 0.7801569234860689, "8805463.0--9282195.0": 0.7483315577560862, "8805463.0--9222098.0": 0.7620143021193351, "8805463.0--9234027.0": 0.750372732060798, "8805463.0--9246308.0": 0.7631115978187912, "8805463.0--9240072.0": 0.7738519044733674, "8805463.0--9222353.0": 0.7643514787486811, "8805463.0--9222293.0": 0.7788096141829222, "8805463.0--9222089.0": 0.746853137779887, "8805463.0--9228893.0": 0.7582548688219541, "8805463.0--9224192.0": 0.7684696418132833, "8805463.0--9222289.0": 0.7894536853535016, "8805463.0--9222038.0": 0.7954152929952857, "8805463.0--9229072.0": 0.7920277145930786, "8805463.0--9222295.0": 0.7675583837000471, "8805463.0--9222342.0": 0.8241258259229847, "8805463.0--9241407.0": 0.761662261298543, "8805463.0--9288884.0": 0.7564192694219872, "8805463.0--9222351.0": 0.7817947050141149, "8805463.0--9223669.0": 0.7724066423799203, "8805463.0--9222315.0": 0.7568932450005388, "8805463.0--9222335.0": 0.7998759620715369, "8805463.0--9222327.0": 0.7426763862350958, "8805463.0--9233469.0": 0.7784470548037994, "8805463.0--9226461.0": 0.7668152271271083, "8805463.0--9238508.0": 0.787252856299471, "8805463.0--9222266.0": 0.7855562126592205, "8805463.0--9225008.0": 0.7735469619334443, "8805463.0--9290431.0": 0.7562997839068076, "8805463.0--9239918.0": 0.7659986561578473, "8805463.0--9231271.0": 0.7707930567036358, "8805463.0--9222313.0": 0.8052679488593897, "8805463.0--9231268.0": 0.750566574928287, "8805463.0--9222035.0": 0.7376279140347162, "8805463.0--9222091.0": 0.7773736471059227, "8805463.0--9229515.0": 0.7592440136155643, "8805463.0--9222301.0": 0.7619497385906696, "8805463.0--9222358.0": 0.8042941757013, "8805463.0--9229135.0": 0.777901904955207, "8805463.0--9222047.0": 0.7439189832560114, "8805463.0--9222272.0": 0.8094718557453773, "8805463.0--9222110.0": 0.7823190468031953, "8805463.0--9222364.0": 0.7360249547517834, "8805463.0--9222088.0": 0.7811271127564665, "8805463.0--9216518.0": 0.7852576078080835, "8805463.0--9222309.0": 0.7516460497527387, "8805463.0--9216595.0": 0.7376465270839532, "8805463.0--9216538.0": 0.7297938378838738, "8805463.0--9216549.0": 0.7467889985750453, "8805463.0--9216559.0": 0.7692710033118836, "8805463.0--9222376.0": 0.7921088652026967, "8805463.0--9222374.0": 0.7647394504582592, "8805463.0--9224194.0": 0.7328265936701471, "8805463.0--9222254.0": 0.7593833946339401, "8805463.0--9222049.0": 0.7244633336980433, "8805463.0--9222562.0": 0.7549528145083911, "8805463.0--9226126.0": 0.7707876558755902, "8805463.0--9240062.0": 0.7991536624524498, "8805463.0--9226101.0": 0.7604601143705616, "8805463.0--9222377.0": 0.7438197355941004, "8805463.0--9233392.0": 0.7822906511775296, "8805463.0--9222093.0": 0.7624548027227122, "8805463.0--9224154.0": 0.7206895083810134, "8805463.0--9240061.0": 0.7819595463038058, "8805463.0--9222512.0": 0.7505835347047352, "8805463.0--9241413.0": 0.7650226194169052, "8805463.0--9224646.0": 0.7513350500934475, "8805463.0--9222372.0": 0.7307408953329946, "8805463.0--9222253.0": 0.735964287668492, "8805463.0--9222092.0": 0.7801789704648335, "8805463.0--9222271.0": 0.7413174712718549, "8805463.0--9230431.0": 0.8115024142331855, "8805463.0--9222076.0": 0.767960896570882, "8805463.0--9222053.0": 0.7904308465812215, "8805463.0--9216532.0": 0.7818594953179695, "8805463.0--9222085.0": 0.7884703943862885, "8805463.0--9216629.0": 0.7728077555075931, "8805463.0--9308630.0": 0.8108049193705009, "8805463.0--9308624.0": 0.7752060984455037, "8805463.0--9219240.0": 0.7976694125445423, "8805463.0--9216630.0": 0.7536679413003848, "8805463.0--9217981.0": 0.7620115288291691, "8805463.0--9224153.0": 0.7951195148322049, "8805463.0--9286505.0": 0.7541360685578872, "8805463.0--9216512.0": 0.7796275461752853, "8805463.0--9216579.0": 0.7936650706634596, "8805463.0--9222249.0": 0.8120915270265887, "8805463.0--9222367.0": 0.7568982096745489, "8805463.0--9222325.0": 0.7765559606959722, "8805463.0--9222510.0": 0.7834453112335125, "8805463.0--9246250.0": 0.7609287985924662, "8805463.0--9308627.0": 0.8010690782099641, "8805463.0--9224186.0": 0.8065295448567734, "8805463.0--9229232.0": 0.7483926033101929, "8805463.0--9226404.0": 0.7466817483200487, "8805463.0--9308631.0": 0.7641362367848088, "8805463.0--9222255.0": 0.7853376651582993, "8805463.0--9222261.0": 0.7595139673627983, "8805463.0--9222338.0": 0.7959111844478653, "8805463.0--9222284.0": 0.8135593970854121, "8805463.0--9230430.0": 0.8185849580478415, "8805463.0--9308622.0": 0.7578553166484499, "8805463.0--9286903.0": 0.741907273053, "8805463.0--9234473.0": 0.7501134728207907, "8805463.0--9241426.0": 0.7539798297196141, "8805463.0--9222269.0": 0.7848840042982292, "8805463.0--9237999.0": 0.8003318073251549, "8805463.0--9222072.0": 0.7907120326883059, "8805463.0--9224197.0": 0.8148328801398407, "8805463.0--9246282.0": 0.7993314163077692, "8805463.0--9222314.0": 0.7936865861472884, "8805463.0--9222357.0": 0.7734513366170972, "8805463.0--9222086.0": 0.801550587822782, "8805463.0--9222360.0": 0.8026931204051135, "8805463.0--9222065.0": 0.7512281803051156, "8805463.0--9228894.0": 0.8089094833882021, "8805463.0--9233264.0": 0.7813964773407344, "8805463.0--9222343.0": 0.7932802746273692, "8805463.0--9308621.0": 0.7886467345180207, "8805463.0--9308625.0": 0.7925387263745503, "8805463.0--9241744.0": 0.7912698808722802, "8805463.0--9308629.0": 0.7998948524861786, "8805463.0--9222068.0": 0.764520153354816, "8805463.0--9222248.0": 0.7389008292051696, "8805463.0--9222274.0": 0.7823629605872332, "8805463.0--9229116.0": 0.8023420855160007, "8805463.0--9233993.0": 0.8444766243878091, "8805463.0--9308623.0": 0.7599427455261377, "8805463.0--9222553.0": 0.7928647026945088,