{"8663447.0--8807213.0": 0.8197607759113376, "8640251.0--8663447.0": 0.7882511618047674, "8663447.0--8807220.0": 0.8252963845151801, "8617736.0--8663447.0": 0.7885431234953998, "8617746.0--8663447.0": 0.7546422868847704, "8640072.0--8663447.0": 0.7956322439804198, "8636208.0--8663447.0": 0.800022520524761, "8663447.0--8805458.0": 0.7887836278919204, "8663447.0--8807271.0": 0.778760407363299, "8663447.0--8809678.0": 0.7756343183496459, "8663447.0--8807226.0": 0.7836264139355134, "8663447.0--8805467.0": 0.7864541425928866, "8611113.0--8663447.0": 0.7678725679811783, "8663447.0--8854316.0": 0.7999826930042024, "8663447.0--8794607.0": 0.7930672406361118, "8663447.0--8805418.0": 0.7635099844661863, "8663447.0--8836087.0": 0.8032732645857191, "8663447.0--8807283.0": 0.754550785921006, "8663447.0--8820171.0": 0.7799228282056134, "8663447.0--8807288.0": 0.7336925403404269, "8663447.0--8807302.0": 0.7496600072164936, "8663447.0--8805466.0": 0.7611674686418266, "8663447.0--8807351.0": 0.7693288589986456, "8663447.0--8805420.0": 0.782551972479286, "8663447.0--8807299.0": 0.750390750258786, "8663447.0--8812988.0": 0.7803906219452575, "8663447.0--8807294.0": 0.7836374953926208, "8663447.0--8805434.0": 0.7906555799557999, "8663447.0--8732351.0": 0.7748359956446793, "8663447.0--8807232.0": 0.7843451365014162, "8419271.0--8663447.0": 0.7503557985635488, "8625484.0--8663447.0": 0.7804263566614095, "8663447.0--8807349.0": 0.774565117542344, "8663447.0--8809730.0": 0.7867631496719656, "8663447.0--8730513.0": 0.7920991702509503, "8663447.0--8809833.0": 0.7752718973870939, "8523628.0--8663447.0": 0.7701936929532054, "8434356.0--8663447.0": 0.8072209316412912, "8663447.0--8807303.0": 0.8095951842825715, "8663447.0--8811606.0": 0.8285620948149991, "8663447.0--8807244.0": 0.8032058643993171, "8490694.0--8663447.0": 0.8008684380444674, "8663447.0--8809844.0": 0.8134315831691897, "8663447.0--8809850.0": 0.8276036024551329, "8663447.0--8805445.0": 0.8257176870274288, "8412138.0--8663447.0": 0.8066754994434701, "8663447.0--8807247.0": 0.783951396823948, "8663447.0--8848845.0": 0.7739840184362496, "8663447.0--8695851.0": 0.8407636320992138, "8663447.0--8713907.0": 0.8282013825478123, "8663447.0--8809847.0": 0.8245778824919303, "8663447.0--8727480.0": 0.8497840347693835, "8663447.0--8706590.0": 0.8185292388249732, "8663447.0--8735916.0": 0.8196083369443827, "8474512.0--8663447.0": 0.7844953487812564, "8663447.0--8809845.0": 0.7835479691536055, "8540796.0--8663447.0": 0.8093321475347244, "8663447.0--8807233.0": 0.7980855388505514, "8617747.0--8663447.0": 0.7767441316282309, "8474486.0--8663447.0": 0.7563631307683556, "8474516.0--8663447.0": 0.8049089085501696, "8663447.0--8663650.0": 0.7927345507044583, "8663447.0--8663646.0": 0.8086237102886388, "8663447.0--8794553.0": 0.8004177241674799, "8663447.0--8863966.0": 0.8239650896425951, "8525340.0--8663447.0": 0.8156118955858703, "8663447.0--8805448.0": 0.7439196667454675, "8405549.0--8663447.0": 0.7846964744956996, "8611178.0--8663447.0": 0.7716648648364643, "8663447.0--8827593.0": 0.7700505037889789, "8663447.0--8805463.0": 0.7806235665854254, "8663447.0--8805457.0": 0.7812339725930304, "8663447.0--8805442.0": 0.7522539878933933, "8663447.0--8807266.0": 0.7770138158192978, "8663447.0--8813126.0": 0.7643639725922949, "8585103.0--8663447.0": 0.761608737846481, "8663447.0--8807235.0": 0.7746565334049846, "8585048.0--8663447.0": 0.7911983198400817, "8663447.0--8809843.0": 0.8106653733748888, "8663447.0--8809842.0": 0.7852549766129405, "8663447.0--8842614.0": 0.7559505451661345, "8663447.0--8805441.0": 0.7605940115479806, "8663447.0--8809920.0": 0.7274708467003331, "8663312.0--8663447.0": 0.7452165542252688, "8477126.0--8663447.0": 0.7692023268125419, "8663447.0--8807224.0": 0.7765787863166497, "8663447.0--8807355.0": 0.781489232441188, "8663447.0--8807320.0": 0.7818162138192226, "8663447.0--8665933.0": 0.7759326160398874, "8663447.0--8845772.0": 0.7762232453012238, "8663447.0--8812989.0": 0.7760388054268486, "8636969.0--8663447.0": 0.7966152467398983, "8663447.0--8805450.0": 0.7765037487562544, "8663447.0--8807243.0": 0.7591634818319668, "8663447.0--8805443.0": 0.7802551689243795, "8663447.0--8673661.0": 0.7858638209631006, "8663447.0--8805419.0": 0.7658125113718015, "8451903.0--8663447.0": 0.7494028637305328, "8663447.0--8805429.0": 0.7859590389367637, "8663447.0--8809846.0": 0.7647420292093997, "8663447.0--8809832.0": 0.790290306625043, "8413174.0--8663447.0": 0.7759139360050945, "8494817.0--8663447.0": 0.7693865908070665, "8637778.0--8663447.0": 0.7954733002016284, "8663447.0--8809742.0": 0.7505830619721344, "8663447.0--8807280.0": 0.8058715256533122, "8663447.0--8807274.0": 0.8049764758854745, "8663447.0--9216586.0": 0.8031971046233224, "8663447.0--9237132.0": 0.7734623912775794, "8663447.0--9216572.0": 0.7895213613936352, "8663447.0--9217952.0": 0.7693751843014003, "8663447.0--9217931.0": 0.7910540404709494, "8663447.0--9216507.0": 0.7683392776856601, "8663447.0--9222368.0": 0.7886478377160819, "8663447.0--9220137.0": 0.7458225022518221, "8663447.0--9233460.0": 0.7525970561284979, "8663447.0--9222263.0": 0.7665812179100402, "8663447.0--9293003.0": 0.7847208537911212, "8663447.0--9222102.0": 0.7763774869495785, "8663447.0--9222323.0": 0.8106223786902882, "8663447.0--9222287.0": 0.7655179327277744, "8663447.0--9223736.0": 0.775308896605708, "8663447.0--9224191.0": 0.8156564767631482, "8663447.0--9222251.0": 0.7353540000159957, "8663447.0--9229242.0": 0.8008892827332931, "8663447.0--9282195.0": 0.840344348367728, "8663447.0--9222098.0": 0.7965539494784877, "8663447.0--9234027.0": 0.7585487387674018, "8663447.0--9246308.0": 0.7860635236827668, "8663447.0--9240072.0": 0.7937140874376593, "8663447.0--9222353.0": 0.8400092542931297, "8663447.0--9222293.0": 0.7857125444883267, "8663447.0--9222089.0": 0.7577674438558617, "8663447.0--9228893.0": 0.7975035497161227, "8663447.0--9224192.0": 0.7951523424563244, "8663447.0--9222289.0": 0.7620184449853282, "8663447.0--9222038.0": 0.8275503798775712, "8663447.0--9229072.0": 0.803260722778817, "8663447.0--9222295.0": 0.7991793444911125, "8663447.0--9222342.0": 0.7845772893922829, "8663447.0--9241407.0": 0.8268217600512846, "8663447.0--9288884.0": 0.7960900770982555, "8663447.0--9222351.0": 0.7752276688919052, "8663447.0--9223669.0": 0.775821283070347, "8663447.0--9222315.0": 0.7838975092158681, "8663447.0--9222335.0": 0.7693877562323046, "8663447.0--9222327.0": 0.7704051647717576, "8663447.0--9233469.0": 0.767867538542899, "8663447.0--9226461.0": 0.8085324877047358, "8663447.0--9238508.0": 0.8102913356889453, "8663447.0--9222266.0": 0.7575342239258247, "8663447.0--9225008.0": 0.7704198872136989, "8663447.0--9290431.0": 0.7883303920942123, "8663447.0--9239918.0": 0.7783775059373848, "8663447.0--9231271.0": 0.7814289176809815, "8663447.0--9222313.0": 0.79138918078521, "8663447.0--9231268.0": 0.7686043810310075, "8663447.0--9222035.0": 0.8057035055740235, "8663447.0--9222091.0": 0.8046071211901364, "8663447.0--9229515.0": 0.7522976033903949, "8663447.0--9222301.0": 0.7952054242511194, "8663447.0--9222358.0": 0.842356649494768, "8663447.0--9229135.0": 0.7731976277681761, "8663447.0--9222047.0": 0.7798101387354888, "8663447.0--9222272.0": 0.7855596382902217, "8663447.0--9222110.0": 0.7934735268885316, "8663447.0--9222364.0": 0.7761365944300225, "8663447.0--9222088.0": 0.7905986961329473, "8663447.0--9216518.0": 0.80204564540345, "8663447.0--9222309.0": 0.7735225460427853, "8663447.0--9216595.0": 0.774529475610912, "8663447.0--9216538.0": 0.7779102686709762, "8663447.0--9216549.0": 0.8009654500994224, "8663447.0--9216559.0": 0.8039925587773229, "8663447.0--9222376.0": 0.8123873796194545, "8663447.0--9222374.0": 0.8510715800814674, "8663447.0--9224194.0": 0.795179013618174, "8663447.0--9222254.0": 0.7865550910870283, "8663447.0--9222049.0": 0.8413317864651542, "8663447.0--9222562.0": 0.8033340649385988, "8663447.0--9226126.0": 0.8100625596138454, "8663447.0--9240062.0": 0.7859412316867631,