{"9241407.0--9288884.0": 0.7925049302181011, "9222351.0--9241407.0": 0.7795607603604832, "9223669.0--9241407.0": 0.7821525379560174, "9222315.0--9241407.0": 0.7614889965682894, "9222335.0--9241407.0": 0.7718764850589399, "9222327.0--9241407.0": 0.7664808340414312, "9233469.0--9241407.0": 0.7554303877248157, "9226461.0--9241407.0": 0.8117084822548672, "9238508.0--9241407.0": 0.8021461093784121, "9222266.0--9241407.0": 0.7389263703638174, "9225008.0--9241407.0": 0.7843995005258269, "9241407.0--9290431.0": 0.7572924500712217, "9239918.0--9241407.0": 0.7865694043163793, "9231271.0--9241407.0": 0.7842497581657377, "9222313.0--9241407.0": 0.7982925199536357, "9231268.0--9241407.0": 0.7552722661110141, "9222035.0--9241407.0": 0.7822190035160695, "9222091.0--9241407.0": 0.7763903510118186, "9229515.0--9241407.0": 0.7269317328329222, "9222301.0--9241407.0": 0.7905005883446524, "9222358.0--9241407.0": 0.8010031956314827, "9229135.0--9241407.0": 0.7757252074316477, "9222047.0--9241407.0": 0.7778568997243718, "9222272.0--9241407.0": 0.7666001134097141, "9222110.0--9241407.0": 0.7766775134010852, "9222364.0--9241407.0": 0.7806110393201615, "9222088.0--9241407.0": 0.7914406100758558, "9216518.0--9241407.0": 0.7658649598383579, "9222309.0--9241407.0": 0.7423248724624476, "9216595.0--9241407.0": 0.767911532106613, "9216538.0--9241407.0": 0.7430244072594107, "9216549.0--9241407.0": 0.7638639719348543, "9216559.0--9241407.0": 0.7870563296768059, "9222376.0--9241407.0": 0.755585751965798, "9222374.0--9241407.0": 0.8365223717854602, "9224194.0--9241407.0": 0.7652298977644626, "9222254.0--9241407.0": 0.7991745922653212, "9222049.0--9241407.0": 0.7863393133456065, "9222562.0--9241407.0": 0.7700208632591757, "9226126.0--9241407.0": 0.7882114590950206, "9240062.0--9241407.0": 0.7702814114176741, "9226101.0--9241407.0": 0.7538330612183229, "9222377.0--9241407.0": 0.7533555852339112, "9233392.0--9241407.0": 0.7852456806492087, "9222093.0--9241407.0": 0.7866967507128513, "9224154.0--9241407.0": 0.7797365009474828, "9240061.0--9241407.0": 0.78306516704913, "9222512.0--9241407.0": 0.7723447705510132, "9241407.0--9241413.0": 0.7790066551607965, "9224646.0--9241407.0": 0.7898265632576373, "9222372.0--9241407.0": 0.7573077215281451, "9222253.0--9241407.0": 0.7991355726376973, "9222092.0--9241407.0": 0.8162171858635102, "9222271.0--9241407.0": 0.8474338950397982, "9230431.0--9241407.0": 0.8085709580944176, "9222076.0--9241407.0": 0.824093154666401, "9222053.0--9241407.0": 0.814501572145736, "9216532.0--9241407.0": 0.7968946898189473, "9222085.0--9241407.0": 0.7936649536287844, "9216629.0--9241407.0": 0.7522367664703471, "9241407.0--9308630.0": 0.7932756043596392, "9241407.0--9308624.0": 0.7499553796841296, "9219240.0--9241407.0": 0.7605937176205548, "9216630.0--9241407.0": 0.8154106175826727, "9217981.0--9241407.0": 0.7776827133747113, "9224153.0--9241407.0": 0.7427709993576126, "9241407.0--9286505.0": 0.7433740155719041, "9216512.0--9241407.0": 0.7751569659781097, "9216579.0--9241407.0": 0.7796044531964649, "9222249.0--9241407.0": 0.7483670972454667, "9222367.0--9241407.0": 0.710669144236032, "9222325.0--9241407.0": 0.7321962363442324, "9222510.0--9241407.0": 0.7555082115427816, "9241407.0--9246250.0": 0.7745343515301254, "9241407.0--9308627.0": 0.7954547703432386, "9224186.0--9241407.0": 0.7843791638078903, "9229232.0--9241407.0": 0.7530361407505055, "9226404.0--9241407.0": 0.770820989892677, "9241407.0--9308631.0": 0.7558839122909313, "9222255.0--9241407.0": 0.7826276127484986, "9222261.0--9241407.0": 0.7569538741360918, "9222338.0--9241407.0": 0.7553810371003689, "9222284.0--9241407.0": 0.7731949932834119, "9230430.0--9241407.0": 0.7916953893563593, "9241407.0--9308622.0": 0.7285631967163397, "9241407.0--9286903.0": 0.7116375502762079, "9234473.0--9241407.0": 0.7629918104342586, "9241407.0--9241426.0": 0.754532775909055, "9222269.0--9241407.0": 0.7738064176143167, "9237999.0--9241407.0": 0.8024499442157711, "9222072.0--9241407.0": 0.8133231083130176, "9224197.0--9241407.0": 0.8007624315542212, "9241407.0--9246282.0": 0.7824881649840549, "9222314.0--9241407.0": 0.7524926086822996, "9222357.0--9241407.0": 0.746160478762594, "9222086.0--9241407.0": 0.7570625010610209, "9222360.0--9241407.0": 0.7810357446483521, "9222065.0--9241407.0": 0.7809087788463667, "9228894.0--9241407.0": 0.8166222486489236, "9233264.0--9241407.0": 0.7746954775598557, "9222343.0--9241407.0": 0.7653057558657657, "9241407.0--9308621.0": 0.7497921509413511, "9241407.0--9308625.0": 0.8615554823716499, "9241407.0--9241744.0": 0.7709016239396832, "9241407.0--9308629.0": 0.7925815188682217, "9222068.0--9241407.0": 0.7501688656752217, "9222248.0--9241407.0": 0.7851086607505312, "9222274.0--9241407.0": 0.7564529448273513, "9229116.0--9241407.0": 0.7714376741722868, "9233993.0--9241407.0": 0.7478991935873464, "9241407.0--9308623.0": 0.7929299704702306, "9222553.0--9241407.0": 0.7689539829808775, "9222341.0--9241407.0": 0.8165067256075683, "9222346.0--9241407.0": 0.7924556281642239, "9241407.0--9308628.0": 0.7773086428093805, "9222294.0--9241407.0": 0.7604300458886386, "9241407.0--9241732.0": 0.7587484904173742, "9222060.0--9241407.0": 0.8007056504169392, "9222280.0--9241407.0": 0.7659742857720234}