{"8805441.0--8842614.0": 0.793465308957536, "8809920.0--8842614.0": 0.8091531453499012, "8663312.0--8842614.0": 0.7469206480542573, "8477126.0--8842614.0": 0.8198815196710857, "8807224.0--8842614.0": 0.7774850950266045, "8807355.0--8842614.0": 0.7498301211833793, "8807320.0--8842614.0": 0.7866791013707655, "8665933.0--8842614.0": 0.7818380254659989, "8842614.0--8845772.0": 0.7925994931510693, "8812989.0--8842614.0": 0.7936057444783956, "8636969.0--8842614.0": 0.8044869031077415, "8805450.0--8842614.0": 0.7521661665094242, "8807243.0--8842614.0": 0.7603564216958052, "8805443.0--8842614.0": 0.764352229033264, "8673661.0--8842614.0": 0.7898285076989076, "8805419.0--8842614.0": 0.7713826268998935, "8451903.0--8842614.0": 0.7303465478168867, "8805429.0--8842614.0": 0.7711353803940605, "8809846.0--8842614.0": 0.785604531126327, "8809832.0--8842614.0": 0.798936749317853, "8413174.0--8842614.0": 0.7465777393050932, "8494817.0--8842614.0": 0.7582148046061699, "8637778.0--8842614.0": 0.7770311185340657, "8809742.0--8842614.0": 0.7903926415701509, "8807280.0--8842614.0": 0.8013267584661605, "8807274.0--8842614.0": 0.7916229311538949, "8842614.0--9216586.0": 0.7671436749903877, "8842614.0--9237132.0": 0.8011843558288976, "8842614.0--9216572.0": 0.7559606562037378, "8842614.0--9217952.0": 0.7710677925857772, "8842614.0--9217931.0": 0.7833061807093163, "8842614.0--9216507.0": 0.7712584242172238, "8842614.0--9222368.0": 0.7756323081733087, "8842614.0--9220137.0": 0.7717829137709424, "8842614.0--9233460.0": 0.7638151362070502, "8842614.0--9222263.0": 0.7737908326810038, "8842614.0--9293003.0": 0.7826216771073279, "8842614.0--9222102.0": 0.7993870991178808, "8842614.0--9222323.0": 0.7566091543925586, "8842614.0--9222287.0": 0.770624618730748, "8842614.0--9223736.0": 0.7856856213942053, "8842614.0--9224191.0": 0.8019876464268485, "8842614.0--9222251.0": 0.7670909170407942, "8842614.0--9229242.0": 0.7863057572544673, "8842614.0--9282195.0": 0.7495387254759049, "8842614.0--9222098.0": 0.8036817602057442, "8842614.0--9234027.0": 0.7522153134898817, "8842614.0--9246308.0": 0.7914265759421544, "8842614.0--9240072.0": 0.795612217958116, "8842614.0--9222353.0": 0.7561215672960879, "8842614.0--9222293.0": 0.7772003236528563, "8842614.0--9222089.0": 0.7862396261606943, "8842614.0--9228893.0": 0.7499630862288373, "8842614.0--9224192.0": 0.7791658644572655, "8842614.0--9222289.0": 0.7753561691333437, "8842614.0--9222038.0": 0.7623650206986304, "8842614.0--9229072.0": 0.7606438999885161, "8842614.0--9222295.0": 0.767268652701065, "8842614.0--9222342.0": 0.761628555091874, "8842614.0--9241407.0": 0.7214036241748303, "8842614.0--9288884.0": 0.7776221815847396, "8842614.0--9222351.0": 0.7522481117371241, "8842614.0--9223669.0": 0.7743185221657957, "8842614.0--9222315.0": 0.7699632266934442, "8842614.0--9222335.0": 0.7859068461001081, "8842614.0--9222327.0": 0.7805172393664509, "8842614.0--9233469.0": 0.771138163908266, "8842614.0--9226461.0": 0.7571077192176991, "8842614.0--9238508.0": 0.7957103687201905, "8842614.0--9222266.0": 0.7807664976480572, "8842614.0--9225008.0": 0.8004216141484183, "8842614.0--9290431.0": 0.8423951598551913, "8842614.0--9239918.0": 0.7843015586033376, "8842614.0--9231271.0": 0.7854511087371492, "8842614.0--9222313.0": 0.7796083895092792, "8842614.0--9231268.0": 0.7837322574150993, "8842614.0--9222035.0": 0.7661429303587077, "8842614.0--9222091.0": 0.7940404017395344, "8842614.0--9229515.0": 0.7264246398029554, "8842614.0--9222301.0": 0.8014361813682722, "8842614.0--9222358.0": 0.7870867986085135, "8842614.0--9229135.0": 0.8169778130878917, "8842614.0--9222047.0": 0.7623880523960928, "8842614.0--9222272.0": 0.762014792794047, "8842614.0--9222110.0": 0.7957115282778034, "8842614.0--9222364.0": 0.7497958255357892, "8842614.0--9222088.0": 0.7838921036132638, "8842614.0--9216518.0": 0.8137189721548553, "8842614.0--9222309.0": 0.7368067301825904, "8842614.0--9216595.0": 0.7637487432485827, "8842614.0--9216538.0": 0.7615005233647596, "8842614.0--9216549.0": 0.7862187581188431, "8842614.0--9216559.0": 0.7889435778566696, "8842614.0--9222376.0": 0.7715030561412989, "8842614.0--9222374.0": 0.7726618499597474, "8842614.0--9224194.0": 0.7337912459481561, "8842614.0--9222254.0": 0.7711294269058437, "8842614.0--9222049.0": 0.7243725570871441, "8842614.0--9222562.0": 0.7604378878789008, "8842614.0--9226126.0": 0.7648718725584807, "8842614.0--9240062.0": 0.8052964459999308, "8842614.0--9226101.0": 0.8550340793676041, "8842614.0--9222377.0": 0.7438582428602358, "8842614.0--9233392.0": 0.7702415626008993, "8842614.0--9222093.0": 0.7430604280385273, "8842614.0--9224154.0": 0.7331872414204132, "8842614.0--9240061.0": 0.7271222938771205, "8842614.0--9222512.0": 0.7699469531201082, "8842614.0--9241413.0": 0.7568600907113796, "8842614.0--9224646.0": 0.7560214628897393, "8842614.0--9222372.0": 0.7492240294890086, "8842614.0--9222253.0": 0.7510070616862534, "8842614.0--9222092.0": 0.7719929656976477, "8842614.0--9222271.0": 0.7513572739382873, "8842614.0--9230431.0": 0.7569856147725358, "8842614.0--9222076.0": 0.7599500450740232, "8842614.0--9222053.0": 0.8485154269013477, "8842614.0--9216532.0": 0.7718660230899439, "8842614.0--9222085.0": 0.8079262056230243, "8842614.0--9216629.0": 0.7943101451551676, "8842614.0--9308630.0": 0.7637629978564373, "8842614.0--9308624.0": 0.8041533315680751, "8842614.0--9219240.0": 0.7758736231306941, "8842614.0--9216630.0": 0.739885624816446, "8842614.0--9217981.0": 0.7715975196321808, "8842614.0--9224153.0": 0.7728355237220578, "8842614.0--9286505.0": 0.7547651158845439, "8842614.0--9216512.0": 0.7822377065816348, "8842614.0--9216579.0": 0.7515505329313105, "8842614.0--9222249.0": 0.7915220694893373, "8842614.0--9222367.0": 0.7776679523195077, "8842614.0--9222325.0": 0.7841295537896507, "8842614.0--9222510.0": 0.7766663511837983, "8842614.0--9246250.0": 0.7915140520077081, "8842614.0--9308627.0": 0.7888377867397758, "8842614.0--9224186.0": 0.7913789058623092, "8842614.0--9229232.0": 0.7402642285698385, "8842614.0--9226404.0": 0.740923414797118, "8842614.0--9308631.0": 0.7728540638464654, "8842614.0--9222255.0": 0.7498539534029695, "8842614.0--9222261.0": 0.7539579244143644, "8842614.0--9222338.0": 0.7666782843542509, "8842614.0--9222284.0": 0.787248270370066, "8842614.0--9230430.0": 0.7798767027919794, "8842614.0--9308622.0": 0.7841094302669835, "8842614.0--9286903.0": 0.7528433943648734, "8842614.0--9234473.0": 0.7457001124599142, "8842614.0--9241426.0": 0.7886334593956354, "8842614.0--9222269.0": 0.7666120409305481, "8842614.0--9237999.0": 0.7789001062556424, "8842614.0--9222072.0": 0.7706580002386254, "8842614.0--9224197.0": 0.7575766868251484, "8842614.0--9246282.0": 0.7638502926608224, "8842614.0--9222314.0": 0.759270711907959, "8842614.0--9222357.0": 0.7862887273914116, "8842614.0--9222086.0": 0.7516440488040224, "8842614.0--9222360.0": 0.7938164114530373, "8842614.0--9222065.0": 0.7476528411609459, "8842614.0--9228894.0": 0.8179558399777109, "8842614.0--9233264.0": 0.7763337576871894, "8842614.0--9222343.0": 0.7316846552155638, "8842614.0--9308621.0": 0.7756226801464834, "8842614.0--9308625.0": 0.7639114844368868, "8842614.0--9241744.0": 0.7689285771455108, "8842614.0--9308629.0": 0.7680356713177982, "8842614.0--9222068.0": 0.7353784533873291, "8842614.0--9222248.0": 0.7893298920213353, "8842614.0--9222274.0": 0.7986031320317984, "8842614.0--9229116.0": 0.7825996359023809, "8842614.0--9233993.0": 0.7856416264953059, "8842614.0--9308623.0": 0.777399185381371, "8842614.0--9222553.0": 0.7744503132473919, "8842614.0--9222341.0": 0.7922579534231585, "8842614.0--9222346.0": 0.775857760210733, "8842614.0--9308628.0": 0.7645830756943333, "8842614.0--9222294.0": 0.7814711080902894, "8842614.0--9241732.0": 0.7925691866739739, "8842614.0--9222060.0": 0.7953196724293043, "8842614.0--9222280.0": 0.8044638544290696}