{"9222325.0--9222510.0": 0.8671273316444468, "9222325.0--9246250.0": 0.764014322954654, "9222325.0--9308627.0": 0.7947927975024693, "9222325.0--9224186.0": 0.8235007740835865, "9222325.0--9229232.0": 0.8192414277603977, "9222325.0--9226404.0": 0.7391805169235117, "9222325.0--9308631.0": 0.784632040328844, "9222255.0--9222325.0": 0.8189660121968382, "9222261.0--9222325.0": 0.7671928518182913, "9222325.0--9222338.0": 0.7825725330163376, "9222284.0--9222325.0": 0.8064408186713501, "9222325.0--9230430.0": 0.80370692391012, "9222325.0--9308622.0": 0.7645005732734413, "9222325.0--9286903.0": 0.7258130024528305, "9222325.0--9234473.0": 0.760896406897591, "9222325.0--9241426.0": 0.7802597195598227, "9222269.0--9222325.0": 0.7818966620554408, "9222325.0--9237999.0": 0.7918977805843276, "9222072.0--9222325.0": 0.7950693942964, "9222325.0--9224197.0": 0.7567621240240503, "9222325.0--9246282.0": 0.7942211434945987, "9222314.0--9222325.0": 0.7458528391675202, "9222325.0--9222357.0": 0.786009312132688, "9222086.0--9222325.0": 0.7963357376393569, "9222325.0--9222360.0": 0.799756435386775, "9222065.0--9222325.0": 0.7400554727354545, "9222325.0--9228894.0": 0.8250962870700986, "9222325.0--9233264.0": 0.757776607623682, "9222325.0--9222343.0": 0.777746020781362, "9222325.0--9308621.0": 0.7984083259110097, "9222325.0--9308625.0": 0.7716249400602957, "9222325.0--9241744.0": 0.7803088319457964, "9222325.0--9308629.0": 0.7621190773200921, "9222068.0--9222325.0": 0.7228401482807932, "9222248.0--9222325.0": 0.771699397600746, "9222274.0--9222325.0": 0.7617999228037379, "9222325.0--9229116.0": 0.8011991088964019, "9222325.0--9233993.0": 0.8217564199269628, "9222325.0--9308623.0": 0.754834124568726, "9222325.0--9222553.0": 0.7519174840694014, "9222325.0--9222341.0": 0.8133451766881503, "9222325.0--9222346.0": 0.765268336110235, "9222325.0--9308628.0": 0.7526913136137106, "9222294.0--9222325.0": 0.7881248941856523, "9222325.0--9241732.0": 0.785808003728861, "9222060.0--9222325.0": 0.8156548650828647, "9222280.0--9222325.0": 0.795158598607157}