{"9216630.0--9217981.0": 0.7989088939578273, "9216630.0--9224153.0": 0.7713489092535075, "9216630.0--9286505.0": 0.7681257865382449, "9216512.0--9216630.0": 0.7908485018428797, "9216579.0--9216630.0": 0.8197549618718405, "9216630.0--9222249.0": 0.7985020720426046, "9216630.0--9222367.0": 0.7317279517709204, "9216630.0--9222325.0": 0.7566463188377499, "9216630.0--9222510.0": 0.7732652382920007, "9216630.0--9246250.0": 0.8069556957420979, "9216630.0--9308627.0": 0.8602154494710095, "9216630.0--9224186.0": 0.817700871188047, "9216630.0--9229232.0": 0.7844118234662751, "9216630.0--9226404.0": 0.7678425554693452, "9216630.0--9308631.0": 0.8251324401762541, "9216630.0--9222255.0": 0.8181424380252539, "9216630.0--9222261.0": 0.7843867898371812, "9216630.0--9222338.0": 0.7978312561826166, "9216630.0--9222284.0": 0.8169551734605265, "9216630.0--9230430.0": 0.8033863787219666, "9216630.0--9308622.0": 0.7500972699337407, "9216630.0--9286903.0": 0.7362397817666149, "9216630.0--9234473.0": 0.7977873513017879, "9216630.0--9241426.0": 0.8007672324149694, "9216630.0--9222269.0": 0.8040652835810452, "9216630.0--9237999.0": 0.7929989697584225, "9216630.0--9222072.0": 0.8200409899774277, "9216630.0--9224197.0": 0.813079727287199, "9216630.0--9246282.0": 0.7867983667580928, "9216630.0--9222314.0": 0.7635839071110968, "9216630.0--9222357.0": 0.7900447914287323, "9216630.0--9222086.0": 0.7710416093953898, "9216630.0--9222360.0": 0.7989338940339354, "9216630.0--9222065.0": 0.7602365187070304, "9216630.0--9228894.0": 0.8403618306868245, "9216630.0--9233264.0": 0.8681500449805053, "9216630.0--9222343.0": 0.7752132868073629, "9216630.0--9308621.0": 0.7606944826408885, "9216630.0--9308625.0": 0.833769625341596, "9216630.0--9241744.0": 0.7872649936668599, "9216630.0--9308629.0": 0.7947986717425559, "9216630.0--9222068.0": 0.7538001117702657, "9216630.0--9222248.0": 0.7948804451705545, "9216630.0--9222274.0": 0.7897955707890175, "9216630.0--9229116.0": 0.7905920694358852, "9216630.0--9233993.0": 0.78500170981027, "9216630.0--9308623.0": 0.8075958904893749, "9216630.0--9222553.0": 0.7653758444642216, "9216630.0--9222341.0": 0.830891915558162, "9216630.0--9222346.0": 0.7847491006352083, "9216630.0--9308628.0": 0.8170358920559121, "9216630.0--9222294.0": 0.809284681020041, "9216630.0--9241732.0": 0.7953292083889273, "9216630.0--9222060.0": 0.8487398747157027, "9216630.0--9222280.0": 0.8116422895979548}