{"9222269.0--9241426.0": 0.8122810635825997, "9237999.0--9241426.0": 0.8152077250516301, "9222072.0--9241426.0": 0.8125018229154228, "9224197.0--9241426.0": 0.7870319780592069, "9241426.0--9246282.0": 0.8108606817633723, "9222314.0--9241426.0": 0.8125267100182976, "9222357.0--9241426.0": 0.8292786391829969, "9222086.0--9241426.0": 0.7549815614294042, "9222360.0--9241426.0": 0.8412775128674952, "9222065.0--9241426.0": 0.7794771529092392, "9228894.0--9241426.0": 0.8207165732615699, "9233264.0--9241426.0": 0.8376777019390904, "9222343.0--9241426.0": 0.7731939165092179, "9241426.0--9308621.0": 0.7914504517174836, "9241426.0--9308625.0": 0.811874013967995, "9241426.0--9241744.0": 0.8108069724704052, "9241426.0--9308629.0": 0.8050324568888048, "9222068.0--9241426.0": 0.7547817656502467, "9222248.0--9241426.0": 0.8127159153369772, "9222274.0--9241426.0": 0.7977779443185766, "9229116.0--9241426.0": 0.8403001431273258, "9233993.0--9241426.0": 0.7797024633850567, "9241426.0--9308623.0": 0.8119743150149694, "9222553.0--9241426.0": 0.8152387830907886, "9222341.0--9241426.0": 0.8279325085185714, "9222346.0--9241426.0": 0.8307220008032926, "9241426.0--9308628.0": 0.8085349370811421, "9222294.0--9241426.0": 0.8177458301058713, "9241426.0--9241732.0": 0.8236856698500844, "9222060.0--9241426.0": 0.827353263304573, "9222280.0--9241426.0": 0.8335879119025679}