{"8434356.0--8807303.0": 0.7954523127027033, "8434356.0--8811606.0": 0.8254672177242648, "8434356.0--8807244.0": 0.808832807338309, "8434356.0--8490694.0": 0.831607279227943, "8434356.0--8809844.0": 0.8057366674924306, "8434356.0--8809850.0": 0.819220043427387, "8434356.0--8805445.0": 0.8025313679045002, "8412138.0--8434356.0": 0.7984050451624247, "8434356.0--8807247.0": 0.7860958958409099, "8434356.0--8848845.0": 0.7872364540305091, "8434356.0--8695851.0": 0.8037446440953089, "8434356.0--8713907.0": 0.805916968290541, "8434356.0--8809847.0": 0.8017853608170931, "8434356.0--8727480.0": 0.8046720674063037, "8434356.0--8706590.0": 0.7829366685940521, "8434356.0--8735916.0": 0.8049708907109121, "8434356.0--8474512.0": 0.7984794548190822, "8434356.0--8809845.0": 0.7772999379265229, "8434356.0--8540796.0": 0.8213353784649033, "8434356.0--8807233.0": 0.7974218347188966, "8434356.0--8617747.0": 0.7677510279618843, "8434356.0--8474486.0": 0.7670970339458716, "8434356.0--8474516.0": 0.7999236125830222, "8434356.0--8663650.0": 0.7466304781910631, "8434356.0--8663646.0": 0.7756713796420767, "8434356.0--8794553.0": 0.8023327977974481, "8434356.0--8863966.0": 0.7976383332029079, "8434356.0--8525340.0": 0.7920264103867523, "8434356.0--8805448.0": 0.7572224945670475, "8405549.0--8434356.0": 0.7999433450602614, "8434356.0--8611178.0": 0.774993434846739, "8434356.0--8827593.0": 0.767078944179225, "8434356.0--8805463.0": 0.7813706863833858, "8434356.0--8805457.0": 0.8050290567639622, "8434356.0--8805442.0": 0.7584356524490148, "8434356.0--8807266.0": 0.7699655316373142, "8434356.0--8813126.0": 0.769212851612959, "8434356.0--8585103.0": 0.7743457432502662, "8434356.0--8807235.0": 0.7955024602100917, "8434356.0--8585048.0": 0.782623189939172, "8434356.0--8809843.0": 0.7849877620960073, "8434356.0--8809842.0": 0.8076882413476236, "8434356.0--8842614.0": 0.756282461568381, "8434356.0--8805441.0": 0.7322338008542879, "8434356.0--8809920.0": 0.7167564483378784, "8434356.0--8663312.0": 0.7641113776021677, "8434356.0--8477126.0": 0.7983779440114604, "8434356.0--8807224.0": 0.8387206566220626, "8434356.0--8807355.0": 0.8097468313766968, "8434356.0--8807320.0": 0.7881287532305837, "8434356.0--8665933.0": 0.7920261812435521, "8434356.0--8845772.0": 0.7787341742071674, "8434356.0--8812989.0": 0.788814909157343, "8434356.0--8636969.0": 0.8085973339121859, "8434356.0--8805450.0": 0.7608694561813993, "8434356.0--8807243.0": 0.8003968409054272, "8434356.0--8805443.0": 0.771384858946628, "8434356.0--8673661.0": 0.8139989669386951, "8434356.0--8805419.0": 0.7970961246252883, "8434356.0--8451903.0": 0.7647561120375145, "8434356.0--8805429.0": 0.7787918785561573, "8434356.0--8809846.0": 0.7798130552729728, "8434356.0--8809832.0": 0.7940876569226027, "8413174.0--8434356.0": 0.7692778814705576, "8434356.0--8494817.0": 0.7814299799593853, "8434356.0--8637778.0": 0.8082326472035808, "8434356.0--8809742.0": 0.7591577414305188, "8434356.0--8807280.0": 0.7986893203252883, "8434356.0--8807274.0": 0.821445188109714, "8434356.0--9216586.0": 0.7947560593516619, "8434356.0--9237132.0": 0.7934129427994523, "8434356.0--9216572.0": 0.7868890596785576, "8434356.0--9217952.0": 0.7848508140296462, "8434356.0--9217931.0": 0.8022653227471812, "8434356.0--9216507.0": 0.7849422295650986, "8434356.0--9222368.0": 0.7926991445874049, "8434356.0--9220137.0": 0.7769346957388564, "8434356.0--9233460.0": 0.7702143143118768, "8434356.0--9222263.0": 0.7725518494058901, "8434356.0--9293003.0": 0.804016011247892, "8434356.0--9222102.0": 0.7814569026567614, "8434356.0--9222323.0": 0.7986068517376583, "8434356.0--9222287.0": 0.751244581747615, "8434356.0--9223736.0": 0.7907588502183307, "8434356.0--9224191.0": 0.8118428356437093, "8434356.0--9222251.0": 0.7718459808110252, "8434356.0--9229242.0": 0.7905844377123503, "8434356.0--9282195.0": 0.8153606043148982, "8434356.0--9222098.0": 0.8153094718688754, "8434356.0--9234027.0": 0.7759066024013623, "8434356.0--9246308.0": 0.7805348287988786, "8434356.0--9240072.0": 0.8158889486434797, "8434356.0--9222353.0": 0.8240629057491217, "8434356.0--9222293.0": 0.7816337888408124, "8434356.0--9222089.0": 0.7621956406061758, "8434356.0--9228893.0": 0.7912554435571212, "8434356.0--9224192.0": 0.7806885960171833, "8434356.0--9222289.0": 0.8003994782800734, "8434356.0--9222038.0": 0.821312344976417, "8434356.0--9229072.0": 0.7914203007692195, "8434356.0--9222295.0": 0.8154674442383465, "8434356.0--9222342.0": 0.7692906546154207, "8434356.0--9241407.0": 0.8284122404193217, "8434356.0--9288884.0": 0.7940500103449964, "8434356.0--9222351.0": 0.783246254824421, "8434356.0--9223669.0": 0.7987756614676779, "8434356.0--9222315.0": 0.7661362435745162, "8434356.0--9222335.0": 0.795456598687619, "8434356.0--9222327.0": 0.7827612152185806, "8434356.0--9233469.0": 0.7689327056097202, "8434356.0--9226461.0": 0.813498987157003, "8434356.0--9238508.0": 0.7998321335677242, "8434356.0--9222266.0": 0.7671743164525846, "8434356.0--9225008.0": 0.8072333097786033, "8434356.0--9290431.0": 0.7890426242806647, "8434356.0--9239918.0": 0.7917923919416254, "8434356.0--9231271.0": 0.7816285842869731, "8434356.0--9222313.0": 0.8167985296285886, "8434356.0--9231268.0": 0.7575080260518631, "8434356.0--9222035.0": 0.7948738822506369, "8434356.0--9222091.0": 0.787874542003981, "8434356.0--9229515.0": 0.7333476908286793, "8434356.0--9222301.0": 0.7917451358761424, "8434356.0--9222358.0": 0.8226530049074656, "8434356.0--9229135.0": 0.7797303687928371, "8434356.0--9222047.0": 0.7873657066869654, "8434356.0--9222272.0": 0.7947443092221189, "8434356.0--9222110.0": 0.7930772568465183, "8434356.0--9222364.0": 0.7937662632721685, "8434356.0--9222088.0": 0.8121006363728006, "8434356.0--9216518.0": 0.7814572174041555, "8434356.0--9222309.0": 0.7674846511388423, "8434356.0--9216595.0": 0.7852040332372838, "8434356.0--9216538.0": 0.770357003276191, "8434356.0--9216549.0": 0.7773982794779157, "8434356.0--9216559.0": 0.7793410300671907, "8434356.0--9222376.0": 0.7848650725931057, "8434356.0--9222374.0": 0.8384189615596541, "8434356.0--9224194.0": 0.7749734462756859, "8434356.0--9222254.0": 0.8273179420014725, "8434356.0--9222049.0": 0.788347946170722, "8434356.0--9222562.0": 0.7851891310540556, "8434356.0--9226126.0": 0.8370632400793401, "8434356.0--9240062.0": 0.8003967808804024, "8434356.0--9226101.0": 0.7747273201002529, "8434356.0--9222377.0": 0.8207934573131729, "8434356.0--9233392.0": 0.7995944489922996, "8434356.0--9222093.0": 0.7749322444131361, "8434356.0--9224154.0": 0.7521548764543388, "8434356.0--9240061.0": 0.8024512051106246, "8434356.0--9222512.0": 0.784606149931632, "8434356.0--9241413.0": 0.7897209640586964, "8434356.0--9224646.0": 0.7745667734257701, "8434356.0--9222372.0": 0.7598902668371154, "8434356.0--9222253.0": 0.7795191529784694, "8434356.0--9222092.0": 0.8222429451245064, "8434356.0--9222271.0": 0.8169087828732976, "8434356.0--9230431.0": 0.7873731218545496, "8434356.0--9222076.0": 0.8247821588505801, "8434356.0--9222053.0": 0.8137059841000894, "8434356.0--9216532.0": 0.7890915628576798, "8434356.0--9222085.0": 0.7837723675198827, "8434356.0--9216629.0": 0.7729736434409387, "8434356.0--9308630.0": 0.7975657342176662, "8434356.0--9308624.0": 0.7671191969688052, "8434356.0--9219240.0": 0.7785736931955958, "8434356.0--9216630.0": 0.7943739747149264, "8434356.0--9217981.0": 0.7933237932612357, "8434356.0--9224153.0": 0.7779830108121037, "8434356.0--9286505.0": 0.7550973365328765, "8434356.0--9216512.0": 0.7892588455355927, "8434356.0--9216579.0": 0.779756612120246, "8434356.0--9222249.0": 0.7751124113985697, "8434356.0--9222367.0": 0.7384220115308896, "8434356.0--9222325.0": 0.75886734915883, "8434356.0--9222510.0": 0.7646301674548506, "8434356.0--9246250.0": 0.7700564034921538, "8434356.0--9308627.0": 0.7978980386349657, "8434356.0--9224186.0": 0.8018829892208041, "8434356.0--9229232.0": 0.749448677588207, "8434356.0--9226404.0": 0.7844933050518051, "8434356.0--9308631.0": 0.77170370767297,