{"9222254.0--9224194.0": 0.7866100895098121, "9222049.0--9224194.0": 0.8160309867351933, "9222562.0--9224194.0": 0.8110684636855877, "9224194.0--9226126.0": 0.7954582118402056, "9224194.0--9240062.0": 0.7865391973064466, "9224194.0--9226101.0": 0.7689631369055155, "9222377.0--9224194.0": 0.7611730563242158, "9224194.0--9233392.0": 0.8154414479980707, "9222093.0--9224194.0": 0.7647087934224588, "9224154.0--9224194.0": 0.7728748604417761, "9224194.0--9240061.0": 0.7855419345609175, "9222512.0--9224194.0": 0.8201894797013898, "9224194.0--9241413.0": 0.7556081174443634, "9224194.0--9224646.0": 0.8001770252090274, "9222372.0--9224194.0": 0.7931209054000266, "9222253.0--9224194.0": 0.8473990553133257, "9222092.0--9224194.0": 0.8497858952535501, "9222271.0--9224194.0": 0.7824872055909553, "9224194.0--9230431.0": 0.8198835992866658, "9222076.0--9224194.0": 0.8504879708424085, "9222053.0--9224194.0": 0.8021711029253814, "9216532.0--9224194.0": 0.8186891140725607, "9222085.0--9224194.0": 0.7879561978298935, "9216629.0--9224194.0": 0.7900772985711872, "9224194.0--9308630.0": 0.7526065149374461, "9224194.0--9308624.0": 0.751225879521395, "9219240.0--9224194.0": 0.7945862006477051, "9216630.0--9224194.0": 0.8160532297037187, "9217981.0--9224194.0": 0.7613969086007739, "9224153.0--9224194.0": 0.7572623458556864, "9224194.0--9286505.0": 0.7616218063565485, "9216512.0--9224194.0": 0.777838353234753, "9216579.0--9224194.0": 0.7728241434297217, "9222249.0--9224194.0": 0.770609080270589, "9222367.0--9224194.0": 0.7280631898649392, "9222325.0--9224194.0": 0.7577407192250345, "9222510.0--9224194.0": 0.7726719357263574, "9224194.0--9246250.0": 0.7643130715136081, "9224194.0--9308627.0": 0.7885952014838888, "9224186.0--9224194.0": 0.8016275752902868, "9224194.0--9229232.0": 0.7634889780052636, "9224194.0--9226404.0": 0.7761381800881766, "9224194.0--9308631.0": 0.7946676629503489, "9222255.0--9224194.0": 0.7993241030779508, "9222261.0--9224194.0": 0.7647008916009039, "9222338.0--9224194.0": 0.782051866229213, "9222284.0--9224194.0": 0.7941946572364165, "9224194.0--9230430.0": 0.7791557739412531, "9224194.0--9308622.0": 0.7547863388970831, "9224194.0--9286903.0": 0.7321316513480326, "9224194.0--9234473.0": 0.7822857888195383, "9224194.0--9241426.0": 0.8001771736585517, "9222269.0--9224194.0": 0.8016304831569043, "9224194.0--9237999.0": 0.7870760926643987, "9222072.0--9224194.0": 0.7932317661451832, "9224194.0--9224197.0": 0.7818753650268295, "9224194.0--9246282.0": 0.7650441334564673, "9222314.0--9224194.0": 0.7461431264181777, "9222357.0--9224194.0": 0.775787777451395, "9222086.0--9224194.0": 0.7503848401347415, "9222360.0--9224194.0": 0.7748994316941931, "9222065.0--9224194.0": 0.754936439712218, "9224194.0--9228894.0": 0.813028799457012, "9224194.0--9233264.0": 0.8095818642943478, "9222343.0--9224194.0": 0.7563766265834244, "9224194.0--9308621.0": 0.7487436537848603, "9224194.0--9308625.0": 0.7956711905502325, "9224194.0--9241744.0": 0.7626462783937467, "9224194.0--9308629.0": 0.8052511503540919, "9222068.0--9224194.0": 0.7483209917810172, "9222248.0--9224194.0": 0.7968343009866815, "9222274.0--9224194.0": 0.7469062017010639, "9224194.0--9229116.0": 0.7796858639206815, "9224194.0--9233993.0": 0.7945076650661366, "9224194.0--9308623.0": 0.7818417923244553, "9222553.0--9224194.0": 0.7599331874003923, "9222341.0--9224194.0": 0.7857863862752374, "9222346.0--9224194.0": 0.7862444064849341, "9224194.0--9308628.0": 0.7985961990824505, "9222294.0--9224194.0": 0.7868639953700391, "9224194.0--9241732.0": 0.7632335632987491, "9222060.0--9224194.0": 0.7881071561255377, "9222280.0--9224194.0": 0.7832728997200246}