{"8419325.0--8805430.0": 0.7723333874139972, "8419325.0--8807301.0": 0.7635021429980068, "8419325.0--8713940.0": 0.7916756705002669, "8419325.0--8637795.0": 0.8197470923164425, "7999244.0--8419325.0": 0.7798315420337494, "8419325.0--8805439.0": 0.7623251683850745, "8419325.0--8805428.0": 0.8043159164094782, "8419325.0--8809223.0": 0.7783719944886848, "8419325.0--8795584.0": 0.792238221214503, "8419325.0--8807264.0": 0.7921551920763104, "8419325.0--8805431.0": 0.7721995351162738, "8419325.0--8453863.0": 0.7792871060237678, "8400404.0--8419325.0": 0.7754915664313582, "8419325.0--8809834.0": 0.7999072870819848, "8419325.0--8663447.0": 0.8048770062855622, "8419325.0--8807213.0": 0.7745603825133631, "8419325.0--8640251.0": 0.7741637684712123, "8419325.0--8807220.0": 0.795679362602336, "8419325.0--8617736.0": 0.7685463683822291, "8419325.0--8617746.0": 0.7402669063811504, "8419325.0--8640072.0": 0.7676926360957071, "8419325.0--8636208.0": 0.7870379279837953, "8419325.0--8805458.0": 0.7659734272779974, "8419325.0--8807271.0": 0.7680990734679387, "8419325.0--8809678.0": 0.7255872157342768, "8419325.0--8807226.0": 0.7678344445694445, "8419325.0--8805467.0": 0.8000484317928493, "8419325.0--8611113.0": 0.7606536451686237, "8419325.0--8854316.0": 0.8023273696957436, "8419325.0--8794607.0": 0.781342829599664, "8419325.0--8805418.0": 0.7359449342821734, "8419325.0--8836087.0": 0.7848581674192908, "8419325.0--8807283.0": 0.7865158313697713, "8419325.0--8820171.0": 0.7722514922953244, "8419325.0--8807288.0": 0.7471647304936787, "8419325.0--8807302.0": 0.7662032017419717, "8419325.0--8805466.0": 0.7801631251163603, "8419325.0--8807351.0": 0.7938043803921817, "8419325.0--8805420.0": 0.7714271073189838, "8419325.0--8807299.0": 0.7827556693025038, "8419325.0--8812988.0": 0.7699143481225453, "8419325.0--8807294.0": 0.7856872368497878, "8419325.0--8805434.0": 0.7952105592926096, "8419325.0--8732351.0": 0.7488503293343254, "8419325.0--8807232.0": 0.7871211097370762, "8419271.0--8419325.0": 0.7554392556639744, "8419325.0--8625484.0": 0.7743305625284995, "8419325.0--8807349.0": 0.7616835139153718, "8419325.0--8809730.0": 0.7745781065763403, "8419325.0--8730513.0": 0.7745128468308708, "8419325.0--8809833.0": 0.743229710119224, "8419325.0--8523628.0": 0.7908008558214772, "8419325.0--8434356.0": 0.7737118472981549, "8419325.0--8807303.0": 0.7960591577319173, "8419325.0--8811606.0": 0.8143533951084494, "8419325.0--8807244.0": 0.8001427447485356, "8419325.0--8490694.0": 0.788179145748075, "8419325.0--8809844.0": 0.807813433749534, "8419325.0--8809850.0": 0.7833170807524579, "8419325.0--8805445.0": 0.8282094843749038, "8412138.0--8419325.0": 0.7943345375646148, "8419325.0--8807247.0": 0.7933235855295131, "8419325.0--8848845.0": 0.7723855016083764, "8419325.0--8695851.0": 0.8149859202363748, "8419325.0--8713907.0": 0.8228183849906654, "8419325.0--8809847.0": 0.8069925653204985, "8419325.0--8727480.0": 0.8575517783264708, "8419325.0--8706590.0": 0.778103152022674, "8419325.0--8735916.0": 0.8454538421854634, "8419325.0--8474512.0": 0.7690777607319531, "8419325.0--8809845.0": 0.7962340129770134, "8419325.0--8540796.0": 0.8011910102660218, "8419325.0--8807233.0": 0.8363372899055429, "8419325.0--8617747.0": 0.7699432307520335, "8419325.0--8474486.0": 0.7738433174153427, "8419325.0--8474516.0": 0.7932313090530341, "8419325.0--8663650.0": 0.759477708389896, "8419325.0--8663646.0": 0.8115649534140689, "8419325.0--8794553.0": 0.8261891812675585, "8419325.0--8863966.0": 0.8101217853954716, "8419325.0--8525340.0": 0.8346379440421545, "8419325.0--8805448.0": 0.7347365948619334, "8405549.0--8419325.0": 0.7854648558983331, "8419325.0--8611178.0": 0.7967935653577165, "8419325.0--8827593.0": 0.7763209831708953, "8419325.0--8805463.0": 0.7507611788135898, "8419325.0--8805457.0": 0.7814750670649327, "8419325.0--8805442.0": 0.7669931525409117, "8419325.0--8807266.0": 0.7792855493033267, "8419325.0--8813126.0": 0.754872407651709, "8419325.0--8585103.0": 0.755810461695363, "8419325.0--8807235.0": 0.779496779635265, "8419325.0--8585048.0": 0.7818531213946421, "8419325.0--8809843.0": 0.7903441500540977, "8419325.0--8809842.0": 0.79577053020827, "8419325.0--8842614.0": 0.7729133772548454, "8419325.0--8805441.0": 0.7672670248631566, "8419325.0--8809920.0": 0.7299027408593151, "8419325.0--8663312.0": 0.7443629479764281, "8419325.0--8477126.0": 0.8154323376084457, "8419325.0--8807224.0": 0.7906196207138465, "8419325.0--8807355.0": 0.7656068428060234, "8419325.0--8807320.0": 0.759046218362303, "8419325.0--8665933.0": 0.763341760393966, "8419325.0--8845772.0": 0.7693973992989149, "8419325.0--8812989.0": 0.7835129520256484, "8419325.0--8636969.0": 0.7711260822714116, "8419325.0--8805450.0": 0.7775506885290278, "8419325.0--8807243.0": 0.77072792168946, "8419325.0--8805443.0": 0.7722590960238033, "8419325.0--8673661.0": 0.8090770427163383, "8419325.0--8805419.0": 0.7936973461782062, "8419325.0--8451903.0": 0.7673446367729506, "8419325.0--8805429.0": 0.7728987697470037, "8419325.0--8809846.0": 0.75828412435093, "8419325.0--8809832.0": 0.7478280926783876, "8413174.0--8419325.0": 0.7778565503237905, "8419325.0--8494817.0": 0.7760954453821712, "8419325.0--8637778.0": 0.8018812378932945, "8419325.0--8809742.0": 0.7628128935031055, "8419325.0--8807280.0": 0.7825761110250482, "8419325.0--8807274.0": 0.8178515307896355, "8419325.0--9216586.0": 0.8022798837180782, "8419325.0--9237132.0": 0.7665569486352167, "8419325.0--9216572.0": 0.7605129877685375, "8419325.0--9217952.0": 0.7833941822632455, "8419325.0--9217931.0": 0.7782122184148351, "8419325.0--9216507.0": 0.8020631149405097, "8419325.0--9222368.0": 0.7784631863224882, "8419325.0--9220137.0": 0.7327976322947006, "8419325.0--9233460.0": 0.7802678882284316, "8419325.0--9222263.0": 0.7559057076688541, "8419325.0--9293003.0": 0.7623737635675172, "8419325.0--9222102.0": 0.7556791779576836, "8419325.0--9222323.0": 0.7713979050119226, "8419325.0--9222287.0": 0.7491230829268427, "8419325.0--9223736.0": 0.7513303178581211, "8419325.0--9224191.0": 0.8049544101425627, "8419325.0--9222251.0": 0.7393198390598181, "8419325.0--9229242.0": 0.7646275585741109, "8419325.0--9282195.0": 0.8000015754181943, "8419325.0--9222098.0": 0.7968324156949137, "8419325.0--9234027.0": 0.7729273800613968, "8419325.0--9246308.0": 0.7556724345120435, "8419325.0--9240072.0": 0.8012825094411576, "8419325.0--9222353.0": 0.7780330702934242, "8419325.0--9222293.0": 0.7496962559178906, "8419325.0--9222089.0": 0.7546750865386285, "8419325.0--9228893.0": 0.7646877968172037, "8419325.0--9224192.0": 0.8107145794754902, "8419325.0--9222289.0": 0.751050731448451, "8419325.0--9222038.0": 0.7893394892421992, "8419325.0--9229072.0": 0.7922428026348081, "8419325.0--9222295.0": 0.7880642635871693, "8419325.0--9222342.0": 0.7376950811612469, "8419325.0--9241407.0": 0.7855748863517472, "8419325.0--9288884.0": 0.7777793682333345, "8419325.0--9222351.0": 0.7691446985470888, "8419325.0--9223669.0": 0.7682218623277104, "8419325.0--9222315.0": 0.7636601772238127, "8419325.0--9222335.0": 0.7922711434569927, "8419325.0--9222327.0": 0.7713179595408264, "8419325.0--9233469.0": 0.770179764263934, "8419325.0--9226461.0": 0.779059152321715, "8419325.0--9238508.0": 0.7854978934603773, "8419325.0--9222266.0": 0.7753006862022946, "8419325.0--9225008.0": 0.7908675300734044, "8419325.0--9290431.0": 0.7977540162706123, "8419325.0--9239918.0": 0.7476090386738272, "8419325.0--9231271.0": 0.7783172834967882, "8419325.0--9222313.0": 0.7993684565586067, "8419325.0--9231268.0": 0.7904071521692414, "8419325.0--9222035.0": 0.8009962424645648, "8419325.0--9222091.0": 0.773595664642803, "8419325.0--9229515.0": 0.7316765776007506, "8419325.0--9222301.0": 0.807489039855664, "8419325.0--9222358.0": 0.7691611202258621, "8419325.0--9229135.0": 0.800640279308905, "8419325.0--9222047.0": 0.7525235235645984, "8419325.0--9222272.0": 0.7539983106468562, "8419325.0--9222110.0": 0.7831689482002304, "8419325.0--9222364.0": 0.8045988576858256,