{"8440825.0--8494828.0": 0.7972066048487281, "8440814.0--8494828.0": 0.7761345799618584, "8440838.0--8494828.0": 0.7947189468892963, "8440855.0--8494828.0": 0.7585291775919609, "8454489.0--8494828.0": 0.7657159532864753, "8440834.0--8494828.0": 0.7665212845777285, "8440826.0--8494828.0": 0.7960650658974513, "8440823.0--8494828.0": 0.7659603659020352, "8440845.0--8494828.0": 0.7602618897225019, "8440810.0--8494828.0": 0.7880116921497008, "8440806.0--8494828.0": 0.8085374321619943, "8440817.0--8494828.0": 0.7578477523606819, "8440813.0--8494828.0": 0.814882582145618, "8443125.0--8494828.0": 0.7249090437037137, "8456575.0--8494828.0": 0.778233190757089, "8440860.0--8494828.0": 0.8045891543699902, "8454343.0--8494828.0": 0.771689668923724, "8440803.0--8494828.0": 0.7774173843402306, "8454344.0--8494828.0": 0.7852542931890675, "8440854.0--8494828.0": 0.7984123559435201, "8454346.0--8494828.0": 0.7668534035524472, "8440827.0--8494828.0": 0.7426752737294888, "8440836.0--8494828.0": 0.761997914019489, "8440844.0--8494828.0": 0.7830508832838426, "8440808.0--8494828.0": 0.7900594284016438, "8440837.0--8494828.0": 0.8055504903503606, "8440858.0--8494828.0": 0.747357338622774, "8440820.0--8494828.0": 0.7844616727029726, "8440833.0--8494828.0": 0.7619903397118977, "8444072.0--8494828.0": 0.7805524216747666, "8440812.0--8494828.0": 0.7733492752628036, "8440809.0--8494828.0": 0.7758724825671388, "8454904.0--8494828.0": 0.8701491912288387, "8440846.0--8494828.0": 0.7657626489764634, "8440830.0--8494828.0": 0.7687625219775344, "8444077.0--8494828.0": 0.7618394495668229, "8440847.0--8494828.0": 0.801337983708364, "8440849.0--8494828.0": 0.7593277012762822, "8443124.0--8494828.0": 0.7825161068812403, "8440843.0--8494828.0": 0.734255201434058, "8494828.0--8807265.0": 0.8169500709939166, "8494828.0--8816695.0": 0.7754113297882598, "8494828.0--8805426.0": 0.8102841966571316, "8494828.0--8805421.0": 0.8286787687852712, "8494828.0--8812684.0": 0.7620862745460696, "8494828.0--8805461.0": 0.7584430689756951, "8494828.0--8807255.0": 0.8221572291434246, "8494828.0--8805460.0": 0.7650307594594127, "8494828.0--8807292.0": 0.7690106233068881, "8494828.0--8807354.0": 0.7917740124453365, "8494828.0--8809711.0": 0.754068542957627, "8494828.0--8805422.0": 0.7514256061603138, "8494828.0--8805424.0": 0.7397960809841843, "8494828.0--8794517.0": 0.7491736052496106, "8494828.0--8805451.0": 0.7769163436609353, "8494828.0--8807223.0": 0.7452458587853734, "8494828.0--8794560.0": 0.7756529740011209, "8481543.0--8494828.0": 0.7714707040534514, "8494828.0--8802285.0": 0.8100050324084729, "8494828.0--8807245.0": 0.7863477541244122, "8494828.0--8805456.0": 0.7747931632644247, "8494828.0--8827944.0": 0.8548266334338697, "8494828.0--8807296.0": 0.7981606110663717, "8494828.0--8827951.0": 0.7743414529718922, "8494828.0--8854335.0": 0.7902110269734473, "8494828.0--8805446.0": 0.7918709827108035, "8494828.0--8805436.0": 0.7826957074042252, "8494828.0--8805433.0": 0.7417471991769816, "8494828.0--8546802.0": 0.7820840440366676, "8494828.0--8805427.0": 0.7688305722138622, "8494828.0--8836120.0": 0.7735002343412523, "8494828.0--8794768.0": 0.7439375283219101, "8494828.0--8809750.0": 0.7784869371516978, "8494828.0--8820172.0": 0.8368996102510062, "8476234.0--8494828.0": 0.7763862710736308, "8494828.0--8807314.0": 0.7745599028410093, "8494828.0--8794520.0": 0.7986151576586278, "8494828.0--8805452.0": 0.8252138673757514, "8494828.0--8805462.0": 0.7671857924326827, "8494828.0--8807275.0": 0.8187873254167107, "8419285.0--8494828.0": 0.7692451400341174, "8494828.0--8807379.0": 0.7639221912968877, "8494828.0--8807234.0": 0.7855261303617972, "8423100.0--8494828.0": 0.7677653715137394, "8494828.0--8805455.0": 0.7652229053471162, "8494828.0--8727493.0": 0.7398400823092967, "8494828.0--8807369.0": 0.7676594211245997, "8494828.0--8532319.0": 0.8036869335138401, "8419325.0--8494828.0": 0.7948623274888305, "8494828.0--8805430.0": 0.7587761223035424, "8494828.0--8807301.0": 0.8258669148972273, "8494828.0--8713940.0": 0.7829502123072439, "8494828.0--8637795.0": 0.7683281276635058, "7999244.0--8494828.0": 0.7927303910401795, "8494828.0--8805439.0": 0.7872797320167976, "8494828.0--8805428.0": 0.7792641046150863, "8494828.0--8809223.0": 0.7744955419754469, "8494828.0--8795584.0": 0.7840496563740034, "8494828.0--8807264.0": 0.8026759371521117, "8494828.0--8805431.0": 0.7427418444121192, "8453863.0--8494828.0": 0.7601544998915667, "8400404.0--8494828.0": 0.7980829732091815, "8494828.0--8809834.0": 0.7809474225723347, "8494828.0--8663447.0": 0.7764960305234506, "8494828.0--8807213.0": 0.7873336135595925, "8494828.0--8640251.0": 0.782948100256584, "8494828.0--8807220.0": 0.7957538417151911, "8494828.0--8617736.0": 0.7658614583052528, "8494828.0--8617746.0": 0.7581985122318704, "8494828.0--8640072.0": 0.7669117656113322, "8494828.0--8636208.0": 0.7805501838375104, "8494828.0--8805458.0": 0.7991228034600827, "8494828.0--8807271.0": 0.7905519334427752, "8494828.0--8809678.0": 0.7842109695342419, "8494828.0--8807226.0": 0.78769117150295, "8494828.0--8805467.0": 0.7904043564252032, "8494828.0--8611113.0": 0.7610298632170382, "8494828.0--8854316.0": 0.7927171575843446, "8494828.0--8794607.0": 0.7613419556150456, "8494828.0--8805418.0": 0.7572602786151622, "8494828.0--8836087.0": 0.7651297070731574, "8494828.0--8807283.0": 0.8157875750318456, "8494828.0--8820171.0": 0.7715525598538155, "8494828.0--8807288.0": 0.7641859333847034, "8494828.0--8807302.0": 0.7721861899593969, "8494828.0--8805466.0": 0.7838156948209378, "8494828.0--8807351.0": 0.7686960880309216, "8494828.0--8805420.0": 0.7870988198331563, "8494828.0--8807299.0": 0.8340618185305044, "8494828.0--8812988.0": 0.8387495400835407, "8494828.0--8807294.0": 0.8374421453383798, "8494828.0--8805434.0": 0.7790599430386166, "8494828.0--8732351.0": 0.8010002574797661, "8494828.0--8807232.0": 0.7873578570034512, "8419271.0--8494828.0": 0.7606121047556444, "8494828.0--8625484.0": 0.803695802549946, "8494828.0--8807349.0": 0.8113082218612997, "8494828.0--8809730.0": 0.7819848042349927, "8494828.0--8730513.0": 0.7862100213647386, "8494828.0--8809833.0": 0.7882254169285987, "8494828.0--8523628.0": 0.7713608220779685, "8434356.0--8494828.0": 0.7786416668432581, "8494828.0--8807303.0": 0.7715305513576036, "8494828.0--8811606.0": 0.7984396655080253, "8494828.0--8807244.0": 0.7610245563670482, "8490694.0--8494828.0": 0.7908559672228106, "8494828.0--8809844.0": 0.752301715638262, "8494828.0--8809850.0": 0.7877167108899196, "8494828.0--8805445.0": 0.7586345778039012, "8412138.0--8494828.0": 0.7765431215342302, "8494828.0--8807247.0": 0.7492362426285705, "8494828.0--8848845.0": 0.7589569193090032, "8494828.0--8695851.0": 0.7794412651095353, "8494828.0--8713907.0": 0.7835651481984499, "8494828.0--8809847.0": 0.7916921167596752, "8494828.0--8727480.0": 0.7926073049185596, "8494828.0--8706590.0": 0.7662398829333368, "8494828.0--8735916.0": 0.8199406740807826, "8474512.0--8494828.0": 0.7559336579385151, "8494828.0--8809845.0": 0.774812943508919, "8494828.0--8540796.0": 0.8094427887777809, "8494828.0--8807233.0": 0.7968176910118272, "8494828.0--8617747.0": 0.8049853252554634, "8474486.0--8494828.0": 0.7809370163331225, "8474516.0--8494828.0": 0.8090921726906695, "8494828.0--8663650.0": 0.7580957416208988, "8494828.0--8663646.0": 0.7921483935467641, "8494828.0--8794553.0": 0.7805216814935813, "8494828.0--8863966.0": 0.7752714171690731, "8494828.0--8525340.0": 0.7577566259098882, "8494828.0--8805448.0": 0.7594723189038635, "8405549.0--8494828.0": 0.7762235363783594, "8494828.0--8611178.0": 0.7697465485931677, "8494828.0--8827593.0": 0.8214416978618957, "8494828.0--8805463.0": 0.8113601880597642, "8494828.0--8805457.0": 0.8469716043743778, "8494828.0--8805442.0": 0.780931478265005, "8494828.0--8807266.0": 0.8200808686375558, "8494828.0--8813126.0": 0.7928859182115541, "8494828.0--8585103.0": 0.8079831442789588, "8494828.0--8807235.0": 0.8072249143206363, "8494828.0--8585048.0": 0.8032003013085459,