{"8727480.0--8809847.0": 0.8758092776542732, "8706590.0--8809847.0": 0.8676371696462744, "8735916.0--8809847.0": 0.8396459399560081, "8474512.0--8809847.0": 0.8140715153281735, "8809845.0--8809847.0": 0.7828616004816819, "8540796.0--8809847.0": 0.8876646536674282, "8807233.0--8809847.0": 0.823876578464005, "8617747.0--8809847.0": 0.7638861121599297, "8474486.0--8809847.0": 0.7814963475797718, "8474516.0--8809847.0": 0.8150022693577434, "8663650.0--8809847.0": 0.8038536132849444, "8663646.0--8809847.0": 0.8133264581316372, "8794553.0--8809847.0": 0.8222331083385084, "8809847.0--8863966.0": 0.7884508644350446, "8525340.0--8809847.0": 0.7921190753435579, "8805448.0--8809847.0": 0.7683411708563257, "8405549.0--8809847.0": 0.8034252406644081, "8611178.0--8809847.0": 0.7987387054620678, "8809847.0--8827593.0": 0.822273767998422, "8805463.0--8809847.0": 0.781568352764588, "8805457.0--8809847.0": 0.8250010320511811, "8805442.0--8809847.0": 0.7984503849180893, "8807266.0--8809847.0": 0.820000771953236, "8809847.0--8813126.0": 0.7925311474768473, "8585103.0--8809847.0": 0.7887609069388509, "8807235.0--8809847.0": 0.8016683094196315, "8585048.0--8809847.0": 0.8177260252343717, "8809843.0--8809847.0": 0.8207176577138158, "8809842.0--8809847.0": 0.8010070484244439, "8809847.0--8842614.0": 0.7809529211427368, "8805441.0--8809847.0": 0.7586823446327675, "8809847.0--8809920.0": 0.7507652076286911, "8663312.0--8809847.0": 0.7779605358581161, "8477126.0--8809847.0": 0.8273336847351954, "8807224.0--8809847.0": 0.8355670348638834, "8807355.0--8809847.0": 0.7947010817957312, "8807320.0--8809847.0": 0.7873169403309555, "8665933.0--8809847.0": 0.7980701291768308, "8809847.0--8845772.0": 0.822419436831556, "8809847.0--8812989.0": 0.8007390569322197, "8636969.0--8809847.0": 0.8267537881135867, "8805450.0--8809847.0": 0.8092801745742301, "8807243.0--8809847.0": 0.8158515138202541, "8805443.0--8809847.0": 0.7816235713674871, "8673661.0--8809847.0": 0.8125145258280719, "8805419.0--8809847.0": 0.8081306416996836, "8451903.0--8809847.0": 0.7789083222807426, "8805429.0--8809847.0": 0.7873943531966493, "8809846.0--8809847.0": 0.7771027631611295, "8809832.0--8809847.0": 0.8298714859120154, "8413174.0--8809847.0": 0.7789819182809541, "8494817.0--8809847.0": 0.7630451016640786, "8637778.0--8809847.0": 0.785592149699318, "8809742.0--8809847.0": 0.8063368895835874, "8807280.0--8809847.0": 0.8297176401801147, "8807274.0--8809847.0": 0.8663130633861669, "8809847.0--9216586.0": 0.821562134043539, "8809847.0--9237132.0": 0.8035262522079453, "8809847.0--9216572.0": 0.7956202001982451, "8809847.0--9217952.0": 0.7903911256361656, "8809847.0--9217931.0": 0.8619267205901571, "8809847.0--9216507.0": 0.8153309884805238, "8809847.0--9222368.0": 0.8266199508744196, "8809847.0--9220137.0": 0.7515090639814469, "8809847.0--9233460.0": 0.7945313126342668, "8809847.0--9222263.0": 0.75938156293916, "8809847.0--9293003.0": 0.8057192404592368, "8809847.0--9222102.0": 0.7902478237479719, "8809847.0--9222323.0": 0.8067276298263756, "8809847.0--9222287.0": 0.7902044644286008, "8809847.0--9223736.0": 0.7835495696043642, "8809847.0--9224191.0": 0.8235096455602988, "8809847.0--9222251.0": 0.7729536987543691, "8809847.0--9229242.0": 0.8116166328176699, "8809847.0--9282195.0": 0.7960908073790818, "8809847.0--9222098.0": 0.8337543697977012, "8809847.0--9234027.0": 0.8012741659751662, "8809847.0--9246308.0": 0.8196967441691771, "8809847.0--9240072.0": 0.8404590782113595, "8809847.0--9222353.0": 0.8183812603859063, "8809847.0--9222293.0": 0.7832103767537747, "8809847.0--9222089.0": 0.7821588284667409, "8809847.0--9228893.0": 0.7915588375245507, "8809847.0--9224192.0": 0.7984985038171218, "8809847.0--9222289.0": 0.8238239770642587, "8809847.0--9222038.0": 0.8180495015651277, "8809847.0--9229072.0": 0.7933182979278032, "8809847.0--9222295.0": 0.8061814927774278, "8809847.0--9222342.0": 0.8032366034994297, "8809847.0--9241407.0": 0.7959781244642005, "8809847.0--9288884.0": 0.7739703417151114, "8809847.0--9222351.0": 0.7884245838909741, "8809847.0--9223669.0": 0.8212879273168636, "8809847.0--9222315.0": 0.8120432611509404, "8809847.0--9222335.0": 0.8115307185608207, "8809847.0--9222327.0": 0.7849238886609724, "8809847.0--9233469.0": 0.7992068185580744, "8809847.0--9226461.0": 0.809361932564949, "8809847.0--9238508.0": 0.8059238713637159, "8809847.0--9222266.0": 0.7659444277323951, "8809847.0--9225008.0": 0.8105910877162499, "8809847.0--9290431.0": 0.7867368710296405, "8809847.0--9239918.0": 0.7874878759013625, "8809847.0--9231271.0": 0.8080848416107116, "8809847.0--9222313.0": 0.8228559626968951, "8809847.0--9231268.0": 0.8138461188998399, "8809847.0--9222035.0": 0.7772544866069746, "8809847.0--9222091.0": 0.8456861660638649, "8809847.0--9229515.0": 0.7854228779715703, "8809847.0--9222301.0": 0.8532673397035775, "8809847.0--9222358.0": 0.8189169878405753, "8809847.0--9229135.0": 0.8194422139667505, "8809847.0--9222047.0": 0.7700578256440327, "8809847.0--9222272.0": 0.7920261606003316, "8809847.0--9222110.0": 0.8108980592422586, "8809847.0--9222364.0": 0.781140642058066, "8809847.0--9222088.0": 0.8211470657858864, "8809847.0--9216518.0": 0.812831898911498, "8809847.0--9222309.0": 0.7781920129673169, "8809847.0--9216595.0": 0.780657712901383, "8809847.0--9216538.0": 0.7857912708493799, "8809847.0--9216549.0": 0.7974193924486658, "8809847.0--9216559.0": 0.8053967213682267, "8809847.0--9222376.0": 0.801570901574458, "8809847.0--9222374.0": 0.8576501554187257, "8809847.0--9224194.0": 0.7942506938102609, "8809847.0--9222254.0": 0.8107266494382798, "8809847.0--9222049.0": 0.836356270237459, "8809847.0--9222562.0": 0.8124032702021549, "8809847.0--9226126.0": 0.8013072061902087, "8809847.0--9240062.0": 0.8209611066361147, "8809847.0--9226101.0": 0.7941057507335456, "8809847.0--9222377.0": 0.780424137421444, "8809847.0--9233392.0": 0.8057056068239117, "8809847.0--9222093.0": 0.8069466212632864, "8809847.0--9224154.0": 0.761489162798336, "8809847.0--9240061.0": 0.8079207494986433, "8809847.0--9222512.0": 0.7869898763167944, "8809847.0--9241413.0": 0.8072822404426927, "8809847.0--9224646.0": 0.8397399504240263, "8809847.0--9222372.0": 0.8048266748125215, "8809847.0--9222253.0": 0.7880998019582437, "8809847.0--9222092.0": 0.8361970250160964, "8809847.0--9222271.0": 0.8234379762194864, "8809847.0--9230431.0": 0.8115476761263788, "8809847.0--9222076.0": 0.8484544437041233, "8809847.0--9222053.0": 0.8223900952376159, "8809847.0--9216532.0": 0.823500966659582, "8809847.0--9222085.0": 0.8272285209850638, "8809847.0--9216629.0": 0.7908601348247128, "8809847.0--9308630.0": 0.8020609488013941, "8809847.0--9308624.0": 0.7608532053699254, "8809847.0--9219240.0": 0.7890945709911452, "8809847.0--9216630.0": 0.8157043930895846, "8809847.0--9217981.0": 0.8347805572682305, "8809847.0--9224153.0": 0.7875171327686789, "8809847.0--9286505.0": 0.7719708686022675, "8809847.0--9216512.0": 0.786094338656331, "8809847.0--9216579.0": 0.7976103247272531, "8809847.0--9222249.0": 0.8415465188575648, "8809847.0--9222367.0": 0.7779153158703834, "8809847.0--9222325.0": 0.7835577037133643, "8809847.0--9222510.0": 0.8014619178562077, "8809847.0--9246250.0": 0.798953590138894, "8809847.0--9308627.0": 0.8325092132180159, "8809847.0--9224186.0": 0.8338251022010896, "8809847.0--9229232.0": 0.7744670142582335, "8809847.0--9226404.0": 0.7874977448320312, "8809847.0--9308631.0": 0.798815951858834, "8809847.0--9222255.0": 0.7915900816872319, "8809847.0--9222261.0": 0.8134932752664501, "8809847.0--9222338.0": 0.8043783923076121, "8809847.0--9222284.0": 0.8127706291441253, "8809847.0--9230430.0": 0.8329780514583973, "8809847.0--9308622.0": 0.7490625728921674, "8809847.0--9286903.0": 0.7428756967657265, "8809847.0--9234473.0": 0.795106951840371, "8809847.0--9241426.0": 0.7938142318088129, "8809847.0--9222269.0": 0.7885580473611875, "8809847.0--9237999.0": 0.8204761140076161, "8809847.0--9222072.0": 0.8572971050010258, "8809847.0--9224197.0": 0.8203822944398249,