{"8805422.0--8805424.0": 0.8160310908770101, "8794517.0--8805422.0": 0.747119471915051, "8805422.0--8805451.0": 0.7362208217121355, "8805422.0--8807223.0": 0.7361610082965581, "8794560.0--8805422.0": 0.7381040633449427, "8481543.0--8805422.0": 0.7345547606733576, "8802285.0--8805422.0": 0.7198765167830503, "8805422.0--8807245.0": 0.7750681969486957, "8805422.0--8805456.0": 0.7331113717424349, "8805422.0--8827944.0": 0.7253777012456463, "8805422.0--8807296.0": 0.7669197721118199, "8805422.0--8827951.0": 0.7247639669060648, "8805422.0--8854335.0": 0.7434739354571368, "8805422.0--8805446.0": 0.7662778598036313, "8805422.0--8805436.0": 0.7503336155482434, "8805422.0--8805433.0": 0.7631095286741659, "8546802.0--8805422.0": 0.7697893338122805, "8805422.0--8805427.0": 0.7976312655084367, "8805422.0--8836120.0": 0.7994948433265616, "8794768.0--8805422.0": 0.7840592994014155, "8805422.0--8809750.0": 0.7429500079695762, "8805422.0--8820172.0": 0.7902506700088412, "8476234.0--8805422.0": 0.8338992176490306, "8805422.0--8807314.0": 0.7435316417779142, "8794520.0--8805422.0": 0.7869961307345561, "8805422.0--8805452.0": 0.7871789024952988, "8805422.0--8805462.0": 0.7708123388045912, "8805422.0--8807275.0": 0.7521606147093237, "8419285.0--8805422.0": 0.7507853532410491, "8805422.0--8807379.0": 0.7613986682624839, "8805422.0--8807234.0": 0.8023792600059292, "8423100.0--8805422.0": 0.7619375716000738, "8805422.0--8805455.0": 0.7377278197935137, "8727493.0--8805422.0": 0.7183585161058379, "8805422.0--8807369.0": 0.7370277281719455, "8532319.0--8805422.0": 0.7329228564881705, "8419325.0--8805422.0": 0.7685233360154157, "8805422.0--8805430.0": 0.7823122265588092, "8805422.0--8807301.0": 0.7870361023688306, "8713940.0--8805422.0": 0.8032190362958186, "8637795.0--8805422.0": 0.8035343826610551, "7999244.0--8805422.0": 0.7696929667027026, "8805422.0--8805439.0": 0.7871922082547806, "8805422.0--8805428.0": 0.798998913082648, "8805422.0--8809223.0": 0.8074713075897412, "8795584.0--8805422.0": 0.7597591302668246, "8805422.0--8807264.0": 0.759547424620221, "8805422.0--8805431.0": 0.7796435770704307, "8453863.0--8805422.0": 0.7440799804531237, "8400404.0--8805422.0": 0.7495573503601283, "8805422.0--8809834.0": 0.7653907542498816, "8663447.0--8805422.0": 0.7493618805319282, "8805422.0--8807213.0": 0.8081672594233367, "8640251.0--8805422.0": 0.7845705149068019, "8805422.0--8807220.0": 0.7900923974240358, "8617736.0--8805422.0": 0.7928179874907646, "8617746.0--8805422.0": 0.7422925686800157, "8640072.0--8805422.0": 0.7805994784194079, "8636208.0--8805422.0": 0.7899503902297471, "8805422.0--8805458.0": 0.7969571711402419, "8805422.0--8807271.0": 0.7870042284957365, "8805422.0--8809678.0": 0.7775021212517549, "8805422.0--8807226.0": 0.824160587990929, "8805422.0--8805467.0": 0.787088595538501, "8611113.0--8805422.0": 0.791387436170046, "8805422.0--8854316.0": 0.7821178878528692, "8794607.0--8805422.0": 0.7813610390500045, "8805418.0--8805422.0": 0.7552885518815902, "8805422.0--8836087.0": 0.8026578310507617, "8805422.0--8807283.0": 0.7828869929999827, "8805422.0--8820171.0": 0.7798285059281946, "8805422.0--8807288.0": 0.7466840607681718, "8805422.0--8807302.0": 0.7707567862363773, "8805422.0--8805466.0": 0.7658386768881079, "8805422.0--8807351.0": 0.802357624007652, "8805420.0--8805422.0": 0.7742745993297855, "8805422.0--8807299.0": 0.7674893501293494, "8805422.0--8812988.0": 0.7922615598356528, "8805422.0--8807294.0": 0.7647738152396772, "8805422.0--8805434.0": 0.8086146704085561, "8732351.0--8805422.0": 0.740305904125281, "8805422.0--8807232.0": 0.7490826389179146, "8419271.0--8805422.0": 0.7527459147142986, "8625484.0--8805422.0": 0.7928475706397804, "8805422.0--8807349.0": 0.78200070357515, "8805422.0--8809730.0": 0.7651834225420655, "8730513.0--8805422.0": 0.7982964847550951, "8805422.0--8809833.0": 0.7809235403946331, "8523628.0--8805422.0": 0.7517137783461916, "8434356.0--8805422.0": 0.7596413247468844, "8805422.0--8807303.0": 0.7705465433418603, "8805422.0--8811606.0": 0.7346907060408681, "8805422.0--8807244.0": 0.7545133612597822, "8490694.0--8805422.0": 0.7742811214830172, "8805422.0--8809844.0": 0.7735138946805775, "8805422.0--8809850.0": 0.7916786214101952, "8805422.0--8805445.0": 0.751809601092882, "8412138.0--8805422.0": 0.7504894645769401, "8805422.0--8807247.0": 0.7732263474919446, "8805422.0--8848845.0": 0.7949122281162552, "8695851.0--8805422.0": 0.7610085431536568, "8713907.0--8805422.0": 0.8215115783398723, "8805422.0--8809847.0": 0.7598282273944316, "8727480.0--8805422.0": 0.7894199531199768, "8706590.0--8805422.0": 0.7766533199005067, "8735916.0--8805422.0": 0.780667434207803, "8474512.0--8805422.0": 0.7794711541836883, "8805422.0--8809845.0": 0.7508231162947757, "8540796.0--8805422.0": 0.789150549348218, "8805422.0--8807233.0": 0.8027282982969647, "8617747.0--8805422.0": 0.7283846923064994, "8474486.0--8805422.0": 0.7881448693325446, "8474516.0--8805422.0": 0.8066125260611733, "8663650.0--8805422.0": 0.7662426768415519, "8663646.0--8805422.0": 0.7552834769229967, "8794553.0--8805422.0": 0.7984675989913664, "8805422.0--8863966.0": 0.805853099503693, "8525340.0--8805422.0": 0.735239383491377, "8805422.0--8805448.0": 0.7890887656400989, "8405549.0--8805422.0": 0.8291346943552198, "8611178.0--8805422.0": 0.8395536726692994, "8805422.0--8827593.0": 0.7472682479010367, "8805422.0--8805463.0": 0.7273571773126906, "8805422.0--8805457.0": 0.7935152397898492, "8805422.0--8805442.0": 0.7807981406748237, "8805422.0--8807266.0": 0.7754348710602716, "8805422.0--8813126.0": 0.8047710936032424, "8585103.0--8805422.0": 0.8011180981160454, "8805422.0--8807235.0": 0.7970019451778867, "8585048.0--8805422.0": 0.8470598411109309, "8805422.0--8809843.0": 0.7307167847355073, "8805422.0--8809842.0": 0.7686343046295411, "8805422.0--8842614.0": 0.749144639107805, "8805422.0--8805441.0": 0.7086491445685501, "8805422.0--8809920.0": 0.7132760560194424, "8663312.0--8805422.0": 0.7606483359362812, "8477126.0--8805422.0": 0.7963457313366564, "8805422.0--8807224.0": 0.7801304162323388, "8805422.0--8807355.0": 0.752611659012137, "8805422.0--8807320.0": 0.7948945442753227, "8665933.0--8805422.0": 0.805045992692726, "8805422.0--8845772.0": 0.7460306106817823, "8805422.0--8812989.0": 0.8283484178099931, "8636969.0--8805422.0": 0.7466126734982947, "8805422.0--8805450.0": 0.734647741193251, "8805422.0--8807243.0": 0.7593852673323329, "8805422.0--8805443.0": 0.7831358291848818, "8673661.0--8805422.0": 0.7853608589458869, "8805419.0--8805422.0": 0.7660348988715379, "8451903.0--8805422.0": 0.784722094097106, "8805422.0--8805429.0": 0.8074831307774426, "8805422.0--8809846.0": 0.7766130763981962, "8805422.0--8809832.0": 0.7739315930616153, "8413174.0--8805422.0": 0.7686589238899374, "8494817.0--8805422.0": 0.7804498303889673, "8637778.0--8805422.0": 0.761070173092758, "8805422.0--8809742.0": 0.7858626934266144, "8805422.0--8807280.0": 0.8067831812196413, "8805422.0--8807274.0": 0.8074754840090174, "8805422.0--9216586.0": 0.7615759439286167, "8805422.0--9237132.0": 0.8263097728737557, "8805422.0--9216572.0": 0.7482313026888627, "8805422.0--9217952.0": 0.8853249492238453, "8805422.0--9217931.0": 0.8185994187705357, "8805422.0--9216507.0": 0.8515717446590332, "8805422.0--9222368.0": 0.8135363139122492, "8805422.0--9220137.0": 0.7551582354290861, "8805422.0--9233460.0": 0.7786517672129346, "8805422.0--9222263.0": 0.7459464174343389, "8805422.0--9293003.0": 0.7808765324049852, "8805422.0--9222102.0": 0.8448316464320644, "8805422.0--9222323.0": 0.7815325567250585, "8805422.0--9222287.0": 0.8016748963801948, "8805422.0--9223736.0": 0.7991449478258055, "8805422.0--9224191.0": 0.7654796940808807, "8805422.0--9222251.0": 0.7924459970041516, "8805422.0--9229242.0": 0.8145316666830553, "8805422.0--9282195.0": 0.7278780146158139, "8805422.0--9222098.0": 0.7991602835734947, "8805422.0--9234027.0": 0.7650189709706813, "8805422.0--9246308.0": 0.8144282018463295, "8805422.0--9240072.0": 0.7430206713960581,