{"8617736.0--8807220.0": 0.823606823703435, "8617746.0--8807220.0": 0.7601676194786839, "8640072.0--8807220.0": 0.8132295584339947, "8636208.0--8807220.0": 0.8215007058581463, "8805458.0--8807220.0": 0.8092430559165407, "8807220.0--8807271.0": 0.8158827066841008, "8807220.0--8809678.0": 0.7935906657146737, "8807220.0--8807226.0": 0.8253933537767887, "8805467.0--8807220.0": 0.8475447754973721, "8611113.0--8807220.0": 0.7809422088499787, "8807220.0--8854316.0": 0.8354308897831392, "8794607.0--8807220.0": 0.8003824647584921, "8805418.0--8807220.0": 0.7849122685374225, "8807220.0--8836087.0": 0.8187726818606611, "8807220.0--8807283.0": 0.8264403589269501, "8807220.0--8820171.0": 0.8199875887146721, "8807220.0--8807288.0": 0.749006528772012, "8807220.0--8807302.0": 0.7890024327474972, "8805466.0--8807220.0": 0.8154915594695997, "8807220.0--8807351.0": 0.8145898049563491, "8805420.0--8807220.0": 0.7985724089239272, "8807220.0--8807299.0": 0.804721897822395, "8807220.0--8812988.0": 0.8016994581923007, "8807220.0--8807294.0": 0.8187244947050021, "8805434.0--8807220.0": 0.8398661314734946, "8732351.0--8807220.0": 0.8154649727592654, "8807220.0--8807232.0": 0.8225952000776734, "8419271.0--8807220.0": 0.7531673628680381, "8625484.0--8807220.0": 0.8036159267085367, "8807220.0--8807349.0": 0.8181736364041605, "8807220.0--8809730.0": 0.8225337610270417, "8730513.0--8807220.0": 0.8206906903397498, "8807220.0--8809833.0": 0.8216192985949673, "8523628.0--8807220.0": 0.7808684481719852, "8434356.0--8807220.0": 0.7958874915787313, "8807220.0--8807303.0": 0.8656211642671272, "8807220.0--8811606.0": 0.8143033902791225, "8807220.0--8807244.0": 0.7978807993634849, "8490694.0--8807220.0": 0.8193727080912941, "8807220.0--8809844.0": 0.8143195931318291, "8807220.0--8809850.0": 0.8225246313430832, "8805445.0--8807220.0": 0.8014034025735064, "8412138.0--8807220.0": 0.81372815440539, "8807220.0--8807247.0": 0.8060945607692626, "8807220.0--8848845.0": 0.7942048640526936, "8695851.0--8807220.0": 0.8268723939052249, "8713907.0--8807220.0": 0.8483582179690817, "8807220.0--8809847.0": 0.841120325256905, "8727480.0--8807220.0": 0.8646704401830918, "8706590.0--8807220.0": 0.8412188971631203, "8735916.0--8807220.0": 0.8279221945035484, "8474512.0--8807220.0": 0.8046746512202678, "8807220.0--8809845.0": 0.7834255865121058, "8540796.0--8807220.0": 0.8640789684391332, "8807220.0--8807233.0": 0.8313239330824762, "8617747.0--8807220.0": 0.7744608664252124, "8474486.0--8807220.0": 0.8193818554900197, "8474516.0--8807220.0": 0.8255632444806977, "8663650.0--8807220.0": 0.7921825425481297, "8663646.0--8807220.0": 0.79696883029114, "8794553.0--8807220.0": 0.8272849941587794, "8807220.0--8863966.0": 0.8184719211481241, "8525340.0--8807220.0": 0.7933388319488283, "8805448.0--8807220.0": 0.8099506798498893, "8405549.0--8807220.0": 0.8541515006746473, "8611178.0--8807220.0": 0.8048833588745395, "8807220.0--8827593.0": 0.7838890851156624, "8805463.0--8807220.0": 0.7799606130339412, "8805457.0--8807220.0": 0.8103922999385257, "8805442.0--8807220.0": 0.8077397737639025, "8807220.0--8807266.0": 0.8397148596023325, "8807220.0--8813126.0": 0.8122918510358605, "8585103.0--8807220.0": 0.8183115841471595, "8807220.0--8807235.0": 0.8210621301931442, "8585048.0--8807220.0": 0.8665139053045161, "8807220.0--8809843.0": 0.7789594999249878, "8807220.0--8809842.0": 0.7919582224956565, "8807220.0--8842614.0": 0.7786452670843149, "8805441.0--8807220.0": 0.750578517922183, "8807220.0--8809920.0": 0.7670788910863611, "8663312.0--8807220.0": 0.8206294807377601, "8477126.0--8807220.0": 0.8281453213280694, "8807220.0--8807224.0": 0.8199976804840514, "8807220.0--8807355.0": 0.7789536708144209, "8807220.0--8807320.0": 0.817015908748003, "8665933.0--8807220.0": 0.8159387357842722, "8807220.0--8845772.0": 0.8027694750567578, "8807220.0--8812989.0": 0.8227974765909782, "8636969.0--8807220.0": 0.8321515074681022, "8805450.0--8807220.0": 0.8270718158778467, "8807220.0--8807243.0": 0.8355296420962635, "8805443.0--8807220.0": 0.8345998383307582, "8673661.0--8807220.0": 0.8365209352188984, "8805419.0--8807220.0": 0.7923905298497591, "8451903.0--8807220.0": 0.8009856546828437, "8805429.0--8807220.0": 0.8175793512903673, "8807220.0--8809846.0": 0.8056913798765286, "8807220.0--8809832.0": 0.827052953604896, "8413174.0--8807220.0": 0.7912405456387347, "8494817.0--8807220.0": 0.7849166558131544, "8637778.0--8807220.0": 0.7887425167033292, "8807220.0--8809742.0": 0.8128200063479158, "8807220.0--8807280.0": 0.8342471051902653, "8807220.0--8807274.0": 0.8551763489894098, "8807220.0--9216586.0": 0.8041643563589924, "8807220.0--9237132.0": 0.8266254999892744, "8807220.0--9216572.0": 0.8009986208095474, "8807220.0--9217952.0": 0.8022475086158756, "8807220.0--9217931.0": 0.8542800397672273, "8807220.0--9216507.0": 0.814113481366858, "8807220.0--9222368.0": 0.8373567670243951, "8807220.0--9220137.0": 0.8067947691117974, "8807220.0--9233460.0": 0.7975560005945993, "8807220.0--9222263.0": 0.7594584691739993, "8807220.0--9293003.0": 0.8065635513332666, "8807220.0--9222102.0": 0.8166331368914086, "8807220.0--9222323.0": 0.8289629792539641, "8807220.0--9222287.0": 0.810307840342592, "8807220.0--9223736.0": 0.8105367217826464, "8807220.0--9224191.0": 0.8084977352796141, "8807220.0--9222251.0": 0.7928694382887829, "8807220.0--9229242.0": 0.8233384769148278, "8807220.0--9282195.0": 0.7929272053864171, "8807220.0--9222098.0": 0.852336653574321, "8807220.0--9234027.0": 0.805099178919585, "8807220.0--9246308.0": 0.8314223580818069, "8807220.0--9240072.0": 0.8115551022539438, "8807220.0--9222353.0": 0.8263964091406102, "8807220.0--9222293.0": 0.8374721578708956, "8807220.0--9222089.0": 0.8061764978005165, "8807220.0--9228893.0": 0.8312499136860778, "8807220.0--9224192.0": 0.7844723481438545, "8807220.0--9222289.0": 0.8162867044266804, "8807220.0--9222038.0": 0.822267904375578, "8807220.0--9229072.0": 0.8017043413795304, "8807220.0--9222295.0": 0.8335394102133391, "8807220.0--9222342.0": 0.7958513978613093, "8807220.0--9241407.0": 0.7942958666502323, "8807220.0--9288884.0": 0.818695803035146, "8807220.0--9222351.0": 0.8021332279062832, "8807220.0--9223669.0": 0.8158914009990987, "8807220.0--9222315.0": 0.8073451921246347, "8807220.0--9222335.0": 0.8198018222734281, "8807220.0--9222327.0": 0.810303003356025, "8807220.0--9233469.0": 0.8183425302462952, "8807220.0--9226461.0": 0.8114934520805193, "8807220.0--9238508.0": 0.8377850678225454, "8807220.0--9222266.0": 0.7794903556014432, "8807220.0--9225008.0": 0.8120826012001637, "8807220.0--9290431.0": 0.8123041097993172, "8807220.0--9239918.0": 0.8099317664694035, "8807220.0--9231271.0": 0.8613258602296311, "8807220.0--9222313.0": 0.8135277624740218, "8807220.0--9231268.0": 0.8352157710177551, "8807220.0--9222035.0": 0.7867385687486417, "8807220.0--9222091.0": 0.8269050880580742, "8807220.0--9229515.0": 0.799990104338945, "8807220.0--9222301.0": 0.8477152885255678, "8807220.0--9222358.0": 0.8083389578904909, "8807220.0--9229135.0": 0.8325036709963556, "8807220.0--9222047.0": 0.810722247604132, "8807220.0--9222272.0": 0.8058467168319152, "8807220.0--9222110.0": 0.8210114959791741, "8807220.0--9222364.0": 0.8171229138095635, "8807220.0--9222088.0": 0.8208525847323214, "8807220.0--9216518.0": 0.8159278393094279, "8807220.0--9222309.0": 0.8070597767869159, "8807220.0--9216595.0": 0.7715513951580459, "8807220.0--9216538.0": 0.7866867171070562, "8807220.0--9216549.0": 0.7979741552693265, "8807220.0--9216559.0": 0.8212246836198633, "8807220.0--9222376.0": 0.7750078254484861, "8807220.0--9222374.0": 0.8398092540801435, "8807220.0--9224194.0": 0.8019319869871907, "8807220.0--9222254.0": 0.7899994018705419, "8807220.0--9222049.0": 0.8143218915967929, "8807220.0--9222562.0": 0.7916871196548455, "8807220.0--9226126.0": 0.7805034396558261, "8807220.0--9240062.0": 0.8254778629584204, "8807220.0--9226101.0": 0.7855530553401867, "8807220.0--9222377.0": 0.758068519993874, "8807220.0--9233392.0": 0.8004819111440048,