{"9222301.0--9222358.0": 0.7941461738444724, "9222301.0--9229135.0": 0.8388752064543574, "9222047.0--9222301.0": 0.7905619717471801, "9222272.0--9222301.0": 0.7997388325658279, "9222110.0--9222301.0": 0.8514023682305326, "9222301.0--9222364.0": 0.8181085515523445, "9222088.0--9222301.0": 0.835577187855943, "9216518.0--9222301.0": 0.8254442506628816, "9222301.0--9222309.0": 0.8078488190568928, "9216595.0--9222301.0": 0.793963022503429, "9216538.0--9222301.0": 0.7899551682102368, "9216549.0--9222301.0": 0.7966919321693634, "9216559.0--9222301.0": 0.812605248455706, "9222301.0--9222376.0": 0.7597583261719989, "9222301.0--9222374.0": 0.8267592567121593, "9222301.0--9224194.0": 0.7818498436364842, "9222254.0--9222301.0": 0.8039808085543628, "9222049.0--9222301.0": 0.7695523626220244, "9222301.0--9222562.0": 0.7741074224212283, "9222301.0--9226126.0": 0.7728053650898704, "9222301.0--9240062.0": 0.8316468199230895, "9222301.0--9226101.0": 0.8044428846319664, "9222301.0--9222377.0": 0.7632904478208665, "9222301.0--9233392.0": 0.7919334119394114, "9222093.0--9222301.0": 0.7905070468985453, "9222301.0--9224154.0": 0.7696706023749359, "9222301.0--9240061.0": 0.7731014146630928, "9222301.0--9222512.0": 0.7749642983030548, "9222301.0--9241413.0": 0.8110971695468838, "9222301.0--9224646.0": 0.8077202421875771, "9222301.0--9222372.0": 0.7583795670284903, "9222253.0--9222301.0": 0.8028783144139777, "9222092.0--9222301.0": 0.833830906255835, "9222271.0--9222301.0": 0.8090129838487508, "9222301.0--9230431.0": 0.81438929057715, "9222076.0--9222301.0": 0.8331636622200627, "9222053.0--9222301.0": 0.8001075715866137, "9216532.0--9222301.0": 0.8501881558237671, "9222085.0--9222301.0": 0.8245844704445264, "9216629.0--9222301.0": 0.8113921129786797, "9222301.0--9308630.0": 0.8139536296484513, "9222301.0--9308624.0": 0.8115218160491486, "9219240.0--9222301.0": 0.8036150163921276, "9216630.0--9222301.0": 0.8188870754358185, "9217981.0--9222301.0": 0.7999423829750585, "9222301.0--9224153.0": 0.7834649055836911, "9222301.0--9286505.0": 0.783467166618359, "9216512.0--9222301.0": 0.8029651958406567, "9216579.0--9222301.0": 0.8014288493351246, "9222249.0--9222301.0": 0.7997394651719342, "9222301.0--9222367.0": 0.7768987028570447, "9222301.0--9222325.0": 0.7955884315595927, "9222301.0--9222510.0": 0.7941018575283494, "9222301.0--9246250.0": 0.837456174678927, "9222301.0--9308627.0": 0.8425669098570108, "9222301.0--9224186.0": 0.8212792895296483, "9222301.0--9229232.0": 0.774866628252691, "9222301.0--9226404.0": 0.7857516573953449, "9222301.0--9308631.0": 0.7930857605119457, "9222255.0--9222301.0": 0.7860071085746287, "9222261.0--9222301.0": 0.8016669749258738, "9222301.0--9222338.0": 0.7965702324493489, "9222284.0--9222301.0": 0.8136158337105333, "9222301.0--9230430.0": 0.8299068249570138, "9222301.0--9308622.0": 0.786421107044561, "9222301.0--9286903.0": 0.749163579929253, "9222301.0--9234473.0": 0.7793555493833237, "9222301.0--9241426.0": 0.8113497254734596, "9222269.0--9222301.0": 0.8216353166377658, "9222301.0--9237999.0": 0.8077710793251874, "9222072.0--9222301.0": 0.8873882038336254, "9222301.0--9224197.0": 0.8366776180288735, "9222301.0--9246282.0": 0.8125687583059121, "9222301.0--9222314.0": 0.7984541521064611, "9222301.0--9222357.0": 0.8243560870679947, "9222086.0--9222301.0": 0.7767538279767285, "9222301.0--9222360.0": 0.8374344652490795, "9222065.0--9222301.0": 0.7939951925236285, "9222301.0--9228894.0": 0.8402700495687986, "9222301.0--9233264.0": 0.811359317817896, "9222301.0--9222343.0": 0.7779137353092235, "9222301.0--9308621.0": 0.8165821621712432, "9222301.0--9308625.0": 0.8346786423724077, "9222301.0--9241744.0": 0.8176292331229398, "9222301.0--9308629.0": 0.8260512866021124, "9222068.0--9222301.0": 0.7600198241066534, "9222248.0--9222301.0": 0.8157099952597207, "9222274.0--9222301.0": 0.818565244877471, "9222301.0--9229116.0": 0.8214697423123425, "9222301.0--9233993.0": 0.7861829534197845, "9222301.0--9308623.0": 0.8031447466250065, "9222301.0--9222553.0": 0.790522007629245, "9222301.0--9222341.0": 0.860842571714556, "9222301.0--9222346.0": 0.8341879066437918, "9222301.0--9308628.0": 0.8013359083290195, "9222294.0--9222301.0": 0.8097124795662466, "9222301.0--9241732.0": 0.8076391076587954, "9222060.0--9222301.0": 0.8163593252950707, "9222280.0--9222301.0": 0.8062630243257656}