{"8807274.0--8807280.0": 0.8779575105057625, "8807280.0--9216586.0": 0.8022813780157786, "8807280.0--9237132.0": 0.8577198824733226, "8807280.0--9216572.0": 0.789871843416135, "8807280.0--9217952.0": 0.8314026938704827, "8807280.0--9217931.0": 0.8684456931012806, "8807280.0--9216507.0": 0.8250801147362911, "8807280.0--9222368.0": 0.8512402949528098, "8807280.0--9220137.0": 0.7974455662750047, "8807280.0--9233460.0": 0.8037342457328911, "8807280.0--9222263.0": 0.7661099926305184, "8807280.0--9293003.0": 0.8291517898615616, "8807280.0--9222102.0": 0.8481087252531823, "8807280.0--9222323.0": 0.8350805206104381, "8807280.0--9222287.0": 0.8146473406027394, "8807280.0--9223736.0": 0.8342317211088984, "8807280.0--9224191.0": 0.8050445865912899, "8807280.0--9222251.0": 0.8087153220461097, "8807280.0--9229242.0": 0.8389569826490744, "8807280.0--9282195.0": 0.768079922076213, "8807280.0--9222098.0": 0.8489573197291291, "8807280.0--9234027.0": 0.8152147659612744, "8807280.0--9246308.0": 0.8334165246986429, "8807280.0--9240072.0": 0.8155828212660649, "8807280.0--9222353.0": 0.810212095153322, "8807280.0--9222293.0": 0.8510481810071172, "8807280.0--9222089.0": 0.8329403950899625, "8807280.0--9228893.0": 0.8109828948675423, "8807280.0--9224192.0": 0.8177308054863632, "8807280.0--9222289.0": 0.8391340118617929, "8807280.0--9222038.0": 0.8495900423891145, "8807280.0--9229072.0": 0.8392979162053524, "8807280.0--9222295.0": 0.822051131433034, "8807280.0--9222342.0": 0.8279689727008192, "8807280.0--9241407.0": 0.7825074447601881, "8807280.0--9288884.0": 0.821880701085583, "8807280.0--9222351.0": 0.8226481377819007, "8807280.0--9223669.0": 0.8281272548713615, "8807280.0--9222315.0": 0.8493859467161802, "8807280.0--9222335.0": 0.8292347013148137, "8807280.0--9222327.0": 0.8099653564830324, "8807280.0--9233469.0": 0.8228753931639474, "8807280.0--9226461.0": 0.8136761316844825, "8807280.0--9238508.0": 0.8421659598133373, "8807280.0--9222266.0": 0.7916128547836337, "8807280.0--9225008.0": 0.8589107310088209, "8807280.0--9290431.0": 0.8162529672461742, "8807280.0--9239918.0": 0.8322554250240121, "8807280.0--9231271.0": 0.8005189151951534, "8807280.0--9222313.0": 0.8208268211323888, "8807280.0--9231268.0": 0.7948585947662823, "8807280.0--9222035.0": 0.7906783564452619, "8807280.0--9222091.0": 0.8550305598427157, "8807280.0--9229515.0": 0.778644249346244, "8807280.0--9222301.0": 0.819500304804275, "8807280.0--9222358.0": 0.8436749123627493, "8807280.0--9229135.0": 0.8690975075167506, "8807280.0--9222047.0": 0.8229360000958561, "8807280.0--9222272.0": 0.8158746854088342, "8807280.0--9222110.0": 0.8404196949898904, "8807280.0--9222364.0": 0.8333129689476391, "8807280.0--9222088.0": 0.8240213388281372, "8807280.0--9216518.0": 0.8067824449127781, "8807280.0--9222309.0": 0.7968620442459994, "8807280.0--9216595.0": 0.8046878600552371, "8807280.0--9216538.0": 0.7734659549894014, "8807280.0--9216549.0": 0.7956098591025671, "8807280.0--9216559.0": 0.8346633300706476, "8807280.0--9222376.0": 0.7718612444864306, "8807280.0--9222374.0": 0.8300037157748017, "8807280.0--9224194.0": 0.7868598367655193, "8807280.0--9222254.0": 0.810570395942338, "8807280.0--9222049.0": 0.7790316712710847, "8807280.0--9222562.0": 0.7782982018464406, "8807280.0--9226126.0": 0.7920270368228537, "8807280.0--9240062.0": 0.829318980046775, "8807280.0--9226101.0": 0.8097707902872758, "8807280.0--9222377.0": 0.7852599215624284, "8807280.0--9233392.0": 0.8164848501577209, "8807280.0--9222093.0": 0.7888030959721584, "8807280.0--9224154.0": 0.7675885796070755, "8807280.0--9240061.0": 0.7980406395058655, "8807280.0--9222512.0": 0.7979695109811973, "8807280.0--9241413.0": 0.8205598446187263, "8807280.0--9224646.0": 0.7829217634203102, "8807280.0--9222372.0": 0.7648939717124146, "8807280.0--9222253.0": 0.7990844241097343, "8807280.0--9222092.0": 0.8276816759281175, "8807280.0--9222271.0": 0.7927482563623776, "8807280.0--9230431.0": 0.8068067138579295, "8807280.0--9222076.0": 0.8115830911097756, "8807280.0--9222053.0": 0.79421945448902, "8807280.0--9216532.0": 0.8314093520373123, "8807280.0--9222085.0": 0.7978196776653992, "8807280.0--9216629.0": 0.8480459873843325, "8807280.0--9308630.0": 0.8124962609528266, "8807280.0--9308624.0": 0.7748888873064549, "8807280.0--9219240.0": 0.7968804272997724, "8807280.0--9216630.0": 0.777524004927227, "8807280.0--9217981.0": 0.8253651318609917, "8807280.0--9224153.0": 0.7834939611032793, "8807280.0--9286505.0": 0.7992478069036687, "8807280.0--9216512.0": 0.8256301464816312, "8807280.0--9216579.0": 0.8175602452023386, "8807280.0--9222249.0": 0.843340531037228, "8807280.0--9222367.0": 0.8012809522281295, "8807280.0--9222325.0": 0.7803552589528961, "8807280.0--9222510.0": 0.7659838396310136, "8807280.0--9246250.0": 0.8091459567676762, "8807280.0--9308627.0": 0.8347179520846264, "8807280.0--9224186.0": 0.8561741862564323, "8807280.0--9229232.0": 0.7843382292281404, "8807280.0--9226404.0": 0.7874615849821147, "8807280.0--9308631.0": 0.8009133600632441, "8807280.0--9222255.0": 0.8119329401430355, "8807280.0--9222261.0": 0.8084163440978043, "8807280.0--9222338.0": 0.8033587724681328, "8807280.0--9222284.0": 0.8301982088417112, "8807280.0--9230430.0": 0.8208378997289462, "8807280.0--9308622.0": 0.7532097162239955, "8807280.0--9286903.0": 0.7551593114702205, "8807280.0--9234473.0": 0.7844733541155386, "8807280.0--9241426.0": 0.8597337753699771, "8807280.0--9222269.0": 0.8211249119885684, "8807280.0--9237999.0": 0.8464490084794638, "8807280.0--9222072.0": 0.8297611426895655, "8807280.0--9224197.0": 0.8094997574642955, "8807280.0--9246282.0": 0.829628605844425, "8807280.0--9222314.0": 0.8050761087473435, "8807280.0--9222357.0": 0.8202873256744442, "8807280.0--9222086.0": 0.7823632807352168, "8807280.0--9222360.0": 0.8618955774585926, "8807280.0--9222065.0": 0.7883452297119675, "8807280.0--9228894.0": 0.8174920014349358, "8807280.0--9233264.0": 0.8222842017019928, "8807280.0--9222343.0": 0.7855455686114559, "8807280.0--9308621.0": 0.8279010469520831, "8807280.0--9308625.0": 0.8187388500614752, "8807280.0--9241744.0": 0.8278489216376351, "8807280.0--9308629.0": 0.8253665303004256, "8807280.0--9222068.0": 0.7694249562769063, "8807280.0--9222248.0": 0.8001565786893354, "8807280.0--9222274.0": 0.8068644607959308, "8807280.0--9229116.0": 0.858134373657061, "8807280.0--9233993.0": 0.7987405612978251, "8807280.0--9308623.0": 0.8137690182087106, "8807280.0--9222553.0": 0.8065899292192436, "8807280.0--9222341.0": 0.8382744113141414, "8807280.0--9222346.0": 0.83571658965489, "8807280.0--9308628.0": 0.823072770432893, "8807280.0--9222294.0": 0.815283390456915, "8807280.0--9241732.0": 0.8133355952525227, "8807280.0--9222060.0": 0.8083582204697476, "8807280.0--9222280.0": 0.8475251505019564}