{"8807224.0--8807355.0": 0.8187833294398483, "8807224.0--8807320.0": 0.7841553462673223, "8665933.0--8807224.0": 0.8528469613867959, "8807224.0--8845772.0": 0.7785499528518318, "8807224.0--8812989.0": 0.8261797726174414, "8636969.0--8807224.0": 0.8092202922488552, "8805450.0--8807224.0": 0.7612738190694788, "8807224.0--8807243.0": 0.828956434881124, "8805443.0--8807224.0": 0.7986931927101527, "8673661.0--8807224.0": 0.8154082224153834, "8805419.0--8807224.0": 0.8167259364073521, "8451903.0--8807224.0": 0.8071165245035451, "8805429.0--8807224.0": 0.7971214757382434, "8807224.0--8809846.0": 0.8337077241605173, "8807224.0--8809832.0": 0.8104247612553124, "8413174.0--8807224.0": 0.7782712315035887, "8494817.0--8807224.0": 0.7637170658788284, "8637778.0--8807224.0": 0.7765560328935032, "8807224.0--8809742.0": 0.8036841375981183, "8807224.0--8807280.0": 0.8408330202632355, "8807224.0--8807274.0": 0.8657041415964455, "8807224.0--9216586.0": 0.7946781042641512, "8807224.0--9237132.0": 0.8143700919240202, "8807224.0--9216572.0": 0.7789682159613771, "8807224.0--9217952.0": 0.8180113780624927, "8807224.0--9217931.0": 0.849080602550999, "8807224.0--9216507.0": 0.8180555477767932, "8807224.0--9222368.0": 0.8140013015606938, "8807224.0--9220137.0": 0.8140406278380959, "8807224.0--9233460.0": 0.7808601339658985, "8807224.0--9222263.0": 0.7727962718164785, "8807224.0--9293003.0": 0.8219744038953243, "8807224.0--9222102.0": 0.8232537102893263, "8807224.0--9222323.0": 0.8072710394595806, "8807224.0--9222287.0": 0.7871804146180853, "8807224.0--9223736.0": 0.8047960235338564, "8807224.0--9224191.0": 0.8059205445622097, "8807224.0--9222251.0": 0.796758991135716, "8807224.0--9229242.0": 0.8094388540063745, "8807224.0--9282195.0": 0.7805849506282576, "8807224.0--9222098.0": 0.8161014127214119, "8807224.0--9234027.0": 0.7911764513997815, "8807224.0--9246308.0": 0.8196920047356125, "8807224.0--9240072.0": 0.8467338392017355, "8807224.0--9222353.0": 0.829318096581229, "8807224.0--9222293.0": 0.8340203353768533, "8807224.0--9222089.0": 0.7897245316075953, "8807224.0--9228893.0": 0.7749274594007168, "8807224.0--9224192.0": 0.8038033767509845, "8807224.0--9222289.0": 0.8355760400100908, "8807224.0--9222038.0": 0.8000952204631286, "8807224.0--9229072.0": 0.7988773065041807, "8807224.0--9222295.0": 0.8106977489790622, "8807224.0--9222342.0": 0.8112398363203086, "8807224.0--9241407.0": 0.802685299673799, "8807224.0--9288884.0": 0.7945557948156455, "8807224.0--9222351.0": 0.7948587705966571, "8807224.0--9223669.0": 0.8250679343410947, "8807224.0--9222315.0": 0.7994198277599641, "8807224.0--9222335.0": 0.8378953144369001, "8807224.0--9222327.0": 0.7989874225131102, "8807224.0--9233469.0": 0.8177213202761231, "8807224.0--9226461.0": 0.8182930297549611, "8807224.0--9238508.0": 0.80631856519994, "8807224.0--9222266.0": 0.7798067753933255, "8807224.0--9225008.0": 0.8198301906147907, "8807224.0--9290431.0": 0.7866162041306342, "8807224.0--9239918.0": 0.8254119036417251, "8807224.0--9231271.0": 0.7845044205045862, "8807224.0--9222313.0": 0.8150740935065284, "8807224.0--9231268.0": 0.7852068435260369, "8807224.0--9222035.0": 0.7694294819446083, "8807224.0--9222091.0": 0.8205995841112768, "8807224.0--9229515.0": 0.7889515705456063, "8807224.0--9222301.0": 0.7888789790315437, "8807224.0--9222358.0": 0.8192307017709245, "8807224.0--9229135.0": 0.8345349252580052, "8807224.0--9222047.0": 0.7637315584265167, "8807224.0--9222272.0": 0.8054007456349151, "8807224.0--9222110.0": 0.7986081839700495, "8807224.0--9222364.0": 0.8007380014529417, "8807224.0--9222088.0": 0.8262003796299878, "8807224.0--9216518.0": 0.7978321307606498, "8807224.0--9222309.0": 0.771139930581461, "8807224.0--9216595.0": 0.8041881842756642, "8807224.0--9216538.0": 0.778031452576453, "8807224.0--9216549.0": 0.7643839377257431, "8807224.0--9216559.0": 0.797783929818717, "8807224.0--9222376.0": 0.7776930228981022, "8807224.0--9222374.0": 0.8300732143733796, "8807224.0--9224194.0": 0.7763648206716774, "8807224.0--9222254.0": 0.8090020431607066, "8807224.0--9222049.0": 0.7854455205220465, "8807224.0--9222562.0": 0.7715925688785723, "8807224.0--9226126.0": 0.7807580861747536, "8807224.0--9240062.0": 0.8256657761996642, "8807224.0--9226101.0": 0.8114220132117327, "8807224.0--9222377.0": 0.7829090862515742, "8807224.0--9233392.0": 0.8293204054355869, "8807224.0--9222093.0": 0.7858886590243532, "8807224.0--9224154.0": 0.7871421132615414, "8807224.0--9240061.0": 0.7952131579644927, "8807224.0--9222512.0": 0.7970815649171222, "8807224.0--9241413.0": 0.8218451186230594, "8807224.0--9224646.0": 0.7781415499044197, "8807224.0--9222372.0": 0.7814845918609659, "8807224.0--9222253.0": 0.7932449620357023, "8807224.0--9222092.0": 0.8201215125736896, "8807224.0--9222271.0": 0.8146254110969626, "8807224.0--9230431.0": 0.8056756318065208, "8807224.0--9222076.0": 0.803020481979148, "8807224.0--9222053.0": 0.8119687060903574, "8807224.0--9216532.0": 0.8088032679052807, "8807224.0--9222085.0": 0.8077945573089413, "8807224.0--9216629.0": 0.8312133943239143, "8807224.0--9308630.0": 0.8047859495191978, "8807224.0--9308624.0": 0.7907187896702864, "8807224.0--9219240.0": 0.8216694479308133, "8807224.0--9216630.0": 0.8043848268881247, "8807224.0--9217981.0": 0.8143724098715768, "8807224.0--9224153.0": 0.8360753200330429, "8807224.0--9286505.0": 0.7713155555736773, "8807224.0--9216512.0": 0.8231323578464641, "8807224.0--9216579.0": 0.8088002567910031, "8807224.0--9222249.0": 0.8247701992945329, "8807224.0--9222367.0": 0.7832039280113171, "8807224.0--9222325.0": 0.7808767939445327, "8807224.0--9222510.0": 0.794538007635914, "8807224.0--9246250.0": 0.7956164905648497, "8807224.0--9308627.0": 0.8366125052160016, "8807224.0--9224186.0": 0.8651321297557446, "8807224.0--9229232.0": 0.8037297206450958, "8807224.0--9226404.0": 0.7758376961330359, "8807224.0--9308631.0": 0.8238877854005777, "8807224.0--9222255.0": 0.8235827969332747, "8807224.0--9222261.0": 0.8124079459485785, "8807224.0--9222338.0": 0.8298809669518589, "8807224.0--9222284.0": 0.8446198100131198, "8807224.0--9230430.0": 0.8509166679680791, "8807224.0--9308622.0": 0.7707076072430464, "8807224.0--9286903.0": 0.7464221936762312, "8807224.0--9234473.0": 0.7952635925868844, "8807224.0--9241426.0": 0.8227146208927215, "8807224.0--9222269.0": 0.7900071964453552, "8807224.0--9237999.0": 0.8536889540637361, "8807224.0--9222072.0": 0.8119167900104302, "8807224.0--9224197.0": 0.8056222239740973, "8807224.0--9246282.0": 0.8040638291478224, "8807224.0--9222314.0": 0.7910903733865388, "8807224.0--9222357.0": 0.8095891922505799, "8807224.0--9222086.0": 0.7776989081319143, "8807224.0--9222360.0": 0.8212510536882449, "8807224.0--9222065.0": 0.7703200857132448, "8807224.0--9228894.0": 0.8400662070604732, "8807224.0--9233264.0": 0.80246339548321, "8807224.0--9222343.0": 0.7926449975597271, "8807224.0--9308621.0": 0.7852223649982946, "8807224.0--9308625.0": 0.8287116503300568, "8807224.0--9241744.0": 0.822412794329445, "8807224.0--9308629.0": 0.8026361664952083, "8807224.0--9222068.0": 0.7774407256409739, "8807224.0--9222248.0": 0.8019438628955392, "8807224.0--9222274.0": 0.7959510153406045, "8807224.0--9229116.0": 0.8362671651673286, "8807224.0--9233993.0": 0.804470746987048, "8807224.0--9308623.0": 0.796707265516456, "8807224.0--9222553.0": 0.8134775692519752, "8807224.0--9222341.0": 0.8550144688760598, "8807224.0--9222346.0": 0.8242183188041389, "8807224.0--9308628.0": 0.8058004917045146, "8807224.0--9222294.0": 0.7945551966692306, "8807224.0--9241732.0": 0.803225384667704, "8807224.0--9222060.0": 0.8217492541721892, "8807224.0--9222280.0": 0.8427420775271678}