{"8585665.0--8585669.0": 0.8656727522933569, "8585669.0--8585720.0": 0.8801980673346942, "8585669.0--8585733.0": 0.8350015944042694, "8585669.0--8585721.0": 0.8109161870314967, "8454906.0--8585669.0": 0.8056855969388683, "8457259.0--8585669.0": 0.7872687986828795, "8440091.0--8585669.0": 0.8530206631662713, "8440097.0--8585669.0": 0.8029210444205934, "8440049.0--8585669.0": 0.8194462677714373, "8440034.0--8585669.0": 0.7656926716979267, "8454905.0--8585669.0": 0.7921039085372075, "8440039.0--8585669.0": 0.812728105720268, "8440086.0--8585669.0": 0.7557137782900482, "8445644.0--8585669.0": 0.7586775250127277, "8494830.0--8585669.0": 0.7633029347336129, "8440038.0--8585669.0": 0.8057243601448704, "8440110.0--8585669.0": 0.7896540457725043, "8440109.0--8585669.0": 0.774746901793759, "8453873.0--8585669.0": 0.7634599659189393, "8440115.0--8585669.0": 0.8348446352984122, "8467383.0--8585669.0": 0.801024405670703, "8440120.0--8585669.0": 0.7842312881336383, "8440076.0--8585669.0": 0.7715948488636677, "8440043.0--8585669.0": 0.773027647109092, "8467535.0--8585669.0": 0.8659683081602687, "8440121.0--8585669.0": 0.825795410243322, "8440044.0--8585669.0": 0.7786322009410265, "8440089.0--8585669.0": 0.7832429457923321, "8440052.0--8585669.0": 0.7807761580472086, "8440085.0--8585669.0": 0.8699212963826461, "8440070.0--8585669.0": 0.8083492148621427, "8440048.0--8585669.0": 0.8194717767549246, "8440118.0--8585669.0": 0.7907687615454427, "8440081.0--8585669.0": 0.767460065778294, "8440102.0--8585669.0": 0.850334022907218, "8440080.0--8585669.0": 0.8358286843368704, "8440096.0--8585669.0": 0.7678974654753388, "8440124.0--8585669.0": 0.83568707326329, "8440063.0--8585669.0": 0.7931778344105523, "8440037.0--8585669.0": 0.7897039275830375, "8440040.0--8585669.0": 0.7803987189867296, "8440056.0--8585669.0": 0.7891745700231232, "8440116.0--8585669.0": 0.8317493776068169, "8444102.0--8585669.0": 0.7747408715563573, "8440824.0--8585669.0": 0.7760411582365765, "8493612.0--8585669.0": 0.7482878427262895, "8440850.0--8585669.0": 0.832323291858956, "8456856.0--8585669.0": 0.8072627737094837, "8447439.0--8585669.0": 0.7944310530779831, "8440805.0--8585669.0": 0.8026771991940962, "8440811.0--8585669.0": 0.7866444977839049, "8440856.0--8585669.0": 0.8428273642274715, "8440822.0--8585669.0": 0.8074155546816777, "8440828.0--8585669.0": 0.8296597897335661, "8440851.0--8585669.0": 0.7978000814943735, "8457476.0--8585669.0": 0.8397336548150403, "8440848.0--8585669.0": 0.7962730762101112, "8440839.0--8585669.0": 0.7884970702414875, "8443395.0--8585669.0": 0.8105602465392788, "8440832.0--8585669.0": 0.8166758625165846, "8440816.0--8585669.0": 0.8317208156655101, "8440835.0--8585669.0": 0.7974785007971057, "8440818.0--8585669.0": 0.8535291504662973, "8440853.0--8585669.0": 0.8024109740890744, "8440840.0--8585669.0": 0.8105169459069808, "8440857.0--8585669.0": 0.8409459533261668, "8449328.0--8585669.0": 0.8469266843944105, "8440829.0--8585669.0": 0.8295075795846324, "8440807.0--8585669.0": 0.7827241131945224, "8440831.0--8585669.0": 0.8153795918289151, "8440852.0--8585669.0": 0.8297191685982167, "8440841.0--8585669.0": 0.79499694365056, "8440859.0--8585669.0": 0.777914707806926, "8440821.0--8585669.0": 0.8411788686015036, "8440842.0--8585669.0": 0.8256995340900987, "8443131.0--8585669.0": 0.804016019245817, "8440815.0--8585669.0": 0.8310311357841695, "8500765.0--8585669.0": 0.8617924692072136, "8440804.0--8585669.0": 0.7936787743384495, "8454276.0--8585669.0": 0.8399609206080411, "8464305.0--8585669.0": 0.8151935284690823, "8494828.0--8585669.0": 0.80706170206106, "8440825.0--8585669.0": 0.8207562938356958, "8440814.0--8585669.0": 0.8281093435928741, "8440838.0--8585669.0": 0.8199481744218126, "8440855.0--8585669.0": 0.8068458627529711, "8454489.0--8585669.0": 0.8555718477657143, "8440834.0--8585669.0": 0.7807634880117116, "8440826.0--8585669.0": 0.8416808324040989, "8440823.0--8585669.0": 0.7853319146676965, "8440845.0--8585669.0": 0.7883338689962645, "8440810.0--8585669.0": 0.8210517427697255, "8440806.0--8585669.0": 0.8337448445006475, "8440817.0--8585669.0": 0.7737052489157527, "8440813.0--8585669.0": 0.820662046504736, "8443125.0--8585669.0": 0.7990127881052835, "8456575.0--8585669.0": 0.831605338112181, "8440860.0--8585669.0": 0.8365657378291778, "8454343.0--8585669.0": 0.8493352988119053, "8440803.0--8585669.0": 0.8499301808968789, "8454344.0--8585669.0": 0.8036104434139424, "8440854.0--8585669.0": 0.8425251192234697, "8454346.0--8585669.0": 0.840772339189189, "8440827.0--8585669.0": 0.805145384277817, "8440836.0--8585669.0": 0.8085511421533689, "8440844.0--8585669.0": 0.8061355486388339, "8440808.0--8585669.0": 0.8054146094791979, "8440837.0--8585669.0": 0.7946626253552298, "8440858.0--8585669.0": 0.7990707286713625, "8440820.0--8585669.0": 0.7851060333567047, "8440833.0--8585669.0": 0.7881498839489797, "8444072.0--8585669.0": 0.8198401459254775, "8440812.0--8585669.0": 0.8188836714795354, "8440809.0--8585669.0": 0.8791323578995731, "8454904.0--8585669.0": 0.8464994725803873, "8440846.0--8585669.0": 0.8172101440500924, "8440830.0--8585669.0": 0.8359469830179197, "8444077.0--8585669.0": 0.8192783844125264, "8440847.0--8585669.0": 0.8530435689160594, "8440849.0--8585669.0": 0.8173056717969538, "8443124.0--8585669.0": 0.7816827864897687, "8440843.0--8585669.0": 0.8062157956551681, "8585669.0--8807265.0": 0.8267851267700014, "8585669.0--8816695.0": 0.8377486524704073, "8585669.0--8805426.0": 0.8048656753933584, "8585669.0--8805421.0": 0.8301965660381133, "8585669.0--8812684.0": 0.8193546077102519, "8585669.0--8805461.0": 0.7934432013089259, "8585669.0--8807255.0": 0.8326481865338522, "8585669.0--8805460.0": 0.8204504727669224, "8585669.0--8807292.0": 0.8418282249942591, "8585669.0--8807354.0": 0.8531666779260485, "8585669.0--8809711.0": 0.8384292842745024, "8585669.0--8805422.0": 0.7920096518016555, "8585669.0--8805424.0": 0.839910312643406, "8585669.0--8794517.0": 0.7648250001471825, "8585669.0--8805451.0": 0.7908751422594833, "8585669.0--8807223.0": 0.7512843581186829, "8585669.0--8794560.0": 0.7890119094364043, "8481543.0--8585669.0": 0.778900298630459, "8585669.0--8802285.0": 0.7368732436480742, "8585669.0--8807245.0": 0.8014859224885296, "8585669.0--8805456.0": 0.790168746450981, "8585669.0--8827944.0": 0.7944241518164091, "8585669.0--8807296.0": 0.7853919234533207, "8585669.0--8827951.0": 0.790031605800048, "8585669.0--8854335.0": 0.7991399364331447, "8585669.0--8805446.0": 0.7844405391380309, "8585669.0--8805436.0": 0.8054771894685125, "8585669.0--8805433.0": 0.7850202710094276, "8546802.0--8585669.0": 0.8066993356410035, "8585669.0--8805427.0": 0.8098575144199596, "8585669.0--8836120.0": 0.8155896580709732, "8585669.0--8794768.0": 0.8089252418292738, "8585669.0--8809750.0": 0.7979451860784842, "8585669.0--8820172.0": 0.8352955586882382, "8476234.0--8585669.0": 0.8860048065094851, "8585669.0--8807314.0": 0.7744845527560855, "8585669.0--8794520.0": 0.8063061057620934, "8585669.0--8805452.0": 0.8149307840487316, "8585669.0--8805462.0": 0.7960255626718137, "8585669.0--8807275.0": 0.8044818577224776, "8419285.0--8585669.0": 0.7710226695453515, "8585669.0--8807379.0": 0.7944424116393809, "8585669.0--8807234.0": 0.831099580186925, "8423100.0--8585669.0": 0.8040928079499795, "8585669.0--8805455.0": 0.7651039807114812, "8585669.0--8727493.0": 0.7493407024211997, "8585669.0--8807369.0": 0.762865850988697, "8532319.0--8585669.0": 0.7849024566465492, "8419325.0--8585669.0": 0.7653398172961126, "8585669.0--8805430.0": 0.8397308246168992, "8585669.0--8807301.0": 0.8608166431829696, "8585669.0--8713940.0": 0.8144790698751017, "8585669.0--8637795.0": 0.8252852004649858, "7999244.0--8585669.0": 0.8345111161278287, "8585669.0--8805439.0": 0.8528721487971823, "8585669.0--8805428.0": 0.8114670391704656, "8585669.0--8809223.0": 0.809530736499167, "8585669.0--8795584.0": 0.8069908671711096, "8585669.0--8807264.0": 0.8088083168925907, "8585669.0--8805431.0": 0.7996523523227277,