{"8663646.0--8663650.0": 0.8037072160032465, "8663650.0--8794553.0": 0.7799492820627325, "8663650.0--8863966.0": 0.7450396666145247, "8525340.0--8663650.0": 0.7536476452488176, "8663650.0--8805448.0": 0.7399678794608949, "8405549.0--8663650.0": 0.7979319988494532, "8611178.0--8663650.0": 0.7747479189329244, "8663650.0--8827593.0": 0.7483548922044041, "8663650.0--8805463.0": 0.7677066491692986, "8663650.0--8805457.0": 0.765916173295695, "8663650.0--8805442.0": 0.7621318068666829, "8663650.0--8807266.0": 0.7739452164888463, "8663650.0--8813126.0": 0.7700752950461016, "8585103.0--8663650.0": 0.7773294041418095, "8663650.0--8807235.0": 0.7631308835278688, "8585048.0--8663650.0": 0.7957600261316613, "8663650.0--8809843.0": 0.7880430243204295, "8663650.0--8809842.0": 0.7934434516544746, "8663650.0--8842614.0": 0.7627677597075975, "8663650.0--8805441.0": 0.7621046537454499, "8663650.0--8809920.0": 0.732476478012119, "8663312.0--8663650.0": 0.7221233129473519, "8477126.0--8663650.0": 0.7734983938706106, "8663650.0--8807224.0": 0.7634139402039746, "8663650.0--8807355.0": 0.744639463054257, "8663650.0--8807320.0": 0.7724724233265183, "8663650.0--8665933.0": 0.7674707395955949, "8663650.0--8845772.0": 0.785886027594162, "8663650.0--8812989.0": 0.7809392494875556, "8636969.0--8663650.0": 0.778373246866731, "8663650.0--8805450.0": 0.7518155976643071, "8663650.0--8807243.0": 0.7701788854082434, "8663650.0--8805443.0": 0.7713146659997002, "8663650.0--8673661.0": 0.7766914783051817, "8663650.0--8805419.0": 0.7413671723615665, "8451903.0--8663650.0": 0.7390491782734051, "8663650.0--8805429.0": 0.7720993908055496, "8663650.0--8809846.0": 0.7569139854913355, "8663650.0--8809832.0": 0.7885715699646938, "8413174.0--8663650.0": 0.7757292900358816, "8494817.0--8663650.0": 0.7523478019246486, "8637778.0--8663650.0": 0.7703017623424622, "8663650.0--8809742.0": 0.7663410464517831, "8663650.0--8807280.0": 0.8147404487506227, "8663650.0--8807274.0": 0.8038077433481733, "8663650.0--9216586.0": 0.7824796037203698, "8663650.0--9237132.0": 0.7970157422886275, "8663650.0--9216572.0": 0.7950316893844849, "8663650.0--9217952.0": 0.7648075077165465, "8663650.0--9217931.0": 0.8098607504167137, "8663650.0--9216507.0": 0.7705610756296184, "8663650.0--9222368.0": 0.8054114306612744, "8663650.0--9220137.0": 0.7613401435127938, "8663650.0--9233460.0": 0.7585050059249261, "8663650.0--9222263.0": 0.7545973741181031, "8663650.0--9293003.0": 0.769694609177211, "8663650.0--9222102.0": 0.7823668011787255, "8663650.0--9222323.0": 0.7927110752725393, "8663650.0--9222287.0": 0.7599847735957258, "8663650.0--9223736.0": 0.7529967052860893, "8663650.0--9224191.0": 0.7540733537548296, "8663650.0--9222251.0": 0.7680386434873768, "8663650.0--9229242.0": 0.828609992675557, "8663650.0--9282195.0": 0.7440865071810018, "8663650.0--9222098.0": 0.8094494267493882, "8663650.0--9234027.0": 0.7769966763636007, "8663650.0--9246308.0": 0.7729418628510722, "8663650.0--9240072.0": 0.761376253148409, "8663650.0--9222353.0": 0.784894675928036, "8663650.0--9222293.0": 0.7787042531967354, "8663650.0--9222089.0": 0.7677306010917484, "8663650.0--9228893.0": 0.7767446657957302, "8663650.0--9224192.0": 0.7780296968703777, "8663650.0--9222289.0": 0.7936644768803087, "8663650.0--9222038.0": 0.8029802914320938, "8663650.0--9229072.0": 0.7910934945833515, "8663650.0--9222295.0": 0.799433707314933, "8663650.0--9222342.0": 0.7999045368345304, "8663650.0--9241407.0": 0.7450405281092132, "8663650.0--9288884.0": 0.7794287480572557, "8663650.0--9222351.0": 0.7750875663750844, "8663650.0--9223669.0": 0.7958557253781551, "8663650.0--9222315.0": 0.7635013117890079, "8663650.0--9222335.0": 0.7845741597229599, "8663650.0--9222327.0": 0.771933207237258, "8663650.0--9233469.0": 0.7688967739115024, "8663650.0--9226461.0": 0.7806838951156188, "8663650.0--9238508.0": 0.7895319015203378, "8663650.0--9222266.0": 0.7527893768345143, "8663650.0--9225008.0": 0.7911996578941154, "8663650.0--9290431.0": 0.760408546829325, "8663650.0--9239918.0": 0.7653234969694573, "8663650.0--9231271.0": 0.7408816903710147, "8663650.0--9222313.0": 0.7905074642040693, "8663650.0--9231268.0": 0.7393972300638512, "8663650.0--9222035.0": 0.7326801467668342, "8663650.0--9222091.0": 0.8173394406301481, "8663650.0--9229515.0": 0.7438332364007626, "8663650.0--9222301.0": 0.7857733937088839, "8663650.0--9222358.0": 0.7847847029990304, "8663650.0--9229135.0": 0.7944973455190394, "8663650.0--9222047.0": 0.7674041353671327, "8663650.0--9222272.0": 0.76911201828262, "8663650.0--9222110.0": 0.813806864135513, "8663650.0--9222364.0": 0.7781674385371541, "8663650.0--9222088.0": 0.781145155417303, "8663650.0--9216518.0": 0.8044520455901333, "8663650.0--9222309.0": 0.746126131670731, "8663650.0--9216595.0": 0.7553503377367417, "8663650.0--9216538.0": 0.7914945999659236, "8663650.0--9216549.0": 0.8330958238327182, "8663650.0--9216559.0": 0.8116796327798672, "8663650.0--9222376.0": 0.8038536581794264, "8663650.0--9222374.0": 0.7990295559803464, "8663650.0--9224194.0": 0.7813862443306778, "8663650.0--9222254.0": 0.7606165282407934, "8663650.0--9222049.0": 0.7583183265356938, "8663650.0--9222562.0": 0.8311446924860624, "8663650.0--9226126.0": 0.7800912106955541, "8663650.0--9240062.0": 0.8006139617850747, "8663650.0--9226101.0": 0.7675783570506337, "8663650.0--9222377.0": 0.7832274228961937, "8663650.0--9233392.0": 0.7898551195561648, "8663650.0--9222093.0": 0.7670268599933467, "8663650.0--9224154.0": 0.7537105906720262, "8663650.0--9240061.0": 0.7692846786998562, "8663650.0--9222512.0": 0.770726891326591, "8663650.0--9241413.0": 0.7630956847383473, "8663650.0--9224646.0": 0.8094860821108322, "8663650.0--9222372.0": 0.7848417558908845, "8663650.0--9222253.0": 0.7457156136326712, "8663650.0--9222092.0": 0.7864989725561692, "8663650.0--9222271.0": 0.7888426944370014, "8663650.0--9230431.0": 0.8061871975106396, "8663650.0--9222076.0": 0.8095917529703681, "8663650.0--9222053.0": 0.8147355553641269, "8663650.0--9216532.0": 0.7766348374497328, "8663650.0--9222085.0": 0.7844360604069134, "8663650.0--9216629.0": 0.759436269141201, "8663650.0--9308630.0": 0.7613859147121125, "8663650.0--9308624.0": 0.7262252775092184, "8663650.0--9219240.0": 0.7613458118915444, "8663650.0--9216630.0": 0.7597061973468752, "8663650.0--9217981.0": 0.7539783803567212, "8663650.0--9224153.0": 0.7373419095499032, "8663650.0--9286505.0": 0.7498148518901464, "8663650.0--9216512.0": 0.7607597567346669, "8663650.0--9216579.0": 0.7557155123775733, "8663650.0--9222249.0": 0.7710442482766966, "8663650.0--9222367.0": 0.7676591964479705, "8663650.0--9222325.0": 0.7540499141284293, "8663650.0--9222510.0": 0.747690166854366, "8663650.0--9246250.0": 0.7487299138319294, "8663650.0--9308627.0": 0.7720187634466351, "8663650.0--9224186.0": 0.7775966708490555, "8663650.0--9229232.0": 0.7184621430551859, "8663650.0--9226404.0": 0.7504792472501542, "8663650.0--9308631.0": 0.7530546980953965, "8663650.0--9222255.0": 0.7795859125139321, "8663650.0--9222261.0": 0.7900425937162964, "8663650.0--9222338.0": 0.7665171295201932, "8663650.0--9222284.0": 0.7807149204852317, "8663650.0--9230430.0": 0.7800174508459072, "8663650.0--9308622.0": 0.7172644950174325, "8663650.0--9286903.0": 0.7194065208435947, "8663650.0--9234473.0": 0.7588416999609996, "8663650.0--9241426.0": 0.7845045647370629, "8663650.0--9222269.0": 0.780346913122624, "8663650.0--9237999.0": 0.779814434433714, "8663650.0--9222072.0": 0.770244918411563, "8663650.0--9224197.0": 0.7772737584317365, "8663650.0--9246282.0": 0.7917275307271214, "8663650.0--9222314.0": 0.7551368378840206, "8663650.0--9222357.0": 0.7588763868412175, "8663650.0--9222086.0": 0.7713696891097569, "8663650.0--9222360.0": 0.7708792118512, "8663650.0--9222065.0": 0.7487957712964, "8663650.0--9228894.0": 0.780335933008613, "8663650.0--9233264.0": 0.7812491589387757, "8663650.0--9222343.0": 0.7695415648718267, "8663650.0--9308621.0": 0.7842467084424806, "8663650.0--9308625.0": 0.7673644997542888,