{"9216595.0--9222309.0": 0.7658393560677013, "9216538.0--9222309.0": 0.7525779538426132, "9216549.0--9222309.0": 0.7607569966731116, "9216559.0--9222309.0": 0.7671416286683339, "9222309.0--9222376.0": 0.7315549077765986, "9222309.0--9222374.0": 0.7826310236034845, "9222309.0--9224194.0": 0.7652440612520238, "9222254.0--9222309.0": 0.7614704907276607, "9222049.0--9222309.0": 0.7778267294251103, "9222309.0--9222562.0": 0.7561081909332572, "9222309.0--9226126.0": 0.7569832938682869, "9222309.0--9240062.0": 0.782627083230648, "9222309.0--9226101.0": 0.7506974826343289, "9222309.0--9222377.0": 0.7530672268413665, "9222309.0--9233392.0": 0.7816853684954723, "9222093.0--9222309.0": 0.7374337426253746, "9222309.0--9224154.0": 0.7270124429358893, "9222309.0--9240061.0": 0.7549227890046522, "9222309.0--9222512.0": 0.7605192106337957, "9222309.0--9241413.0": 0.8241931051133831, "9222309.0--9224646.0": 0.770414215793644, "9222309.0--9222372.0": 0.7307836629820954, "9222253.0--9222309.0": 0.7588720616558917, "9222092.0--9222309.0": 0.7879061532076004, "9222271.0--9222309.0": 0.7534607062781551, "9222309.0--9230431.0": 0.7772019494838546, "9222076.0--9222309.0": 0.796241596813499, "9222053.0--9222309.0": 0.7574354871628215, "9216532.0--9222309.0": 0.7886307662566775, "9222085.0--9222309.0": 0.7739651126482937, "9216629.0--9222309.0": 0.7943048391311796, "9222309.0--9308630.0": 0.7522462142519697, "9222309.0--9308624.0": 0.7380911761451416, "9219240.0--9222309.0": 0.7837368043620283, "9216630.0--9222309.0": 0.7761374134817169, "9217981.0--9222309.0": 0.7840125882505187, "9222309.0--9224153.0": 0.7531871385524984, "9222309.0--9286505.0": 0.7693193090764342, "9216512.0--9222309.0": 0.7749266155131942, "9216579.0--9222309.0": 0.7590156065193436, "9222249.0--9222309.0": 0.7771870058353677, "9222309.0--9222367.0": 0.7671705355448657, "9222309.0--9222325.0": 0.7893103780597264, "9222309.0--9222510.0": 0.7387489122998121, "9222309.0--9246250.0": 0.7842039585072771, "9222309.0--9308627.0": 0.8034294716222043, "9222309.0--9224186.0": 0.8219049867330631, "9222309.0--9229232.0": 0.7681416699772643, "9222309.0--9226404.0": 0.764098851852204, "9222309.0--9308631.0": 0.7815252118356125, "9222255.0--9222309.0": 0.7797447418201686, "9222261.0--9222309.0": 0.8038659432184841, "9222309.0--9222338.0": 0.7455292633967892, "9222284.0--9222309.0": 0.7782344943864514, "9222309.0--9230430.0": 0.8045760938045704, "9222309.0--9308622.0": 0.7508219961357382, "9222309.0--9286903.0": 0.7350948848344369, "9222309.0--9234473.0": 0.7473684118724176, "9222309.0--9241426.0": 0.8198015810646883, "9222269.0--9222309.0": 0.7777130118494539, "9222309.0--9237999.0": 0.7751023591997737, "9222072.0--9222309.0": 0.801947815784339, "9222309.0--9224197.0": 0.7643465743511935, "9222309.0--9246282.0": 0.7854351762869636, "9222309.0--9222314.0": 0.7736939463678916, "9222309.0--9222357.0": 0.8244072189199099, "9222086.0--9222309.0": 0.7289572885732105, "9222309.0--9222360.0": 0.7922140346961768, "9222065.0--9222309.0": 0.7612658083708534, "9222309.0--9228894.0": 0.7844589634372705, "9222309.0--9233264.0": 0.7885930521834709, "9222309.0--9222343.0": 0.7578877179778658, "9222309.0--9308621.0": 0.7917685652555406, "9222309.0--9308625.0": 0.7877449400532923, "9222309.0--9241744.0": 0.7646840708282181, "9222309.0--9308629.0": 0.7742225113429899, "9222068.0--9222309.0": 0.734169873122995, "9222248.0--9222309.0": 0.7583476973602672, "9222274.0--9222309.0": 0.7468441518774598, "9222309.0--9229116.0": 0.800463120319779, "9222309.0--9233993.0": 0.7634617326558499, "9222309.0--9308623.0": 0.7783862795716577, "9222309.0--9222553.0": 0.7855221362298181, "9222309.0--9222341.0": 0.7948554511695106, "9222309.0--9222346.0": 0.7931568181321831, "9222309.0--9308628.0": 0.7691598309910201, "9222294.0--9222309.0": 0.7982656834160258, "9222309.0--9241732.0": 0.7718770731207967, "9222060.0--9222309.0": 0.7824310961768117, "9222280.0--9222309.0": 0.791092405125193}