{"8585498.0--8585594.0": 0.7956734806215592, "8585594.0--8585613.0": 0.784072952227247, "8585594.0--8585638.0": 0.816811040186105, "8585594.0--8585647.0": 0.7977696291966838, "8585594.0--8585646.0": 0.8082448330907882, "8585594.0--8585658.0": 0.8214547561812767, "8585594.0--8585669.0": 0.8064084015627373, "8585594.0--8585665.0": 0.7735660798153317, "8585594.0--8585720.0": 0.8155974312279457, "8585594.0--8585733.0": 0.783880178635008, "8585594.0--8585721.0": 0.7991637296945606, "8454906.0--8585594.0": 0.7946080581128306, "8457259.0--8585594.0": 0.7874664561029168, "8440091.0--8585594.0": 0.7956644886905597, "8440097.0--8585594.0": 0.772587983756704, "8440049.0--8585594.0": 0.8026501342209045, "8440034.0--8585594.0": 0.7510493769140154, "8454905.0--8585594.0": 0.796984094207023, "8440039.0--8585594.0": 0.8083347052943333, "8440086.0--8585594.0": 0.7924608840338612, "8445644.0--8585594.0": 0.7717592620710934, "8494830.0--8585594.0": 0.7762875307556727, "8440038.0--8585594.0": 0.8022943124550457, "8440110.0--8585594.0": 0.8003171739012234, "8440109.0--8585594.0": 0.7836048543566952, "8453873.0--8585594.0": 0.7493868316834257, "8440115.0--8585594.0": 0.8085797060438816, "8467383.0--8585594.0": 0.7840619372580007, "8440120.0--8585594.0": 0.7812834221494674, "8440076.0--8585594.0": 0.7856748505516096, "8440043.0--8585594.0": 0.7630324445948227, "8467535.0--8585594.0": 0.7974627743713032, "8440121.0--8585594.0": 0.8137042161958936, "8440044.0--8585594.0": 0.7976416079226578, "8440089.0--8585594.0": 0.7661511589116528, "8440052.0--8585594.0": 0.7783026661412248, "8440085.0--8585594.0": 0.8377350577274819, "8440070.0--8585594.0": 0.7999140594481531, "8440048.0--8585594.0": 0.8050657911816913, "8440118.0--8585594.0": 0.7862983996277946, "8440081.0--8585594.0": 0.7607235080017409, "8440102.0--8585594.0": 0.781104859446253, "8440080.0--8585594.0": 0.8077528917264191, "8440096.0--8585594.0": 0.7481472260737863, "8440124.0--8585594.0": 0.7830059085011202, "8440063.0--8585594.0": 0.7977875783666125, "8440037.0--8585594.0": 0.8012229648533171, "8440040.0--8585594.0": 0.7906443987338394, "8440056.0--8585594.0": 0.7646246134647589, "8440116.0--8585594.0": 0.7687688492531934, "8444102.0--8585594.0": 0.7586130843324026, "8440824.0--8585594.0": 0.7673825770498266, "8493612.0--8585594.0": 0.7774540263311899, "8440850.0--8585594.0": 0.8080008780603662, "8456856.0--8585594.0": 0.8052167694484925, "8447439.0--8585594.0": 0.778791425224919, "8440805.0--8585594.0": 0.7841087163067227, "8440811.0--8585594.0": 0.7764240725685355, "8440856.0--8585594.0": 0.8100292938994887, "8440822.0--8585594.0": 0.7960380429526688, "8440828.0--8585594.0": 0.8219171138911552, "8440851.0--8585594.0": 0.7723593323504168, "8457476.0--8585594.0": 0.7895157341459116, "8440848.0--8585594.0": 0.7672217509018392, "8440839.0--8585594.0": 0.7883535318093091, "8443395.0--8585594.0": 0.8062952326152365, "8440832.0--8585594.0": 0.797952311920349, "8440816.0--8585594.0": 0.7925797065879696, "8440835.0--8585594.0": 0.7817053431234704, "8440818.0--8585594.0": 0.8273778048983778, "8440853.0--8585594.0": 0.7972228768695694, "8440840.0--8585594.0": 0.7891383711277873, "8440857.0--8585594.0": 0.8033790614420544, "8449328.0--8585594.0": 0.7738120244876199, "8440829.0--8585594.0": 0.7899610567255845, "8440807.0--8585594.0": 0.7805947623644506, "8440831.0--8585594.0": 0.7999316691599387, "8440852.0--8585594.0": 0.8072818405557454, "8440841.0--8585594.0": 0.7810774175201587, "8440859.0--8585594.0": 0.758084830987143, "8440821.0--8585594.0": 0.817989072159205, "8440842.0--8585594.0": 0.7931429291067826, "8443131.0--8585594.0": 0.7784959893683465, "8440815.0--8585594.0": 0.7883281069295672, "8500765.0--8585594.0": 0.8321211973884292, "8440804.0--8585594.0": 0.8167958051293043, "8454276.0--8585594.0": 0.8021106600648331, "8464305.0--8585594.0": 0.8038830125789126, "8494828.0--8585594.0": 0.7783281516640081, "8440825.0--8585594.0": 0.7909290642644448, "8440814.0--8585594.0": 0.8051269024835019, "8440838.0--8585594.0": 0.8093591828256727, "8440855.0--8585594.0": 0.814324938748945, "8454489.0--8585594.0": 0.8101671728519542, "8440834.0--8585594.0": 0.7738626671545266, "8440826.0--8585594.0": 0.8019904697436677, "8440823.0--8585594.0": 0.8171235418948262, "8440845.0--8585594.0": 0.7808255582574448, "8440810.0--8585594.0": 0.810837243462234, "8440806.0--8585594.0": 0.779049852630107, "8440817.0--8585594.0": 0.8025455965292434, "8440813.0--8585594.0": 0.8306234102350128, "8443125.0--8585594.0": 0.7854920247970517, "8456575.0--8585594.0": 0.811924082824087, "8440860.0--8585594.0": 0.8189108213457661, "8454343.0--8585594.0": 0.7951120418220718, "8440803.0--8585594.0": 0.8173378462014164, "8454344.0--8585594.0": 0.8159531262476232, "8440854.0--8585594.0": 0.8488122243262045, "8454346.0--8585594.0": 0.7820345263250518, "8440827.0--8585594.0": 0.7941179170811523, "8440836.0--8585594.0": 0.800561157266833, "8440844.0--8585594.0": 0.832500507519867, "8440808.0--8585594.0": 0.8141224855692522, "8440837.0--8585594.0": 0.8063251769459792, "8440858.0--8585594.0": 0.8069529314643172, "8440820.0--8585594.0": 0.7721418546262186, "8440833.0--8585594.0": 0.7840647914208829, "8444072.0--8585594.0": 0.813848214287014, "8440812.0--8585594.0": 0.8289147586688814, "8440809.0--8585594.0": 0.8267323671419761, "8454904.0--8585594.0": 0.8082133478323951, "8440846.0--8585594.0": 0.8245746912918226, "8440830.0--8585594.0": 0.784320167701161, "8444077.0--8585594.0": 0.7763181789109237, "8440847.0--8585594.0": 0.8059754168255662, "8440849.0--8585594.0": 0.7926010511921681, "8443124.0--8585594.0": 0.8277086745504834, "8440843.0--8585594.0": 0.7860065554380953, "8585594.0--8807265.0": 0.8100353220320693, "8585594.0--8816695.0": 0.8054736075452198, "8585594.0--8805426.0": 0.7997707672962397, "8585594.0--8805421.0": 0.8000088480586117, "8585594.0--8812684.0": 0.7754478973843117, "8585594.0--8805461.0": 0.7674198039799086, "8585594.0--8807255.0": 0.799222134867028, "8585594.0--8805460.0": 0.754131826086863, "8585594.0--8807292.0": 0.7936134850463638, "8585594.0--8807354.0": 0.8219241738821996, "8585594.0--8809711.0": 0.7898774469635803, "8585594.0--8805422.0": 0.7706012297919682, "8585594.0--8805424.0": 0.7939208925577164, "8585594.0--8794517.0": 0.7688298789978238, "8585594.0--8805451.0": 0.7658602466828842, "8585594.0--8807223.0": 0.7439260345715213, "8585594.0--8794560.0": 0.7980630123860624, "8481543.0--8585594.0": 0.7871967172704317, "8585594.0--8802285.0": 0.7606664956825219, "8585594.0--8807245.0": 0.8081103210464262, "8585594.0--8805456.0": 0.7666837514456791, "8585594.0--8827944.0": 0.7671076148835183, "8585594.0--8807296.0": 0.7967983163781452, "8585594.0--8827951.0": 0.7430051979940502, "8585594.0--8854335.0": 0.820616236042743, "8585594.0--8805446.0": 0.794785601207544, "8585594.0--8805436.0": 0.8015522232434953, "8585594.0--8805433.0": 0.7737669616924755, "8546802.0--8585594.0": 0.7953815049786119, "8585594.0--8805427.0": 0.7912968961418838, "8585594.0--8836120.0": 0.8010768844358223, "8585594.0--8794768.0": 0.7901556865556034, "8585594.0--8809750.0": 0.7846598283010219, "8585594.0--8820172.0": 0.8162525589973892, "8476234.0--8585594.0": 0.8096281380034042, "8585594.0--8807314.0": 0.7931907221205161, "8585594.0--8794520.0": 0.8099738472820109, "8585594.0--8805452.0": 0.806562891751787, "8585594.0--8805462.0": 0.8020407499465331, "8585594.0--8807275.0": 0.815205994583299, "8419285.0--8585594.0": 0.7884014000235526, "8585594.0--8807379.0": 0.7977159289466471, "8585594.0--8807234.0": 0.827789223239892, "8423100.0--8585594.0": 0.7963800338721205, "8585594.0--8805455.0": 0.762350015768932, "8585594.0--8727493.0": 0.7565526100815128, "8585594.0--8807369.0": 0.763493941114241, "8532319.0--8585594.0": 0.7782633225965896, "8419325.0--8585594.0": 0.7931630071163311, "8585594.0--8805430.0": 0.7748350953660792, "8585594.0--8807301.0": 0.7899483755442915, "8585594.0--8713940.0": 0.7910962428671735, "8585594.0--8637795.0": 0.8059792639154308,