{"9226461.0--9238508.0": 0.8162397463947146, "9222266.0--9226461.0": 0.7647141331516928, "9225008.0--9226461.0": 0.801886704944015, "9226461.0--9290431.0": 0.802541057796097, "9226461.0--9239918.0": 0.7769373764166448, "9226461.0--9231271.0": 0.7918120558205478, "9222313.0--9226461.0": 0.7920941512929436, "9226461.0--9231268.0": 0.797111569864578, "9222035.0--9226461.0": 0.7575690469236265, "9222091.0--9226461.0": 0.8308412695413689, "9226461.0--9229515.0": 0.7670075431193825, "9222301.0--9226461.0": 0.8256624018834768, "9222358.0--9226461.0": 0.8195348031711648, "9226461.0--9229135.0": 0.8033196319289095, "9222047.0--9226461.0": 0.8075016240789714, "9222272.0--9226461.0": 0.7893327174013371, "9222110.0--9226461.0": 0.8191054144711672, "9222364.0--9226461.0": 0.7941283602132538, "9222088.0--9226461.0": 0.8340693133990382, "9216518.0--9226461.0": 0.7995849230235359, "9222309.0--9226461.0": 0.7976169525803135, "9216595.0--9226461.0": 0.7841536231634887, "9216538.0--9226461.0": 0.7786818869876494, "9216549.0--9226461.0": 0.7696119579945901, "9216559.0--9226461.0": 0.805708143540653, "9222376.0--9226461.0": 0.7604202813091682, "9222374.0--9226461.0": 0.8326791015128694, "9224194.0--9226461.0": 0.7632035189679293, "9222254.0--9226461.0": 0.7880627211291477, "9222049.0--9226461.0": 0.7782437711388017, "9222562.0--9226461.0": 0.7850771697916064, "9226126.0--9226461.0": 0.7738407101863498, "9226461.0--9240062.0": 0.8281187905049889, "9226101.0--9226461.0": 0.7900616131153594, "9222377.0--9226461.0": 0.778871802617452, "9226461.0--9233392.0": 0.78926739375595, "9222093.0--9226461.0": 0.767654888724314, "9224154.0--9226461.0": 0.7706595873785984, "9226461.0--9240061.0": 0.7803336187333663, "9222512.0--9226461.0": 0.7934490239757365, "9226461.0--9241413.0": 0.8084448147398335, "9224646.0--9226461.0": 0.7857637650345735, "9222372.0--9226461.0": 0.7660969519061728, "9222253.0--9226461.0": 0.7937610608208938, "9222092.0--9226461.0": 0.828254403152936, "9222271.0--9226461.0": 0.8132796323778935, "9226461.0--9230431.0": 0.8046712234750664, "9222076.0--9226461.0": 0.825561995909038, "9222053.0--9226461.0": 0.7942471075050233, "9216532.0--9226461.0": 0.8121904376723513, "9222085.0--9226461.0": 0.7931203381374592, "9216629.0--9226461.0": 0.7963688578994023, "9226461.0--9308630.0": 0.8002937339133338, "9226461.0--9308624.0": 0.7773698636279088, "9219240.0--9226461.0": 0.776099257279532, "9216630.0--9226461.0": 0.8146817475833346, "9217981.0--9226461.0": 0.7901957043728344, "9224153.0--9226461.0": 0.7799332533891834, "9226461.0--9286505.0": 0.763089316790107, "9216512.0--9226461.0": 0.8062446624567283, "9216579.0--9226461.0": 0.7865154430968074, "9222249.0--9226461.0": 0.8055770055328263, "9222367.0--9226461.0": 0.7540165172167873, "9222325.0--9226461.0": 0.7847349943110205, "9222510.0--9226461.0": 0.7734033493160533, "9226461.0--9246250.0": 0.7921452447877315, "9226461.0--9308627.0": 0.802119271622527, "9224186.0--9226461.0": 0.8132476167698244, "9226461.0--9229232.0": 0.7664806105507931, "9226404.0--9226461.0": 0.7740226676905979, "9226461.0--9308631.0": 0.7757981245455569, "9222255.0--9226461.0": 0.8598833339336949, "9222261.0--9226461.0": 0.8109768537172249, "9222338.0--9226461.0": 0.781404871339356, "9222284.0--9226461.0": 0.8007119729555988, "9226461.0--9230430.0": 0.8086863655911842, "9226461.0--9308622.0": 0.7679577689735511, "9226461.0--9286903.0": 0.7455099590913352, "9226461.0--9234473.0": 0.7754851266018018, "9226461.0--9241426.0": 0.808008848756483, "9222269.0--9226461.0": 0.7888635224605549, "9226461.0--9237999.0": 0.7977804623693855, "9222072.0--9226461.0": 0.8250870005363553, "9224197.0--9226461.0": 0.7989804874571749, "9226461.0--9246282.0": 0.7975385172143785, "9222314.0--9226461.0": 0.7761903308443227, "9222357.0--9226461.0": 0.792068016851189, "9222086.0--9226461.0": 0.7578317377008723, "9222360.0--9226461.0": 0.8056513598554262, "9222065.0--9226461.0": 0.7740495623681021, "9226461.0--9228894.0": 0.8375129419926406, "9226461.0--9233264.0": 0.8050623979984286, "9222343.0--9226461.0": 0.7787291954385422, "9226461.0--9308621.0": 0.7939290522572852, "9226461.0--9308625.0": 0.8138543562918423, "9226461.0--9241744.0": 0.7949250524302536, "9226461.0--9308629.0": 0.7893461890117343, "9222068.0--9226461.0": 0.7557138852358651, "9222248.0--9226461.0": 0.8130283982547416, "9222274.0--9226461.0": 0.7793375440492637, "9226461.0--9229116.0": 0.811229400296471, "9226461.0--9233993.0": 0.7696366702510526, "9226461.0--9308623.0": 0.8177818504799874, "9222553.0--9226461.0": 0.79248127997371, "9222341.0--9226461.0": 0.8825722253990975, "9222346.0--9226461.0": 0.8157480379780686, "9226461.0--9308628.0": 0.8012193026637484, "9222294.0--9226461.0": 0.77550383834182, "9226461.0--9241732.0": 0.8206901998766224, "9222060.0--9226461.0": 0.8268144556248522, "9222280.0--9226461.0": 0.8260207432848256}