{"8440038.0--8440110.0": 0.8148057622486037, "8440038.0--8440109.0": 0.7962956539585172, "8440038.0--8453873.0": 0.8103383415500786, "8440038.0--8440115.0": 0.8212309857215813, "8440038.0--8467383.0": 0.8275576777604035, "8440038.0--8440120.0": 0.8299905093973103, "8440038.0--8440076.0": 0.7972621483355395, "8440038.0--8440043.0": 0.7958053656357056, "8440038.0--8467535.0": 0.7814120350741771, "8440038.0--8440121.0": 0.8216835659210759, "8440038.0--8440044.0": 0.7711019235895378, "8440038.0--8440089.0": 0.8110964059107562, "8440038.0--8440052.0": 0.8216673107735941, "8440038.0--8440085.0": 0.8147079194984836, "8440038.0--8440070.0": 0.8670845092012684, "8440038.0--8440048.0": 0.8141542518901065, "8440038.0--8440118.0": 0.816745315570795, "8440038.0--8440081.0": 0.7758546420075277, "8440038.0--8440102.0": 0.8282945905077201, "8440038.0--8440080.0": 0.8065306460196415, "8440038.0--8440096.0": 0.7972430452985028, "8440038.0--8440124.0": 0.768480120752228, "8440038.0--8440063.0": 0.8378878532923492, "8440037.0--8440038.0": 0.8038620430909812, "8440038.0--8440040.0": 0.7857581831421412, "8440038.0--8440056.0": 0.8120549835054744, "8440038.0--8440116.0": 0.7992789842833862, "8440038.0--8444102.0": 0.8118618459465163, "8440038.0--8440824.0": 0.8029790753852801, "8440038.0--8493612.0": 0.7953621805929213, "8440038.0--8440850.0": 0.8288903454166807, "8440038.0--8456856.0": 0.8306864102965422, "8440038.0--8447439.0": 0.825811821931607, "8440038.0--8440805.0": 0.8254544005343443, "8440038.0--8440811.0": 0.7738108073992632, "8440038.0--8440856.0": 0.8284507969974915, "8440038.0--8440822.0": 0.7949303052013483, "8440038.0--8440828.0": 0.8203149165362789, "8440038.0--8440851.0": 0.7644944897606656, "8440038.0--8457476.0": 0.7798115198835838, "8440038.0--8440848.0": 0.7298089337969538, "8440038.0--8440839.0": 0.8006114023086709, "8440038.0--8443395.0": 0.7789411577793701, "8440038.0--8440832.0": 0.796851189163305, "8440038.0--8440816.0": 0.8285195018534883, "8440038.0--8440835.0": 0.7855804522571822, "8440038.0--8440818.0": 0.8560194612589379, "8440038.0--8440853.0": 0.8140768694604138, "8440038.0--8440840.0": 0.8325119347529838, "8440038.0--8440857.0": 0.8241422363395018, "8440038.0--8449328.0": 0.7783881152721902, "8440038.0--8440829.0": 0.8232836711769658, "8440038.0--8440807.0": 0.7500911735948277, "8440038.0--8440831.0": 0.7901154262821122, "8440038.0--8440852.0": 0.8154774890034328, "8440038.0--8440841.0": 0.7744123289239656, "8440038.0--8440859.0": 0.7944719333341659, "8440038.0--8440821.0": 0.7850648648940666, "8440038.0--8440842.0": 0.7930622043239074, "8440038.0--8443131.0": 0.7531089436440113, "8440038.0--8440815.0": 0.7776231923773363, "8440038.0--8500765.0": 0.7824394298689282, "8440038.0--8440804.0": 0.7838264083641083, "8440038.0--8454276.0": 0.7810520346612331, "8440038.0--8464305.0": 0.8031446019787378, "8440038.0--8494828.0": 0.7642615552680716, "8440038.0--8440825.0": 0.7752788979397179, "8440038.0--8440814.0": 0.8145154539670865, "8440038.0--8440838.0": 0.8654507240640034, "8440038.0--8440855.0": 0.8275961852303109, "8440038.0--8454489.0": 0.8121990114353047, "8440038.0--8440834.0": 0.7727464158519532, "8440038.0--8440826.0": 0.8471115854892082, "8440038.0--8440823.0": 0.8004221426342956, "8440038.0--8440845.0": 0.8034130620299711, "8440038.0--8440810.0": 0.8068269572858888, "8440038.0--8440806.0": 0.7771847947866146, "8440038.0--8440817.0": 0.8202573510335986, "8440038.0--8440813.0": 0.8050688727514339, "8440038.0--8443125.0": 0.7844924084421155, "8440038.0--8456575.0": 0.7963874198894605, "8440038.0--8440860.0": 0.8032390232308917, "8440038.0--8454343.0": 0.7959133638189737, "8440038.0--8440803.0": 0.7933378817266631, "8440038.0--8454344.0": 0.8222422973258311, "8440038.0--8440854.0": 0.831754930808216, "8440038.0--8454346.0": 0.8081748508390566, "8440038.0--8440827.0": 0.7687555061454472, "8440038.0--8440836.0": 0.8166417154402337, "8440038.0--8440844.0": 0.8084883571996515, "8440038.0--8440808.0": 0.8381381827593981, "8440038.0--8440837.0": 0.8295570951138715, "8440038.0--8440858.0": 0.7937257853010037, "8440038.0--8440820.0": 0.8384291525034007, "8440038.0--8440833.0": 0.7919472793187964, "8440038.0--8444072.0": 0.7719911930685928, "8440038.0--8440812.0": 0.8451225213948027, "8440038.0--8440809.0": 0.802170865104237, "8440038.0--8454904.0": 0.8022941842139326, "8440038.0--8440846.0": 0.8173287553845497, "8440038.0--8440830.0": 0.7782968821756091, "8440038.0--8444077.0": 0.7834464071662115, "8440038.0--8440847.0": 0.7974061248838034, "8440038.0--8440849.0": 0.8172690393621277, "8440038.0--8443124.0": 0.8370098833541033, "8440038.0--8440843.0": 0.8386272219883909, "8440038.0--8807265.0": 0.7845983167721583, "8440038.0--8816695.0": 0.8040162412988325, "8440038.0--8805426.0": 0.80984178010941, "8440038.0--8805421.0": 0.8278184115905843, "8440038.0--8812684.0": 0.784793868987384, "8440038.0--8805461.0": 0.8273418191879259, "8440038.0--8807255.0": 0.7574782553623266, "8440038.0--8805460.0": 0.7528746514145944, "8440038.0--8807292.0": 0.7882072898847281, "8440038.0--8807354.0": 0.7859269656099406, "8440038.0--8809711.0": 0.7831019441363327, "8440038.0--8805422.0": 0.7599220170229681, "8440038.0--8805424.0": 0.7864351827797121, "8440038.0--8794517.0": 0.8234291412507151, "8440038.0--8805451.0": 0.803568195504336, "8440038.0--8807223.0": 0.8052112365712478, "8440038.0--8794560.0": 0.7943278449879198, "8440038.0--8481543.0": 0.8168659543759313, "8440038.0--8802285.0": 0.788287667469126, "8440038.0--8807245.0": 0.7865961153028423, "8440038.0--8805456.0": 0.819959434086988, "8440038.0--8827944.0": 0.7591086844098739, "8440038.0--8807296.0": 0.8528564118315156, "8440038.0--8827951.0": 0.7955843217159212, "8440038.0--8854335.0": 0.8127139135518328, "8440038.0--8805446.0": 0.8309260194025634, "8440038.0--8805436.0": 0.8290679232899961, "8440038.0--8805433.0": 0.794464078820178, "8440038.0--8546802.0": 0.8178765753986781, "8440038.0--8805427.0": 0.797518619194799, "8440038.0--8836120.0": 0.8221612345430568, "8440038.0--8794768.0": 0.8258886492729437, "8440038.0--8809750.0": 0.8235430011758152, "8440038.0--8820172.0": 0.8494196929551219, "8440038.0--8476234.0": 0.7888068469742483, "8440038.0--8807314.0": 0.7873711673376145, "8440038.0--8794520.0": 0.8443027448012532, "8440038.0--8805452.0": 0.8022326528574835, "8440038.0--8805462.0": 0.7728773590323086, "8440038.0--8807275.0": 0.8121792856207897, "8419285.0--8440038.0": 0.798314313881103, "8440038.0--8807379.0": 0.8244629865164667, "8440038.0--8807234.0": 0.8167895573423287, "8423100.0--8440038.0": 0.8025155795575099, "8440038.0--8805455.0": 0.8264399968347992, "8440038.0--8727493.0": 0.7781718415083582, "8440038.0--8807369.0": 0.761545005163559, "8440038.0--8532319.0": 0.8433756032840591, "8419325.0--8440038.0": 0.7943883658078283, "8440038.0--8805430.0": 0.7709910990572151, "8440038.0--8807301.0": 0.7785717578973147, "8440038.0--8713940.0": 0.800763582077494, "8440038.0--8637795.0": 0.8351885762130653, "7999244.0--8440038.0": 0.8091618043041899, "8440038.0--8805439.0": 0.7793030671741596, "8440038.0--8805428.0": 0.8212519007953715, "8440038.0--8809223.0": 0.8170501522350067, "8440038.0--8795584.0": 0.8065190155055121, "8440038.0--8807264.0": 0.7725911908605902, "8440038.0--8805431.0": 0.798469390000466, "8440038.0--8453863.0": 0.814842646424767, "8400404.0--8440038.0": 0.780177901863389, "8440038.0--8809834.0": 0.8162654143483984, "8440038.0--8663447.0": 0.8256646942344978, "8440038.0--8807213.0": 0.8419971290767984, "8440038.0--8640251.0": 0.8085101715387206, "8440038.0--8807220.0": 0.840401320293526, "8440038.0--8617736.0": 0.8000350277001572, "8440038.0--8617746.0": 0.7728040996206524, "8440038.0--8640072.0": 0.8068611911709099, "8440038.0--8636208.0": 0.8218820940819651, "8440038.0--8805458.0": 0.7794937859559992, "8440038.0--8807271.0": 0.7888224307437842, "8440038.0--8809678.0": 0.7826856492025207, "8440038.0--8807226.0": 0.815269730674426, "8440038.0--8805467.0": 0.8109157912470383,