{"9220137.0--9233460.0": 0.7606576986838953, "9220137.0--9222263.0": 0.760874673086708, "9220137.0--9293003.0": 0.7963944663958145, "9220137.0--9222102.0": 0.8158154527448777, "9220137.0--9222323.0": 0.7984796905534465, "9220137.0--9222287.0": 0.8087226649548012, "9220137.0--9223736.0": 0.8333786292795622, "9220137.0--9224191.0": 0.7706300280801547, "9220137.0--9222251.0": 0.7980259257593967, "9220137.0--9229242.0": 0.7913857180002601, "9220137.0--9282195.0": 0.7550687033999349, "9220137.0--9222098.0": 0.7979416598224707, "9220137.0--9234027.0": 0.7714391825206282, "9220137.0--9246308.0": 0.7793845080150129, "9220137.0--9240072.0": 0.794159707837397, "9220137.0--9222353.0": 0.7783822284428265, "9220137.0--9222293.0": 0.822876431101028, "9220137.0--9222089.0": 0.7843713504801553, "9220137.0--9228893.0": 0.7747206461964433, "9220137.0--9224192.0": 0.7489806491635852, "9220137.0--9222289.0": 0.7946157729724626, "9220137.0--9222038.0": 0.7581746397457535, "9220137.0--9229072.0": 0.7914565215667886, "9220137.0--9222295.0": 0.7792420347814548, "9220137.0--9222342.0": 0.811612910575951, "9220137.0--9241407.0": 0.7584057093186667, "9220137.0--9288884.0": 0.8025016352194181, "9220137.0--9222351.0": 0.7904487933755155, "9220137.0--9223669.0": 0.797953032012961, "9220137.0--9222315.0": 0.751799227779952, "9220137.0--9222335.0": 0.812429971841286, "9220137.0--9222327.0": 0.7874950445452371, "9220137.0--9233469.0": 0.7959243942941328, "9220137.0--9226461.0": 0.7855483363030551, "9220137.0--9238508.0": 0.7991241849254529, "9220137.0--9222266.0": 0.7662459574211824, "9220137.0--9225008.0": 0.7952367317611445, "9220137.0--9290431.0": 0.7682772179288482, "9220137.0--9239918.0": 0.7843610955053544, "9220137.0--9231271.0": 0.8199126779940549, "9220137.0--9222313.0": 0.7672394985138569, "9220137.0--9231268.0": 0.7742801456697441, "9220137.0--9222035.0": 0.7568396596787048, "9220137.0--9222091.0": 0.8036573042848206, "9220137.0--9229515.0": 0.7928591995956846, "9220137.0--9222301.0": 0.7852537424498919, "9220137.0--9222358.0": 0.7852890170722537, "9220137.0--9229135.0": 0.8047625195694419, "9220137.0--9222047.0": 0.7863859022964698, "9220137.0--9222272.0": 0.7869520835044701, "9220137.0--9222110.0": 0.7795883449245352, "9220137.0--9222364.0": 0.7694012143514961, "9220137.0--9222088.0": 0.7999022917377423, "9216518.0--9220137.0": 0.791782389962562, "9220137.0--9222309.0": 0.7880743911227108, "9216595.0--9220137.0": 0.7587118185877819, "9216538.0--9220137.0": 0.7582705881590266, "9216549.0--9220137.0": 0.7746412604277817, "9216559.0--9220137.0": 0.8030178736901729, "9220137.0--9222376.0": 0.7455194067134465, "9220137.0--9222374.0": 0.8037377210085229, "9220137.0--9224194.0": 0.7405918247032864, "9220137.0--9222254.0": 0.7706038645765046, "9220137.0--9222049.0": 0.7463844182815599, "9220137.0--9222562.0": 0.7493052890397824, "9220137.0--9226126.0": 0.7497331835931536, "9220137.0--9240062.0": 0.7962065505907505, "9220137.0--9226101.0": 0.7716166904552132, "9220137.0--9222377.0": 0.7479946304553868, "9220137.0--9233392.0": 0.7816342350640784, "9220137.0--9222093.0": 0.758332761733969, "9220137.0--9224154.0": 0.749080037859692, "9220137.0--9240061.0": 0.7648082546592057, "9220137.0--9222512.0": 0.7655495175134848, "9220137.0--9241413.0": 0.7915744045984612, "9220137.0--9224646.0": 0.7454642688142401, "9220137.0--9222372.0": 0.7284931823546783, "9220137.0--9222253.0": 0.7635978406076784, "9220137.0--9222092.0": 0.7788855115068953, "9220137.0--9222271.0": 0.7831537843243097, "9220137.0--9230431.0": 0.7740769167375543, "9220137.0--9222076.0": 0.7633749186390355, "9220137.0--9222053.0": 0.7694691768656394, "9216532.0--9220137.0": 0.7783449877618513, "9220137.0--9222085.0": 0.7927114629564469, "9216629.0--9220137.0": 0.805264683301335, "9220137.0--9308630.0": 0.771000120816201, "9220137.0--9308624.0": 0.7929237726050058, "9219240.0--9220137.0": 0.8073307749420396, "9216630.0--9220137.0": 0.7713654139109776, "9217981.0--9220137.0": 0.7794670045488163, "9220137.0--9224153.0": 0.8246046618100006, "9220137.0--9286505.0": 0.7634094496189834, "9216512.0--9220137.0": 0.801686429504072, "9216579.0--9220137.0": 0.7688122869068071, "9220137.0--9222249.0": 0.7714470947095269, "9220137.0--9222367.0": 0.7757376026284276, "9220137.0--9222325.0": 0.7514890358634607, "9220137.0--9222510.0": 0.750320706188787, "9220137.0--9246250.0": 0.8205829997391795, "9220137.0--9308627.0": 0.8000090252589309, "9220137.0--9224186.0": 0.8001385017742071, "9220137.0--9229232.0": 0.7542701304184276, "9220137.0--9226404.0": 0.7516054676395487, "9220137.0--9308631.0": 0.7797640852325496, "9220137.0--9222255.0": 0.7824268945070214, "9220137.0--9222261.0": 0.7736293531519053, "9220137.0--9222338.0": 0.7788029383081007, "9220137.0--9222284.0": 0.7927416268641931, "9220137.0--9230430.0": 0.7987830044398283, "9220137.0--9308622.0": 0.7329426122823777, "9220137.0--9286903.0": 0.7239662624499285, "9220137.0--9234473.0": 0.779415998263161, "9220137.0--9241426.0": 0.8240968637861632, "9220137.0--9222269.0": 0.7925568133481329, "9220137.0--9237999.0": 0.7978086638365816, "9220137.0--9222072.0": 0.7789374663936695, "9220137.0--9224197.0": 0.7815248971839323, "9220137.0--9246282.0": 0.7793774330720663, "9220137.0--9222314.0": 0.7942895291827639, "9220137.0--9222357.0": 0.824864704206915, "9220137.0--9222086.0": 0.7665358460846095, "9220137.0--9222360.0": 0.7959488419673915, "9220137.0--9222065.0": 0.7534863910655482, "9220137.0--9228894.0": 0.7905426278695094, "9220137.0--9233264.0": 0.7820303343546418, "9220137.0--9222343.0": 0.7715381473629176, "9220137.0--9308621.0": 0.773451281056093, "9220137.0--9308625.0": 0.7699085198622048, "9220137.0--9241744.0": 0.7795584562448225, "9220137.0--9308629.0": 0.7766780878234159, "9220137.0--9222068.0": 0.7489885589564592, "9220137.0--9222248.0": 0.7605526145309222, "9220137.0--9222274.0": 0.7617457006778758, "9220137.0--9229116.0": 0.8002666236154637, "9220137.0--9233993.0": 0.7687272301052488, "9220137.0--9308623.0": 0.7647727785912163, "9220137.0--9222553.0": 0.8285085371059193, "9220137.0--9222341.0": 0.7986030121328053, "9220137.0--9222346.0": 0.7917391020540906, "9220137.0--9308628.0": 0.8058324567727042, "9220137.0--9222294.0": 0.7851068780728012, "9220137.0--9241732.0": 0.7922317225729718, "9220137.0--9222060.0": 0.8007288941950582, "9220137.0--9222280.0": 0.8202468523652512}