{"8807299.0--8812988.0": 0.8778369394161336, "8807294.0--8807299.0": 0.8288623914667339, "8805434.0--8807299.0": 0.8187918229611775, "8732351.0--8807299.0": 0.8018013143956281, "8807232.0--8807299.0": 0.8070264058012011, "8419271.0--8807299.0": 0.7734477390841649, "8625484.0--8807299.0": 0.7899625228065558, "8807299.0--8807349.0": 0.8586181317576242, "8807299.0--8809730.0": 0.8086038835231031, "8730513.0--8807299.0": 0.8230733512385887, "8807299.0--8809833.0": 0.7914092821612395, "8523628.0--8807299.0": 0.8139758082286084, "8434356.0--8807299.0": 0.7755879827861724, "8807299.0--8807303.0": 0.7908141194968389, "8807299.0--8811606.0": 0.7756534159183449, "8807244.0--8807299.0": 0.7650114166816435, "8490694.0--8807299.0": 0.806909373009474, "8807299.0--8809844.0": 0.778441142886044, "8807299.0--8809850.0": 0.7857066648998818, "8805445.0--8807299.0": 0.7534240030889818, "8412138.0--8807299.0": 0.8092254552528538, "8807247.0--8807299.0": 0.7650902543088893, "8807299.0--8848845.0": 0.7660513816090497, "8695851.0--8807299.0": 0.8022311384982317, "8713907.0--8807299.0": 0.8058805779500704, "8807299.0--8809847.0": 0.8223193519670504, "8727480.0--8807299.0": 0.8048484242203151, "8706590.0--8807299.0": 0.7758249570620406, "8735916.0--8807299.0": 0.8160240752007383, "8474512.0--8807299.0": 0.7854883890241378, "8807299.0--8809845.0": 0.7644759258208433, "8540796.0--8807299.0": 0.8022759258855223, "8807233.0--8807299.0": 0.8028888437672399, "8617747.0--8807299.0": 0.7890089580413233, "8474486.0--8807299.0": 0.7931937218855393, "8474516.0--8807299.0": 0.8516552322374811, "8663650.0--8807299.0": 0.7651982159664606, "8663646.0--8807299.0": 0.8050146446917674, "8794553.0--8807299.0": 0.784616927606318, "8807299.0--8863966.0": 0.7937337828073701, "8525340.0--8807299.0": 0.7449438273365712, "8805448.0--8807299.0": 0.7633025271006296, "8405549.0--8807299.0": 0.7909648668171042, "8611178.0--8807299.0": 0.7586355506130205, "8807299.0--8827593.0": 0.8285204596603337, "8805463.0--8807299.0": 0.8032984819968769, "8805457.0--8807299.0": 0.8543262641569971, "8805442.0--8807299.0": 0.7836188047037208, "8807266.0--8807299.0": 0.8244772002991074, "8807299.0--8813126.0": 0.8011402532087197, "8585103.0--8807299.0": 0.7959448538558012, "8807235.0--8807299.0": 0.8107832832822219, "8585048.0--8807299.0": 0.8312864175744002, "8807299.0--8809843.0": 0.7872846628462403, "8807299.0--8809842.0": 0.7565545381721812, "8807299.0--8842614.0": 0.7694385157700363, "8805441.0--8807299.0": 0.7479234330564446, "8807299.0--8809920.0": 0.7653707708099478, "8663312.0--8807299.0": 0.7884403214764253, "8477126.0--8807299.0": 0.8317647186631995, "8807224.0--8807299.0": 0.840915180054749, "8807299.0--8807355.0": 0.7798591076035922, "8807299.0--8807320.0": 0.7678077697901918, "8665933.0--8807299.0": 0.7788153921020132, "8807299.0--8845772.0": 0.7651279958882766, "8807299.0--8812989.0": 0.8228019718416248, "8636969.0--8807299.0": 0.7863471896804319, "8805450.0--8807299.0": 0.7596926495865499, "8807243.0--8807299.0": 0.8204831445248455, "8805443.0--8807299.0": 0.8101583558534582, "8673661.0--8807299.0": 0.8175806847067731, "8805419.0--8807299.0": 0.7777579302125859, "8451903.0--8807299.0": 0.797250621091335, "8805429.0--8807299.0": 0.7848909517403635, "8807299.0--8809846.0": 0.772692409874348, "8807299.0--8809832.0": 0.8049592405890278, "8413174.0--8807299.0": 0.7466881125717496, "8494817.0--8807299.0": 0.7451236348901825, "8637778.0--8807299.0": 0.766283138235511, "8807299.0--8809742.0": 0.7975582289411585, "8807280.0--8807299.0": 0.8138813832962448, "8807274.0--8807299.0": 0.8189297558110464, "8807299.0--9216586.0": 0.7664085353075202, "8807299.0--9237132.0": 0.8085268460698334, "8807299.0--9216572.0": 0.786151056500098, "8807299.0--9217952.0": 0.7799139958958403, "8807299.0--9217931.0": 0.8237707611409955, "8807299.0--9216507.0": 0.8020418769132639, "8807299.0--9222368.0": 0.8039624155839055, "8807299.0--9220137.0": 0.7898976214214661, "8807299.0--9233460.0": 0.7746300172512336, "8807299.0--9222263.0": 0.7431694407220745, "8807299.0--9293003.0": 0.8027761435407816, "8807299.0--9222102.0": 0.8124933107563739, "8807299.0--9222323.0": 0.7803463880193656, "8807299.0--9222287.0": 0.7778960245899651, "8807299.0--9223736.0": 0.7875748719481312, "8807299.0--9224191.0": 0.79029097635269, "8807299.0--9222251.0": 0.7875662761418893, "8807299.0--9229242.0": 0.7803860544654782, "8807299.0--9282195.0": 0.7645976172290407, "8807299.0--9222098.0": 0.8100178464773575, "8807299.0--9234027.0": 0.7882766093254371, "8807299.0--9246308.0": 0.8085899242331513, "8807299.0--9240072.0": 0.8193794097201751, "8807299.0--9222353.0": 0.7898492811513806, "8807299.0--9222293.0": 0.8042997197876156, "8807299.0--9222089.0": 0.7760677477909457, "8807299.0--9228893.0": 0.7929331742473328, "8807299.0--9224192.0": 0.7762410763904761, "8807299.0--9222289.0": 0.8316226309671597, "8807299.0--9222038.0": 0.7747490316056996, "8807299.0--9229072.0": 0.8106769495883734, "8807299.0--9222295.0": 0.7800546417503891, "8807299.0--9222342.0": 0.8145411850291621, "8807299.0--9241407.0": 0.7622558759583116, "8807299.0--9288884.0": 0.770931659500324, "8807299.0--9222351.0": 0.7949193357184627, "8807299.0--9223669.0": 0.8176219923072543, "8807299.0--9222315.0": 0.8049334254612192, "8807299.0--9222335.0": 0.8497767961305449, "8807299.0--9222327.0": 0.7790301794108841, "8807299.0--9233469.0": 0.8112979124427426, "8807299.0--9226461.0": 0.7886152808832244, "8807299.0--9238508.0": 0.8113932679554926, "8807299.0--9222266.0": 0.7768038394840866, "8807299.0--9225008.0": 0.7987635475132112, "8807299.0--9290431.0": 0.7701462014847189, "8807299.0--9239918.0": 0.7717350104488979, "8807299.0--9231271.0": 0.7880696810353348, "8807299.0--9222313.0": 0.8003931538855593, "8807299.0--9231268.0": 0.7792864708615139, "8807299.0--9222035.0": 0.7631405927254793, "8807299.0--9222091.0": 0.797721066102326, "8807299.0--9229515.0": 0.7774319929265703, "8807299.0--9222301.0": 0.7979147394211152, "8807299.0--9222358.0": 0.7952436099443347, "8807299.0--9229135.0": 0.8268688695915472, "8807299.0--9222047.0": 0.7565124883472638, "8807299.0--9222272.0": 0.8348874792290439, "8807299.0--9222110.0": 0.7797671530207485, "8807299.0--9222364.0": 0.7767174030269285, "8807299.0--9222088.0": 0.7986896272284237, "8807299.0--9216518.0": 0.8240337165883844, "8807299.0--9222309.0": 0.7764765270697105, "8807299.0--9216595.0": 0.788400071130961, "8807299.0--9216538.0": 0.7588805527206259, "8807299.0--9216549.0": 0.7744346954148017, "8807299.0--9216559.0": 0.789954819176152, "8807299.0--9222376.0": 0.7736965394273052, "8807299.0--9222374.0": 0.8009722923891278, "8807299.0--9224194.0": 0.7873742364868506, "8807299.0--9222254.0": 0.7892920754498003, "8807299.0--9222049.0": 0.7585922203372406, "8807299.0--9222562.0": 0.7707923213444247, "8807299.0--9226126.0": 0.7788162507687654, "8807299.0--9240062.0": 0.8492483398995032, "8807299.0--9226101.0": 0.7969550577375997, "8807299.0--9222377.0": 0.7731877211612563, "8807299.0--9233392.0": 0.8013618732392565, "8807299.0--9222093.0": 0.7639809262944524, "8807299.0--9224154.0": 0.748666772125977, "8807299.0--9240061.0": 0.7732136679730058, "8807299.0--9222512.0": 0.7600946624605105, "8807299.0--9241413.0": 0.8189980846898367, "8807299.0--9224646.0": 0.7662662675938092, "8807299.0--9222372.0": 0.7590571741180359, "8807299.0--9222253.0": 0.7840311076370698, "8807299.0--9222092.0": 0.8116725619886991, "8807299.0--9222271.0": 0.7865073261554749, "8807299.0--9230431.0": 0.8008773053216036, "8807299.0--9222076.0": 0.7891170902686542, "8807299.0--9222053.0": 0.8033518494568811, "8807299.0--9216532.0": 0.8094813972162973, "8807299.0--9222085.0": 0.7989679110841699, "8807299.0--9216629.0": 0.8227463684177518, "8807299.0--9308630.0": 0.7892786092132259, "8807299.0--9308624.0": 0.7778463792407971, "8807299.0--9219240.0": 0.8605450086051789, "8807299.0--9216630.0": 0.8027080771553643, "8807299.0--9217981.0": 0.7879676169598234, "8807299.0--9224153.0": 0.8294762789072484,