{"8611178.0--8827593.0": 0.7820829839926108, "8611178.0--8805463.0": 0.7391392777663965, "8611178.0--8805457.0": 0.7842643215421883, "8611178.0--8805442.0": 0.7876538444016091, "8611178.0--8807266.0": 0.7826865645505299, "8611178.0--8813126.0": 0.7846221572783144, "8585103.0--8611178.0": 0.7701003890877833, "8611178.0--8807235.0": 0.7807448629569071, "8585048.0--8611178.0": 0.8092035101909034, "8611178.0--8809843.0": 0.7393656502727983, "8611178.0--8809842.0": 0.7854570519017586, "8611178.0--8842614.0": 0.7638468771409569, "8611178.0--8805441.0": 0.7432627455129623, "8611178.0--8809920.0": 0.7425362574372236, "8611178.0--8663312.0": 0.7567831016219057, "8477126.0--8611178.0": 0.794868167141358, "8611178.0--8807224.0": 0.7999780855372679, "8611178.0--8807355.0": 0.7801011882302669, "8611178.0--8807320.0": 0.8157723659173827, "8611178.0--8665933.0": 0.8087024489414059, "8611178.0--8845772.0": 0.7959321210465728, "8611178.0--8812989.0": 0.8137826519721119, "8611178.0--8636969.0": 0.7883157547209978, "8611178.0--8805450.0": 0.7632813946405265, "8611178.0--8807243.0": 0.7789641632843731, "8611178.0--8805443.0": 0.7994960575842858, "8611178.0--8673661.0": 0.7950127667470643, "8611178.0--8805419.0": 0.7954350774444626, "8451903.0--8611178.0": 0.7609044978018478, "8611178.0--8805429.0": 0.8037141508222795, "8611178.0--8809846.0": 0.8096558160404379, "8611178.0--8809832.0": 0.798738198751926, "8413174.0--8611178.0": 0.812993365182928, "8494817.0--8611178.0": 0.8369232127647561, "8611178.0--8637778.0": 0.8021893946685288, "8611178.0--8809742.0": 0.78903069178734, "8611178.0--8807280.0": 0.8003656814056102, "8611178.0--8807274.0": 0.8442232670024139, "8611178.0--9216586.0": 0.8374194536406213, "8611178.0--9237132.0": 0.7893563207824779, "8611178.0--9216572.0": 0.7633723436364824, "8611178.0--9217952.0": 0.8442333861638378, "8611178.0--9217931.0": 0.8012941851861889, "8611178.0--9216507.0": 0.8136844955185005, "8611178.0--9222368.0": 0.8037387701859494, "8611178.0--9220137.0": 0.760725698580899, "8611178.0--9233460.0": 0.7902675790595272, "8611178.0--9222263.0": 0.7976172528670217, "8611178.0--9293003.0": 0.8036418861228609, "8611178.0--9222102.0": 0.7923969379827405, "8611178.0--9222323.0": 0.7917394295835478, "8611178.0--9222287.0": 0.7640887681715381, "8611178.0--9223736.0": 0.7920299301945272, "8611178.0--9224191.0": 0.7746786561343456, "8611178.0--9222251.0": 0.7610138439982653, "8611178.0--9229242.0": 0.7995542473693752, "8611178.0--9282195.0": 0.7478335835408382, "8611178.0--9222098.0": 0.8183858072550042, "8611178.0--9234027.0": 0.7590942073090101, "8611178.0--9246308.0": 0.7902753370939142, "8611178.0--9240072.0": 0.7636600810666326, "8611178.0--9222353.0": 0.8004206779991696, "8611178.0--9222293.0": 0.7949280785614962, "8611178.0--9222089.0": 0.7775950239831606, "8611178.0--9228893.0": 0.8077786910138789, "8611178.0--9224192.0": 0.7833378576338295, "8611178.0--9222289.0": 0.7817509255881201, "8611178.0--9222038.0": 0.8088170602415135, "8611178.0--9229072.0": 0.7659439358138955, "8611178.0--9222295.0": 0.8551807251679627, "8611178.0--9222342.0": 0.7522430470113923, "8611178.0--9241407.0": 0.7713760696516264, "8611178.0--9288884.0": 0.8064370388889617, "8611178.0--9222351.0": 0.8136425710088493, "8611178.0--9223669.0": 0.7889035172695991, "8611178.0--9222315.0": 0.7783872589583845, "8611178.0--9222335.0": 0.7845290702085712, "8611178.0--9222327.0": 0.8277973985000326, "8611178.0--9233469.0": 0.7884595218678342, "8611178.0--9226461.0": 0.814082077988796, "8611178.0--9238508.0": 0.8281617799195374, "8611178.0--9222266.0": 0.7465540996490039, "8611178.0--9225008.0": 0.7893617906711609, "8611178.0--9290431.0": 0.7780149231263832, "8611178.0--9239918.0": 0.8149117778561041, "8611178.0--9231271.0": 0.7645635817975964, "8611178.0--9222313.0": 0.792263547249412, "8611178.0--9231268.0": 0.7473745259810813, "8611178.0--9222035.0": 0.7595573304736037, "8611178.0--9222091.0": 0.7958253926386801, "8611178.0--9229515.0": 0.7582734149600501, "8611178.0--9222301.0": 0.7961376801516087, "8611178.0--9222358.0": 0.7837038658715199, "8611178.0--9229135.0": 0.8005225816540527, "8611178.0--9222047.0": 0.8099826401500735, "8611178.0--9222272.0": 0.7837540101529124, "8611178.0--9222110.0": 0.7725421430069258, "8611178.0--9222364.0": 0.8501833491994071, "8611178.0--9222088.0": 0.8213685400559964, "8611178.0--9216518.0": 0.7866614340363888, "8611178.0--9222309.0": 0.7669901983663611, "8611178.0--9216595.0": 0.753954499795159, "8611178.0--9216538.0": 0.7923091131346098, "8611178.0--9216549.0": 0.7749413144082191, "8611178.0--9216559.0": 0.8238475179601459, "8611178.0--9222376.0": 0.7406191946904436, "8611178.0--9222374.0": 0.8228179311671617, "8611178.0--9224194.0": 0.8040945926449111, "8611178.0--9222254.0": 0.7779973746820735, "8611178.0--9222049.0": 0.7745839991544273, "8611178.0--9222562.0": 0.7598278172969399, "8611178.0--9226126.0": 0.7600837774364407, "8611178.0--9240062.0": 0.82699928204181, "8611178.0--9226101.0": 0.7677533928172934, "8611178.0--9222377.0": 0.7858770215968169, "8611178.0--9233392.0": 0.8100449772757733, "8611178.0--9222093.0": 0.7756363553494329, "8611178.0--9224154.0": 0.7563288461780467, "8611178.0--9240061.0": 0.7604109765873154, "8611178.0--9222512.0": 0.7738080558683819, "8611178.0--9241413.0": 0.7749865275970134, "8611178.0--9224646.0": 0.7581170558324027, "8611178.0--9222372.0": 0.7376140972786712, "8611178.0--9222253.0": 0.83473665693137, "8611178.0--9222092.0": 0.8657997368189386, "8611178.0--9222271.0": 0.8222145164453412, "8611178.0--9230431.0": 0.7786358008298155, "8611178.0--9222076.0": 0.8289938805378853, "8611178.0--9222053.0": 0.7668350251679528, "8611178.0--9216532.0": 0.7935625957454355, "8611178.0--9222085.0": 0.7728155940384377, "8611178.0--9216629.0": 0.8048277022637669, "8611178.0--9308630.0": 0.7606352393462349, "8611178.0--9308624.0": 0.7723502852185602, "8611178.0--9219240.0": 0.7754420489171837, "8611178.0--9216630.0": 0.7937540158892733, "8611178.0--9217981.0": 0.8258785866260109, "8611178.0--9224153.0": 0.7478531822278118, "8611178.0--9286505.0": 0.7875896930941305, "8611178.0--9216512.0": 0.7935163149336182, "8611178.0--9216579.0": 0.7762840392104216, "8611178.0--9222249.0": 0.8109369418108598, "8611178.0--9222367.0": 0.7469741085858134, "8611178.0--9222325.0": 0.7455208306332085, "8611178.0--9222510.0": 0.7522122395705507, "8611178.0--9246250.0": 0.7804526815024015, "8611178.0--9308627.0": 0.7975446428137023, "8611178.0--9224186.0": 0.799631638781687, "8611178.0--9229232.0": 0.7748226750008737, "8611178.0--9226404.0": 0.8055171078659181, "8611178.0--9308631.0": 0.7920200099245644, "8611178.0--9222255.0": 0.8026469936478295, "8611178.0--9222261.0": 0.7881801336693913, "8611178.0--9222338.0": 0.7737197073933233, "8611178.0--9222284.0": 0.7990190871273509, "8611178.0--9230430.0": 0.7827763493684267, "8611178.0--9308622.0": 0.7617247331608124, "8611178.0--9286903.0": 0.7579276099840616, "8611178.0--9234473.0": 0.7885110451613792, "8611178.0--9241426.0": 0.8179408300364157, "8611178.0--9222269.0": 0.8078376456009033, "8611178.0--9237999.0": 0.7934126603426883, "8611178.0--9222072.0": 0.7845435571510693, "8611178.0--9224197.0": 0.7785749318894505, "8611178.0--9246282.0": 0.7815924015704494, "8611178.0--9222314.0": 0.7800292972201889, "8611178.0--9222357.0": 0.7997991011476987, "8611178.0--9222086.0": 0.742799165614854, "8611178.0--9222360.0": 0.7712408663510726, "8611178.0--9222065.0": 0.7556442937274424, "8611178.0--9228894.0": 0.8486127370899548, "8611178.0--9233264.0": 0.7962707488694678, "8611178.0--9222343.0": 0.7448191184089433, "8611178.0--9308621.0": 0.7565071459849482, "8611178.0--9308625.0": 0.8141340087169482, "8611178.0--9241744.0": 0.7722235435261285, "8611178.0--9308629.0": 0.8009179198933695, "8611178.0--9222068.0": 0.764455349156804, "8611178.0--9222248.0": 0.8323245745139192, "8611178.0--9222274.0": 0.7879037248052833, "8611178.0--9229116.0": 0.8048694074601482, "8611178.0--9233993.0": 0.7767553229419877,