{"8440822.0--8440828.0": 0.7662788120453413, "8440822.0--8440851.0": 0.7906637025133705, "8440822.0--8457476.0": 0.7966739623873199, "8440822.0--8440848.0": 0.7577498637745379, "8440822.0--8440839.0": 0.7874197633729757, "8440822.0--8443395.0": 0.7911536052956007, "8440822.0--8440832.0": 0.7869876081598013, "8440816.0--8440822.0": 0.8130762137612118, "8440822.0--8440835.0": 0.7895638955341853, "8440818.0--8440822.0": 0.8469584631060664, "8440822.0--8440853.0": 0.8034672004525929, "8440822.0--8440840.0": 0.8297759055490412, "8440822.0--8440857.0": 0.8361792865953508, "8440822.0--8449328.0": 0.8098749504423718, "8440822.0--8440829.0": 0.8148774957630741, "8440807.0--8440822.0": 0.7847643248281795, "8440822.0--8440831.0": 0.790242541297245, "8440822.0--8440852.0": 0.7985551609847733, "8440822.0--8440841.0": 0.7832012683881624, "8440822.0--8440859.0": 0.7603045059336984, "8440821.0--8440822.0": 0.7954443483843237, "8440822.0--8440842.0": 0.7757107074127697, "8440822.0--8443131.0": 0.7594867758506455, "8440815.0--8440822.0": 0.8034335832737333, "8440822.0--8500765.0": 0.8146848718827353, "8440804.0--8440822.0": 0.7748302146834897, "8440822.0--8454276.0": 0.7824833043280952, "8440822.0--8464305.0": 0.7858854325923107, "8440822.0--8494828.0": 0.7729704492065146, "8440822.0--8440825.0": 0.7885031592344306, "8440814.0--8440822.0": 0.8128249446592875, "8440822.0--8440838.0": 0.8278272023973412, "8440822.0--8440855.0": 0.8220456872772021, "8440822.0--8454489.0": 0.8021411611794449, "8440822.0--8440834.0": 0.768296696988156, "8440822.0--8440826.0": 0.821005169988619, "8440822.0--8440823.0": 0.7960184817997535, "8440822.0--8440845.0": 0.8182814573414157, "8440810.0--8440822.0": 0.8097630484435611, "8440806.0--8440822.0": 0.7946884229179255, "8440817.0--8440822.0": 0.7890014507500421, "8440813.0--8440822.0": 0.7963550925047816, "8440822.0--8443125.0": 0.7877759183022968, "8440822.0--8456575.0": 0.7964002458857642, "8440822.0--8440860.0": 0.7797816645722189, "8440822.0--8454343.0": 0.7901043361042699, "8440803.0--8440822.0": 0.8015386384022912, "8440822.0--8454344.0": 0.8014037067809485, "8440822.0--8440854.0": 0.815081331618871, "8440822.0--8454346.0": 0.8015458836886064, "8440822.0--8440827.0": 0.7439215870621197, "8440822.0--8440836.0": 0.7989764028885192, "8440822.0--8440844.0": 0.7985052457833283, "8440808.0--8440822.0": 0.789516046510029, "8440822.0--8440837.0": 0.8263450913376386, "8440822.0--8440858.0": 0.7751762855907892, "8440820.0--8440822.0": 0.8188549297874365, "8440822.0--8440833.0": 0.7809922822630547, "8440822.0--8444072.0": 0.7640861235557049, "8440812.0--8440822.0": 0.8177724579322054, "8440809.0--8440822.0": 0.8340889889262849, "8440822.0--8454904.0": 0.7944062764095665, "8440822.0--8440846.0": 0.7829031609988019, "8440822.0--8440830.0": 0.7817155993003764, "8440822.0--8444077.0": 0.7660696188319582, "8440822.0--8440847.0": 0.8204209966259945, "8440822.0--8440849.0": 0.8182493010567082, "8440822.0--8443124.0": 0.7915061184184852, "8440822.0--8440843.0": 0.8093227247165554, "8440822.0--8807265.0": 0.7861838110857078, "8440822.0--8816695.0": 0.8093417298974686, "8440822.0--8805426.0": 0.7952415764783939, "8440822.0--8805421.0": 0.7926520485548813, "8440822.0--8812684.0": 0.782263094269708, "8440822.0--8805461.0": 0.81625989262427, "8440822.0--8807255.0": 0.7771790082052744, "8440822.0--8805460.0": 0.7955946162734631, "8440822.0--8807292.0": 0.8185862739270234, "8440822.0--8807354.0": 0.7747582319273113, "8440822.0--8809711.0": 0.7933942449276811, "8440822.0--8805422.0": 0.8005128767852785, "8440822.0--8805424.0": 0.7850248831127585, "8440822.0--8794517.0": 0.8043477468822703, "8440822.0--8805451.0": 0.7900806278298711, "8440822.0--8807223.0": 0.7432815484077392, "8440822.0--8794560.0": 0.8141526151786892, "8440822.0--8481543.0": 0.7928054484100842, "8440822.0--8802285.0": 0.7680292439885821, "8440822.0--8807245.0": 0.7866054194368546, "8440822.0--8805456.0": 0.785904846122149, "8440822.0--8827944.0": 0.7648868482975106, "8440822.0--8807296.0": 0.7977458738614427, "8440822.0--8827951.0": 0.759735965044474, "8440822.0--8854335.0": 0.7858294214468358, "8440822.0--8805446.0": 0.7858034225060151, "8440822.0--8805436.0": 0.7937199800277625, "8440822.0--8805433.0": 0.7657961302051848, "8440822.0--8546802.0": 0.8121690309584244, "8440822.0--8805427.0": 0.8208597180173511, "8440822.0--8836120.0": 0.8213140809279003, "8440822.0--8794768.0": 0.8152578303527747, "8440822.0--8809750.0": 0.8001266835794701, "8440822.0--8820172.0": 0.8451765153638586, "8440822.0--8476234.0": 0.8179275521591909, "8440822.0--8807314.0": 0.7721122848942519, "8440822.0--8794520.0": 0.8358166375805116, "8440822.0--8805452.0": 0.8010115720036859, "8440822.0--8805462.0": 0.7840470040103934, "8440822.0--8807275.0": 0.7808875747314573, "8419285.0--8440822.0": 0.7916389973935873, "8440822.0--8807379.0": 0.7856765486884535, "8440822.0--8807234.0": 0.830080087790181, "8423100.0--8440822.0": 0.7947887018313903, "8440822.0--8805455.0": 0.7713291969343371, "8440822.0--8727493.0": 0.7577847721524894, "8440822.0--8807369.0": 0.7511632640852716, "8440822.0--8532319.0": 0.8002505213716832, "8419325.0--8440822.0": 0.805535557591902, "8440822.0--8805430.0": 0.7976187533212087, "8440822.0--8807301.0": 0.7752493712370061, "8440822.0--8713940.0": 0.8275175954026017, "8440822.0--8637795.0": 0.8213663979899313, "7999244.0--8440822.0": 0.7922383742719729, "8440822.0--8805439.0": 0.7868240289953057, "8440822.0--8805428.0": 0.8115097183372812, "8440822.0--8809223.0": 0.809713619729407, "8440822.0--8795584.0": 0.8057170996585158, "8440822.0--8807264.0": 0.7762557491066393, "8440822.0--8805431.0": 0.7782679675167377, "8440822.0--8453863.0": 0.7858280737673247, "8400404.0--8440822.0": 0.7981306549141071, "8440822.0--8809834.0": 0.8512264964252656, "8440822.0--8663447.0": 0.8455883910181455, "8440822.0--8807213.0": 0.8248720666148535, "8440822.0--8640251.0": 0.7884845802395606, "8440822.0--8807220.0": 0.8288859319577326, "8440822.0--8617736.0": 0.8153869135739655, "8440822.0--8617746.0": 0.7588265319339023, "8440822.0--8640072.0": 0.8020612488428375, "8440822.0--8636208.0": 0.790080095915498, "8440822.0--8805458.0": 0.8031554523390138, "8440822.0--8807271.0": 0.7889741729969176, "8440822.0--8809678.0": 0.7969405584353335, "8440822.0--8807226.0": 0.8013966066345604, "8440822.0--8805467.0": 0.8221801220861096, "8440822.0--8611113.0": 0.7681459628003284, "8440822.0--8854316.0": 0.7932203821366063, "8440822.0--8794607.0": 0.8136441832143351, "8440822.0--8805418.0": 0.7746892492364126, "8440822.0--8836087.0": 0.804158647156693, "8440822.0--8807283.0": 0.7874132893014656, "8440822.0--8820171.0": 0.7888773881497606, "8440822.0--8807288.0": 0.7428540890642944, "8440822.0--8807302.0": 0.7733896366967804, "8440822.0--8805466.0": 0.7925288251302824, "8440822.0--8807351.0": 0.8018153295102826, "8440822.0--8805420.0": 0.797516823694649, "8440822.0--8807299.0": 0.7806092271068961, "8440822.0--8812988.0": 0.794112511948665, "8440822.0--8807294.0": 0.7941070863783748, "8440822.0--8805434.0": 0.8149316975931769, "8440822.0--8732351.0": 0.7593925078068121, "8440822.0--8807232.0": 0.7865298771187619, "8419271.0--8440822.0": 0.7607002323231564, "8440822.0--8625484.0": 0.8040412137026851, "8440822.0--8807349.0": 0.7969492424912848, "8440822.0--8809730.0": 0.8097816221300508, "8440822.0--8730513.0": 0.7972303762991864, "8440822.0--8809833.0": 0.7796140027763816, "8440822.0--8523628.0": 0.7919794982853302, "8434356.0--8440822.0": 0.7889088969427426, "8440822.0--8807303.0": 0.8383871756699988, "8440822.0--8811606.0": 0.8009013346124344, "8440822.0--8807244.0": 0.813847095633439, "8440822.0--8490694.0": 0.798993076017383, "8440822.0--8809844.0": 0.8186517365365116, "8440822.0--8809850.0": 0.8197716091421243, "8440822.0--8805445.0": 0.8398628825646131, "8412138.0--8440822.0": 0.7864463119126839, "8440822.0--8807247.0": 0.7967393433006036, "8440822.0--8848845.0": 0.7812964646377462, "8440822.0--8695851.0": 0.8233925599954779,