{"8695851.0--8848845.0": 0.7685487372739507, "8713907.0--8848845.0": 0.7959000392730042, "8809847.0--8848845.0": 0.7789784328869734, "8727480.0--8848845.0": 0.7784023645447129, "8706590.0--8848845.0": 0.7722164580592698, "8735916.0--8848845.0": 0.792493724137393, "8474512.0--8848845.0": 0.7763529278418791, "8809845.0--8848845.0": 0.7766420065911601, "8540796.0--8848845.0": 0.805210695251606, "8807233.0--8848845.0": 0.8092894899540521, "8617747.0--8848845.0": 0.7639121641810807, "8474486.0--8848845.0": 0.7772823271021688, "8474516.0--8848845.0": 0.8109913532538863, "8663650.0--8848845.0": 0.7722820362439091, "8663646.0--8848845.0": 0.7858081060646285, "8794553.0--8848845.0": 0.8082882626704906, "8848845.0--8863966.0": 0.7930486483394354, "8525340.0--8848845.0": 0.7878293586803296, "8805448.0--8848845.0": 0.8036924217440852, "8405549.0--8848845.0": 0.8141310619610045, "8611178.0--8848845.0": 0.8141112839674995, "8827593.0--8848845.0": 0.7552212026095637, "8805463.0--8848845.0": 0.766062406489822, "8805457.0--8848845.0": 0.7888748356830135, "8805442.0--8848845.0": 0.77244454469453, "8807266.0--8848845.0": 0.776622843348763, "8813126.0--8848845.0": 0.778425696867993, "8585103.0--8848845.0": 0.7856083789449853, "8807235.0--8848845.0": 0.7778704554480003, "8585048.0--8848845.0": 0.7976688442577458, "8809843.0--8848845.0": 0.7711648072863457, "8809842.0--8848845.0": 0.7838619484844493, "8842614.0--8848845.0": 0.7487310619545076, "8805441.0--8848845.0": 0.7426667784713519, "8809920.0--8848845.0": 0.749594719714656, "8663312.0--8848845.0": 0.7758487281850327, "8477126.0--8848845.0": 0.8034660544247795, "8807224.0--8848845.0": 0.8069864469281989, "8807355.0--8848845.0": 0.8317798588155025, "8807320.0--8848845.0": 0.8177667982271, "8665933.0--8848845.0": 0.840317849557202, "8845772.0--8848845.0": 0.7961789753583521, "8812989.0--8848845.0": 0.8000009143934005, "8636969.0--8848845.0": 0.7905927532405599, "8805450.0--8848845.0": 0.7782344206427395, "8807243.0--8848845.0": 0.7844530688387314, "8805443.0--8848845.0": 0.7833199295421258, "8673661.0--8848845.0": 0.8061291521489478, "8805419.0--8848845.0": 0.7623883425904063, "8451903.0--8848845.0": 0.793830276574896, "8805429.0--8848845.0": 0.7985508675685424, "8809846.0--8848845.0": 0.8068023834550474, "8809832.0--8848845.0": 0.7889018328784781, "8413174.0--8848845.0": 0.7762632420716835, "8494817.0--8848845.0": 0.7866803712051957, "8637778.0--8848845.0": 0.7773836072499274, "8809742.0--8848845.0": 0.772740236791374, "8807280.0--8848845.0": 0.802056821120829, "8807274.0--8848845.0": 0.8143326905051617, "8848845.0--9216586.0": 0.7811091573162235, "8848845.0--9237132.0": 0.7980774037393117, "8848845.0--9216572.0": 0.7862063853489996, "8848845.0--9217952.0": 0.841408785397849, "8848845.0--9217931.0": 0.7947432834780244, "8848845.0--9216507.0": 0.806529491758637, "8848845.0--9222368.0": 0.7941444864261068, "8848845.0--9220137.0": 0.7771639734638855, "8848845.0--9233460.0": 0.7622466700675801, "8848845.0--9222263.0": 0.7590381961720847, "8848845.0--9293003.0": 0.7814968938214706, "8848845.0--9222102.0": 0.8000937424433706, "8848845.0--9222323.0": 0.7959224974544945, "8848845.0--9222287.0": 0.7707672978969844, "8848845.0--9223736.0": 0.7984354053641958, "8848845.0--9224191.0": 0.7958234014625436, "8848845.0--9222251.0": 0.7677522167620445, "8848845.0--9229242.0": 0.7709338631308411, "8848845.0--9282195.0": 0.7692341652187765, "8848845.0--9222098.0": 0.8031360797716178, "8848845.0--9234027.0": 0.7883641143827341, "8848845.0--9246308.0": 0.7950828828852233, "8848845.0--9240072.0": 0.8062928624023863, "8848845.0--9222353.0": 0.8155828914372878, "8848845.0--9222293.0": 0.7903020058474337, "8848845.0--9222089.0": 0.7788750742398525, "8848845.0--9228893.0": 0.7953611111241689, "8848845.0--9224192.0": 0.7904652015130695, "8848845.0--9222289.0": 0.7847953167975097, "8848845.0--9222038.0": 0.8017855747450524, "8848845.0--9229072.0": 0.7760628886187362, "8848845.0--9222295.0": 0.8545013354757699, "8848845.0--9222342.0": 0.7724484874846107, "8848845.0--9241407.0": 0.7891807568079351, "8848845.0--9288884.0": 0.8082380374448164, "8848845.0--9222351.0": 0.8294514153074969, "8848845.0--9223669.0": 0.7815429402575054, "8848845.0--9222315.0": 0.7709247450641025, "8848845.0--9222335.0": 0.7977311587206175, "8848845.0--9222327.0": 0.7971224224982062, "8848845.0--9233469.0": 0.7774201019807511, "8848845.0--9226461.0": 0.7929233993440647, "8848845.0--9238508.0": 0.8211580215366024, "8848845.0--9222266.0": 0.7609269934183329, "8848845.0--9225008.0": 0.7724630457456962, "8848845.0--9290431.0": 0.8020505916425532, "8848845.0--9239918.0": 0.8089537103231431, "8848845.0--9231271.0": 0.7603204374743208, "8848845.0--9222313.0": 0.7987440862607877, "8848845.0--9231268.0": 0.7563080728755012, "8848845.0--9222035.0": 0.8029391944797597, "8848845.0--9222091.0": 0.7994228554912869, "8848845.0--9229515.0": 0.7495262424807443, "8848845.0--9222301.0": 0.7998616775940646, "8848845.0--9222358.0": 0.7879856146588586, "8848845.0--9229135.0": 0.8008071922249616, "8848845.0--9222047.0": 0.7998132547703426, "8848845.0--9222272.0": 0.7997759998319908, "8848845.0--9222110.0": 0.7938473562025319, "8848845.0--9222364.0": 0.8272416557016169, "8848845.0--9222088.0": 0.8168457369346083, "8848845.0--9216518.0": 0.789580701844035, "8848845.0--9222309.0": 0.7856720328269843, "8848845.0--9216595.0": 0.7806375277287133, "8848845.0--9216538.0": 0.7967788181074034, "8848845.0--9216549.0": 0.7854413945081921, "8848845.0--9216559.0": 0.7951109117975603, "8848845.0--9222376.0": 0.7456734532616558, "8848845.0--9222374.0": 0.8064047099263509, "8848845.0--9224194.0": 0.7597651026200786, "8848845.0--9222254.0": 0.7821661162375741, "8848845.0--9222049.0": 0.7608018884627572, "8848845.0--9222562.0": 0.7476123158549789, "8848845.0--9226126.0": 0.7638594964671108, "8848845.0--9240062.0": 0.8087585655342961, "8848845.0--9226101.0": 0.7679424976682689, "8848845.0--9222377.0": 0.7590863840354385, "8848845.0--9233392.0": 0.8177338666369467, "8848845.0--9222093.0": 0.7848972053620294, "8848845.0--9224154.0": 0.7569970405830799, "8848845.0--9240061.0": 0.7687152275972915, "8848845.0--9222512.0": 0.7731178285419029, "8848845.0--9241413.0": 0.7859295740027519, "8848845.0--9224646.0": 0.7775911034943178, "8848845.0--9222372.0": 0.7328365922693737, "8848845.0--9222253.0": 0.8196116060754716, "8848845.0--9222092.0": 0.8237350488911401, "8848845.0--9222271.0": 0.785460117119233, "8848845.0--9230431.0": 0.7896961300982202, "8848845.0--9222076.0": 0.8296371120018862, "8848845.0--9222053.0": 0.7818006684540119, "8848845.0--9216532.0": 0.7734448708853261, "8848845.0--9222085.0": 0.7649795750617083, "8848845.0--9216629.0": 0.7759060770342708, "8848845.0--9308630.0": 0.760336378287816, "8848845.0--9308624.0": 0.769642524627122, "8848845.0--9219240.0": 0.787724420013679, "8848845.0--9216630.0": 0.7709636367558163, "8848845.0--9217981.0": 0.8017125148752623, "8848845.0--9224153.0": 0.7721856592338049, "8848845.0--9286505.0": 0.7828742686374609, "8848845.0--9216512.0": 0.7833326962180698, "8848845.0--9216579.0": 0.7646556831889905, "8848845.0--9222249.0": 0.791013737141139, "8848845.0--9222367.0": 0.7471132311794922, "8848845.0--9222325.0": 0.7434166252537944, "8848845.0--9222510.0": 0.7616766706521018, "8848845.0--9246250.0": 0.7815104613126493, "8848845.0--9308627.0": 0.7964390101877192, "8848845.0--9224186.0": 0.7954609968497739, "8848845.0--9229232.0": 0.751686187789271, "8848845.0--9226404.0": 0.8164332418608018, "8848845.0--9308631.0": 0.7929980238136929, "8848845.0--9222255.0": 0.7890059970401333, "8848845.0--9222261.0": 0.7728046874346028, "8848845.0--9222338.0": 0.7856216576675565, "8848845.0--9222284.0": 0.8114446048577275, "8848845.0--9230430.0": 0.7963173770460612, "8848845.0--9308622.0": 0.7650799616545535, "8848845.0--9286903.0": 0.7507567941463937, "8848845.0--9234473.0": 0.7577255799393698, "8848845.0--9241426.0": 0.791098590109551, "8848845.0--9222269.0": 0.8071155198507682,