{"8802285.0--8807245.0": 0.7747173369266578, "8802285.0--8805456.0": 0.7569672469944224, "8802285.0--8827944.0": 0.7876366057928604, "8802285.0--8807296.0": 0.8041763796596783, "8802285.0--8827951.0": 0.738939942902104, "8802285.0--8854335.0": 0.8079037080761827, "8802285.0--8805446.0": 0.7785548296674164, "8802285.0--8805436.0": 0.7764963824490544, "8802285.0--8805433.0": 0.7366455390207853, "8546802.0--8802285.0": 0.7941220063361478, "8802285.0--8805427.0": 0.725680940343791, "8802285.0--8836120.0": 0.7437383991618984, "8794768.0--8802285.0": 0.7328627322571194, "8802285.0--8809750.0": 0.7478885006580984, "8802285.0--8820172.0": 0.8099633712653409, "8476234.0--8802285.0": 0.7239794032799308, "8802285.0--8807314.0": 0.7422775737790295, "8794520.0--8802285.0": 0.8023252401761913, "8802285.0--8805452.0": 0.7931246301103537, "8802285.0--8805462.0": 0.7368740712566391, "8802285.0--8807275.0": 0.7957029016289567, "8419285.0--8802285.0": 0.7803478097592688, "8802285.0--8807379.0": 0.7511891115433698, "8802285.0--8807234.0": 0.7715437841751785, "8423100.0--8802285.0": 0.7235683232080812, "8802285.0--8805455.0": 0.7933013172093729, "8727493.0--8802285.0": 0.7359014679292675, "8802285.0--8807369.0": 0.7455749081654119, "8532319.0--8802285.0": 0.8022230487082835, "8419325.0--8802285.0": 0.7867105354177008, "8802285.0--8805430.0": 0.7301306840115496, "8802285.0--8807301.0": 0.7599960345622838, "8713940.0--8802285.0": 0.7758783749899618, "8637795.0--8802285.0": 0.7752830239883122, "7999244.0--8802285.0": 0.7513834337624133, "8802285.0--8805439.0": 0.7409413941686505, "8802285.0--8805428.0": 0.7635988335377178, "8802285.0--8809223.0": 0.7795656783231966, "8795584.0--8802285.0": 0.7854166823001708, "8802285.0--8807264.0": 0.7803967402934764, "8802285.0--8805431.0": 0.7305270145692537, "8453863.0--8802285.0": 0.7592136737115017, "8400404.0--8802285.0": 0.7636459717125934, "8802285.0--8809834.0": 0.8034875415522237, "8663447.0--8802285.0": 0.8192746716426178, "8802285.0--8807213.0": 0.7699748959990564, "8640251.0--8802285.0": 0.778527383322746, "8802285.0--8807220.0": 0.7881797654102269, "8617736.0--8802285.0": 0.7678352279542658, "8617746.0--8802285.0": 0.7512626541207049, "8640072.0--8802285.0": 0.7484055236725128, "8636208.0--8802285.0": 0.7539064852733501, "8802285.0--8805458.0": 0.7486983260812295, "8802285.0--8807271.0": 0.7401279376333418, "8802285.0--8809678.0": 0.7336104034264579, "8802285.0--8807226.0": 0.7649191185552177, "8802285.0--8805467.0": 0.7468160774895225, "8611113.0--8802285.0": 0.7606178937587306, "8802285.0--8854316.0": 0.7899690371567435, "8794607.0--8802285.0": 0.7745947244055106, "8802285.0--8805418.0": 0.7460671199488483, "8802285.0--8836087.0": 0.7748835126262985, "8802285.0--8807283.0": 0.7844556329539751, "8802285.0--8820171.0": 0.7597576419820772, "8802285.0--8807288.0": 0.7375669845314998, "8802285.0--8807302.0": 0.7233847483992022, "8802285.0--8805466.0": 0.7473001474347668, "8802285.0--8807351.0": 0.750301590932051, "8802285.0--8805420.0": 0.7502191330920179, "8802285.0--8807299.0": 0.7625884082589139, "8802285.0--8812988.0": 0.7739246928716348, "8802285.0--8807294.0": 0.7911038977125103, "8802285.0--8805434.0": 0.7544496432360267, "8732351.0--8802285.0": 0.7835186902074249, "8802285.0--8807232.0": 0.757405000145969, "8419271.0--8802285.0": 0.6924024145153165, "8625484.0--8802285.0": 0.7426597042374747, "8802285.0--8807349.0": 0.7636260117814567, "8802285.0--8809730.0": 0.767059008405808, "8730513.0--8802285.0": 0.7396464749970711, "8802285.0--8809833.0": 0.7267767868546464, "8523628.0--8802285.0": 0.7631711226664358, "8434356.0--8802285.0": 0.7718894465044874, "8802285.0--8807303.0": 0.7776019853524403, "8802285.0--8811606.0": 0.8132496116851256, "8802285.0--8807244.0": 0.7350564755835545, "8490694.0--8802285.0": 0.7777296201904569, "8802285.0--8809844.0": 0.7750047694956486, "8802285.0--8809850.0": 0.7762528801624748, "8802285.0--8805445.0": 0.7817825190382311, "8412138.0--8802285.0": 0.7817295309650277, "8802285.0--8807247.0": 0.7543328860641426, "8802285.0--8848845.0": 0.736305777828218, "8695851.0--8802285.0": 0.7987251546817193, "8713907.0--8802285.0": 0.7796040208859032, "8802285.0--8809847.0": 0.8045272963555243, "8727480.0--8802285.0": 0.8308083915739295, "8706590.0--8802285.0": 0.7689144641833693, "8735916.0--8802285.0": 0.8287925156543524, "8474512.0--8802285.0": 0.7541687392423297, "8802285.0--8809845.0": 0.7444559297733827, "8540796.0--8802285.0": 0.7831199573916148, "8802285.0--8807233.0": 0.7602872793713082, "8617747.0--8802285.0": 0.796671598659246, "8474486.0--8802285.0": 0.728069456423811, "8474516.0--8802285.0": 0.7735628832487065, "8663650.0--8802285.0": 0.7679024627170382, "8663646.0--8802285.0": 0.755773427021116, "8794553.0--8802285.0": 0.7730486227100548, "8802285.0--8863966.0": 0.7642140349908018, "8525340.0--8802285.0": 0.7781801299889063, "8802285.0--8805448.0": 0.7280881598263944, "8405549.0--8802285.0": 0.7655599307889073, "8611178.0--8802285.0": 0.7325538073430113, "8802285.0--8827593.0": 0.7699735121366065, "8802285.0--8805463.0": 0.767507546108904, "8802285.0--8805457.0": 0.7876151306283361, "8802285.0--8805442.0": 0.7400023630032446, "8802285.0--8807266.0": 0.7813302676007745, "8802285.0--8813126.0": 0.7450934796567545, "8585103.0--8802285.0": 0.7796004767046345, "8802285.0--8807235.0": 0.753783165435694, "8585048.0--8802285.0": 0.7670849812661144, "8802285.0--8809843.0": 0.8184754446981027, "8802285.0--8809842.0": 0.799792882601134, "8802285.0--8842614.0": 0.7379455884696257, "8802285.0--8805441.0": 0.7434730678188659, "8802285.0--8809920.0": 0.7104838099830886, "8663312.0--8802285.0": 0.7314679696135256, "8477126.0--8802285.0": 0.7635893652343089, "8802285.0--8807224.0": 0.7748654876268174, "8802285.0--8807355.0": 0.7552048812058607, "8802285.0--8807320.0": 0.7317829278857406, "8665933.0--8802285.0": 0.730636864504502, "8802285.0--8845772.0": 0.7392799844273664, "8802285.0--8812989.0": 0.7586034871909475, "8636969.0--8802285.0": 0.7711601579285099, "8802285.0--8805450.0": 0.7709443139636272, "8802285.0--8807243.0": 0.7461975314430863, "8802285.0--8805443.0": 0.7276246982032007, "8673661.0--8802285.0": 0.7712184317822133, "8802285.0--8805419.0": 0.7644426739828314, "8451903.0--8802285.0": 0.7514832325595644, "8802285.0--8805429.0": 0.7503837580731949, "8802285.0--8809846.0": 0.7106574796483092, "8802285.0--8809832.0": 0.7455372716835249, "8413174.0--8802285.0": 0.7163116582279012, "8494817.0--8802285.0": 0.716967506990422, "8637778.0--8802285.0": 0.7512056358072762, "8802285.0--8809742.0": 0.7256784307655834, "8802285.0--8807280.0": 0.7632192708571814, "8802285.0--8807274.0": 0.782347048780222, "8802285.0--9216586.0": 0.7485727522512362, "8802285.0--9237132.0": 0.7391706752406925, "8802285.0--9216572.0": 0.7533264398810234, "8802285.0--9217952.0": 0.7382386663337663, "8802285.0--9217931.0": 0.7632688505011493, "8802285.0--9216507.0": 0.7482451942223053, "8802285.0--9222368.0": 0.7726661485025211, "8802285.0--9220137.0": 0.7317892313488997, "8802285.0--9233460.0": 0.7299812816889951, "8802285.0--9222263.0": 0.7626914355985066, "8802285.0--9293003.0": 0.7550442215954146, "8802285.0--9222102.0": 0.7447927275079209, "8802285.0--9222323.0": 0.7557016464669016, "8802285.0--9222287.0": 0.7310690325815385, "8802285.0--9223736.0": 0.729651895537285, "8802285.0--9224191.0": 0.7863806549015555, "8802285.0--9222251.0": 0.7545622363440755, "8802285.0--9229242.0": 0.7739421824494774, "8802285.0--9282195.0": 0.7942738868809133, "8802285.0--9222098.0": 0.7467662482430508, "8802285.0--9234027.0": 0.7707707717247885, "8802285.0--9246308.0": 0.7576130442363942, "8802285.0--9240072.0": 0.7747262060297813, "8802285.0--9222353.0": 0.7579815689934013, "8802285.0--9222293.0": 0.7435302350450367, "8802285.0--9222089.0": 0.751664828414603, "8802285.0--9228893.0": 0.7601080610192616, "8802285.0--9224192.0": 0.7356368762869812, "8802285.0--9222289.0": 0.7621729649323052, "8802285.0--9222038.0": 0.7734165378549711,