{"8423100.0--8805455.0": 0.7495698745762144, "8423100.0--8727493.0": 0.7503835481696484, "8423100.0--8807369.0": 0.7575791550362998, "8423100.0--8532319.0": 0.7864060133772326, "8419325.0--8423100.0": 0.7659728433731257, "8423100.0--8805430.0": 0.7742877223177655, "8423100.0--8807301.0": 0.7677440465864905, "8423100.0--8713940.0": 0.7969552168307803, "8423100.0--8637795.0": 0.7873319935480649, "7999244.0--8423100.0": 0.7916909058615403, "8423100.0--8805439.0": 0.7705382912306483, "8423100.0--8805428.0": 0.7962197769577589, "8423100.0--8809223.0": 0.8092679024530023, "8423100.0--8795584.0": 0.7904676073775067, "8423100.0--8807264.0": 0.7796998826870833, "8423100.0--8805431.0": 0.7768745319693782, "8423100.0--8453863.0": 0.7745971687178239, "8400404.0--8423100.0": 0.8002749251639096, "8423100.0--8809834.0": 0.7782562734792873, "8423100.0--8663447.0": 0.7831450546475902, "8423100.0--8807213.0": 0.8342208219326266, "8423100.0--8640251.0": 0.7881468416590545, "8423100.0--8807220.0": 0.8212916177128495, "8423100.0--8617736.0": 0.806124121831813, "8423100.0--8617746.0": 0.7590812401547997, "8423100.0--8640072.0": 0.7805364063089759, "8423100.0--8636208.0": 0.8425993671876627, "8423100.0--8805458.0": 0.7685447255496236, "8423100.0--8807271.0": 0.7953786628544459, "8423100.0--8809678.0": 0.7672660807395051, "8423100.0--8807226.0": 0.8020162795519402, "8423100.0--8805467.0": 0.8004206084703078, "8423100.0--8611113.0": 0.7686085032883969, "8423100.0--8854316.0": 0.7952774119731691, "8423100.0--8794607.0": 0.8007698184986378, "8423100.0--8805418.0": 0.7681517459872228, "8423100.0--8836087.0": 0.7986585597046953, "8423100.0--8807283.0": 0.779581672962865, "8423100.0--8820171.0": 0.7807849461040044, "8423100.0--8807288.0": 0.7513624051505902, "8423100.0--8807302.0": 0.7534757105784179, "8423100.0--8805466.0": 0.7728731370363752, "8423100.0--8807351.0": 0.7752674558714409, "8423100.0--8805420.0": 0.770053939845427, "8423100.0--8807299.0": 0.7844856827881328, "8423100.0--8812988.0": 0.7825754210624597, "8423100.0--8807294.0": 0.7926941207935033, "8423100.0--8805434.0": 0.8137614165972151, "8423100.0--8732351.0": 0.8099491642405658, "8423100.0--8807232.0": 0.778013496723635, "8419271.0--8423100.0": 0.7813956178566475, "8423100.0--8625484.0": 0.7894825362262293, "8423100.0--8807349.0": 0.7881397899137318, "8423100.0--8809730.0": 0.771293706200695, "8423100.0--8730513.0": 0.7921605034588604, "8423100.0--8809833.0": 0.8294878436743719, "8423100.0--8523628.0": 0.764252217954539, "8423100.0--8434356.0": 0.8074694019473627, "8423100.0--8807303.0": 0.8309663764268757, "8423100.0--8811606.0": 0.7951771232029464, "8423100.0--8807244.0": 0.8089930637329069, "8423100.0--8490694.0": 0.8037142503793191, "8423100.0--8809844.0": 0.791040668998042, "8423100.0--8809850.0": 0.8005562508752381, "8423100.0--8805445.0": 0.7748761277247501, "8412138.0--8423100.0": 0.8117484785194985, "8423100.0--8807247.0": 0.7998988343618776, "8423100.0--8848845.0": 0.804085206728958, "8423100.0--8695851.0": 0.788418284742926, "8423100.0--8713907.0": 0.8038833849933426, "8423100.0--8809847.0": 0.7983580141807802, "8423100.0--8727480.0": 0.8006937614353087, "8423100.0--8706590.0": 0.7946398796905982, "8423100.0--8735916.0": 0.7940742457491331, "8423100.0--8474512.0": 0.7945926390962537, "8423100.0--8809845.0": 0.8288020121070897, "8423100.0--8540796.0": 0.8150676256183731, "8423100.0--8807233.0": 0.7970931526921061, "8423100.0--8617747.0": 0.7688918781751026, "8423100.0--8474486.0": 0.7772783054768164, "8423100.0--8474516.0": 0.80599197621154, "8423100.0--8663650.0": 0.7546242001750088, "8423100.0--8663646.0": 0.7968727658449292, "8423100.0--8794553.0": 0.805737217424965, "8423100.0--8863966.0": 0.7688949922368855, "8423100.0--8525340.0": 0.7595538093644664, "8423100.0--8805448.0": 0.8000933038197298, "8405549.0--8423100.0": 0.8114988906521832, "8423100.0--8611178.0": 0.7739859587446868, "8423100.0--8827593.0": 0.7719070359350455, "8423100.0--8805463.0": 0.7467004203080483, "8423100.0--8805457.0": 0.8046635894837368, "8423100.0--8805442.0": 0.7661639639015336, "8423100.0--8807266.0": 0.7967704871252386, "8423100.0--8813126.0": 0.7840526608462088, "8423100.0--8585103.0": 0.7968824650782385, "8423100.0--8807235.0": 0.8030967645643095, "8423100.0--8585048.0": 0.8193658587778554, "8423100.0--8809843.0": 0.7564381881508406, "8423100.0--8809842.0": 0.7804389857139371, "8423100.0--8842614.0": 0.7862929662881886, "8423100.0--8805441.0": 0.7330074636948137, "8423100.0--8809920.0": 0.7659714903283491, "8423100.0--8663312.0": 0.7928203418019845, "8423100.0--8477126.0": 0.8210821463172664, "8423100.0--8807224.0": 0.8000173136880313, "8423100.0--8807355.0": 0.777969461403371, "8423100.0--8807320.0": 0.792269910121629, "8423100.0--8665933.0": 0.8053219872484856, "8423100.0--8845772.0": 0.8412283081192069, "8423100.0--8812989.0": 0.7975651242282846, "8423100.0--8636969.0": 0.8197656883430522, "8423100.0--8805450.0": 0.8027918502243819, "8423100.0--8807243.0": 0.8040208249785487, "8423100.0--8805443.0": 0.7859566633359543, "8423100.0--8673661.0": 0.8373207864136116, "8423100.0--8805419.0": 0.7929118561344869, "8423100.0--8451903.0": 0.7705120087667011, "8423100.0--8805429.0": 0.7903418805251969, "8423100.0--8809846.0": 0.7918307337747192, "8423100.0--8809832.0": 0.7956910355145876, "8413174.0--8423100.0": 0.7694065543738472, "8423100.0--8494817.0": 0.7787985794456297, "8423100.0--8637778.0": 0.7653000812311589, "8423100.0--8809742.0": 0.7783091240250413, "8423100.0--8807280.0": 0.8145043167988619, "8423100.0--8807274.0": 0.8177392433375698, "8423100.0--9216586.0": 0.7940566709498086, "8423100.0--9237132.0": 0.7865694654249972, "8423100.0--9216572.0": 0.7705886963615299, "8423100.0--9217952.0": 0.811930159345015, "8423100.0--9217931.0": 0.8285191113511551, "8423100.0--9216507.0": 0.7869869020458191, "8423100.0--9222368.0": 0.7970858070418052, "8423100.0--9220137.0": 0.7887775154299727, "8423100.0--9233460.0": 0.7782151016726927, "8423100.0--9222263.0": 0.7506381936950061, "8423100.0--9293003.0": 0.7801950023573165, "8423100.0--9222102.0": 0.8031254512235717, "8423100.0--9222323.0": 0.8000840730949148, "8423100.0--9222287.0": 0.786831396507082, "8423100.0--9223736.0": 0.8118176542484359, "8423100.0--9224191.0": 0.8248233379624675, "8423100.0--9222251.0": 0.7766695489612797, "8423100.0--9229242.0": 0.7832785143072386, "8423100.0--9282195.0": 0.7879399179151597, "8423100.0--9222098.0": 0.8068140360845906, "8423100.0--9234027.0": 0.7874124449370656, "8423100.0--9246308.0": 0.8043992031521799, "8423100.0--9240072.0": 0.8259431484879265, "8423100.0--9222353.0": 0.7869207855249989, "8423100.0--9222293.0": 0.7905748108962853, "8423100.0--9222089.0": 0.7792791069710444, "8423100.0--9228893.0": 0.7994510732549546, "8423100.0--9224192.0": 0.8009659040452416, "8423100.0--9222289.0": 0.7888190040170786, "8423100.0--9222038.0": 0.7825505852163945, "8423100.0--9229072.0": 0.7750825011343002, "8423100.0--9222295.0": 0.8276769147125939, "8423100.0--9222342.0": 0.7612634396863385, "8423100.0--9241407.0": 0.7804549486350796, "8423100.0--9288884.0": 0.7838381706636636, "8423100.0--9222351.0": 0.8007402840084131, "8423100.0--9223669.0": 0.7825539646412176, "8423100.0--9222315.0": 0.7577279636967973, "8423100.0--9222335.0": 0.8025344295090654, "8423100.0--9222327.0": 0.7881453563205558, "8423100.0--9233469.0": 0.7930115349995998, "8423100.0--9226461.0": 0.7963179849301918, "8423100.0--9238508.0": 0.7983925231109311, "8423100.0--9222266.0": 0.7523584828775575, "8423100.0--9225008.0": 0.7958263884279682, "8423100.0--9290431.0": 0.8305316992719757, "8423100.0--9239918.0": 0.8002771729835293, "8423100.0--9231271.0": 0.828766607333899, "8423100.0--9222313.0": 0.7998122416206996, "8423100.0--9231268.0": 0.794905540727661, "8423100.0--9222035.0": 0.7947483710464077, "8423100.0--9222091.0": 0.8006806974821046, "8423100.0--9229515.0": 0.7711141786446073, "8423100.0--9222301.0": 0.8194277818642799, "8423100.0--9222358.0": 0.7863849751984251,