{"8807274.0--9216586.0": 0.8337055260243279, "8807274.0--9237132.0": 0.8281956067127064, "8807274.0--9216572.0": 0.8063571616241344, "8807274.0--9217952.0": 0.8244514041956791, "8807274.0--9217931.0": 0.8622265142868144, "8807274.0--9216507.0": 0.8317372533841474, "8807274.0--9222368.0": 0.8586788454113323, "8807274.0--9220137.0": 0.8295009095158133, "8807274.0--9233460.0": 0.8159420537215164, "8807274.0--9222263.0": 0.7777616129585501, "8807274.0--9293003.0": 0.8305921084216452, "8807274.0--9222102.0": 0.8276863534665204, "8807274.0--9222323.0": 0.826981698441311, "8807274.0--9222287.0": 0.7965107673857696, "8807274.0--9223736.0": 0.8106085509490888, "8807274.0--9224191.0": 0.8231133235818474, "8807274.0--9222251.0": 0.8137869284113923, "8807274.0--9229242.0": 0.8400107662703237, "8807274.0--9282195.0": 0.7908361606048524, "8807274.0--9222098.0": 0.8634142066726176, "8807274.0--9234027.0": 0.8110611710740182, "8807274.0--9246308.0": 0.827046375996306, "8807274.0--9240072.0": 0.8186393409495935, "8807274.0--9222353.0": 0.8248736000848672, "8807274.0--9222293.0": 0.8411718444650044, "8807274.0--9222089.0": 0.7857773557595746, "8807274.0--9228893.0": 0.804623399225756, "8807274.0--9224192.0": 0.8025885365159265, "8807274.0--9222289.0": 0.8307088823763482, "8807274.0--9222038.0": 0.8380303471347323, "8807274.0--9229072.0": 0.8401253027619764, "8807274.0--9222295.0": 0.836980317164655, "8807274.0--9222342.0": 0.8393232828865822, "8807274.0--9241407.0": 0.8091943845293396, "8807274.0--9288884.0": 0.8257815497430478, "8807274.0--9222351.0": 0.7973196738998073, "8807274.0--9223669.0": 0.8357425774203728, "8807274.0--9222315.0": 0.812544394129664, "8807274.0--9222335.0": 0.8387072371491867, "8807274.0--9222327.0": 0.8126333030024493, "8807274.0--9233469.0": 0.8139237392511987, "8807274.0--9226461.0": 0.8327249373503791, "8807274.0--9238508.0": 0.8415878676696813, "8807274.0--9222266.0": 0.786021264819301, "8807274.0--9225008.0": 0.8522328705226785, "8807274.0--9290431.0": 0.8099804005882084, "8807274.0--9239918.0": 0.8263157245583892, "8807274.0--9231271.0": 0.824368994225515, "8807274.0--9222313.0": 0.8589086491588446, "8807274.0--9231268.0": 0.7989528559774602, "8807274.0--9222035.0": 0.7814503787709649, "8807274.0--9222091.0": 0.8448578829945639, "8807274.0--9229515.0": 0.7921305413861777, "8807274.0--9222301.0": 0.8316978781618023, "8807274.0--9222358.0": 0.8489705310987162, "8807274.0--9229135.0": 0.8342711633507995, "8807274.0--9222047.0": 0.8042018020993834, "8807274.0--9222272.0": 0.8079529101789296, "8807274.0--9222110.0": 0.8253539662464653, "8807274.0--9222364.0": 0.8299007584190042, "8807274.0--9222088.0": 0.8618825718506166, "8807274.0--9216518.0": 0.8309780162767549, "8807274.0--9222309.0": 0.8057523500704734, "8807274.0--9216595.0": 0.7967871356970617, "8807274.0--9216538.0": 0.7935988451060872, "8807274.0--9216549.0": 0.8060312486983563, "8807274.0--9216559.0": 0.8166277070106576, "8807274.0--9222376.0": 0.7969263704422401, "8807274.0--9222374.0": 0.8656769499078901, "8807274.0--9224194.0": 0.810969826477937, "8807274.0--9222254.0": 0.8393165549761763, "8807274.0--9222049.0": 0.812831688255069, "8807274.0--9222562.0": 0.8013934652920884, "8807274.0--9226126.0": 0.8132490696753558, "8807274.0--9240062.0": 0.8379976466475458, "8807274.0--9226101.0": 0.8260667561614842, "8807274.0--9222377.0": 0.7925523957758384, "8807274.0--9233392.0": 0.8354266220017219, "8807274.0--9222093.0": 0.7982290451488079, "8807274.0--9224154.0": 0.7775020031321198, "8807274.0--9240061.0": 0.7985209421804722, "8807274.0--9222512.0": 0.8127696916562607, "8807274.0--9241413.0": 0.8137084955231846, "8807274.0--9224646.0": 0.805399937367126, "8807274.0--9222372.0": 0.7687787259851832, "8807274.0--9222253.0": 0.8222824959480025, "8807274.0--9222092.0": 0.8582577597847209, "8807274.0--9222271.0": 0.8250487244646446, "8807274.0--9230431.0": 0.8269763220020999, "8807274.0--9222076.0": 0.8553859312507974, "8807274.0--9222053.0": 0.8232674284197342, "8807274.0--9216532.0": 0.8254991954096169, "8807274.0--9222085.0": 0.8100464029013477, "8807274.0--9216629.0": 0.8328970758736276, "8807274.0--9308630.0": 0.8192842657848348, "8807274.0--9308624.0": 0.7883645701300349, "8807274.0--9219240.0": 0.8208661538330725, "8807274.0--9216630.0": 0.8005400214624706, "8807274.0--9217981.0": 0.8434588564271069, "8807274.0--9224153.0": 0.8099000632195708, "8807274.0--9286505.0": 0.7782237997055228, "8807274.0--9216512.0": 0.8227299377856444, "8807274.0--9216579.0": 0.8121518477592604, "8807274.0--9222249.0": 0.8471867493930803, "8807274.0--9222367.0": 0.7825144322047379, "8807274.0--9222325.0": 0.7920562675745715, "8807274.0--9222510.0": 0.7929359129706496, "8807274.0--9246250.0": 0.8127610456230665, "8807274.0--9308627.0": 0.8548427253487849, "8807274.0--9224186.0": 0.8579609688197813, "8807274.0--9229232.0": 0.7883990117278281, "8807274.0--9226404.0": 0.7930613283822785, "8807274.0--9308631.0": 0.8236754114537947, "8807274.0--9222255.0": 0.8249698845618596, "8807274.0--9222261.0": 0.819738272170013, "8807274.0--9222338.0": 0.795818706747957, "8807274.0--9222284.0": 0.8280429149079682, "8807274.0--9230430.0": 0.8420842687258894, "8807274.0--9308622.0": 0.7649521096798344, "8807274.0--9286903.0": 0.7662074718057982, "8807274.0--9234473.0": 0.811008849929036, "8807274.0--9241426.0": 0.8439401213791622, "8807274.0--9222269.0": 0.8067874810233653, "8807274.0--9237999.0": 0.8326639397979115, "8807274.0--9222072.0": 0.8533196251462283, "8807274.0--9224197.0": 0.8427479660086892, "8807274.0--9246282.0": 0.8385386233540355, "8807274.0--9222314.0": 0.8132351090585008, "8807274.0--9222357.0": 0.8471048462844796, "8807274.0--9222086.0": 0.7716021678277296, "8807274.0--9222360.0": 0.8409226055937744, "8807274.0--9222065.0": 0.7850648078693201, "8807274.0--9228894.0": 0.8757108709418416, "8807274.0--9233264.0": 0.8187439201055027, "8807274.0--9222343.0": 0.7910583441323639, "8807274.0--9308621.0": 0.8169641096737177, "8807274.0--9308625.0": 0.8502369443186121, "8807274.0--9241744.0": 0.8191033111597559, "8807274.0--9308629.0": 0.8605214998198741, "8807274.0--9222068.0": 0.794255748114818, "8807274.0--9222248.0": 0.8317458401454563, "8807274.0--9222274.0": 0.8253384037019063, "8807274.0--9229116.0": 0.8521863137554766, "8807274.0--9233993.0": 0.8315080226834513, "8807274.0--9308623.0": 0.8477445232156846, "8807274.0--9222553.0": 0.825306325603198, "8807274.0--9222341.0": 0.8592088551899411, "8807274.0--9222346.0": 0.8452077711176471, "8807274.0--9308628.0": 0.8463351507746307, "8807274.0--9222294.0": 0.8307944909740131, "8807274.0--9241732.0": 0.845536354398156, "8807274.0--9222060.0": 0.8326822315294741, "8807274.0--9222280.0": 0.8505468684006445}