{"8440857.0--8449328.0": 0.8534745360907685, "8440829.0--8440857.0": 0.8400974453705736, "8440807.0--8440857.0": 0.7905711861048816, "8440831.0--8440857.0": 0.8040090274183993, "8440852.0--8440857.0": 0.8335500236978001, "8440841.0--8440857.0": 0.8133520393354859, "8440857.0--8440859.0": 0.7740320129988563, "8440821.0--8440857.0": 0.8020209688017763, "8440842.0--8440857.0": 0.8078196138762068, "8440857.0--8443131.0": 0.7808554900030082, "8440815.0--8440857.0": 0.8289243607113973, "8440857.0--8500765.0": 0.8235863890837828, "8440804.0--8440857.0": 0.7893883028168638, "8440857.0--8454276.0": 0.7966659741480874, "8440857.0--8464305.0": 0.8085254764217443, "8440857.0--8494828.0": 0.7802187022580925, "8440825.0--8440857.0": 0.7970315973603699, "8440814.0--8440857.0": 0.8341746485042314, "8440838.0--8440857.0": 0.8183213885567004, "8440855.0--8440857.0": 0.8359975426129915, "8440857.0--8454489.0": 0.8556270092268399, "8440834.0--8440857.0": 0.7980495656626656, "8440826.0--8440857.0": 0.8517839691112187, "8440823.0--8440857.0": 0.8009415928746387, "8440845.0--8440857.0": 0.7858918522304301, "8440810.0--8440857.0": 0.8291920638624634, "8440806.0--8440857.0": 0.812037018274605, "8440817.0--8440857.0": 0.8109546641981572, "8440813.0--8440857.0": 0.7985807899963993, "8440857.0--8443125.0": 0.8208874445656947, "8440857.0--8456575.0": 0.8177674527415864, "8440857.0--8440860.0": 0.8183568753570774, "8440857.0--8454343.0": 0.8352340711354559, "8440803.0--8440857.0": 0.8099257484521876, "8440857.0--8454344.0": 0.8225561062065104, "8440854.0--8440857.0": 0.8494286947553026, "8440857.0--8454346.0": 0.8455928468693992, "8440827.0--8440857.0": 0.7678705428906831, "8440836.0--8440857.0": 0.8037753220328603, "8440844.0--8440857.0": 0.8158408229783003, "8440808.0--8440857.0": 0.8129938582148588, "8440837.0--8440857.0": 0.8317781260644197, "8440857.0--8440858.0": 0.7903013270467738, "8440820.0--8440857.0": 0.8088718809994259, "8440833.0--8440857.0": 0.7937871355641648, "8440857.0--8444072.0": 0.801165115431, "8440812.0--8440857.0": 0.8495344113729801, "8440809.0--8440857.0": 0.8600050148777966, "8440857.0--8454904.0": 0.818324954360208, "8440846.0--8440857.0": 0.8179300772879591, "8440830.0--8440857.0": 0.8088340774276455, "8440857.0--8444077.0": 0.7812765153387562, "8440847.0--8440857.0": 0.828910181443575, "8440849.0--8440857.0": 0.8235209732419173, "8440857.0--8443124.0": 0.8091958855142528, "8440843.0--8440857.0": 0.8148441360221392, "8440857.0--8807265.0": 0.797414701975826, "8440857.0--8816695.0": 0.8490194998119693, "8440857.0--8805426.0": 0.806549352922785, "8440857.0--8805421.0": 0.8112272443304709, "8440857.0--8812684.0": 0.8060728064461306, "8440857.0--8805461.0": 0.8127091240541922, "8440857.0--8807255.0": 0.8208037549324511, "8440857.0--8805460.0": 0.8140945620824772, "8440857.0--8807292.0": 0.8308756265066606, "8440857.0--8807354.0": 0.8047915841978999, "8440857.0--8809711.0": 0.8188091914851325, "8440857.0--8805422.0": 0.8344477379584228, "8440857.0--8805424.0": 0.8174937848839441, "8440857.0--8794517.0": 0.7876961751842332, "8440857.0--8805451.0": 0.7932277047433909, "8440857.0--8807223.0": 0.7704855325005842, "8440857.0--8794560.0": 0.7989699509015004, "8440857.0--8481543.0": 0.7948640155408058, "8440857.0--8802285.0": 0.7568613823984607, "8440857.0--8807245.0": 0.8034437576019331, "8440857.0--8805456.0": 0.7906156824323827, "8440857.0--8827944.0": 0.7704774973311754, "8440857.0--8807296.0": 0.8165163569736813, "8440857.0--8827951.0": 0.7605012381172118, "8440857.0--8854335.0": 0.7807213795460733, "8440857.0--8805446.0": 0.7909295795854305, "8440857.0--8805436.0": 0.7894305224472503, "8440857.0--8805433.0": 0.7678965839165436, "8440857.0--8546802.0": 0.8283028295640533, "8440857.0--8805427.0": 0.8231604537313459, "8440857.0--8836120.0": 0.8361122865374109, "8440857.0--8794768.0": 0.8323618494490972, "8440857.0--8809750.0": 0.7973848442364511, "8440857.0--8820172.0": 0.8388809911229009, "8440857.0--8476234.0": 0.8506117809495757, "8440857.0--8807314.0": 0.7629585872607916, "8440857.0--8794520.0": 0.833227648123867, "8440857.0--8805452.0": 0.8107051126533832, "8440857.0--8805462.0": 0.7919105353105428, "8440857.0--8807275.0": 0.8052342381896888, "8419285.0--8440857.0": 0.7878112341627427, "8440857.0--8807379.0": 0.7990720387873291, "8440857.0--8807234.0": 0.8241062050395827, "8423100.0--8440857.0": 0.8028593724871653, "8440857.0--8805455.0": 0.7559302893593353, "8440857.0--8727493.0": 0.7501442432189788, "8440857.0--8807369.0": 0.7502467502819572, "8440857.0--8532319.0": 0.7874335726216294, "8419325.0--8440857.0": 0.7919113779686074, "8440857.0--8805430.0": 0.8190732366370341, "8440857.0--8807301.0": 0.7938984999742635, "8440857.0--8713940.0": 0.8213093885533358, "8440857.0--8637795.0": 0.8347456048649717, "7999244.0--8440857.0": 0.8259928402416423, "8440857.0--8805439.0": 0.8196132726847708, "8440857.0--8805428.0": 0.8490014820920735, "8440857.0--8809223.0": 0.8426877804101619, "8440857.0--8795584.0": 0.826492902468572, "8440857.0--8807264.0": 0.7962836982420335, "8440857.0--8805431.0": 0.7975238018105568, "8440857.0--8453863.0": 0.7838334983131817, "8400404.0--8440857.0": 0.8091068984128643, "8440857.0--8809834.0": 0.8118064298111849, "8440857.0--8663447.0": 0.7875327551778706, "8440857.0--8807213.0": 0.8584742004730911, "8440857.0--8640251.0": 0.8290535178724942, "8440857.0--8807220.0": 0.838308492574909, "8440857.0--8617736.0": 0.8245581628770933, "8440857.0--8617746.0": 0.7906216365773409, "8440857.0--8640072.0": 0.8135324094257671, "8440857.0--8636208.0": 0.8219165324657915, "8440857.0--8805458.0": 0.8214502589448587, "8440857.0--8807271.0": 0.8229093867138808, "8440857.0--8809678.0": 0.7963080659109987, "8440857.0--8807226.0": 0.8346292869513905, "8440857.0--8805467.0": 0.8524483117349819, "8440857.0--8611113.0": 0.8013818710789631, "8440857.0--8854316.0": 0.8262068560313351, "8440857.0--8794607.0": 0.8055152486875188, "8440857.0--8805418.0": 0.7785020394005362, "8440857.0--8836087.0": 0.8336404793581942, "8440857.0--8807283.0": 0.8098086798432493, "8440857.0--8820171.0": 0.8275672400706435, "8440857.0--8807288.0": 0.7509030143257669, "8440857.0--8807302.0": 0.7857983223125078, "8440857.0--8805466.0": 0.79775795306781, "8440857.0--8807351.0": 0.8087386390087986, "8440857.0--8805420.0": 0.8194513162960744, "8440857.0--8807299.0": 0.8099801326773155, "8440857.0--8812988.0": 0.8211073405675952, "8440857.0--8807294.0": 0.8073245251404304, "8440857.0--8805434.0": 0.8471465304475321, "8440857.0--8732351.0": 0.7848755808391288, "8440857.0--8807232.0": 0.807920256101628, "8419271.0--8440857.0": 0.76931328396819, "8440857.0--8625484.0": 0.8035426567252063, "8440857.0--8807349.0": 0.8130828493905141, "8440857.0--8809730.0": 0.8005299461765403, "8440857.0--8730513.0": 0.8001327684282739, "8440857.0--8809833.0": 0.793408640393556, "8440857.0--8523628.0": 0.774251379577503, "8434356.0--8440857.0": 0.7837418170521894, "8440857.0--8807303.0": 0.8381555991804676, "8440857.0--8811606.0": 0.7877766925333868, "8440857.0--8807244.0": 0.8115473702572227, "8440857.0--8490694.0": 0.8421326229301199, "8440857.0--8809844.0": 0.8111173953076957, "8440857.0--8809850.0": 0.8467241987829456, "8440857.0--8805445.0": 0.8061169476914931, "8412138.0--8440857.0": 0.7824655675038139, "8440857.0--8807247.0": 0.8084233165505544, "8440857.0--8848845.0": 0.8140311580806694, "8440857.0--8695851.0": 0.8138879556492224, "8440857.0--8713907.0": 0.8397945627864197, "8440857.0--8809847.0": 0.8099796595336506, "8440857.0--8727480.0": 0.8442583164097879, "8440857.0--8706590.0": 0.8175776990813556, "8440857.0--8735916.0": 0.8327312764573408, "8440857.0--8474512.0": 0.8030426425795688, "8440857.0--8809845.0": 0.7749188479071627, "8440857.0--8540796.0": 0.8238260458728471, "8440857.0--8807233.0": 0.8229015042568053, "8440857.0--8617747.0": 0.775031907520297, "8440857.0--8474486.0": 0.8030760423368961, "8440857.0--8474516.0": 0.8540537260926924, "8440857.0--8663650.0": 0.7807955980976926,