{"9222284.0--9222338.0": 0.8520716355015892, "9222338.0--9230430.0": 0.816582785617573, "9222338.0--9308622.0": 0.7646961353885149, "9222338.0--9286903.0": 0.7364294915245321, "9222338.0--9234473.0": 0.7762072250008832, "9222338.0--9241426.0": 0.7940878029454257, "9222269.0--9222338.0": 0.783786295450486, "9222338.0--9237999.0": 0.8046114845459524, "9222072.0--9222338.0": 0.792980918496564, "9222338.0--9224197.0": 0.7798334064254362, "9222338.0--9246282.0": 0.8038951481058667, "9222314.0--9222338.0": 0.7665196836073475, "9222338.0--9222357.0": 0.7842234215974769, "9222086.0--9222338.0": 0.8384888905364505, "9222338.0--9222360.0": 0.8011760862899028, "9222065.0--9222338.0": 0.7528978255020997, "9222338.0--9228894.0": 0.8244952028319489, "9222338.0--9233264.0": 0.8009160620350165, "9222338.0--9222343.0": 0.7941737014035644, "9222338.0--9308621.0": 0.7720079838212701, "9222338.0--9308625.0": 0.8099626833940796, "9222338.0--9241744.0": 0.8163539624460002, "9222338.0--9308629.0": 0.7976133909705024, "9222068.0--9222338.0": 0.7843153305734629, "9222248.0--9222338.0": 0.7697588403856299, "9222274.0--9222338.0": 0.7828013892517875, "9222338.0--9229116.0": 0.8110305744325218, "9222338.0--9233993.0": 0.8035672018445926, "9222338.0--9308623.0": 0.7793892301270418, "9222338.0--9222553.0": 0.7701983895558497, "9222338.0--9222341.0": 0.8383792464890558, "9222338.0--9222346.0": 0.7958249148131352, "9222338.0--9308628.0": 0.8112500161325682, "9222294.0--9222338.0": 0.788408123109298, "9222338.0--9241732.0": 0.7772386443007919, "9222060.0--9222338.0": 0.8233278749069105, "9222280.0--9222338.0": 0.8091024714056186}