{"8440808.0--8440844.0": 0.8471871370123829, "8440837.0--8440844.0": 0.81580780200792, "8440844.0--8440858.0": 0.830098601510511, "8440820.0--8440844.0": 0.7900009206994, "8440833.0--8440844.0": 0.7865402757339943, "8440844.0--8444072.0": 0.7845819884377633, "8440812.0--8440844.0": 0.8453782204605278, "8440809.0--8440844.0": 0.8242065870650814, "8440844.0--8454904.0": 0.7948283119012828, "8440844.0--8440846.0": 0.8360092029835571, "8440830.0--8440844.0": 0.7928980607337547, "8440844.0--8444077.0": 0.808845392752516, "8440844.0--8440847.0": 0.8044541601734686, "8440844.0--8440849.0": 0.7951393758848535, "8440844.0--8443124.0": 0.8267780306638068, "8440843.0--8440844.0": 0.7986479549516222, "8440844.0--8807265.0": 0.8183276385592272, "8440844.0--8816695.0": 0.8127359269639769, "8440844.0--8805426.0": 0.7954281367596008, "8440844.0--8805421.0": 0.7905163840270906, "8440844.0--8812684.0": 0.8126614355938475, "8440844.0--8805461.0": 0.776428599734807, "8440844.0--8807255.0": 0.7746070410818691, "8440844.0--8805460.0": 0.7657761681819145, "8440844.0--8807292.0": 0.8132983355492551, "8440844.0--8807354.0": 0.7868911617456523, "8440844.0--8809711.0": 0.7911311137422109, "8440844.0--8805422.0": 0.789652472117083, "8440844.0--8805424.0": 0.7942713698822808, "8440844.0--8794517.0": 0.7656764112286264, "8440844.0--8805451.0": 0.7951242461520348, "8440844.0--8807223.0": 0.7902898203152788, "8440844.0--8794560.0": 0.8077825071867705, "8440844.0--8481543.0": 0.8060614065229004, "8440844.0--8802285.0": 0.7649957012173525, "8440844.0--8807245.0": 0.7977199581420782, "8440844.0--8805456.0": 0.7789893780637844, "8440844.0--8827944.0": 0.7688660356452468, "8440844.0--8807296.0": 0.8192799345135513, "8440844.0--8827951.0": 0.766641928073587, "8440844.0--8854335.0": 0.7976673641863307, "8440844.0--8805446.0": 0.8277594490951712, "8440844.0--8805436.0": 0.8154113562705958, "8440844.0--8805433.0": 0.77884805048274, "8440844.0--8546802.0": 0.8162565276598206, "8440844.0--8805427.0": 0.8126418052123195, "8440844.0--8836120.0": 0.8198636908241649, "8440844.0--8794768.0": 0.8065808372458813, "8440844.0--8809750.0": 0.8043404858499064, "8440844.0--8820172.0": 0.8324995852316843, "8440844.0--8476234.0": 0.7947572933546395, "8440844.0--8807314.0": 0.770348034606511, "8440844.0--8794520.0": 0.8307030264377804, "8440844.0--8805452.0": 0.8196126686751037, "8440844.0--8805462.0": 0.8222566126228912, "8440844.0--8807275.0": 0.8084184908077365, "8419285.0--8440844.0": 0.7842907605709937, "8440844.0--8807379.0": 0.8047809774001511, "8440844.0--8807234.0": 0.8175156644521636, "8423100.0--8440844.0": 0.780136794422431, "8440844.0--8805455.0": 0.793537989466124, "8440844.0--8727493.0": 0.7937212031873989, "8440844.0--8807369.0": 0.7664444925391245, "8440844.0--8532319.0": 0.8204495807661162, "8419325.0--8440844.0": 0.8274550015460149, "8440844.0--8805430.0": 0.8116888978643704, "8440844.0--8807301.0": 0.7944253062046533, "8440844.0--8713940.0": 0.8189179758369567, "8440844.0--8637795.0": 0.8096460673922217, "7999244.0--8440844.0": 0.7801088327879084, "8440844.0--8805439.0": 0.7764225037988767, "8440844.0--8805428.0": 0.8233927309607613, "8440844.0--8809223.0": 0.8365437062110482, "8440844.0--8795584.0": 0.8106745812338705, "8440844.0--8807264.0": 0.7726446788232221, "8440844.0--8805431.0": 0.7953923888202378, "8440844.0--8453863.0": 0.8044468877634559, "8400404.0--8440844.0": 0.7826389981498012, "8440844.0--8809834.0": 0.808075194945958, "8440844.0--8663447.0": 0.7992028647578238, "8440844.0--8807213.0": 0.8049379996619774, "8440844.0--8640251.0": 0.8579918329799503, "8440844.0--8807220.0": 0.8070921227124734, "8440844.0--8617736.0": 0.7983293882755953, "8440844.0--8617746.0": 0.7649926702353436, "8440844.0--8640072.0": 0.8394945963103073, "8440844.0--8636208.0": 0.8366099476574921, "8440844.0--8805458.0": 0.8141408413812787, "8440844.0--8807271.0": 0.8245467772657735, "8440844.0--8809678.0": 0.8005484701508511, "8440844.0--8807226.0": 0.8187270077699844, "8440844.0--8805467.0": 0.8280323764846145, "8440844.0--8611113.0": 0.8434988237545857, "8440844.0--8854316.0": 0.8599075008355721, "8440844.0--8794607.0": 0.8299270774000651, "8440844.0--8805418.0": 0.7974988874738134, "8440844.0--8836087.0": 0.8832846365266499, "8440844.0--8807283.0": 0.7946327854586838, "8440844.0--8820171.0": 0.8737904118117923, "8440844.0--8807288.0": 0.7551835547413933, "8440844.0--8807302.0": 0.7590280846851756, "8440844.0--8805466.0": 0.777381886439957, "8440844.0--8807351.0": 0.7914097237387916, "8440844.0--8805420.0": 0.7752872971711231, "8440844.0--8807299.0": 0.7894066764659857, "8440844.0--8812988.0": 0.7874059591926688, "8440844.0--8807294.0": 0.7924065917391341, "8440844.0--8805434.0": 0.8213779815177981, "8440844.0--8732351.0": 0.7768261109689037, "8440844.0--8807232.0": 0.7632083223217403, "8419271.0--8440844.0": 0.7664494727309293, "8440844.0--8625484.0": 0.7886154104296208, "8440844.0--8807349.0": 0.7873395674878333, "8440844.0--8809730.0": 0.786908175050765, "8440844.0--8730513.0": 0.8180299955794351, "8440844.0--8809833.0": 0.7923941167626364, "8440844.0--8523628.0": 0.7891463899799931, "8434356.0--8440844.0": 0.8169019178574756, "8440844.0--8807303.0": 0.8019904772119565, "8440844.0--8811606.0": 0.7890652937682694, "8440844.0--8807244.0": 0.7864115240359763, "8440844.0--8490694.0": 0.8025969584946, "8440844.0--8809844.0": 0.783544576821736, "8440844.0--8809850.0": 0.797658028547034, "8440844.0--8805445.0": 0.7793340613557871, "8412138.0--8440844.0": 0.785317961893885, "8440844.0--8807247.0": 0.7553054725232855, "8440844.0--8848845.0": 0.7900062821664119, "8440844.0--8695851.0": 0.8303698145470616, "8440844.0--8713907.0": 0.8431590178126163, "8440844.0--8809847.0": 0.8229159464266723, "8440844.0--8727480.0": 0.826432303223775, "8440844.0--8706590.0": 0.7765203773158397, "8440844.0--8735916.0": 0.8217365954558346, "8440844.0--8474512.0": 0.8201686439111922, "8440844.0--8809845.0": 0.8054071096643851, "8440844.0--8540796.0": 0.8326476156128224, "8440844.0--8807233.0": 0.8099452191604591, "8440844.0--8617747.0": 0.7768397836140631, "8440844.0--8474486.0": 0.7851089879151901, "8440844.0--8474516.0": 0.8278914546022531, "8440844.0--8663650.0": 0.7914679269952826, "8440844.0--8663646.0": 0.7923689476726034, "8440844.0--8794553.0": 0.813269896905361, "8440844.0--8863966.0": 0.76924883466658, "8440844.0--8525340.0": 0.7902208403224817, "8440844.0--8805448.0": 0.7885798471647979, "8405549.0--8440844.0": 0.7990528714523251, "8440844.0--8611178.0": 0.8131986668273314, "8440844.0--8827593.0": 0.7986645481840242, "8440844.0--8805463.0": 0.7569318750099558, "8440844.0--8805457.0": 0.7957765602297615, "8440844.0--8805442.0": 0.7949630436141125, "8440844.0--8807266.0": 0.8063855150721264, "8440844.0--8813126.0": 0.7980631227028389, "8440844.0--8585103.0": 0.7775949082863621, "8440844.0--8807235.0": 0.7881965094329761, "8440844.0--8585048.0": 0.8124031436242077, "8440844.0--8809843.0": 0.8067810407318974, "8440844.0--8809842.0": 0.799379749473872, "8440844.0--8842614.0": 0.7963738315552438, "8440844.0--8805441.0": 0.7892380032546626, "8440844.0--8809920.0": 0.7404307667014931, "8440844.0--8663312.0": 0.7500018190749175, "8440844.0--8477126.0": 0.8372619321371846, "8440844.0--8807224.0": 0.8130454072764369, "8440844.0--8807355.0": 0.8036032146083276, "8440844.0--8807320.0": 0.8136525638628473, "8440844.0--8665933.0": 0.8057962871192808, "8440844.0--8845772.0": 0.7830734094881846, "8440844.0--8812989.0": 0.7987664858955954, "8440844.0--8636969.0": 0.7954639304646427, "8440844.0--8805450.0": 0.7624821624255427, "8440844.0--8807243.0": 0.7945202736097483, "8440844.0--8805443.0": 0.7842244712235712, "8440844.0--8673661.0": 0.8103226881531312, "8440844.0--8805419.0": 0.8150189179803693, "8440844.0--8451903.0": 0.7673983638265052, "8440844.0--8805429.0": 0.8052091803082903, "8440844.0--8809846.0": 0.7855417318488672, "8440844.0--8809832.0": 0.7972793408236427, "8413174.0--8440844.0": 0.7836756180937104,