{"9216572.0--9237132.0": 0.8009251001705295, "9217952.0--9237132.0": 0.8400842625141458, "9217931.0--9237132.0": 0.8621532997758719, "9216507.0--9237132.0": 0.842102880743694, "9222368.0--9237132.0": 0.8390404106848981, "9220137.0--9237132.0": 0.812553944009357, "9233460.0--9237132.0": 0.8145040899345954, "9222263.0--9237132.0": 0.7647727464440035, "9237132.0--9293003.0": 0.8123939771612699, "9222102.0--9237132.0": 0.8668599763158025, "9222323.0--9237132.0": 0.8311005419314725, "9222287.0--9237132.0": 0.8247245748662128, "9223736.0--9237132.0": 0.8465284008044687, "9224191.0--9237132.0": 0.7914737345873499, "9222251.0--9237132.0": 0.8338597877269317, "9229242.0--9237132.0": 0.8680023470564058, "9237132.0--9282195.0": 0.7636527360026981, "9222098.0--9237132.0": 0.8575474546884141, "9234027.0--9237132.0": 0.7912131028413029, "9237132.0--9246308.0": 0.8587310840733678, "9237132.0--9240072.0": 0.794989100067717, "9222353.0--9237132.0": 0.826370283711245, "9222293.0--9237132.0": 0.8661721715893445, "9222089.0--9237132.0": 0.8784654004201198, "9228893.0--9237132.0": 0.832135875708324, "9224192.0--9237132.0": 0.7708982077500481, "9222289.0--9237132.0": 0.8308240171839911, "9222038.0--9237132.0": 0.8050251210363487, "9229072.0--9237132.0": 0.8037694376469957, "9222295.0--9237132.0": 0.8306962827583153, "9222342.0--9237132.0": 0.8026476130431981, "9237132.0--9241407.0": 0.7843959885423557, "9237132.0--9288884.0": 0.8436586064661912, "9222351.0--9237132.0": 0.806583513759159, "9223669.0--9237132.0": 0.8630343415454764, "9222315.0--9237132.0": 0.8007353278166934, "9222335.0--9237132.0": 0.8142034359774201, "9222327.0--9237132.0": 0.8544016034047291, "9233469.0--9237132.0": 0.8188388742398269, "9226461.0--9237132.0": 0.801553078689145, "9237132.0--9238508.0": 0.8492897685517146, "9222266.0--9237132.0": 0.7959750168256683, "9225008.0--9237132.0": 0.8750835337945411, "9237132.0--9290431.0": 0.8118388649293728, "9237132.0--9239918.0": 0.8539373491132579, "9231271.0--9237132.0": 0.7834287442941806, "9222313.0--9237132.0": 0.8319146734890545, "9231268.0--9237132.0": 0.7827226497955833, "9222035.0--9237132.0": 0.7728329774554304, "9222091.0--9237132.0": 0.8472023014176587, "9229515.0--9237132.0": 0.784887632396307, "9222301.0--9237132.0": 0.810364783087794, "9222358.0--9237132.0": 0.825054100483615, "9229135.0--9237132.0": 0.8969367135677108, "9222047.0--9237132.0": 0.8261731615491499, "9222272.0--9237132.0": 0.8113475887864525, "9222110.0--9237132.0": 0.8199388109079795, "9222364.0--9237132.0": 0.8368054960122792, "9222088.0--9237132.0": 0.8035178838520738, "9216518.0--9237132.0": 0.8353109456128553, "9222309.0--9237132.0": 0.8289883981104522, "9216595.0--9237132.0": 0.762231975728039, "9216538.0--9237132.0": 0.7551863243500349, "9216549.0--9237132.0": 0.7891209640739385, "9216559.0--9237132.0": 0.8426341582440796, "9222376.0--9237132.0": 0.7665131529949251, "9222374.0--9237132.0": 0.8156477163754459, "9224194.0--9237132.0": 0.7929903227682327, "9222254.0--9237132.0": 0.8019870667117436, "9222049.0--9237132.0": 0.7749882731790294, "9222562.0--9237132.0": 0.7857160845998357, "9226126.0--9237132.0": 0.7810544690670328, "9237132.0--9240062.0": 0.8252030704118338, "9226101.0--9237132.0": 0.806931791215197, "9222377.0--9237132.0": 0.807274742203647, "9233392.0--9237132.0": 0.8444129526834835, "9222093.0--9237132.0": 0.746741205794707, "9224154.0--9237132.0": 0.7503742022193057, "9237132.0--9240061.0": 0.7794793259925269, "9222512.0--9237132.0": 0.7919676494005627, "9237132.0--9241413.0": 0.8283773803937703, "9224646.0--9237132.0": 0.761569216232946, "9222372.0--9237132.0": 0.7483143798467585, "9222253.0--9237132.0": 0.790438711954581, "9222092.0--9237132.0": 0.8370392274469414, "9222271.0--9237132.0": 0.8015059408454832, "9230431.0--9237132.0": 0.779452975141274, "9222076.0--9237132.0": 0.8209102197528748, "9222053.0--9237132.0": 0.8029400109300984, "9216532.0--9237132.0": 0.8292612938119156, "9222085.0--9237132.0": 0.8062544626339018, "9216629.0--9237132.0": 0.8294296263814837, "9237132.0--9308630.0": 0.7808465104060591, "9237132.0--9308624.0": 0.7693120829723921, "9219240.0--9237132.0": 0.8117791497008513, "9216630.0--9237132.0": 0.7947821341159221, "9217981.0--9237132.0": 0.8352289527620804, "9224153.0--9237132.0": 0.7895340424319741, "9237132.0--9286505.0": 0.8197445130215657, "9216512.0--9237132.0": 0.8082545591276434, "9216579.0--9237132.0": 0.7963564305700204, "9222249.0--9237132.0": 0.8106074743279482, "9222367.0--9237132.0": 0.7847309699649463, "9222325.0--9237132.0": 0.7836207480925931, "9222510.0--9237132.0": 0.7633018617646355, "9237132.0--9246250.0": 0.7965461379700507, "9237132.0--9308627.0": 0.8256040936752298, "9224186.0--9237132.0": 0.8640237768675749, "9229232.0--9237132.0": 0.7864959014900347, "9226404.0--9237132.0": 0.7997313599642143, "9237132.0--9308631.0": 0.8107143307129396, "9222255.0--9237132.0": 0.8093368883440115, "9222261.0--9237132.0": 0.787806687907374, "9222338.0--9237132.0": 0.7855606318733342, "9222284.0--9237132.0": 0.8283377270790151, "9230430.0--9237132.0": 0.8144724433313927, "9237132.0--9308622.0": 0.737815343423381, "9237132.0--9286903.0": 0.731843926208337, "9234473.0--9237132.0": 0.7702622989043175, "9237132.0--9241426.0": 0.8642103268253221, "9222269.0--9237132.0": 0.8039064447718038, "9237132.0--9237999.0": 0.8212275504310439, "9222072.0--9237132.0": 0.7948430927689665, "9224197.0--9237132.0": 0.7934854059925747, "9237132.0--9246282.0": 0.8184475053764988, "9222314.0--9237132.0": 0.793365503219186, "9222357.0--9237132.0": 0.8221438800836539, "9222086.0--9237132.0": 0.7670509656062621, "9222360.0--9237132.0": 0.8330645079677298, "9222065.0--9237132.0": 0.7673720955002434, "9228894.0--9237132.0": 0.8094716853576593, "9233264.0--9237132.0": 0.8239106887798433, "9222343.0--9237132.0": 0.7825500107540403, "9237132.0--9308621.0": 0.7951798991858952, "9237132.0--9308625.0": 0.8096357874321802, "9237132.0--9241744.0": 0.8042609519328185, "9237132.0--9308629.0": 0.8126273718713366, "9222068.0--9237132.0": 0.7533932810147113, "9222248.0--9237132.0": 0.7914582672153856, "9222274.0--9237132.0": 0.7792946090245783, "9229116.0--9237132.0": 0.8343879952921663, "9233993.0--9237132.0": 0.785510354074938, "9237132.0--9308623.0": 0.8046345141353136, "9222553.0--9237132.0": 0.7846355922388245, "9222341.0--9237132.0": 0.8085840871717499, "9222346.0--9237132.0": 0.8502828047073927, "9237132.0--9308628.0": 0.7877420374936325, "9222294.0--9237132.0": 0.8033480075843744, "9237132.0--9241732.0": 0.8070957520737532, "9222060.0--9237132.0": 0.824194186194793, "9222280.0--9237132.0": 0.8178559798504528}