{"8481543.0--8802285.0": 0.7568116806002718, "8481543.0--8807245.0": 0.7909568340122634, "8481543.0--8805456.0": 0.7944775024549141, "8481543.0--8827944.0": 0.7646433268093765, "8481543.0--8807296.0": 0.7989398688036408, "8481543.0--8827951.0": 0.7764702830683843, "8481543.0--8854335.0": 0.8186557857453662, "8481543.0--8805446.0": 0.8320866079740532, "8481543.0--8805436.0": 0.8256837638406838, "8481543.0--8805433.0": 0.772492739193061, "8481543.0--8546802.0": 0.8294194119035471, "8481543.0--8805427.0": 0.7792468149880315, "8481543.0--8836120.0": 0.8122480458654926, "8481543.0--8794768.0": 0.8062761980690785, "8481543.0--8809750.0": 0.7833679285219101, "8481543.0--8820172.0": 0.8323642611284283, "8476234.0--8481543.0": 0.7797261808680848, "8481543.0--8807314.0": 0.7855077005250798, "8481543.0--8794520.0": 0.8278641237404558, "8481543.0--8805452.0": 0.7802796553397643, "8481543.0--8805462.0": 0.762022524295125, "8481543.0--8807275.0": 0.794220269705413, "8419285.0--8481543.0": 0.8029094115704034, "8481543.0--8807379.0": 0.8195128200264845, "8481543.0--8807234.0": 0.8188340654245857, "8423100.0--8481543.0": 0.8014808548929591, "8481543.0--8805455.0": 0.8098778460887708, "8481543.0--8727493.0": 0.7736929954638443, "8481543.0--8807369.0": 0.7613523252624639, "8481543.0--8532319.0": 0.7877749849314215, "8419325.0--8481543.0": 0.7957632909348085, "8481543.0--8805430.0": 0.7686662817895262, "8481543.0--8807301.0": 0.7645734796164778, "8481543.0--8713940.0": 0.7813257429163442, "8481543.0--8637795.0": 0.790991380899359, "7999244.0--8481543.0": 0.7913915095254647, "8481543.0--8805439.0": 0.772466213351866, "8481543.0--8805428.0": 0.7956244035548796, "8481543.0--8809223.0": 0.8131768004975515, "8481543.0--8795584.0": 0.803405139635611, "8481543.0--8807264.0": 0.769721616039892, "8481543.0--8805431.0": 0.7661772294150633, "8453863.0--8481543.0": 0.8264110761550337, "8400404.0--8481543.0": 0.7926206257080419, "8481543.0--8809834.0": 0.7945394973169259, "8481543.0--8663447.0": 0.7932043265259971, "8481543.0--8807213.0": 0.7964056321887438, "8481543.0--8640251.0": 0.7752285280285935, "8481543.0--8807220.0": 0.8139061558326846, "8481543.0--8617736.0": 0.7720631182436621, "8481543.0--8617746.0": 0.7483487705620271, "8481543.0--8640072.0": 0.7846048154873946, "8481543.0--8636208.0": 0.8097069053511246, "8481543.0--8805458.0": 0.7554159480451701, "8481543.0--8807271.0": 0.7794635727400835, "8481543.0--8809678.0": 0.775266976556535, "8481543.0--8807226.0": 0.7805971181430745, "8481543.0--8805467.0": 0.8000065360788006, "8481543.0--8611113.0": 0.7596528870949285, "8481543.0--8854316.0": 0.8027453908492513, "8481543.0--8794607.0": 0.7780070301856692, "8481543.0--8805418.0": 0.7585925899027446, "8481543.0--8836087.0": 0.7853229062575982, "8481543.0--8807283.0": 0.7697785803381013, "8481543.0--8820171.0": 0.7621249096857909, "8481543.0--8807288.0": 0.7389343115379036, "8481543.0--8807302.0": 0.7350351753986909, "8481543.0--8805466.0": 0.7553560490487585, "8481543.0--8807351.0": 0.7624739453997699, "8481543.0--8805420.0": 0.7530161343749502, "8481543.0--8807299.0": 0.7631170489399948, "8481543.0--8812988.0": 0.7529813951832023, "8481543.0--8807294.0": 0.7902413721447966, "8481543.0--8805434.0": 0.7806648947513825, "8481543.0--8732351.0": 0.7960514599243045, "8481543.0--8807232.0": 0.7795544791388669, "8419271.0--8481543.0": 0.7609274923076166, "8481543.0--8625484.0": 0.7666365153256418, "8481543.0--8807349.0": 0.7833879846473129, "8481543.0--8809730.0": 0.7646531955661221, "8481543.0--8730513.0": 0.7848979709856256, "8481543.0--8809833.0": 0.7939520811965712, "8481543.0--8523628.0": 0.7643375225262409, "8434356.0--8481543.0": 0.7950368174137156, "8481543.0--8807303.0": 0.8331862976042947, "8481543.0--8811606.0": 0.8116025137357487, "8481543.0--8807244.0": 0.7944920950096843, "8481543.0--8490694.0": 0.8277696897793051, "8481543.0--8809844.0": 0.8239446668535781, "8481543.0--8809850.0": 0.8238796686412777, "8481543.0--8805445.0": 0.8021095697865492, "8412138.0--8481543.0": 0.823029318585095, "8481543.0--8807247.0": 0.8027454698717448, "8481543.0--8848845.0": 0.7847053538661193, "8481543.0--8695851.0": 0.8078187417529368, "8481543.0--8713907.0": 0.80946816628758, "8481543.0--8809847.0": 0.8299093074024735, "8481543.0--8727480.0": 0.8166586035695288, "8481543.0--8706590.0": 0.8021380064953905, "8481543.0--8735916.0": 0.7861801068601499, "8474512.0--8481543.0": 0.7589183820430204, "8481543.0--8809845.0": 0.7820711409911705, "8481543.0--8540796.0": 0.8286410810196252, "8481543.0--8807233.0": 0.7869031533297188, "8481543.0--8617747.0": 0.7456114444183201, "8474486.0--8481543.0": 0.7564388272666636, "8474516.0--8481543.0": 0.7856152083360683, "8481543.0--8663650.0": 0.7744526104165173, "8481543.0--8663646.0": 0.7967938898214174, "8481543.0--8794553.0": 0.9143382103649286, "8481543.0--8863966.0": 0.7652316483367982, "8481543.0--8525340.0": 0.812256319251717, "8481543.0--8805448.0": 0.7639826694755043, "8405549.0--8481543.0": 0.7916718410252663, "8481543.0--8611178.0": 0.7900179505264602, "8481543.0--8827593.0": 0.777322986762307, "8481543.0--8805463.0": 0.7384789291021998, "8481543.0--8805457.0": 0.779289069057709, "8481543.0--8805442.0": 0.7699127628019574, "8481543.0--8807266.0": 0.7862650070081796, "8481543.0--8813126.0": 0.7583754179757299, "8481543.0--8585103.0": 0.7789075136935588, "8481543.0--8807235.0": 0.769136640081179, "8481543.0--8585048.0": 0.7775208561286961, "8481543.0--8809843.0": 0.775428557763466, "8481543.0--8809842.0": 0.8104461489340351, "8481543.0--8842614.0": 0.747930394684533, "8481543.0--8805441.0": 0.7578840124884361, "8481543.0--8809920.0": 0.7394131406240403, "8481543.0--8663312.0": 0.767054794774829, "8477126.0--8481543.0": 0.8026228123048608, "8481543.0--8807224.0": 0.8018757924078459, "8481543.0--8807355.0": 0.7946498639157501, "8481543.0--8807320.0": 0.8104544195122089, "8481543.0--8665933.0": 0.7868948223685632, "8481543.0--8845772.0": 0.8610409350622774, "8481543.0--8812989.0": 0.8043468755592981, "8481543.0--8636969.0": 0.8706048078820583, "8481543.0--8805450.0": 0.7917385919567589, "8481543.0--8807243.0": 0.8075410905739947, "8481543.0--8805443.0": 0.7835516577308147, "8481543.0--8673661.0": 0.8175929566472705, "8481543.0--8805419.0": 0.7994157873685017, "8451903.0--8481543.0": 0.7648675933032337, "8481543.0--8805429.0": 0.7682059554250508, "8481543.0--8809846.0": 0.7599198668812723, "8481543.0--8809832.0": 0.79246091117056, "8413174.0--8481543.0": 0.7903080456002258, "8481543.0--8494817.0": 0.7864442281707, "8481543.0--8637778.0": 0.7923675605739731, "8481543.0--8809742.0": 0.7672910944357147, "8481543.0--8807280.0": 0.7812840164363664, "8481543.0--8807274.0": 0.808672161522763, "8481543.0--9216586.0": 0.8111547705038569, "8481543.0--9237132.0": 0.7673360041813416, "8481543.0--9216572.0": 0.7714494467731989, "8481543.0--9217952.0": 0.7736889541336945, "8481543.0--9217931.0": 0.8082417936649149, "8481543.0--9216507.0": 0.7581560924172054, "8481543.0--9222368.0": 0.7887767492704574, "8481543.0--9220137.0": 0.7810801203998489, "8481543.0--9233460.0": 0.7587475488485668, "8481543.0--9222263.0": 0.7635169980409415, "8481543.0--9293003.0": 0.7888379779959418, "8481543.0--9222102.0": 0.7753450995711725, "8481543.0--9222323.0": 0.7982099510392782, "8481543.0--9222287.0": 0.7546446200572894, "8481543.0--9223736.0": 0.7943320478720528, "8481543.0--9224191.0": 0.8048375609066767, "8481543.0--9222251.0": 0.7345868524026752, "8481543.0--9229242.0": 0.7830724180399977, "8481543.0--9282195.0": 0.8037525862363323, "8481543.0--9222098.0": 0.8025024734278972, "8481543.0--9234027.0": 0.7727798475043594, "8481543.0--9246308.0": 0.7913942080508843, "8481543.0--9240072.0": 0.825577173056894, "8481543.0--9222353.0": 0.8210654119242204, "8481543.0--9222293.0": 0.7606585502524292, "8481543.0--9222089.0": 0.7693457273245247, "8481543.0--9228893.0": 0.7870664345931712, "8481543.0--9224192.0": 0.7928152059494262, "8481543.0--9222289.0": 0.7684398716344365,