{"8440816.0--8440835.0": 0.7899201360189931, "8440816.0--8440818.0": 0.8694928286300494, "8440816.0--8440853.0": 0.8111953087196488, "8440816.0--8440840.0": 0.8110693720975491, "8440816.0--8440857.0": 0.8477573768750817, "8440816.0--8449328.0": 0.8202300878193753, "8440816.0--8440829.0": 0.8212607473633649, "8440807.0--8440816.0": 0.7627413788232327, "8440816.0--8440831.0": 0.7883156948047603, "8440816.0--8440852.0": 0.8093190609729517, "8440816.0--8440841.0": 0.7642787892767744, "8440816.0--8440859.0": 0.7903769146165781, "8440816.0--8440821.0": 0.8139269066306162, "8440816.0--8440842.0": 0.8073198246428813, "8440816.0--8443131.0": 0.7786553062249082, "8440815.0--8440816.0": 0.7899242007159082, "8440816.0--8500765.0": 0.8148232196476819, "8440804.0--8440816.0": 0.7755266115253873, "8440816.0--8454276.0": 0.7888467809843531, "8440816.0--8464305.0": 0.7993347472884738, "8440816.0--8494828.0": 0.7867641712800342, "8440816.0--8440825.0": 0.7827714505323816, "8440814.0--8440816.0": 0.8217016261196728, "8440816.0--8440838.0": 0.8306820548756668, "8440816.0--8440855.0": 0.8040627902930688, "8440816.0--8454489.0": 0.8185500675401188, "8440816.0--8440834.0": 0.7598926139710294, "8440816.0--8440826.0": 0.8362166825101442, "8440816.0--8440823.0": 0.7974111047541015, "8440816.0--8440845.0": 0.7948223958355928, "8440810.0--8440816.0": 0.797105295880235, "8440806.0--8440816.0": 0.8027547711679069, "8440816.0--8440817.0": 0.8035136386955709, "8440813.0--8440816.0": 0.7989648972582545, "8440816.0--8443125.0": 0.7973502589568264, "8440816.0--8456575.0": 0.803778882495903, "8440816.0--8440860.0": 0.8069382547499105, "8440816.0--8454343.0": 0.8152638041679587, "8440803.0--8440816.0": 0.7945081148693858, "8440816.0--8454344.0": 0.8027573229492675, "8440816.0--8440854.0": 0.8179871309272576, "8440816.0--8454346.0": 0.8162757314256177, "8440816.0--8440827.0": 0.7778367659292913, "8440816.0--8440836.0": 0.8076369898776021, "8440816.0--8440844.0": 0.8111917762337284, "8440808.0--8440816.0": 0.7899332250572825, "8440816.0--8440837.0": 0.8790948323689187, "8440816.0--8440858.0": 0.7743477442469948, "8440816.0--8440820.0": 0.7792902937189333, "8440816.0--8440833.0": 0.7937818922528509, "8440816.0--8444072.0": 0.7866679782827632, "8440812.0--8440816.0": 0.8287758576669044, "8440809.0--8440816.0": 0.8357737642556101, "8440816.0--8454904.0": 0.8174093442015994, "8440816.0--8440846.0": 0.7921922396304085, "8440816.0--8440830.0": 0.807304233905129, "8440816.0--8444077.0": 0.7812728833074765, "8440816.0--8440847.0": 0.8259521763622799, "8440816.0--8440849.0": 0.833095778476221, "8440816.0--8443124.0": 0.8065110243734024, "8440816.0--8440843.0": 0.7984055001235961, "8440816.0--8807265.0": 0.7822836451404221, "8440816.0--8816695.0": 0.8027108658113803, "8440816.0--8805426.0": 0.805397425623249, "8440816.0--8805421.0": 0.8179224474156754, "8440816.0--8812684.0": 0.7887607253617513, "8440816.0--8805461.0": 0.7827695773329066, "8440816.0--8807255.0": 0.7960214218987032, "8440816.0--8805460.0": 0.7778019486324252, "8440816.0--8807292.0": 0.8111814494974713, "8440816.0--8807354.0": 0.802698897386478, "8440816.0--8809711.0": 0.8035283257155189, "8440816.0--8805422.0": 0.8594833811482149, "8440816.0--8805424.0": 0.7986290206426752, "8440816.0--8794517.0": 0.8025455545494306, "8440816.0--8805451.0": 0.8098749017436344, "8440816.0--8807223.0": 0.7579579936914265, "8440816.0--8794560.0": 0.7779847878908607, "8440816.0--8481543.0": 0.7759961743050898, "8440816.0--8802285.0": 0.7508501604062948, "8440816.0--8807245.0": 0.8008431309891771, "8440816.0--8805456.0": 0.7768576285402665, "8440816.0--8827944.0": 0.7685145368155111, "8440816.0--8807296.0": 0.8066477142190019, "8440816.0--8827951.0": 0.7638676845787018, "8440816.0--8854335.0": 0.7888722396514516, "8440816.0--8805446.0": 0.7938151957470025, "8440816.0--8805436.0": 0.7873285442324478, "8440816.0--8805433.0": 0.7971425661917673, "8440816.0--8546802.0": 0.80845074769398, "8440816.0--8805427.0": 0.8239318822755743, "8440816.0--8836120.0": 0.8173254384158204, "8440816.0--8794768.0": 0.8106473603463216, "8440816.0--8809750.0": 0.7943598089773741, "8440816.0--8820172.0": 0.8283043001264778, "8440816.0--8476234.0": 0.8285255275711207, "8440816.0--8807314.0": 0.7739183026795305, "8440816.0--8794520.0": 0.8225325173363263, "8440816.0--8805452.0": 0.8088432708033007, "8440816.0--8805462.0": 0.800236567227529, "8440816.0--8807275.0": 0.797817762978905, "8419285.0--8440816.0": 0.7910576590398097, "8440816.0--8807379.0": 0.819578853553344, "8440816.0--8807234.0": 0.8221032023350584, "8423100.0--8440816.0": 0.7951271950989809, "8440816.0--8805455.0": 0.7792817323389454, "8440816.0--8727493.0": 0.7654436630181154, "8440816.0--8807369.0": 0.7629734821834416, "8440816.0--8532319.0": 0.7785594684703878, "8419325.0--8440816.0": 0.815039089299186, "8440816.0--8805430.0": 0.8080211773521939, "8440816.0--8807301.0": 0.8083886214673536, "8440816.0--8713940.0": 0.8087307931160301, "8440816.0--8637795.0": 0.8164612550009993, "7999244.0--8440816.0": 0.816513822854553, "8440816.0--8805439.0": 0.7966512102242672, "8440816.0--8805428.0": 0.8343605020286888, "8440816.0--8809223.0": 0.8215541508703309, "8440816.0--8795584.0": 0.7956477659030404, "8440816.0--8807264.0": 0.8021478735252802, "8440816.0--8805431.0": 0.8069694112677511, "8440816.0--8453863.0": 0.7699095246307176, "8400404.0--8440816.0": 0.7930799963828266, "8440816.0--8809834.0": 0.7829563438447079, "8440816.0--8663447.0": 0.8044659860511898, "8440816.0--8807213.0": 0.8291929312463008, "8440816.0--8640251.0": 0.8108956388427472, "8440816.0--8807220.0": 0.8377645739361068, "8440816.0--8617736.0": 0.7969946353178609, "8440816.0--8617746.0": 0.7791303131845202, "8440816.0--8640072.0": 0.7968269957712745, "8440816.0--8636208.0": 0.8116722649676437, "8440816.0--8805458.0": 0.8038099180260674, "8440816.0--8807271.0": 0.8046238077036136, "8440816.0--8809678.0": 0.7866298473709953, "8440816.0--8807226.0": 0.8214235031694208, "8440816.0--8805467.0": 0.8051821672751976, "8440816.0--8611113.0": 0.795591577269166, "8440816.0--8854316.0": 0.8063879803028073, "8440816.0--8794607.0": 0.8025667000593328, "8440816.0--8805418.0": 0.7797698938054467, "8440816.0--8836087.0": 0.8339942098768132, "8440816.0--8807283.0": 0.7926518220346938, "8440816.0--8820171.0": 0.7982170721655705, "8440816.0--8807288.0": 0.7506649135573576, "8440816.0--8807302.0": 0.7722135989957415, "8440816.0--8805466.0": 0.7857298896588387, "8440816.0--8807351.0": 0.8001404502776225, "8440816.0--8805420.0": 0.7915633900487069, "8440816.0--8807299.0": 0.7904983357902629, "8440816.0--8812988.0": 0.7976461362246962, "8440816.0--8807294.0": 0.8067768373038221, "8440816.0--8805434.0": 0.8174274552960068, "8440816.0--8732351.0": 0.7718596616587341, "8440816.0--8807232.0": 0.7742332299467403, "8419271.0--8440816.0": 0.7678222584347304, "8440816.0--8625484.0": 0.8047960955422863, "8440816.0--8807349.0": 0.7867811780060483, "8440816.0--8809730.0": 0.7905658857935156, "8440816.0--8730513.0": 0.7880508450096162, "8440816.0--8809833.0": 0.8220651755390629, "8440816.0--8523628.0": 0.7705342266555772, "8434356.0--8440816.0": 0.7883419717526811, "8440816.0--8807303.0": 0.8110004647305563, "8440816.0--8811606.0": 0.7829157919479461, "8440816.0--8807244.0": 0.8142375064558338, "8440816.0--8490694.0": 0.8169093308158022, "8440816.0--8809844.0": 0.8070975386248385, "8440816.0--8809850.0": 0.808668690816123, "8440816.0--8805445.0": 0.7970082994556511, "8412138.0--8440816.0": 0.7813454291699747, "8440816.0--8807247.0": 0.8002531750014467, "8440816.0--8848845.0": 0.8228559604711009, "8440816.0--8695851.0": 0.7908424384637556, "8440816.0--8713907.0": 0.8304786911803914, "8440816.0--8809847.0": 0.797220867267496, "8440816.0--8727480.0": 0.8369862040777738, "8440816.0--8706590.0": 0.8045715821439421, "8440816.0--8735916.0": 0.8133338379390113, "8440816.0--8474512.0": 0.7893115587745527, "8440816.0--8809845.0": 0.7980274356055386, "8440816.0--8540796.0": 0.8104527386575417,