{"8807244.0--8811606.0": 0.819615568710319, "8490694.0--8811606.0": 0.8413715681067642, "8809844.0--8811606.0": 0.8257713362421355, "8809850.0--8811606.0": 0.8239744130431936, "8805445.0--8811606.0": 0.8195513736880691, "8412138.0--8811606.0": 0.8122373276865786, "8807247.0--8811606.0": 0.8059685567663974, "8811606.0--8848845.0": 0.7915901864183692, "8695851.0--8811606.0": 0.8202507770247427, "8713907.0--8811606.0": 0.8219274676593329, "8809847.0--8811606.0": 0.8135879051912654, "8727480.0--8811606.0": 0.8368613263951884, "8706590.0--8811606.0": 0.7956932621167234, "8735916.0--8811606.0": 0.7969571058697782, "8474512.0--8811606.0": 0.7673493437373791, "8809845.0--8811606.0": 0.7589249009531049, "8540796.0--8811606.0": 0.8122905608978156, "8807233.0--8811606.0": 0.7817480837982138, "8617747.0--8811606.0": 0.7783064498258574, "8474486.0--8811606.0": 0.7599371204353513, "8474516.0--8811606.0": 0.8005573141616301, "8663650.0--8811606.0": 0.7748403042012617, "8663646.0--8811606.0": 0.7983635397549602, "8794553.0--8811606.0": 0.8087068373931603, "8811606.0--8863966.0": 0.7982323147925563, "8525340.0--8811606.0": 0.8276736424368276, "8805448.0--8811606.0": 0.7424252085777726, "8405549.0--8811606.0": 0.7971487660911595, "8611178.0--8811606.0": 0.7904868348508661, "8811606.0--8827593.0": 0.7799502268314559, "8805463.0--8811606.0": 0.7620123057628025, "8805457.0--8811606.0": 0.7860644337530811, "8805442.0--8811606.0": 0.751661418619047, "8807266.0--8811606.0": 0.7788219362635571, "8811606.0--8813126.0": 0.7660562201410162, "8585103.0--8811606.0": 0.7814311213401409, "8807235.0--8811606.0": 0.7699164253817401, "8585048.0--8811606.0": 0.791245599556125, "8809843.0--8811606.0": 0.7769848210999568, "8809842.0--8811606.0": 0.8077297544011177, "8811606.0--8842614.0": 0.73719489267298, "8805441.0--8811606.0": 0.7299972379748212, "8809920.0--8811606.0": 0.7335334770885381, "8663312.0--8811606.0": 0.758850662029662, "8477126.0--8811606.0": 0.7775343659409963, "8807224.0--8811606.0": 0.8002409719281701, "8807355.0--8811606.0": 0.7880596077986639, "8807320.0--8811606.0": 0.7715225595632489, "8665933.0--8811606.0": 0.7786719367994213, "8811606.0--8845772.0": 0.7797517471033117, "8811606.0--8812989.0": 0.7742523505351849, "8636969.0--8811606.0": 0.7872059857489914, "8805450.0--8811606.0": 0.7841623601168631, "8807243.0--8811606.0": 0.782622890657388, "8805443.0--8811606.0": 0.7557825262647095, "8673661.0--8811606.0": 0.8120518272240034, "8805419.0--8811606.0": 0.7727762276987782, "8451903.0--8811606.0": 0.7583989723045717, "8805429.0--8811606.0": 0.7907592803856683, "8809846.0--8811606.0": 0.7646269289923169, "8809832.0--8811606.0": 0.7963379272847927, "8413174.0--8811606.0": 0.7782279939740858, "8494817.0--8811606.0": 0.76055742565297, "8637778.0--8811606.0": 0.7812599707538924, "8809742.0--8811606.0": 0.7681415612503003, "8807280.0--8811606.0": 0.7868343646761905, "8807274.0--8811606.0": 0.8186019844208491, "8811606.0--9216586.0": 0.7874196803423457, "8811606.0--9237132.0": 0.7729639425064324, "8811606.0--9216572.0": 0.7840942618618337, "8811606.0--9217952.0": 0.7625543318688853, "8811606.0--9217931.0": 0.7928057404044863, "8811606.0--9216507.0": 0.7718855721137061, "8811606.0--9222368.0": 0.7761937897618911, "8811606.0--9220137.0": 0.7638320238763064, "8811606.0--9233460.0": 0.7656629913894941, "8811606.0--9222263.0": 0.7813572429037546, "8811606.0--9293003.0": 0.7922783793174311, "8811606.0--9222102.0": 0.76866610639143, "8811606.0--9222323.0": 0.7653073323082562, "8811606.0--9222287.0": 0.7428772449125021, "8811606.0--9223736.0": 0.7664380869450584, "8811606.0--9224191.0": 0.814639666871922, "8811606.0--9222251.0": 0.7373179753595367, "8811606.0--9229242.0": 0.7775887601506233, "8811606.0--9282195.0": 0.8285948227266081, "8811606.0--9222098.0": 0.8163205390761447, "8811606.0--9234027.0": 0.7696506872143556, "8811606.0--9246308.0": 0.7779277111170306, "8811606.0--9240072.0": 0.8115937696717754, "8811606.0--9222353.0": 0.8286233989786457, "8811606.0--9222293.0": 0.757444693491705, "8811606.0--9222089.0": 0.7603650873333836, "8811606.0--9228893.0": 0.7943214807565011, "8811606.0--9224192.0": 0.7890752141538715, "8811606.0--9222289.0": 0.7774457737269163, "8811606.0--9222038.0": 0.8191997286127366, "8811606.0--9229072.0": 0.7869546310540263, "8811606.0--9222295.0": 0.8508429200605487, "8811606.0--9222342.0": 0.7775274327831854, "8811606.0--9241407.0": 0.8453126427499407, "8811606.0--9288884.0": 0.7746302129151916, "8811606.0--9222351.0": 0.7987077813617487, "8811606.0--9223669.0": 0.7789896882425008, "8811606.0--9222315.0": 0.7594567431157997, "8811606.0--9222335.0": 0.8047945712315627, "8811606.0--9222327.0": 0.7696295128905668, "8811606.0--9233469.0": 0.7726007962161362, "8811606.0--9226461.0": 0.7902327227585657, "8811606.0--9238508.0": 0.7969437451722261, "8811606.0--9222266.0": 0.7543736724443936, "8811606.0--9225008.0": 0.7806144265706632, "8811606.0--9290431.0": 0.8013905317854195, "8811606.0--9239918.0": 0.781249137760251, "8811606.0--9231271.0": 0.7848427569190801, "8811606.0--9222313.0": 0.8017548466356307, "8811606.0--9231268.0": 0.7756657725352306, "8811606.0--9222035.0": 0.8079977243758641, "8811606.0--9222091.0": 0.789058189642668, "8811606.0--9229515.0": 0.7534088419130225, "8811606.0--9222301.0": 0.8129439013141102, "8811606.0--9222358.0": 0.7996477058868046, "8811606.0--9229135.0": 0.7702115318891378, "8811606.0--9222047.0": 0.7626106047346449, "8811606.0--9222272.0": 0.7870676378910072, "8811606.0--9222110.0": 0.8009577261158399, "8811606.0--9222364.0": 0.7812590496707337, "8811606.0--9222088.0": 0.8192763076524219, "8811606.0--9216518.0": 0.8103144146468679, "8811606.0--9222309.0": 0.7559603577647721, "8811606.0--9216595.0": 0.7936658601831679, "8811606.0--9216538.0": 0.7891191878886623, "8811606.0--9216549.0": 0.7988213060577523, "8811606.0--9216559.0": 0.8055848556094279, "8811606.0--9222376.0": 0.7727438593411585, "8811606.0--9222374.0": 0.8476747394320687, "8811606.0--9224194.0": 0.7804152846220225, "8811606.0--9222254.0": 0.796064360813178, "8811606.0--9222049.0": 0.796104216331761, "8811606.0--9222562.0": 0.7904241512736547, "8811606.0--9226126.0": 0.8142090976664741, "8811606.0--9240062.0": 0.7862494825838331, "8811606.0--9226101.0": 0.7807399904286395, "8811606.0--9222377.0": 0.7439455842225519, "8811606.0--9233392.0": 0.788313082939948, "8811606.0--9222093.0": 0.823631650327208, "8811606.0--9224154.0": 0.7846157040641045, "8811606.0--9240061.0": 0.7794639703627699, "8811606.0--9222512.0": 0.7721802178526727, "8811606.0--9241413.0": 0.781445257834076, "8811606.0--9224646.0": 0.8053435266059239, "8811606.0--9222372.0": 0.7736726749008183, "8811606.0--9222253.0": 0.8121041956308294, "8811606.0--9222092.0": 0.8197930240416591, "8811606.0--9222271.0": 0.8222433214949095, "8811606.0--9230431.0": 0.7937917806595475, "8811606.0--9222076.0": 0.8412849356268209, "8811606.0--9222053.0": 0.7950044563735694, "8811606.0--9216532.0": 0.7819336684522086, "8811606.0--9222085.0": 0.7881951875812021, "8811606.0--9216629.0": 0.7594445617669835, "8811606.0--9308630.0": 0.7502658618070068, "8811606.0--9308624.0": 0.782413087019896, "8811606.0--9219240.0": 0.7893508461660407, "8811606.0--9216630.0": 0.7863705537430676, "8811606.0--9217981.0": 0.7935252925805811, "8811606.0--9224153.0": 0.7605548458733946, "8811606.0--9286505.0": 0.7593727340646398, "8811606.0--9216512.0": 0.7991938873437787, "8811606.0--9216579.0": 0.7556422695423582, "8811606.0--9222249.0": 0.7711371880759855, "8811606.0--9222367.0": 0.7490738744266124, "8811606.0--9222325.0": 0.7752975447237891, "8811606.0--9222510.0": 0.7892047815847367, "8811606.0--9246250.0": 0.7635818749431534, "8811606.0--9308627.0": 0.7951794394560094, "8811606.0--9224186.0": 0.8024252636393912, "8811606.0--9229232.0": 0.7654659596144843, "8811606.0--9226404.0": 0.8092719756631642, "8811606.0--9308631.0": 0.7750595968073691, "8811606.0--9222255.0": 0.7722946352164954, "8811606.0--9222261.0": 0.7756646750338889,