{"8476234.0--8820172.0": 0.8288075166794786, "8807314.0--8820172.0": 0.8103002143710165, "8794520.0--8820172.0": 0.8790836784948226, "8805452.0--8820172.0": 0.8552937733284244, "8805462.0--8820172.0": 0.824050507301737, "8807275.0--8820172.0": 0.8578434318401261, "8419285.0--8820172.0": 0.8321424736924619, "8807379.0--8820172.0": 0.8352510396727748, "8807234.0--8820172.0": 0.8620344149934405, "8423100.0--8820172.0": 0.8366047286128672, "8805455.0--8820172.0": 0.8082951406867491, "8727493.0--8820172.0": 0.7700488995471196, "8807369.0--8820172.0": 0.7835749412538026, "8532319.0--8820172.0": 0.8508965775793066, "8419325.0--8820172.0": 0.8265732838984522, "8805430.0--8820172.0": 0.7962894395147524, "8807301.0--8820172.0": 0.8147943087276632, "8713940.0--8820172.0": 0.8347960506866409, "8637795.0--8820172.0": 0.852186142326077, "7999244.0--8820172.0": 0.8331971647003086, "8805439.0--8820172.0": 0.8128848062235663, "8805428.0--8820172.0": 0.8214419525438289, "8809223.0--8820172.0": 0.824221595006327, "8795584.0--8820172.0": 0.822306364613245, "8807264.0--8820172.0": 0.7980220939147759, "8805431.0--8820172.0": 0.7816221006967041, "8453863.0--8820172.0": 0.8063270916999518, "8400404.0--8820172.0": 0.8065952520140603, "8809834.0--8820172.0": 0.8511042380847889, "8663447.0--8820172.0": 0.8416779531799845, "8807213.0--8820172.0": 0.8707524408861096, "8640251.0--8820172.0": 0.8339672841689597, "8807220.0--8820172.0": 0.8640991139488094, "8617736.0--8820172.0": 0.8308369125447338, "8617746.0--8820172.0": 0.7722560452226015, "8640072.0--8820172.0": 0.8331853097050712, "8636208.0--8820172.0": 0.8567930045549594, "8805458.0--8820172.0": 0.8180745037727009, "8807271.0--8820172.0": 0.8204409715304202, "8809678.0--8820172.0": 0.8005478916240056, "8807226.0--8820172.0": 0.8393068864746391, "8805467.0--8820172.0": 0.8491641177444522, "8611113.0--8820172.0": 0.7949517667395164, "8820172.0--8854316.0": 0.8548469243044281, "8794607.0--8820172.0": 0.8320468410515183, "8805418.0--8820172.0": 0.7950669856632233, "8820172.0--8836087.0": 0.833102486524544, "8807283.0--8820172.0": 0.8242930230371315, "8820171.0--8820172.0": 0.8254676701515963, "8807288.0--8820172.0": 0.7720668446549319, "8807302.0--8820172.0": 0.7776301881936709, "8805466.0--8820172.0": 0.8075524201357733, "8807351.0--8820172.0": 0.8136411709988748, "8805420.0--8820172.0": 0.8213988870697564, "8807299.0--8820172.0": 0.8580416895546231, "8812988.0--8820172.0": 0.866083205621057, "8807294.0--8820172.0": 0.8711736787883455, "8805434.0--8820172.0": 0.8479326472772574, "8732351.0--8820172.0": 0.8534098822350258, "8807232.0--8820172.0": 0.8348552630027456, "8419271.0--8820172.0": 0.7831510900736045, "8625484.0--8820172.0": 0.8229064929493103, "8807349.0--8820172.0": 0.8421202951967641, "8809730.0--8820172.0": 0.8417604702708079, "8730513.0--8820172.0": 0.8447939984736442, "8809833.0--8820172.0": 0.8355839144945347, "8523628.0--8820172.0": 0.8341990976443514, "8434356.0--8820172.0": 0.8211106202433038, "8807303.0--8820172.0": 0.865692207262709, "8811606.0--8820172.0": 0.8638169040283982, "8807244.0--8820172.0": 0.8209522926886307, "8490694.0--8820172.0": 0.8574767929021128, "8809844.0--8820172.0": 0.8361062294438107, "8809850.0--8820172.0": 0.8383406525829639, "8805445.0--8820172.0": 0.8268279717814557, "8412138.0--8820172.0": 0.8481664326860938, "8807247.0--8820172.0": 0.8232606610063792, "8820172.0--8848845.0": 0.8049906435121043, "8695851.0--8820172.0": 0.8830327021317688, "8713907.0--8820172.0": 0.8802298057898208, "8809847.0--8820172.0": 0.8649088338833476, "8727480.0--8820172.0": 0.8857409380615366, "8706590.0--8820172.0": 0.8517779296529833, "8735916.0--8820172.0": 0.8476692840575734, "8474512.0--8820172.0": 0.812202713203197, "8809845.0--8820172.0": 0.7984387134546224, "8540796.0--8820172.0": 0.8619876788267709, "8807233.0--8820172.0": 0.8356208541985344, "8617747.0--8820172.0": 0.8071174128213398, "8474486.0--8820172.0": 0.8053099592659676, "8474516.0--8820172.0": 0.8718259906768289, "8663650.0--8820172.0": 0.8154294007050582, "8663646.0--8820172.0": 0.8301548745807832, "8794553.0--8820172.0": 0.8545803087718697, "8820172.0--8863966.0": 0.8317621100963798, "8525340.0--8820172.0": 0.8164793524196146, "8805448.0--8820172.0": 0.7947630070643487, "8405549.0--8820172.0": 0.8505250161349271, "8611178.0--8820172.0": 0.8042651543869808, "8820172.0--8827593.0": 0.8398040384004595, "8805463.0--8820172.0": 0.7964092635906324, "8805457.0--8820172.0": 0.8602163890722072, "8805442.0--8820172.0": 0.7983976891060843, "8807266.0--8820172.0": 0.8251801187660318, "8813126.0--8820172.0": 0.8098677804482006, "8585103.0--8820172.0": 0.8114878126152447, "8807235.0--8820172.0": 0.8105236679928801, "8585048.0--8820172.0": 0.8538779740320672, "8809843.0--8820172.0": 0.8311558060410621, "8809842.0--8820172.0": 0.8109488689693813, "8820172.0--8842614.0": 0.8061843245481892, "8805441.0--8820172.0": 0.7652507749302317, "8809920.0--8820172.0": 0.7611316257477116, "8663312.0--8820172.0": 0.810766678336653, "8477126.0--8820172.0": 0.8406648944674167, "8807224.0--8820172.0": 0.8346116632407885, "8807355.0--8820172.0": 0.8001003545372127, "8807320.0--8820172.0": 0.8144111436935824, "8665933.0--8820172.0": 0.8112541176644638, "8820172.0--8845772.0": 0.8230747719555931, "8812989.0--8820172.0": 0.840855543049382, "8636969.0--8820172.0": 0.8430527956178538, "8805450.0--8820172.0": 0.793343789744272, "8807243.0--8820172.0": 0.8409719742464545, "8805443.0--8820172.0": 0.8152033673648842, "8673661.0--8820172.0": 0.8433414869326472, "8805419.0--8820172.0": 0.8075247422419887, "8451903.0--8820172.0": 0.8013637807056483, "8805429.0--8820172.0": 0.8276193381939417, "8809846.0--8820172.0": 0.80342522415057, "8809832.0--8820172.0": 0.8381420688772997, "8413174.0--8820172.0": 0.796861697533768, "8494817.0--8820172.0": 0.7981226072351641, "8637778.0--8820172.0": 0.8132492586769912, "8809742.0--8820172.0": 0.8125329448072827, "8807280.0--8820172.0": 0.8418353031517205, "8807274.0--8820172.0": 0.8588797386849953, "8820172.0--9216586.0": 0.8190740189308162, "8820172.0--9237132.0": 0.8354327194554275, "8820172.0--9216572.0": 0.8084437534998027, "8820172.0--9217952.0": 0.8007993326706423, "8820172.0--9217931.0": 0.856986064685862, "8820172.0--9216507.0": 0.824331086803074, "8820172.0--9222368.0": 0.8333462362952386, "8820172.0--9220137.0": 0.7888433006663671, "8820172.0--9233460.0": 0.8170424621645395, "8820172.0--9222263.0": 0.7988096588498219, "8820172.0--9293003.0": 0.8290338831837069, "8820172.0--9222102.0": 0.8305301940064778, "8820172.0--9222323.0": 0.8208089206084552, "8820172.0--9222287.0": 0.8089345269223136, "8820172.0--9223736.0": 0.79663563285221, "8820172.0--9224191.0": 0.8627991012234856, "8820172.0--9222251.0": 0.7912052982767436, "8820172.0--9229242.0": 0.8311752142018194, "8820172.0--9282195.0": 0.8319900853688331, "8820172.0--9222098.0": 0.8589329069277429, "8820172.0--9234027.0": 0.8048465205726306, "8820172.0--9246308.0": 0.8444222129480394, "8820172.0--9240072.0": 0.8431455558475527, "8820172.0--9222353.0": 0.8481940452620439, "8820172.0--9222293.0": 0.8258256827748305, "8820172.0--9222089.0": 0.812013564896054, "8820172.0--9228893.0": 0.8288155347713768, "8820172.0--9224192.0": 0.8132859437488611, "8820172.0--9222289.0": 0.823576492695532, "8820172.0--9222038.0": 0.827501120107241, "8820172.0--9229072.0": 0.8282889236658859, "8820172.0--9222295.0": 0.8532820769393035, "8820172.0--9222342.0": 0.8364499215672643, "8820172.0--9241407.0": 0.81364325502131, "8820172.0--9288884.0": 0.805014914797872, "8820172.0--9222351.0": 0.814163192279735, "8820172.0--9223669.0": 0.8338812701691491, "8820172.0--9222315.0": 0.8208801783749626, "8820172.0--9222335.0": 0.8400146638674169, "8820172.0--9222327.0": 0.824144530939066, "8820172.0--9233469.0": 0.822108254530439, "8820172.0--9226461.0": 0.8335731166079611, "8820172.0--9238508.0": 0.8528524995529455, "8820172.0--9222266.0": 0.7991840185484076, "8820172.0--9225008.0": 0.8246025396324472,