{"8523628.0--8809833.0": 0.7705063984940888, "8434356.0--8809833.0": 0.7980373568328525, "8807303.0--8809833.0": 0.816020121247506, "8809833.0--8811606.0": 0.7680139203660076, "8807244.0--8809833.0": 0.77759869902768, "8490694.0--8809833.0": 0.8152367773588699, "8809833.0--8809844.0": 0.7945507021050995, "8809833.0--8809850.0": 0.7913741402321135, "8805445.0--8809833.0": 0.7538588355022269, "8412138.0--8809833.0": 0.8054225442373892, "8807247.0--8809833.0": 0.7645994391435531, "8809833.0--8848845.0": 0.8072775636061086, "8695851.0--8809833.0": 0.7905112743873486, "8713907.0--8809833.0": 0.8267727138816195, "8809833.0--8809847.0": 0.8177605690308468, "8727480.0--8809833.0": 0.8082514826397627, "8706590.0--8809833.0": 0.7833837847445663, "8735916.0--8809833.0": 0.7919505335744716, "8474512.0--8809833.0": 0.8139509758410752, "8809833.0--8809845.0": 0.7881493189805114, "8540796.0--8809833.0": 0.8216236158296817, "8807233.0--8809833.0": 0.8107670577519157, "8617747.0--8809833.0": 0.7648138265454842, "8474486.0--8809833.0": 0.7787079919912573, "8474516.0--8809833.0": 0.8211754406487313, "8663650.0--8809833.0": 0.8039729525171864, "8663646.0--8809833.0": 0.7992387067546101, "8794553.0--8809833.0": 0.8028135839570852, "8809833.0--8863966.0": 0.7641370724264174, "8525340.0--8809833.0": 0.7588743277373273, "8805448.0--8809833.0": 0.7880972305697198, "8405549.0--8809833.0": 0.8207192166515277, "8611178.0--8809833.0": 0.7888157118742862, "8809833.0--8827593.0": 0.7853400824953063, "8805463.0--8809833.0": 0.7740503508621329, "8805457.0--8809833.0": 0.8207163978280012, "8805442.0--8809833.0": 0.7958059122590199, "8807266.0--8809833.0": 0.8102745562863517, "8809833.0--8813126.0": 0.8313709821926478, "8585103.0--8809833.0": 0.7996589195371354, "8807235.0--8809833.0": 0.8071529691450644, "8585048.0--8809833.0": 0.8457508011012306, "8809833.0--8809843.0": 0.776892199943632, "8809833.0--8809842.0": 0.7886211726690768, "8809833.0--8842614.0": 0.7981448280323866, "8805441.0--8809833.0": 0.7313891789129229, "8809833.0--8809920.0": 0.7476582238350704, "8663312.0--8809833.0": 0.7952565502575762, "8477126.0--8809833.0": 0.8366266144804756, "8807224.0--8809833.0": 0.8406788275442243, "8807355.0--8809833.0": 0.7775322020619647, "8807320.0--8809833.0": 0.7960403488298723, "8665933.0--8809833.0": 0.8115462354019047, "8809833.0--8845772.0": 0.8311463104416029, "8809833.0--8812989.0": 0.7990155176450824, "8636969.0--8809833.0": 0.8350386140932625, "8805450.0--8809833.0": 0.7619272485749322, "8807243.0--8809833.0": 0.8179271429749805, "8805443.0--8809833.0": 0.7959493697188975, "8673661.0--8809833.0": 0.8309938558782763, "8805419.0--8809833.0": 0.7902966271781168, "8451903.0--8809833.0": 0.7603129417217124, "8805429.0--8809833.0": 0.7886000224578078, "8809833.0--8809846.0": 0.808112335535562, "8809832.0--8809833.0": 0.8194469756807501, "8413174.0--8809833.0": 0.7639857718651428, "8494817.0--8809833.0": 0.7581064713877385, "8637778.0--8809833.0": 0.7683457831970899, "8809742.0--8809833.0": 0.7802361561349485, "8807280.0--8809833.0": 0.8331591198603145, "8807274.0--8809833.0": 0.8484327290599525, "8809833.0--9216586.0": 0.8045111424994908, "8809833.0--9237132.0": 0.8073419566384418, "8809833.0--9216572.0": 0.790924783393244, "8809833.0--9217952.0": 0.8025264943680873, "8809833.0--9217931.0": 0.8440248525767752, "8809833.0--9216507.0": 0.7995983276354861, "8809833.0--9222368.0": 0.8386955397988247, "8809833.0--9220137.0": 0.7944681686210183, "8809833.0--9233460.0": 0.7765983675227952, "8809833.0--9222263.0": 0.7697312116883602, "8809833.0--9293003.0": 0.8050014093595379, "8809833.0--9222102.0": 0.8221653389370526, "8809833.0--9222323.0": 0.8149100940419702, "8809833.0--9222287.0": 0.801872751527702, "8809833.0--9223736.0": 0.8064176410104273, "8809833.0--9224191.0": 0.8103596540630449, "8809833.0--9222251.0": 0.8044429087545454, "8809833.0--9229242.0": 0.7995514876104478, "8809833.0--9282195.0": 0.7670647888330999, "8809833.0--9222098.0": 0.8311639626373845, "8809833.0--9234027.0": 0.7969510926263117, "8809833.0--9246308.0": 0.8132630258152994, "8809833.0--9240072.0": 0.8137708431231448, "8809833.0--9222353.0": 0.7996745596556513, "8809833.0--9222293.0": 0.8305806322104458, "8809833.0--9222089.0": 0.7929060958186991, "8809833.0--9228893.0": 0.7804945402899723, "8809833.0--9224192.0": 0.8082519575686522, "8809833.0--9222289.0": 0.8257813129261258, "8809833.0--9222038.0": 0.8134488669699917, "8809833.0--9229072.0": 0.789879408924566, "8809833.0--9222295.0": 0.8298108166740809, "8809833.0--9222342.0": 0.8059625068757181, "8809833.0--9241407.0": 0.7657781765437601, "8809833.0--9288884.0": 0.7859347790788929, "8809833.0--9222351.0": 0.7873814964732071, "8809833.0--9223669.0": 0.8024737159832902, "8809833.0--9222315.0": 0.7844149021404507, "8809833.0--9222335.0": 0.8348777152898416, "8809833.0--9222327.0": 0.7892743863451381, "8809833.0--9233469.0": 0.8099058275721946, "8809833.0--9226461.0": 0.8051896179233522, "8809833.0--9238508.0": 0.8055650712366573, "8809833.0--9222266.0": 0.7620894694647202, "8809833.0--9225008.0": 0.8075778608025903, "8809833.0--9290431.0": 0.8190767634308318, "8809833.0--9239918.0": 0.8182511904168978, "8809833.0--9231271.0": 0.7951644882297961, "8809833.0--9222313.0": 0.7947729783708891, "8809833.0--9231268.0": 0.7888965130699352, "8809833.0--9222035.0": 0.7579148574811309, "8809833.0--9222091.0": 0.8373211303874353, "8809833.0--9229515.0": 0.7691490470248669, "8809833.0--9222301.0": 0.8099988740871926, "8809833.0--9222358.0": 0.8099164922005269, "8809833.0--9229135.0": 0.8231898884386277, "8809833.0--9222047.0": 0.797004328884731, "8809833.0--9222272.0": 0.7834048928173754, "8809833.0--9222110.0": 0.8225849891125777, "8809833.0--9222364.0": 0.7955715177414892, "8809833.0--9222088.0": 0.8102186045349641, "8809833.0--9216518.0": 0.797022339081685, "8809833.0--9222309.0": 0.783431341605157, "8809833.0--9216595.0": 0.7857922677870808, "8809833.0--9216538.0": 0.7692318455857322, "8809833.0--9216549.0": 0.7820854348556682, "8809833.0--9216559.0": 0.799751641884979, "8809833.0--9222376.0": 0.7653820497120959, "8809833.0--9222374.0": 0.8158551209418029, "8809833.0--9224194.0": 0.7395566326945278, "8809833.0--9222254.0": 0.8002378249734237, "8809833.0--9222049.0": 0.7838033881639908, "8809833.0--9222562.0": 0.7616873606464347, "8809833.0--9226126.0": 0.7549570469768998, "8809833.0--9240062.0": 0.8292382193262556, "8809833.0--9226101.0": 0.8048684995966032, "8809833.0--9222377.0": 0.7725597206529541, "8809833.0--9233392.0": 0.8187751866433048, "8809833.0--9222093.0": 0.7745297720277722, "8809833.0--9224154.0": 0.7542615268720765, "8809833.0--9240061.0": 0.7950159172492124, "8809833.0--9222512.0": 0.7710512924069386, "8809833.0--9241413.0": 0.8058395716458688, "8809833.0--9224646.0": 0.780017901700447, "8809833.0--9222372.0": 0.725475842434315, "8809833.0--9222253.0": 0.7670768650723229, "8809833.0--9222092.0": 0.8129564879856085, "8809833.0--9222271.0": 0.8219908776361373, "8809833.0--9230431.0": 0.779536004350171, "8809833.0--9222076.0": 0.8181918607716443, "8809833.0--9222053.0": 0.7845378083272181, "8809833.0--9216532.0": 0.8069598079404816, "8809833.0--9222085.0": 0.7986083894706987, "8809833.0--9216629.0": 0.8219627539236232, "8809833.0--9308630.0": 0.7946085793513185, "8809833.0--9308624.0": 0.7932466311539148, "8809833.0--9219240.0": 0.8050956544662191, "8809833.0--9216630.0": 0.7665995698501837, "8809833.0--9217981.0": 0.7925768115261019, "8809833.0--9224153.0": 0.7724071644504975, "8809833.0--9286505.0": 0.7761410706386352, "8809833.0--9216512.0": 0.7983901911134725, "8809833.0--9216579.0": 0.7920135667018003, "8809833.0--9222249.0": 0.8175947371070248, "8809833.0--9222367.0": 0.7624825240237394, "8809833.0--9222325.0": 0.780850989286944, "8809833.0--9222510.0": 0.760975002790453, "8809833.0--9246250.0": 0.805273800257283, "8809833.0--9308627.0": 0.8090938659473006, "8809833.0--9224186.0": 0.8287697855153372, "8809833.0--9229232.0": 0.7650513765656389,