{"8807247.0--8848845.0": 0.825041547270028, "8695851.0--8807247.0": 0.7850240509165602, "8713907.0--8807247.0": 0.8039294045210479, "8807247.0--8809847.0": 0.7927075132223742, "8727480.0--8807247.0": 0.8101370090914436, "8706590.0--8807247.0": 0.8054329114041188, "8735916.0--8807247.0": 0.7824185106866172, "8474512.0--8807247.0": 0.7466468226251354, "8807247.0--8809845.0": 0.7679175877595488, "8540796.0--8807247.0": 0.8063706156358161, "8807233.0--8807247.0": 0.7854213369905744, "8617747.0--8807247.0": 0.7493005204679457, "8474486.0--8807247.0": 0.7507741208955414, "8474516.0--8807247.0": 0.7710100413736449, "8663650.0--8807247.0": 0.7543794407886657, "8663646.0--8807247.0": 0.7578551483391192, "8794553.0--8807247.0": 0.8324450704358387, "8807247.0--8863966.0": 0.7920148180853901, "8525340.0--8807247.0": 0.7956969148291151, "8805448.0--8807247.0": 0.7791955994134718, "8405549.0--8807247.0": 0.8101352328993942, "8611178.0--8807247.0": 0.7988123131110431, "8807247.0--8827593.0": 0.7609952314503892, "8805463.0--8807247.0": 0.7668125185214174, "8805457.0--8807247.0": 0.7700882771679484, "8805442.0--8807247.0": 0.7570089778723261, "8807247.0--8807266.0": 0.7598921231562633, "8807247.0--8813126.0": 0.7484033429654757, "8585103.0--8807247.0": 0.7551904384886337, "8807235.0--8807247.0": 0.7604520346924528, "8585048.0--8807247.0": 0.7821002972887636, "8807247.0--8809843.0": 0.7612936275745077, "8807247.0--8809842.0": 0.7986056625639963, "8807247.0--8842614.0": 0.7545065311666399, "8805441.0--8807247.0": 0.7160967192584217, "8807247.0--8809920.0": 0.7378009838849336, "8663312.0--8807247.0": 0.7624566695071303, "8477126.0--8807247.0": 0.7721953122010385, "8807224.0--8807247.0": 0.77855707366867, "8807247.0--8807355.0": 0.7720278477134436, "8807247.0--8807320.0": 0.7981084655447138, "8665933.0--8807247.0": 0.7895988143970122, "8807247.0--8845772.0": 0.7947453840369684, "8807247.0--8812989.0": 0.8144776115479244, "8636969.0--8807247.0": 0.7938925886523993, "8805450.0--8807247.0": 0.8060003520529431, "8807243.0--8807247.0": 0.7846784402381966, "8805443.0--8807247.0": 0.7704612405762272, "8673661.0--8807247.0": 0.7724405530360663, "8805419.0--8807247.0": 0.7707918601181769, "8451903.0--8807247.0": 0.748015868156868, "8805429.0--8807247.0": 0.7823996772095041, "8807247.0--8809846.0": 0.7773907050707742, "8807247.0--8809832.0": 0.7701964059464895, "8413174.0--8807247.0": 0.7959401127017878, "8494817.0--8807247.0": 0.8010999705037294, "8637778.0--8807247.0": 0.7924270080482555, "8807247.0--8809742.0": 0.7668642613292538, "8807247.0--8807280.0": 0.7924347948460624, "8807247.0--8807274.0": 0.7940947783594744, "8807247.0--9216586.0": 0.7884220025253861, "8807247.0--9237132.0": 0.7840556326732905, "8807247.0--9216572.0": 0.7692163301357287, "8807247.0--9217952.0": 0.7991587499755821, "8807247.0--9217931.0": 0.7818975802705418, "8807247.0--9216507.0": 0.7908030210031508, "8807247.0--9222368.0": 0.768799051128402, "8807247.0--9220137.0": 0.7346808550122527, "8807247.0--9233460.0": 0.7607555462306302, "8807247.0--9222263.0": 0.7432694145853417, "8807247.0--9293003.0": 0.7733291427614118, "8807247.0--9222102.0": 0.7667955909875059, "8807247.0--9222323.0": 0.7585672068884712, "8807247.0--9222287.0": 0.7705810190555438, "8807247.0--9223736.0": 0.7728079909012087, "8807247.0--9224191.0": 0.8108446067811084, "8807247.0--9222251.0": 0.7323247049880417, "8807247.0--9229242.0": 0.7693560567206443, "8807247.0--9282195.0": 0.7861007149990981, "8807247.0--9222098.0": 0.8036918436944785, "8807247.0--9234027.0": 0.7580777785250781, "8807247.0--9246308.0": 0.773490869304122, "8807247.0--9240072.0": 0.7802491160518267, "8807247.0--9222353.0": 0.7881142155777314, "8807247.0--9222293.0": 0.7573286568848694, "8807247.0--9222089.0": 0.773099815486011, "8807247.0--9228893.0": 0.7998556288159024, "8807247.0--9224192.0": 0.7609996764382634, "8807247.0--9222289.0": 0.746311084647493, "8807247.0--9222038.0": 0.8203796418907426, "8807247.0--9229072.0": 0.7824111795206586, "8807247.0--9222295.0": 0.8517083040317757, "8807247.0--9222342.0": 0.7172471839487828, "8807247.0--9241407.0": 0.7701738646471464, "8807247.0--9288884.0": 0.7967822484488764, "8807247.0--9222351.0": 0.801763836564153, "8807247.0--9223669.0": 0.7741932573115805, "8807247.0--9222315.0": 0.7778321861256882, "8807247.0--9222335.0": 0.762116229789597, "8807247.0--9222327.0": 0.8008278935350286, "8807247.0--9233469.0": 0.7715081751534623, "8807247.0--9226461.0": 0.7725989988021791, "8807247.0--9238508.0": 0.8083256093106674, "8807247.0--9222266.0": 0.762702694103022, "8807247.0--9225008.0": 0.7893751946180526, "8807247.0--9290431.0": 0.7827533034030957, "8807247.0--9239918.0": 0.7927733550057219, "8807247.0--9231271.0": 0.7570302136064261, "8807247.0--9222313.0": 0.7804497937538175, "8807247.0--9231268.0": 0.7511370325334212, "8807247.0--9222035.0": 0.7831834228461371, "8807247.0--9222091.0": 0.7873595619195506, "8807247.0--9229515.0": 0.7490561699504936, "8807247.0--9222301.0": 0.778844122443048, "8807247.0--9222358.0": 0.7557764379239706, "8807247.0--9229135.0": 0.768884729497437, "8807247.0--9222047.0": 0.7797835615534117, "8807247.0--9222272.0": 0.7936762071621696, "8807247.0--9222110.0": 0.7677780959762892, "8807247.0--9222364.0": 0.8114298798494288, "8807247.0--9222088.0": 0.7995344205064957, "8807247.0--9216518.0": 0.7566291979579005, "8807247.0--9222309.0": 0.7530580824321746, "8807247.0--9216595.0": 0.762962346038968, "8807247.0--9216538.0": 0.7709241277698151, "8807247.0--9216549.0": 0.7655896194065756, "8807247.0--9216559.0": 0.8043982631260616, "8807247.0--9222376.0": 0.7473025192944782, "8807247.0--9222374.0": 0.8027494292079437, "8807247.0--9224194.0": 0.7783996844598615, "8807247.0--9222254.0": 0.7763039939981272, "8807247.0--9222049.0": 0.7921009737772831, "8807247.0--9222562.0": 0.7386061760198457, "8807247.0--9226126.0": 0.7736024333558196, "8807247.0--9240062.0": 0.8021142533123967, "8807247.0--9226101.0": 0.7775787861515855, "8807247.0--9222377.0": 0.7375661539318905, "8807247.0--9233392.0": 0.7890366182201409, "8807247.0--9222093.0": 0.800799123193473, "8807247.0--9224154.0": 0.7545070484782108, "8807247.0--9240061.0": 0.7704835607553593, "8807247.0--9222512.0": 0.7670004492827368, "8807247.0--9241413.0": 0.7605608172692472, "8807247.0--9224646.0": 0.7940408388515997, "8807247.0--9222372.0": 0.7612445567825229, "8807247.0--9222253.0": 0.8302790418124273, "8807247.0--9222092.0": 0.819406277115513, "8807247.0--9222271.0": 0.7972812397768704, "8807247.0--9230431.0": 0.7569698107473991, "8807247.0--9222076.0": 0.8405142633712728, "8807247.0--9222053.0": 0.7647605005649869, "8807247.0--9216532.0": 0.7783223885275365, "8807247.0--9222085.0": 0.7804747187479695, "8807247.0--9216629.0": 0.7500841696364268, "8807247.0--9308630.0": 0.7652660695862752, "8807247.0--9308624.0": 0.7578589415485845, "8807247.0--9219240.0": 0.7632952936921438, "8807247.0--9216630.0": 0.7759774669893678, "8807247.0--9217981.0": 0.8154973462731234, "8807247.0--9224153.0": 0.729211586321842, "8807247.0--9286505.0": 0.7806273397493476, "8807247.0--9216512.0": 0.8073332042369106, "8807247.0--9216579.0": 0.7683922246004808, "8807247.0--9222249.0": 0.7849479389721059, "8807247.0--9222367.0": 0.7447340580337241, "8807247.0--9222325.0": 0.7178145367540695, "8807247.0--9222510.0": 0.7714479945792666, "8807247.0--9246250.0": 0.755274764286463, "8807247.0--9308627.0": 0.7986504854072862, "8807247.0--9224186.0": 0.7824230421246927, "8807247.0--9229232.0": 0.7344316335073375, "8807247.0--9226404.0": 0.8426883380964413, "8807247.0--9308631.0": 0.7795516191328891, "8807247.0--9222255.0": 0.7861901138671659, "8807247.0--9222261.0": 0.7732378930176119, "8807247.0--9222338.0": 0.7846044067254595, "8807247.0--9222284.0": 0.78738313181277, "8807247.0--9230430.0": 0.7908419765151549, "8807247.0--9308622.0": 0.7606270487382071, "8807247.0--9286903.0": 0.7534295833999349, "8807247.0--9234473.0": 0.7812927297527609, "8807247.0--9241426.0": 0.7849984231772246,