{"8585665.0--8585720.0": 0.8089057261183041, "8585665.0--8585733.0": 0.7981312107546996, "8585665.0--8585721.0": 0.7818453172060951, "8454906.0--8585665.0": 0.7892332861994856, "8457259.0--8585665.0": 0.7805869701332991, "8440091.0--8585665.0": 0.7796342253810364, "8440097.0--8585665.0": 0.7989573600197412, "8440049.0--8585665.0": 0.766883083250976, "8440034.0--8585665.0": 0.757355626419209, "8454905.0--8585665.0": 0.7622604038858407, "8440039.0--8585665.0": 0.7833219767582665, "8440086.0--8585665.0": 0.7274991691116274, "8445644.0--8585665.0": 0.7506341625841727, "8494830.0--8585665.0": 0.7517733301277115, "8440038.0--8585665.0": 0.7603578758677997, "8440110.0--8585665.0": 0.7752214771312089, "8440109.0--8585665.0": 0.7433431989302108, "8453873.0--8585665.0": 0.7171705021212904, "8440115.0--8585665.0": 0.7825439647858392, "8467383.0--8585665.0": 0.7780709722966651, "8440120.0--8585665.0": 0.7322873210274438, "8440076.0--8585665.0": 0.7576350844840297, "8440043.0--8585665.0": 0.7563827479124352, "8467535.0--8585665.0": 0.8186783528124983, "8440121.0--8585665.0": 0.7819434249470816, "8440044.0--8585665.0": 0.7528954946867921, "8440089.0--8585665.0": 0.7441186106369823, "8440052.0--8585665.0": 0.7617271401218723, "8440085.0--8585665.0": 0.8037224508727954, "8440070.0--8585665.0": 0.7737006226199696, "8440048.0--8585665.0": 0.7816252495732092, "8440118.0--8585665.0": 0.7604108184046108, "8440081.0--8585665.0": 0.751544875486986, "8440102.0--8585665.0": 0.8209999898829743, "8440080.0--8585665.0": 0.7898752316003864, "8440096.0--8585665.0": 0.7430254143991484, "8440124.0--8585665.0": 0.7536545099490413, "8440063.0--8585665.0": 0.7565454536300773, "8440037.0--8585665.0": 0.7524010395696612, "8440040.0--8585665.0": 0.7816134899971043, "8440056.0--8585665.0": 0.7418480951575464, "8440116.0--8585665.0": 0.7934078022807638, "8444102.0--8585665.0": 0.7507721741913371, "8440824.0--8585665.0": 0.723615131875248, "8493612.0--8585665.0": 0.7268684224853255, "8440850.0--8585665.0": 0.8042396592837893, "8456856.0--8585665.0": 0.7811635188609248, "8447439.0--8585665.0": 0.7460991851826826, "8440805.0--8585665.0": 0.760389579791154, "8440811.0--8585665.0": 0.7579928585918517, "8440856.0--8585665.0": 0.8266673174058016, "8440822.0--8585665.0": 0.7825813525280612, "8440828.0--8585665.0": 0.7785113270537469, "8440851.0--8585665.0": 0.7678265232438801, "8457476.0--8585665.0": 0.8437212053880347, "8440848.0--8585665.0": 0.7699925138785584, "8440839.0--8585665.0": 0.7763858909751895, "8443395.0--8585665.0": 0.7959957268305972, "8440832.0--8585665.0": 0.7884280151183545, "8440816.0--8585665.0": 0.8064429755977687, "8440835.0--8585665.0": 0.7811503904738187, "8440818.0--8585665.0": 0.8303789468020373, "8440853.0--8585665.0": 0.7905804942404329, "8440840.0--8585665.0": 0.7838001689364452, "8440857.0--8585665.0": 0.8082641115401544, "8449328.0--8585665.0": 0.8080270347984781, "8440829.0--8585665.0": 0.7995893348979995, "8440807.0--8585665.0": 0.758880110385956, "8440831.0--8585665.0": 0.7924041627845242, "8440852.0--8585665.0": 0.781525992266354, "8440841.0--8585665.0": 0.7644803444900805, "8440859.0--8585665.0": 0.769588952907678, "8440821.0--8585665.0": 0.8084898558644656, "8440842.0--8585665.0": 0.7882583335603655, "8443131.0--8585665.0": 0.7757281880896194, "8440815.0--8585665.0": 0.8098838786757958, "8500765.0--8585665.0": 0.8143247857895621, "8440804.0--8585665.0": 0.7829646165148618, "8454276.0--8585665.0": 0.8243328043410423, "8464305.0--8585665.0": 0.7786375259070286, "8494828.0--8585665.0": 0.7656784097798315, "8440825.0--8585665.0": 0.7883600461123619, "8440814.0--8585665.0": 0.7891271495013212, "8440838.0--8585665.0": 0.7820849678117021, "8440855.0--8585665.0": 0.800075221028436, "8454489.0--8585665.0": 0.8115424629930134, "8440834.0--8585665.0": 0.7509208092821119, "8440826.0--8585665.0": 0.8044770287846489, "8440823.0--8585665.0": 0.7800141864031885, "8440845.0--8585665.0": 0.7794612671360148, "8440810.0--8585665.0": 0.8109949718706936, "8440806.0--8585665.0": 0.7890442395738423, "8440817.0--8585665.0": 0.7505789497456221, "8440813.0--8585665.0": 0.8032783995329373, "8443125.0--8585665.0": 0.7805027687759221, "8456575.0--8585665.0": 0.8133584259712859, "8440860.0--8585665.0": 0.7988416294371771, "8454343.0--8585665.0": 0.8181966858925217, "8440803.0--8585665.0": 0.7938726327670304, "8454344.0--8585665.0": 0.7722935570054793, "8440854.0--8585665.0": 0.8062274007594801, "8454346.0--8585665.0": 0.8163787434941281, "8440827.0--8585665.0": 0.7692689134763431, "8440836.0--8585665.0": 0.7811180538302563, "8440844.0--8585665.0": 0.7905424138661634, "8440808.0--8585665.0": 0.7628230172559687, "8440837.0--8585665.0": 0.7986901792120817, "8440858.0--8585665.0": 0.7559047864070751, "8440820.0--8585665.0": 0.7547671300493561, "8440833.0--8585665.0": 0.7820554168476657, "8444072.0--8585665.0": 0.7862548978829853, "8440812.0--8585665.0": 0.802596787087716, "8440809.0--8585665.0": 0.8784677032375137, "8454904.0--8585665.0": 0.8018034402016923, "8440846.0--8585665.0": 0.7993508371448964, "8440830.0--8585665.0": 0.7893734731413335, "8444077.0--8585665.0": 0.7956205068178974, "8440847.0--8585665.0": 0.8131394876804956, "8440849.0--8585665.0": 0.7949311407654495, "8443124.0--8585665.0": 0.7667486905443652, "8440843.0--8585665.0": 0.7804287904739331, "8585665.0--8807265.0": 0.7633692971390014, "8585665.0--8816695.0": 0.7851587785112232, "8585665.0--8805426.0": 0.76642281255516, "8585665.0--8805421.0": 0.7858162122237579, "8585665.0--8812684.0": 0.7873209047552228, "8585665.0--8805461.0": 0.7700175905200863, "8585665.0--8807255.0": 0.7639249144881213, "8585665.0--8805460.0": 0.7724214010747159, "8585665.0--8807292.0": 0.8188594185641948, "8585665.0--8807354.0": 0.8169339855339418, "8585665.0--8809711.0": 0.8116187497047282, "8585665.0--8805422.0": 0.7854219781837753, "8585665.0--8805424.0": 0.8133264359881616, "8585665.0--8794517.0": 0.7567118993279734, "8585665.0--8805451.0": 0.761781351364785, "8585665.0--8807223.0": 0.725761676492662, "8585665.0--8794560.0": 0.7567248176039254, "8481543.0--8585665.0": 0.7474047435779598, "8585665.0--8802285.0": 0.7066904371761217, "8585665.0--8807245.0": 0.7810294072419346, "8585665.0--8805456.0": 0.7806977610304399, "8585665.0--8827944.0": 0.7617490708101787, "8585665.0--8807296.0": 0.756830170537493, "8585665.0--8827951.0": 0.7512994971725748, "8585665.0--8854335.0": 0.75794311178798, "8585665.0--8805446.0": 0.7588707667583505, "8585665.0--8805436.0": 0.7580806635384233, "8585665.0--8805433.0": 0.7606140363178617, "8546802.0--8585665.0": 0.7750188148348132, "8585665.0--8805427.0": 0.8272611717436602, "8585665.0--8836120.0": 0.7983078746012433, "8585665.0--8794768.0": 0.8098884316444441, "8585665.0--8809750.0": 0.7923304371372117, "8585665.0--8820172.0": 0.7906642378746971, "8476234.0--8585665.0": 0.8557428825082849, "8585665.0--8807314.0": 0.7497523207199999, "8585665.0--8794520.0": 0.791763617280366, "8585665.0--8805452.0": 0.7939871025104999, "8585665.0--8805462.0": 0.7517631733336179, "8585665.0--8807275.0": 0.7769148928644425, "8419285.0--8585665.0": 0.7653051424591031, "8585665.0--8807379.0": 0.7838915803568933, "8585665.0--8807234.0": 0.8138995573150236, "8423100.0--8585665.0": 0.7855965461692327, "8585665.0--8805455.0": 0.7381810716366307, "8585665.0--8727493.0": 0.7364117455159697, "8585665.0--8807369.0": 0.7357672269599904, "8532319.0--8585665.0": 0.744660919271342, "8419325.0--8585665.0": 0.7399226371467339, "8585665.0--8805430.0": 0.8003480325106549, "8585665.0--8807301.0": 0.8058700715322134, "8585665.0--8713940.0": 0.7951720661031266, "8585665.0--8637795.0": 0.789194042447206, "7999244.0--8585665.0": 0.7802934414224731, "8585665.0--8805439.0": 0.8098543709981014, "8585665.0--8805428.0": 0.8080171945606511, "8585665.0--8809223.0": 0.7914194971856188, "8585665.0--8795584.0": 0.7726489591953141, "8585665.0--8807264.0": 0.7680974256616464, "8585665.0--8805431.0": 0.7960784703918299, "8453863.0--8585665.0": 0.7472118461877082,