{"9222065.0--9228894.0": 0.7911958132946288, "9222065.0--9233264.0": 0.7967819972675985, "9222065.0--9222343.0": 0.7768136409795459, "9222065.0--9308621.0": 0.7473970586614634, "9222065.0--9308625.0": 0.8016639231421583, "9222065.0--9241744.0": 0.7673179189291686, "9222065.0--9308629.0": 0.8436350261113379, "9222065.0--9222068.0": 0.7531504525085548, "9222065.0--9222248.0": 0.7978092552988242, "9222065.0--9222274.0": 0.7728010068092084, "9222065.0--9229116.0": 0.7718572916006996, "9222065.0--9233993.0": 0.7592779566075928, "9222065.0--9308623.0": 0.81199375671861, "9222065.0--9222553.0": 0.7917375868657633, "9222065.0--9222341.0": 0.8068217720351815, "9222065.0--9222346.0": 0.7506538946931943, "9222065.0--9308628.0": 0.7991236084477316, "9222065.0--9222294.0": 0.7654468246530246, "9222065.0--9241732.0": 0.7684249224948119, "9222060.0--9222065.0": 0.7621055026491642, "9222065.0--9222280.0": 0.7722646271373874}