{"9222374.0--9222376.0": 0.7946641410743743, "9222376.0--9224194.0": 0.8078512513631642, "9222254.0--9222376.0": 0.7646265608731527, "9222049.0--9222376.0": 0.7568624448897437, "9222376.0--9222562.0": 0.8472557571707471, "9222376.0--9226126.0": 0.8099386660748067, "9222376.0--9240062.0": 0.7943919663533171, "9222376.0--9226101.0": 0.784496368949014, "9222376.0--9222377.0": 0.7567861251264164, "9222376.0--9233392.0": 0.780714419023991, "9222093.0--9222376.0": 0.7587567161004053, "9222376.0--9224154.0": 0.7464906449173209, "9222376.0--9240061.0": 0.7544086298563448, "9222376.0--9222512.0": 0.7780554995670566, "9222376.0--9241413.0": 0.7500216055374669, "9222376.0--9224646.0": 0.8216192344028833, "9222372.0--9222376.0": 0.7924841245926255, "9222253.0--9222376.0": 0.7517981027122838, "9222092.0--9222376.0": 0.7808227864298092, "9222271.0--9222376.0": 0.7772381380054401, "9222376.0--9230431.0": 0.8332211949457757, "9222076.0--9222376.0": 0.7985435740727269, "9222053.0--9222376.0": 0.8537244032364363, "9216532.0--9222376.0": 0.7716432358000834, "9222085.0--9222376.0": 0.7739957158473736, "9216629.0--9222376.0": 0.7538067190768741, "9222376.0--9308630.0": 0.7640586151459619, "9222376.0--9308624.0": 0.762385703678522, "9219240.0--9222376.0": 0.7937126632529612, "9216630.0--9222376.0": 0.7801727115972593, "9217981.0--9222376.0": 0.7534945206500191, "9222376.0--9224153.0": 0.7830974462542184, "9222376.0--9286505.0": 0.7300485544930978, "9216512.0--9222376.0": 0.7557498167084507, "9216579.0--9222376.0": 0.7642771355877027, "9222249.0--9222376.0": 0.8075589713735428, "9222367.0--9222376.0": 0.7218118021467699, "9222325.0--9222376.0": 0.7729692624265612, "9222376.0--9222510.0": 0.7826449445525947, "9222376.0--9246250.0": 0.7417481272845322, "9222376.0--9308627.0": 0.7766377517157246, "9222376.0--9224186.0": 0.7882160234560855, "9222376.0--9229232.0": 0.7511637552924773, "9222376.0--9226404.0": 0.7526077200231173, "9222376.0--9308631.0": 0.7593510709072868, "9222255.0--9222376.0": 0.7688576787033854, "9222261.0--9222376.0": 0.7342088651764848, "9222338.0--9222376.0": 0.7665248721435266, "9222284.0--9222376.0": 0.7671974656025097, "9222376.0--9230430.0": 0.7788678921117042, "9222376.0--9308622.0": 0.7316839036604904, "9222376.0--9286903.0": 0.7154556811967213, "9222376.0--9234473.0": 0.7616601586943785, "9222376.0--9241426.0": 0.7588587300965299, "9222269.0--9222376.0": 0.7583121594634437, "9222376.0--9237999.0": 0.7764870698898005, "9222072.0--9222376.0": 0.7843370630306739, "9222376.0--9224197.0": 0.7882680198823565, "9222376.0--9246282.0": 0.7615252701873747, "9222314.0--9222376.0": 0.7520991860892692, "9222357.0--9222376.0": 0.7447983098138814, "9222086.0--9222376.0": 0.7467297446895621, "9222360.0--9222376.0": 0.7585412143873009, "9222065.0--9222376.0": 0.7491793330910697, "9222376.0--9228894.0": 0.8292400609716108, "9222376.0--9233264.0": 0.788552396210915, "9222343.0--9222376.0": 0.7643759346637391, "9222376.0--9308621.0": 0.7408352313232849, "9222376.0--9308625.0": 0.7831301810470531, "9222376.0--9241744.0": 0.7658610783267221, "9222376.0--9308629.0": 0.7888008340398521, "9222068.0--9222376.0": 0.7273219413245107, "9222248.0--9222376.0": 0.7981658010147914, "9222274.0--9222376.0": 0.7506290408216538, "9222376.0--9229116.0": 0.77462733985231, "9222376.0--9233993.0": 0.843448227020167, "9222376.0--9308623.0": 0.7718370497542153, "9222376.0--9222553.0": 0.7429157278610036, "9222341.0--9222376.0": 0.781571368568753, "9222346.0--9222376.0": 0.7752192204992847, "9222376.0--9308628.0": 0.7740169940894842, "9222294.0--9222376.0": 0.7505832445809034, "9222376.0--9241732.0": 0.7674506372581129, "9222060.0--9222376.0": 0.786216337997248, "9222280.0--9222376.0": 0.7888974953836105}