{"8663646.0--8794553.0": 0.8025398534566756, "8663646.0--8863966.0": 0.7783511801038623, "8525340.0--8663646.0": 0.7624814506409126, "8663646.0--8805448.0": 0.7742737883628736, "8405549.0--8663646.0": 0.7940832013024476, "8611178.0--8663646.0": 0.7807232466426277, "8663646.0--8827593.0": 0.7858439457924374, "8663646.0--8805463.0": 0.7729913239406061, "8663646.0--8805457.0": 0.8039091683045467, "8663646.0--8805442.0": 0.7694499393118607, "8663646.0--8807266.0": 0.7974965273754268, "8663646.0--8813126.0": 0.8004771917007812, "8585103.0--8663646.0": 0.7754383006078661, "8663646.0--8807235.0": 0.7925288176320048, "8585048.0--8663646.0": 0.8102565839126881, "8663646.0--8809843.0": 0.7681958259710171, "8663646.0--8809842.0": 0.7878864212989678, "8663646.0--8842614.0": 0.7543291934321169, "8663646.0--8805441.0": 0.733466123966025, "8663646.0--8809920.0": 0.7570231959783476, "8663312.0--8663646.0": 0.7569675396597186, "8477126.0--8663646.0": 0.8055222624997521, "8663646.0--8807224.0": 0.8062474845958371, "8663646.0--8807355.0": 0.7775598046830551, "8663646.0--8807320.0": 0.7807668499124213, "8663646.0--8665933.0": 0.7935227995834918, "8663646.0--8845772.0": 0.7920545732324256, "8663646.0--8812989.0": 0.7781690152237674, "8636969.0--8663646.0": 0.7863708065499403, "8663646.0--8805450.0": 0.777983377563616, "8663646.0--8807243.0": 0.786286332903871, "8663646.0--8805443.0": 0.8076595727448568, "8663646.0--8673661.0": 0.8113869037518961, "8663646.0--8805419.0": 0.7704004186558127, "8451903.0--8663646.0": 0.758224537032141, "8663646.0--8805429.0": 0.8061360172344463, "8663646.0--8809846.0": 0.7725842476147965, "8663646.0--8809832.0": 0.7964222343496032, "8413174.0--8663646.0": 0.7771679528739563, "8494817.0--8663646.0": 0.7664886965340552, "8637778.0--8663646.0": 0.7746814347540504, "8663646.0--8809742.0": 0.7957595820438823, "8663646.0--8807280.0": 0.8130453356875761, "8663646.0--8807274.0": 0.8203852349619696, "8663646.0--9216586.0": 0.7798918416718008, "8663646.0--9237132.0": 0.794932583452276, "8663646.0--9216572.0": 0.8056075567734046, "8663646.0--9217952.0": 0.7801510963107499, "8663646.0--9217931.0": 0.8075514112910175, "8663646.0--9216507.0": 0.7793485862496388, "8663646.0--9222368.0": 0.8099287091465308, "8663646.0--9220137.0": 0.7893254619681457, "8663646.0--9233460.0": 0.7752182410183839, "8663646.0--9222263.0": 0.7547479371348184, "8663646.0--9293003.0": 0.7785661613929753, "8663646.0--9222102.0": 0.803446836207484, "8663646.0--9222323.0": 0.7907559905199943, "8663646.0--9222287.0": 0.7663421870603633, "8663646.0--9223736.0": 0.7906308043522134, "8663646.0--9224191.0": 0.7874018629974389, "8663646.0--9222251.0": 0.7680039855080291, "8663646.0--9229242.0": 0.7931416844421898, "8663646.0--9282195.0": 0.7957685023805521, "8663646.0--9222098.0": 0.8085292510769148, "8663646.0--9234027.0": 0.8089748328249701, "8663646.0--9246308.0": 0.7960299191655961, "8663646.0--9240072.0": 0.8172302611259087, "8663646.0--9222353.0": 0.8101733480021491, "8663646.0--9222293.0": 0.7845761422281805, "8663646.0--9222089.0": 0.7730259364199109, "8663646.0--9228893.0": 0.7813497202044704, "8663646.0--9224192.0": 0.794556006246634, "8663646.0--9222289.0": 0.8125066876788966, "8663646.0--9222038.0": 0.8070203495726731, "8663646.0--9229072.0": 0.8050577730289352, "8663646.0--9222295.0": 0.7983301918921082, "8663646.0--9222342.0": 0.8017351748080567, "8663646.0--9241407.0": 0.7818824567495407, "8663646.0--9288884.0": 0.7833457018496677, "8663646.0--9222351.0": 0.8096401489742351, "8663646.0--9223669.0": 0.7804119254671436, "8663646.0--9222315.0": 0.779497955460574, "8663646.0--9222335.0": 0.829834585227171, "8663646.0--9222327.0": 0.7871411901762911, "8663646.0--9233469.0": 0.784499663347745, "8663646.0--9226461.0": 0.785949972478919, "8663646.0--9238508.0": 0.8024509261176692, "8663646.0--9222266.0": 0.7736011140785006, "8663646.0--9225008.0": 0.7872038693306715, "8663646.0--9290431.0": 0.7969965478202704, "8663646.0--9239918.0": 0.7857349325853634, "8663646.0--9231271.0": 0.793099984850952, "8663646.0--9222313.0": 0.791041133544639, "8663646.0--9231268.0": 0.7706060350114615, "8663646.0--9222035.0": 0.78697047918626, "8663646.0--9222091.0": 0.8147551287963614, "8663646.0--9229515.0": 0.7801658173137977, "8663646.0--9222301.0": 0.8092424625314865, "8663646.0--9222358.0": 0.8099493275341967, "8663646.0--9229135.0": 0.8058683385157932, "8663646.0--9222047.0": 0.7726252343684381, "8663646.0--9222272.0": 0.7905270028786694, "8663646.0--9222110.0": 0.8219885810578553, "8663646.0--9222364.0": 0.7808675512089789, "8663646.0--9222088.0": 0.8032037446613164, "8663646.0--9216518.0": 0.8022111541053004, "8663646.0--9222309.0": 0.7728054131689293, "8663646.0--9216595.0": 0.7959997652524783, "8663646.0--9216538.0": 0.7850536477700014, "8663646.0--9216549.0": 0.806098274160728, "8663646.0--9216559.0": 0.8254583079724312, "8663646.0--9222376.0": 0.7662675718969537, "8663646.0--9222374.0": 0.8346741231873189, "8663646.0--9224194.0": 0.7686969084551336, "8663646.0--9222254.0": 0.7944613362587927, "8663646.0--9222049.0": 0.7899174091350927, "8663646.0--9222562.0": 0.7796605162893201, "8663646.0--9226126.0": 0.8042469841255755, "8663646.0--9240062.0": 0.7972239448202214, "8663646.0--9226101.0": 0.7689388679832996, "8663646.0--9222377.0": 0.7604422847045388, "8663646.0--9233392.0": 0.8015635213977916, "8663646.0--9222093.0": 0.8124473512260448, "8663646.0--9224154.0": 0.7746923118621103, "8663646.0--9240061.0": 0.790399851225821, "8663646.0--9222512.0": 0.791603296173613, "8663646.0--9241413.0": 0.8027896609561277, "8663646.0--9224646.0": 0.7924817013030272, "8663646.0--9222372.0": 0.7774000877003341, "8663646.0--9222253.0": 0.8093077588063463, "8663646.0--9222092.0": 0.8050312979766676, "8663646.0--9222271.0": 0.7933076071726022, "8663646.0--9230431.0": 0.8005710250523103, "8663646.0--9222076.0": 0.8086711326321208, "8663646.0--9222053.0": 0.7677576236046844, "8663646.0--9216532.0": 0.7770522995120754, "8663646.0--9222085.0": 0.7934397052430273, "8663646.0--9216629.0": 0.7871431572729612, "8663646.0--9308630.0": 0.7877492830870944, "8663646.0--9308624.0": 0.7641570769865857, "8663646.0--9219240.0": 0.7808458193107297, "8663646.0--9216630.0": 0.7792547790957031, "8663646.0--9217981.0": 0.7802968462417493, "8663646.0--9224153.0": 0.7758425654802449, "8663646.0--9286505.0": 0.7768809004918436, "8663646.0--9216512.0": 0.7772725492443786, "8663646.0--9216579.0": 0.8009445104590627, "8663646.0--9222249.0": 0.7890804745985337, "8663646.0--9222367.0": 0.8438657233831984, "8663646.0--9222325.0": 0.7649906989820214, "8663646.0--9222510.0": 0.7745907376616519, "8663646.0--9246250.0": 0.7843468520644391, "8663646.0--9308627.0": 0.7856145734232128, "8663646.0--9224186.0": 0.8006015830842264, "8663646.0--9229232.0": 0.7692598804624933, "8663646.0--9226404.0": 0.7564848220902237, "8663646.0--9308631.0": 0.7686102022079369, "8663646.0--9222255.0": 0.7933802564242058, "8663646.0--9222261.0": 0.8002906701674031, "8663646.0--9222338.0": 0.8093164280017677, "8663646.0--9222284.0": 0.8134208522897659, "8663646.0--9230430.0": 0.7870837472915094, "8663646.0--9308622.0": 0.7426699834758907, "8663646.0--9286903.0": 0.7196177673515298, "8663646.0--9234473.0": 0.7654490696383277, "8663646.0--9241426.0": 0.7862653816936453, "8663646.0--9222269.0": 0.795600976496279, "8663646.0--9237999.0": 0.8043938418442065, "8663646.0--9222072.0": 0.8063981964793445, "8663646.0--9224197.0": 0.7834625788730506, "8663646.0--9246282.0": 0.8255030893540195, "8663646.0--9222314.0": 0.7704974836976587, "8663646.0--9222357.0": 0.7822628078334117, "8663646.0--9222086.0": 0.8084838022035914, "8663646.0--9222360.0": 0.800194520010729, "8663646.0--9222065.0": 0.7704573950121045, "8663646.0--9228894.0": 0.8093577046748494, "8663646.0--9233264.0": 0.7812867466886315, "8663646.0--9222343.0": 0.7765649493276033, "8663646.0--9308621.0": 0.7911673752773134, "8663646.0--9308625.0": 0.8015097278809329, "8663646.0--9241744.0": 0.8380962755010455,