{"9222512.0--9240061.0": 0.7720959270464333, "9240061.0--9241413.0": 0.8136796841363305, "9224646.0--9240061.0": 0.773594056248267, "9222372.0--9240061.0": 0.7606777388011272, "9222253.0--9240061.0": 0.7950603847704961, "9222092.0--9240061.0": 0.8040962250505918, "9222271.0--9240061.0": 0.7860812575399055, "9230431.0--9240061.0": 0.7762369207032797, "9222076.0--9240061.0": 0.8138862523128054, "9222053.0--9240061.0": 0.7681929507596599, "9216532.0--9240061.0": 0.799596467279218, "9222085.0--9240061.0": 0.8035215811281364, "9216629.0--9240061.0": 0.7671347287400672, "9240061.0--9308630.0": 0.7950031414106213, "9240061.0--9308624.0": 0.7600847040300474, "9219240.0--9240061.0": 0.7599053940649219, "9216630.0--9240061.0": 0.7711882473472975, "9217981.0--9240061.0": 0.7639624259034332, "9224153.0--9240061.0": 0.766183997965932, "9240061.0--9286505.0": 0.7908956947432576, "9216512.0--9240061.0": 0.7751769340556754, "9216579.0--9240061.0": 0.8031702978423133, "9222249.0--9240061.0": 0.7739824977932475, "9222367.0--9240061.0": 0.742447655215061, "9222325.0--9240061.0": 0.7493625483531016, "9222510.0--9240061.0": 0.7634622084875864, "9240061.0--9246250.0": 0.7661907223028894, "9240061.0--9308627.0": 0.7815248482735949, "9224186.0--9240061.0": 0.7951151031496129, "9229232.0--9240061.0": 0.7694559560605344, "9226404.0--9240061.0": 0.7642033667113451, "9240061.0--9308631.0": 0.7645247392107255, "9222255.0--9240061.0": 0.7871303666251767, "9222261.0--9240061.0": 0.7765833067937584, "9222338.0--9240061.0": 0.7943198934058903, "9222284.0--9240061.0": 0.7951617939524345, "9230430.0--9240061.0": 0.7889175309302034, "9240061.0--9308622.0": 0.7504449354992815, "9240061.0--9286903.0": 0.7425163325974156, "9234473.0--9240061.0": 0.810806730505635, "9240061.0--9241426.0": 0.77037417641059, "9222269.0--9240061.0": 0.7724924162210773, "9237999.0--9240061.0": 0.805182387850663, "9222072.0--9240061.0": 0.7893227199706687, "9224197.0--9240061.0": 0.7864316905938606, "9240061.0--9246282.0": 0.7920829613790246, "9222314.0--9240061.0": 0.7543445928507753, "9222357.0--9240061.0": 0.7664641224853863, "9222086.0--9240061.0": 0.781405756310978, "9222360.0--9240061.0": 0.791313158955316, "9222065.0--9240061.0": 0.7556641279463774, "9228894.0--9240061.0": 0.7896447936204978, "9233264.0--9240061.0": 0.7621607931938721, "9222343.0--9240061.0": 0.757545955466841, "9240061.0--9308621.0": 0.7754178572931851, "9240061.0--9308625.0": 0.7951978379973317, "9240061.0--9241744.0": 0.7924562083285753, "9240061.0--9308629.0": 0.7778883947809198, "9222068.0--9240061.0": 0.7592154175621899, "9222248.0--9240061.0": 0.7721018587575956, "9222274.0--9240061.0": 0.7475930656533349, "9229116.0--9240061.0": 0.7909196128859789, "9233993.0--9240061.0": 0.746726396408377, "9240061.0--9308623.0": 0.7720146126014507, "9222553.0--9240061.0": 0.7676910989325794, "9222341.0--9240061.0": 0.8184103951056333, "9222346.0--9240061.0": 0.7936355654270122, "9240061.0--9308628.0": 0.7723840797532385, "9222294.0--9240061.0": 0.7589839575508986, "9240061.0--9241732.0": 0.7896692286802031, "9222060.0--9240061.0": 0.7830262629220321, "9222280.0--9240061.0": 0.7688763032598995}