{"9222091.0--9229515.0": 0.7930096035600308, "9222091.0--9222301.0": 0.8203738605694118, "9222091.0--9222358.0": 0.8275927850072051, "9222091.0--9229135.0": 0.8649413525908095, "9222047.0--9222091.0": 0.8063920343257467, "9222091.0--9222272.0": 0.7965010495146072, "9222091.0--9222110.0": 0.8506316716697098, "9222091.0--9222364.0": 0.8129775695800391, "9222088.0--9222091.0": 0.819744285954263, "9216518.0--9222091.0": 0.8136402081055097, "9222091.0--9222309.0": 0.8266645100733774, "9216595.0--9222091.0": 0.8038598791728568, "9216538.0--9222091.0": 0.7822027429682732, "9216549.0--9222091.0": 0.7981914387263517, "9216559.0--9222091.0": 0.8216660750040482, "9222091.0--9222376.0": 0.7584036129566354, "9222091.0--9222374.0": 0.8246206313395157, "9222091.0--9224194.0": 0.7944178698395781, "9222091.0--9222254.0": 0.8085374635261586, "9222049.0--9222091.0": 0.7936857521886049, "9222091.0--9222562.0": 0.7910836797159935, "9222091.0--9226126.0": 0.7759534731847655, "9222091.0--9240062.0": 0.8356451264873239, "9222091.0--9226101.0": 0.801541714303369, "9222091.0--9222377.0": 0.7718970705047588, "9222091.0--9233392.0": 0.8134957568707775, "9222091.0--9222093.0": 0.7835388623025503, "9222091.0--9224154.0": 0.7623418264548254, "9222091.0--9240061.0": 0.7783595493137957, "9222091.0--9222512.0": 0.791898726158578, "9222091.0--9241413.0": 0.8108481897759656, "9222091.0--9224646.0": 0.8005691699855293, "9222091.0--9222372.0": 0.8044056484629265, "9222091.0--9222253.0": 0.8064247135651099, "9222091.0--9222092.0": 0.8286602974765157, "9222091.0--9222271.0": 0.7977857066519288, "9222091.0--9230431.0": 0.798713084645587, "9222076.0--9222091.0": 0.8335746637738058, "9222053.0--9222091.0": 0.808649697797955, "9216532.0--9222091.0": 0.8176216285839869, "9222085.0--9222091.0": 0.8151174618052931, "9216629.0--9222091.0": 0.8168236443366574, "9222091.0--9308630.0": 0.7864871486709633, "9222091.0--9308624.0": 0.7695996173770039, "9219240.0--9222091.0": 0.8028829474840979, "9216630.0--9222091.0": 0.7976748632845042, "9217981.0--9222091.0": 0.8120825862356545, "9222091.0--9224153.0": 0.7669659511227424, "9222091.0--9286505.0": 0.7822252122784253, "9216512.0--9222091.0": 0.8053509565295621, "9216579.0--9222091.0": 0.7788030069056295, "9222091.0--9222249.0": 0.8282587225148671, "9222091.0--9222367.0": 0.7893516601139585, "9222091.0--9222325.0": 0.7697038696013263, "9222091.0--9222510.0": 0.7507768870112285, "9222091.0--9246250.0": 0.8032417833010397, "9222091.0--9308627.0": 0.8143268601483986, "9222091.0--9224186.0": 0.8390186706035074, "9222091.0--9229232.0": 0.7598430744776372, "9222091.0--9226404.0": 0.7792380597700117, "9222091.0--9308631.0": 0.7926568739909257, "9222091.0--9222255.0": 0.8214391691293508, "9222091.0--9222261.0": 0.8291075435783302, "9222091.0--9222338.0": 0.7921468158243161, "9222091.0--9222284.0": 0.8227850596266594, "9222091.0--9230430.0": 0.8104026767638705, "9222091.0--9308622.0": 0.7541043244350627, "9222091.0--9286903.0": 0.7233867464656922, "9222091.0--9234473.0": 0.7738641642847196, "9222091.0--9241426.0": 0.8350323413961493, "9222091.0--9222269.0": 0.7982577823610615, "9222091.0--9237999.0": 0.8058163469994671, "9222072.0--9222091.0": 0.8225547842726416, "9222091.0--9224197.0": 0.7895773026236349, "9222091.0--9246282.0": 0.8309570982358807, "9222091.0--9222314.0": 0.7883883785134267, "9222091.0--9222357.0": 0.8259350136117622, "9222086.0--9222091.0": 0.7635012944913366, "9222091.0--9222360.0": 0.8158265449761163, "9222065.0--9222091.0": 0.8000478481203502, "9222091.0--9228894.0": 0.808535425886036, "9222091.0--9233264.0": 0.8199134692447647, "9222091.0--9222343.0": 0.7971469404666667, "9222091.0--9308621.0": 0.8036259397589656, "9222091.0--9308625.0": 0.8160683483054997, "9222091.0--9241744.0": 0.7969728397794704, "9222091.0--9308629.0": 0.7982235434323577, "9222068.0--9222091.0": 0.7615931150648547, "9222091.0--9222248.0": 0.8016890247936073, "9222091.0--9222274.0": 0.7832257251453175, "9222091.0--9229116.0": 0.8424295013866648, "9222091.0--9233993.0": 0.7735787090135329, "9222091.0--9308623.0": 0.8255824178960695, "9222091.0--9222553.0": 0.8248080576836943, "9222091.0--9222341.0": 0.8383806407039786, "9222091.0--9222346.0": 0.8252687880152032, "9222091.0--9308628.0": 0.8173590827759419, "9222091.0--9222294.0": 0.7949336467666339, "9222091.0--9241732.0": 0.7854547509774101, "9222060.0--9222091.0": 0.8132329370946956, "9222091.0--9222280.0": 0.8356464786336791}