{"8440849.0--8443124.0": 0.8023450872150178, "8440843.0--8440849.0": 0.8185376349236083, "8440849.0--8807265.0": 0.7853012380984716, "8440849.0--8816695.0": 0.7837826399950278, "8440849.0--8805426.0": 0.7839511466877939, "8440849.0--8805421.0": 0.8019882313341262, "8440849.0--8812684.0": 0.7490544821636108, "8440849.0--8805461.0": 0.7986231141518504, "8440849.0--8807255.0": 0.7693444862559196, "8440849.0--8805460.0": 0.7475764425270476, "8440849.0--8807292.0": 0.8040829992485073, "8440849.0--8807354.0": 0.7947337301784845, "8440849.0--8809711.0": 0.7708264661106676, "8440849.0--8805422.0": 0.7900531850959731, "8440849.0--8805424.0": 0.7816982677022937, "8440849.0--8794517.0": 0.7925299255225978, "8440849.0--8805451.0": 0.7720231217834687, "8440849.0--8807223.0": 0.7403636495876612, "8440849.0--8794560.0": 0.7663839711470211, "8440849.0--8481543.0": 0.7762883930935373, "8440849.0--8802285.0": 0.7516812406690473, "8440849.0--8807245.0": 0.7730304292081492, "8440849.0--8805456.0": 0.7645108976982428, "8440849.0--8827944.0": 0.7460995815322091, "8440849.0--8807296.0": 0.7887563596576188, "8440849.0--8827951.0": 0.759073982742069, "8440849.0--8854335.0": 0.7831550882481321, "8440849.0--8805446.0": 0.7768115285449765, "8440849.0--8805436.0": 0.7825503102885201, "8440849.0--8805433.0": 0.7722512742479278, "8440849.0--8546802.0": 0.806537414713373, "8440849.0--8805427.0": 0.8253461757595769, "8440849.0--8836120.0": 0.8406787380610947, "8440849.0--8794768.0": 0.8124487714718951, "8440849.0--8809750.0": 0.7901794090776609, "8440849.0--8820172.0": 0.814667125399434, "8440849.0--8476234.0": 0.8108703589337782, "8440849.0--8807314.0": 0.7457723690410267, "8440849.0--8794520.0": 0.8324360210960239, "8440849.0--8805452.0": 0.801253131183754, "8440849.0--8805462.0": 0.7610566547703297, "8440849.0--8807275.0": 0.778987231142705, "8419285.0--8440849.0": 0.7844278640797044, "8440849.0--8807379.0": 0.7980522547061214, "8440849.0--8807234.0": 0.8055563872978149, "8423100.0--8440849.0": 0.7782270693108007, "8440849.0--8805455.0": 0.7927003344340726, "8440849.0--8727493.0": 0.74676740140874, "8440849.0--8807369.0": 0.7472492182298266, "8440849.0--8532319.0": 0.7729989514655287, "8419325.0--8440849.0": 0.7886353247293393, "8440849.0--8805430.0": 0.7987089411883315, "8440849.0--8807301.0": 0.7946837150480707, "8440849.0--8713940.0": 0.8035882142515376, "8440849.0--8637795.0": 0.8322355688521718, "7999244.0--8440849.0": 0.8005983428148644, "8440849.0--8805439.0": 0.8053521011364508, "8440849.0--8805428.0": 0.813429407889303, "8440849.0--8809223.0": 0.816633317984139, "8440849.0--8795584.0": 0.8095830759355749, "8440849.0--8807264.0": 0.7780545726571291, "8440849.0--8805431.0": 0.7859196606394434, "8440849.0--8453863.0": 0.7604921800011936, "8400404.0--8440849.0": 0.7965946061377592, "8440849.0--8809834.0": 0.8023970285411832, "8440849.0--8663447.0": 0.8089927283997796, "8440849.0--8807213.0": 0.8245642350061394, "8440849.0--8640251.0": 0.7860379785752326, "8440849.0--8807220.0": 0.8373453652810542, "8440849.0--8617736.0": 0.7956903490839226, "8440849.0--8617746.0": 0.7773552023088627, "8440849.0--8640072.0": 0.7850678961770952, "8440849.0--8636208.0": 0.7840624455232466, "8440849.0--8805458.0": 0.826196157061073, "8440849.0--8807271.0": 0.7929347048238586, "8440849.0--8809678.0": 0.7812711844627537, "8440849.0--8807226.0": 0.8107543122383272, "8440849.0--8805467.0": 0.8005367036362228, "8440849.0--8611113.0": 0.7808688515148252, "8440849.0--8854316.0": 0.8059104009049223, "8440849.0--8794607.0": 0.8025374433971847, "8440849.0--8805418.0": 0.7908562541737111, "8440849.0--8836087.0": 0.802928148394034, "8440849.0--8807283.0": 0.774751038769112, "8440849.0--8820171.0": 0.790969343323886, "8440849.0--8807288.0": 0.72725449449671, "8440849.0--8807302.0": 0.7608105638952654, "8440849.0--8805466.0": 0.779897368140639, "8440849.0--8807351.0": 0.7913118418307424, "8440849.0--8805420.0": 0.7840786373174309, "8440849.0--8807299.0": 0.7910427455788617, "8440849.0--8812988.0": 0.7915960295994685, "8440849.0--8807294.0": 0.778738879213779, "8440849.0--8805434.0": 0.8174737895314501, "8440849.0--8732351.0": 0.7690215030245885, "8440849.0--8807232.0": 0.7929067823730496, "8419271.0--8440849.0": 0.7586529142899137, "8440849.0--8625484.0": 0.7846419225748591, "8440849.0--8807349.0": 0.7957433394794398, "8440849.0--8809730.0": 0.804031410573972, "8440849.0--8730513.0": 0.7875694639040143, "8440849.0--8809833.0": 0.7879119883826011, "8440849.0--8523628.0": 0.7641137108987326, "8434356.0--8440849.0": 0.7764732636159675, "8440849.0--8807303.0": 0.8124766355791824, "8440849.0--8811606.0": 0.7978055991293209, "8440849.0--8807244.0": 0.7952746413367988, "8440849.0--8490694.0": 0.819110433418487, "8440849.0--8809844.0": 0.7861517772621931, "8440849.0--8809850.0": 0.8167323612488876, "8440849.0--8805445.0": 0.7868921490853176, "8412138.0--8440849.0": 0.77250589625857, "8440849.0--8807247.0": 0.7845141288891803, "8440849.0--8848845.0": 0.7837102558570599, "8440849.0--8695851.0": 0.7850344580947479, "8440849.0--8713907.0": 0.8270161617034597, "8440849.0--8809847.0": 0.7871100197678477, "8440849.0--8727480.0": 0.830367559715921, "8440849.0--8706590.0": 0.8106551503227427, "8440849.0--8735916.0": 0.794037502713205, "8440849.0--8474512.0": 0.7918131761155474, "8440849.0--8809845.0": 0.7458002919146243, "8440849.0--8540796.0": 0.8018482347533491, "8440849.0--8807233.0": 0.7992553464718535, "8440849.0--8617747.0": 0.7514282939814939, "8440849.0--8474486.0": 0.7799360092153521, "8440849.0--8474516.0": 0.814266270232628, "8440849.0--8663650.0": 0.7657864687396063, "8440849.0--8663646.0": 0.7908391936836765, "8440849.0--8794553.0": 0.8046276778670629, "8440849.0--8863966.0": 0.795126441473585, "8440849.0--8525340.0": 0.7776719480182991, "8440849.0--8805448.0": 0.8030067739426201, "8405549.0--8440849.0": 0.8027458511015245, "8440849.0--8611178.0": 0.8012549722210878, "8440849.0--8827593.0": 0.7831514869644697, "8440849.0--8805463.0": 0.7611505425852841, "8440849.0--8805457.0": 0.7810393295990804, "8440849.0--8805442.0": 0.7808551158951691, "8440849.0--8807266.0": 0.8156651109482489, "8440849.0--8813126.0": 0.7907965757250534, "8440849.0--8585103.0": 0.7815847194432026, "8440849.0--8807235.0": 0.7921870393122042, "8440849.0--8585048.0": 0.8232518590431538, "8440849.0--8809843.0": 0.7600977137082088, "8440849.0--8809842.0": 0.7860899327304499, "8440849.0--8842614.0": 0.7799493555236944, "8440849.0--8805441.0": 0.7572688690450423, "8440849.0--8809920.0": 0.7613859504455063, "8440849.0--8663312.0": 0.7633564217294646, "8440849.0--8477126.0": 0.7830502600853247, "8440849.0--8807224.0": 0.7638450467051018, "8440849.0--8807355.0": 0.7644545889502916, "8440849.0--8807320.0": 0.8299813260990778, "8440849.0--8665933.0": 0.7866270658633497, "8440849.0--8845772.0": 0.7863992961397662, "8440849.0--8812989.0": 0.8017725868573975, "8440849.0--8636969.0": 0.7979865214121278, "8440849.0--8805450.0": 0.7834250842973091, "8440849.0--8807243.0": 0.7823171003683026, "8440849.0--8805443.0": 0.8194077677440263, "8440849.0--8673661.0": 0.8106445852013695, "8440849.0--8805419.0": 0.7662401988550792, "8440849.0--8451903.0": 0.7751515286793694, "8440849.0--8805429.0": 0.8138918378954516, "8440849.0--8809846.0": 0.8135441989056542, "8440849.0--8809832.0": 0.8101488584340715, "8413174.0--8440849.0": 0.7893556718318306, "8440849.0--8494817.0": 0.7908424269873289, "8440849.0--8637778.0": 0.7930592000638025, "8440849.0--8809742.0": 0.8068475996744737, "8440849.0--8807280.0": 0.8250660490144324, "8440849.0--8807274.0": 0.8199066806195446, "8440849.0--9216586.0": 0.7775942455863639, "8440849.0--9237132.0": 0.808134684586812, "8440849.0--9216572.0": 0.7943629222359783, "8440849.0--9217952.0": 0.8102128793592381, "8440849.0--9217931.0": 0.7940487099457729, "8440849.0--9216507.0": 0.8098251438888924, "8440849.0--9222368.0": 0.8083204492621665, "8440849.0--9220137.0": 0.7724745866429503, "8440849.0--9233460.0": 0.7830473452725631,