{"8807266.0--8813126.0": 0.8925205346101317, "8585103.0--8807266.0": 0.8355963948243587, "8807235.0--8807266.0": 0.8145383144435363, "8585048.0--8807266.0": 0.8578791617894248, "8807266.0--8809843.0": 0.7969505253819299, "8807266.0--8809842.0": 0.7729363914535421, "8807266.0--8842614.0": 0.783809474262245, "8805441.0--8807266.0": 0.758742052479995, "8807266.0--8809920.0": 0.7516054251169552, "8663312.0--8807266.0": 0.7827024213372826, "8477126.0--8807266.0": 0.840028922814619, "8807224.0--8807266.0": 0.8093063960632481, "8807266.0--8807355.0": 0.7857308838807319, "8807266.0--8807320.0": 0.8042826279218969, "8665933.0--8807266.0": 0.8140202192387359, "8807266.0--8845772.0": 0.7954478914340539, "8807266.0--8812989.0": 0.7998221590865616, "8636969.0--8807266.0": 0.8078824317227604, "8805450.0--8807266.0": 0.8175245100532658, "8807243.0--8807266.0": 0.7940608712758498, "8805443.0--8807266.0": 0.8013966076664125, "8673661.0--8807266.0": 0.833764600891227, "8805419.0--8807266.0": 0.8085664015136615, "8451903.0--8807266.0": 0.8148313437278824, "8805429.0--8807266.0": 0.8124306427186754, "8807266.0--8809846.0": 0.8039220549572095, "8807266.0--8809832.0": 0.8309885121665543, "8413174.0--8807266.0": 0.7629690936973451, "8494817.0--8807266.0": 0.7700098670862541, "8637778.0--8807266.0": 0.7716654910799169, "8807266.0--8809742.0": 0.8064149179842061, "8807266.0--8807280.0": 0.8203761440522426, "8807266.0--8807274.0": 0.8291519376447718, "8807266.0--9216586.0": 0.8191890463758614, "8807266.0--9237132.0": 0.810660644703602, "8807266.0--9216572.0": 0.811029473664828, "8807266.0--9217952.0": 0.7830447025464342, "8807266.0--9217931.0": 0.825642063047375, "8807266.0--9216507.0": 0.7950183121981027, "8807266.0--9222368.0": 0.8417274567242415, "8807266.0--9220137.0": 0.8074545474319412, "8807266.0--9233460.0": 0.7675852361445785, "8807266.0--9222263.0": 0.7805233732164018, "8807266.0--9293003.0": 0.8452144433911132, "8807266.0--9222102.0": 0.8273333055217882, "8807266.0--9222323.0": 0.8094948765018861, "8807266.0--9222287.0": 0.8220987123519989, "8807266.0--9223736.0": 0.8281269765926709, "8807266.0--9224191.0": 0.7989889298805628, "8807266.0--9222251.0": 0.796480142381922, "8807266.0--9229242.0": 0.8044319336104784, "8807266.0--9282195.0": 0.7782576771384018, "8807266.0--9222098.0": 0.8252965263965366, "8807266.0--9234027.0": 0.8118378971296901, "8807266.0--9246308.0": 0.8106470936293119, "8807266.0--9240072.0": 0.8150035690150489, "8807266.0--9222353.0": 0.7986075656119109, "8807266.0--9222293.0": 0.8490337876988208, "8807266.0--9222089.0": 0.8021646590357873, "8807266.0--9228893.0": 0.7996727343465692, "8807266.0--9224192.0": 0.8034546979352104, "8807266.0--9222289.0": 0.8218485613627804, "8807266.0--9222038.0": 0.7864133683907264, "8807266.0--9229072.0": 0.8194661436289803, "8807266.0--9222295.0": 0.8065603575495334, "8807266.0--9222342.0": 0.8103839989977886, "8807266.0--9241407.0": 0.7672867567255414, "8807266.0--9288884.0": 0.8074820626354723, "8807266.0--9222351.0": 0.8024561269411186, "8807266.0--9223669.0": 0.8051147200798463, "8807266.0--9222315.0": 0.801566726886506, "8807266.0--9222335.0": 0.8482376769626709, "8807266.0--9222327.0": 0.8020662476215887, "8807266.0--9233469.0": 0.9046186531804185, "8807266.0--9226461.0": 0.8080435233101928, "8807266.0--9238508.0": 0.825264567097655, "8807266.0--9222266.0": 0.7817023365816971, "8807266.0--9225008.0": 0.8040221870005599, "8807266.0--9290431.0": 0.8148861547474314, "8807266.0--9239918.0": 0.7951086759860679, "8807266.0--9231271.0": 0.8235672810947443, "8807266.0--9222313.0": 0.7884217078372642, "8807266.0--9231268.0": 0.8236230824939565, "8807266.0--9222035.0": 0.7746962394711276, "8807266.0--9222091.0": 0.8263108182509886, "8807266.0--9229515.0": 0.7840643419796898, "8807266.0--9222301.0": 0.8500837215065169, "8807266.0--9222358.0": 0.8372026246904658, "8807266.0--9229135.0": 0.8443576987938122, "8807266.0--9222047.0": 0.812287407586086, "8807266.0--9222272.0": 0.7910503116159012, "8807266.0--9222110.0": 0.8067011982708565, "8807266.0--9222364.0": 0.7994912030789305, "8807266.0--9222088.0": 0.8242691886628478, "8807266.0--9216518.0": 0.8282070812341279, "8807266.0--9222309.0": 0.8465015241996794, "8807266.0--9216595.0": 0.7859205168392476, "8807266.0--9216538.0": 0.7702105809724802, "8807266.0--9216549.0": 0.7797728415837012, "8807266.0--9216559.0": 0.8059113714639351, "8807266.0--9222376.0": 0.7544109935863397, "8807266.0--9222374.0": 0.8058895615078608, "8807266.0--9224194.0": 0.7813948950242161, "8807266.0--9222254.0": 0.7883581502033838, "8807266.0--9222049.0": 0.7698143820407597, "8807266.0--9222562.0": 0.7690784685404145, "8807266.0--9226126.0": 0.7817674365888573, "8807266.0--9240062.0": 0.8066829178331602, "8807266.0--9226101.0": 0.8237704664497458, "8807266.0--9222377.0": 0.7567456197488494, "8807266.0--9233392.0": 0.7967844701945577, "8807266.0--9222093.0": 0.7842415468262594, "8807266.0--9224154.0": 0.7565357486314508, "8807266.0--9240061.0": 0.7708660769216718, "8807266.0--9222512.0": 0.7728974268110285, "8807266.0--9241413.0": 0.8123662536113126, "8807266.0--9224646.0": 0.7855260501412686, "8807266.0--9222372.0": 0.7332363601374307, "8807266.0--9222253.0": 0.7733636734557152, "8807266.0--9222092.0": 0.7956062912417274, "8807266.0--9222271.0": 0.8015831861814089, "8807266.0--9230431.0": 0.803582926692066, "8807266.0--9222076.0": 0.7940125838144849, "8807266.0--9222053.0": 0.8056611188848064, "8807266.0--9216532.0": 0.8176667158557991, "8807266.0--9222085.0": 0.7916273153242532, "8807266.0--9216629.0": 0.8113019000705777, "8807266.0--9308630.0": 0.7958591793430849, "8807266.0--9308624.0": 0.7829822369559936, "8807266.0--9219240.0": 0.8197202401346979, "8807266.0--9216630.0": 0.8078249010711516, "8807266.0--9217981.0": 0.7816666883537682, "8807266.0--9224153.0": 0.8060791443839018, "8807266.0--9286505.0": 0.7723607972371853, "8807266.0--9216512.0": 0.7979903747497554, "8807266.0--9216579.0": 0.7824252558435478, "8807266.0--9222249.0": 0.7990095334982206, "8807266.0--9222367.0": 0.782983266421454, "8807266.0--9222325.0": 0.820722042628875, "8807266.0--9222510.0": 0.8025441419060213, "8807266.0--9246250.0": 0.8041757253280996, "8807266.0--9308627.0": 0.8307019524351898, "8807266.0--9224186.0": 0.836340521172238, "8807266.0--9229232.0": 0.7848010207092693, "8807266.0--9226404.0": 0.7725561601370179, "8807266.0--9308631.0": 0.7839450332654452, "8807266.0--9222255.0": 0.8000347474185275, "8807266.0--9222261.0": 0.8034688773433429, "8807266.0--9222338.0": 0.8081320584384888, "8807266.0--9222284.0": 0.8149023444484993, "8807266.0--9230430.0": 0.8447810820700034, "8807266.0--9308622.0": 0.7726792886183754, "8807266.0--9286903.0": 0.7709344040428198, "8807266.0--9234473.0": 0.790587393759739, "8807266.0--9241426.0": 0.8193509471007081, "8807266.0--9222269.0": 0.8238482938398658, "8807266.0--9237999.0": 0.813926691358416, "8807266.0--9222072.0": 0.8581399854586377, "8807266.0--9224197.0": 0.8168896965756665, "8807266.0--9246282.0": 0.7997367123488089, "8807266.0--9222314.0": 0.7873873474222428, "8807266.0--9222357.0": 0.8239526103949883, "8807266.0--9222086.0": 0.8097844198175578, "8807266.0--9222360.0": 0.8234960531240922, "8807266.0--9222065.0": 0.7718339431587393, "8807266.0--9228894.0": 0.8334110874216097, "8807266.0--9233264.0": 0.8100738768241756, "8807266.0--9222343.0": 0.7893965903679842, "8807266.0--9308621.0": 0.7929303661080154, "8807266.0--9308625.0": 0.8028995234119757, "8807266.0--9241744.0": 0.8147247989944247, "8807266.0--9308629.0": 0.8142268415248805, "8807266.0--9222068.0": 0.7549807167797542, "8807266.0--9222248.0": 0.7946963545801866, "8807266.0--9222274.0": 0.8096683189755173, "8807266.0--9229116.0": 0.821557909884725, "8807266.0--9233993.0": 0.8037003704329166, "8807266.0--9308623.0": 0.7913134977295272, "8807266.0--9222553.0": 0.7950287692894857, "8807266.0--9222341.0": 0.8527677716315272, "8807266.0--9222346.0": 0.8118675056795284, "8807266.0--9308628.0": 0.8094668448128604,