{"8440830.0--8440846.0": 0.8330354528721642, "8440846.0--8444077.0": 0.8001933424441815, "8440846.0--8440847.0": 0.8151684334618617, "8440846.0--8440849.0": 0.7896805872620394, "8440846.0--8443124.0": 0.7966562601159378, "8440843.0--8440846.0": 0.785367746012588, "8440846.0--8807265.0": 0.7984034132959603, "8440846.0--8816695.0": 0.8461600455536873, "8440846.0--8805426.0": 0.7948665307068494, "8440846.0--8805421.0": 0.8121373541607406, "8440846.0--8812684.0": 0.7998620237980568, "8440846.0--8805461.0": 0.7942637922905359, "8440846.0--8807255.0": 0.7913813566974159, "8440846.0--8805460.0": 0.7582549991926881, "8440846.0--8807292.0": 0.8116165644519736, "8440846.0--8807354.0": 0.8012333250568935, "8440846.0--8809711.0": 0.8175613857124475, "8440846.0--8805422.0": 0.7881572824679088, "8440846.0--8805424.0": 0.8421555877428012, "8440846.0--8794517.0": 0.7766046102444429, "8440846.0--8805451.0": 0.7593102006058607, "8440846.0--8807223.0": 0.7513846326082301, "8440846.0--8794560.0": 0.7831295557735614, "8440846.0--8481543.0": 0.7812464820795288, "8440846.0--8802285.0": 0.7529824386575088, "8440846.0--8807245.0": 0.8082641292963533, "8440846.0--8805456.0": 0.771005697920109, "8440846.0--8827944.0": 0.7407507813781045, "8440846.0--8807296.0": 0.7872195548846029, "8440846.0--8827951.0": 0.7741753094257836, "8440846.0--8854335.0": 0.8020425316058206, "8440846.0--8805446.0": 0.7833399069434505, "8440846.0--8805436.0": 0.7923448133705171, "8440846.0--8805433.0": 0.7776823944733746, "8440846.0--8546802.0": 0.7954709438943554, "8440846.0--8805427.0": 0.793629074799106, "8440846.0--8836120.0": 0.8106765856680798, "8440846.0--8794768.0": 0.8095143839464782, "8440846.0--8809750.0": 0.814673974590998, "8440846.0--8820172.0": 0.8370870350891478, "8440846.0--8476234.0": 0.8173465539790863, "8440846.0--8807314.0": 0.7855975418515074, "8440846.0--8794520.0": 0.8265661624367384, "8440846.0--8805452.0": 0.7998698845393594, "8440846.0--8805462.0": 0.7949745674969301, "8440846.0--8807275.0": 0.792702004680278, "8419285.0--8440846.0": 0.7824315422041813, "8440846.0--8807379.0": 0.7973495937813037, "8440846.0--8807234.0": 0.8128805086147926, "8423100.0--8440846.0": 0.8017801967498052, "8440846.0--8805455.0": 0.7571207862299429, "8440846.0--8727493.0": 0.7358848662799328, "8440846.0--8807369.0": 0.7390934677374831, "8440846.0--8532319.0": 0.778861067872093, "8419325.0--8440846.0": 0.7824679576554144, "8440846.0--8805430.0": 0.8181931545821091, "8440846.0--8807301.0": 0.808143201561218, "8440846.0--8713940.0": 0.8133937938983598, "8440846.0--8637795.0": 0.8229238908370764, "7999244.0--8440846.0": 0.8177094809198322, "8440846.0--8805439.0": 0.8010689874607492, "8440846.0--8805428.0": 0.8617556366885902, "8440846.0--8809223.0": 0.8261090285548828, "8440846.0--8795584.0": 0.8086286875434681, "8440846.0--8807264.0": 0.7752662272187334, "8440846.0--8805431.0": 0.7976445814273093, "8440846.0--8453863.0": 0.7873885280443645, "8400404.0--8440846.0": 0.768152351483981, "8440846.0--8809834.0": 0.8032970698476048, "8440846.0--8663447.0": 0.7940436721895157, "8440846.0--8807213.0": 0.8369112512242869, "8440846.0--8640251.0": 0.8634517725680093, "8440846.0--8807220.0": 0.8152786235610844, "8440846.0--8617736.0": 0.834654117317277, "8440846.0--8617746.0": 0.7677990383744072, "8440846.0--8640072.0": 0.8571412145467371, "8440846.0--8636208.0": 0.8111974897125385, "8440846.0--8805458.0": 0.8142040623749199, "8440846.0--8807271.0": 0.8325462632559009, "8440846.0--8809678.0": 0.8143711400901843, "8440846.0--8807226.0": 0.833373980256224, "8440846.0--8805467.0": 0.8460762419536147, "8440846.0--8611113.0": 0.8410437627932914, "8440846.0--8854316.0": 0.8384261981287161, "8440846.0--8794607.0": 0.8043306907750405, "8440846.0--8805418.0": 0.7798191581217349, "8440846.0--8836087.0": 0.8551170317580656, "8440846.0--8807283.0": 0.7910658825343332, "8440846.0--8820171.0": 0.849413228628214, "8440846.0--8807288.0": 0.7587612849003713, "8440846.0--8807302.0": 0.770915223733404, "8440846.0--8805466.0": 0.7831207951275556, "8440846.0--8807351.0": 0.7867877257897565, "8440846.0--8805420.0": 0.7723315707977358, "8440846.0--8807299.0": 0.7907758255439998, "8440846.0--8812988.0": 0.7919941465593717, "8440846.0--8807294.0": 0.7876047550752676, "8440846.0--8805434.0": 0.8373797392227189, "8440846.0--8732351.0": 0.775720502240878, "8440846.0--8807232.0": 0.782135606091072, "8419271.0--8440846.0": 0.7827835250905748, "8440846.0--8625484.0": 0.7923421667622996, "8440846.0--8807349.0": 0.8096334033032951, "8440846.0--8809730.0": 0.8000671648930764, "8440846.0--8730513.0": 0.8298597574888419, "8440846.0--8809833.0": 0.8009180671766256, "8440846.0--8523628.0": 0.8055511485610748, "8434356.0--8440846.0": 0.7909199940977434, "8440846.0--8807303.0": 0.7969402536306804, "8440846.0--8811606.0": 0.7769657800634876, "8440846.0--8807244.0": 0.7829940020790327, "8440846.0--8490694.0": 0.7966779371380559, "8440846.0--8809844.0": 0.7686308828194682, "8440846.0--8809850.0": 0.8140341059415264, "8440846.0--8805445.0": 0.7565082715989492, "8412138.0--8440846.0": 0.7990947254385109, "8440846.0--8807247.0": 0.7630383049265721, "8440846.0--8848845.0": 0.7871897016408346, "8440846.0--8695851.0": 0.8243479838591417, "8440846.0--8713907.0": 0.8369833531738543, "8440846.0--8809847.0": 0.8137397197277437, "8440846.0--8727480.0": 0.8105688711183316, "8440846.0--8706590.0": 0.7981898110097572, "8440846.0--8735916.0": 0.8149946405551786, "8440846.0--8474512.0": 0.837267092678831, "8440846.0--8809845.0": 0.7560360387003786, "8440846.0--8540796.0": 0.8168555541737699, "8440846.0--8807233.0": 0.7925939199119962, "8440846.0--8617747.0": 0.7642800212728116, "8440846.0--8474486.0": 0.8015089463836913, "8440846.0--8474516.0": 0.8306637785787108, "8440846.0--8663650.0": 0.7981812618745017, "8440846.0--8663646.0": 0.799819408021605, "8440846.0--8794553.0": 0.7916625338002484, "8440846.0--8863966.0": 0.7742850045509836, "8440846.0--8525340.0": 0.7539416922630495, "8440846.0--8805448.0": 0.7931133547894323, "8405549.0--8440846.0": 0.8150757361673082, "8440846.0--8611178.0": 0.7897261047886643, "8440846.0--8827593.0": 0.7776205128850059, "8440846.0--8805463.0": 0.7770178908024975, "8440846.0--8805457.0": 0.8217558521535206, "8440846.0--8805442.0": 0.7894523144663586, "8440846.0--8807266.0": 0.8119575102440999, "8440846.0--8813126.0": 0.8062632718373082, "8440846.0--8585103.0": 0.8108599447202098, "8440846.0--8807235.0": 0.8252988027474305, "8440846.0--8585048.0": 0.8325945603466155, "8440846.0--8809843.0": 0.7696621542948983, "8440846.0--8809842.0": 0.7786152264371071, "8440846.0--8842614.0": 0.7723105615537614, "8440846.0--8805441.0": 0.7563355107778876, "8440846.0--8809920.0": 0.769342995776926, "8440846.0--8663312.0": 0.7698267560715957, "8440846.0--8477126.0": 0.8124091753922904, "8440846.0--8807224.0": 0.8041119520572855, "8440846.0--8807355.0": 0.7733704564103809, "8440846.0--8807320.0": 0.8231319663248589, "8440846.0--8665933.0": 0.8117570129306542, "8440846.0--8845772.0": 0.7929989020400146, "8440846.0--8812989.0": 0.8021482397612789, "8440846.0--8636969.0": 0.7948391148801731, "8440846.0--8805450.0": 0.7713421132464665, "8440846.0--8807243.0": 0.7916999822740409, "8440846.0--8805443.0": 0.8067693419427354, "8440846.0--8673661.0": 0.8053552431706736, "8440846.0--8805419.0": 0.7781627388114034, "8440846.0--8451903.0": 0.784615286070682, "8440846.0--8805429.0": 0.7930498173766235, "8440846.0--8809846.0": 0.7876894245433226, "8440846.0--8809832.0": 0.8045699965363686, "8413174.0--8440846.0": 0.7763216205151803, "8440846.0--8494817.0": 0.7928754872930972, "8440846.0--8637778.0": 0.7813695354673856, "8440846.0--8809742.0": 0.7941091009805444, "8440846.0--8807280.0": 0.835444472933911, "8440846.0--8807274.0": 0.8440643952779138, "8440846.0--9216586.0": 0.809007341621598, "8440846.0--9237132.0": 0.8228945146832768, "8440846.0--9216572.0": 0.8221646919743918, "8440846.0--9217952.0": 0.8072073255931659, "8440846.0--9217931.0": 0.8683936564651813,