{"8532319.0--8807369.0": 0.7811328367338588, "8419325.0--8807369.0": 0.7909520756777004, "8805430.0--8807369.0": 0.7260713658505434, "8807301.0--8807369.0": 0.7576565614313137, "8713940.0--8807369.0": 0.7501727470017479, "8637795.0--8807369.0": 0.770668543170179, "7999244.0--8807369.0": 0.7495308347712488, "8805439.0--8807369.0": 0.7434183436648822, "8805428.0--8807369.0": 0.7561094693649104, "8807369.0--8809223.0": 0.7555471726285357, "8795584.0--8807369.0": 0.7710024337342759, "8807264.0--8807369.0": 0.7895295265042225, "8805431.0--8807369.0": 0.7486781190825069, "8453863.0--8807369.0": 0.7497350651683446, "8400404.0--8807369.0": 0.7767937859450247, "8807369.0--8809834.0": 0.7241494963617567, "8663447.0--8807369.0": 0.7430689378620015, "8807213.0--8807369.0": 0.7563680091598606, "8640251.0--8807369.0": 0.7499589504194724, "8807220.0--8807369.0": 0.7706671971155523, "8617736.0--8807369.0": 0.7567968817871762, "8617746.0--8807369.0": 0.7211216049472736, "8640072.0--8807369.0": 0.7457045401305034, "8636208.0--8807369.0": 0.7663728458550645, "8805458.0--8807369.0": 0.7281801764965374, "8807271.0--8807369.0": 0.7445398561699834, "8807369.0--8809678.0": 0.7293553341629032, "8807226.0--8807369.0": 0.7539386088031476, "8805467.0--8807369.0": 0.7594945329157197, "8611113.0--8807369.0": 0.7183091147574048, "8807369.0--8854316.0": 0.7598044677837466, "8794607.0--8807369.0": 0.7504467980703073, "8805418.0--8807369.0": 0.7143865853983533, "8807369.0--8836087.0": 0.7787927382564448, "8807283.0--8807369.0": 0.7626490371494863, "8807369.0--8820171.0": 0.7454866766871586, "8807288.0--8807369.0": 0.7279717119296623, "8807302.0--8807369.0": 0.731589064489084, "8805466.0--8807369.0": 0.7627071269453782, "8807351.0--8807369.0": 0.7695780542731414, "8805420.0--8807369.0": 0.7404997840087022, "8807299.0--8807369.0": 0.7468160999376632, "8807369.0--8812988.0": 0.752502383165236, "8807294.0--8807369.0": 0.7586050689916273, "8805434.0--8807369.0": 0.7646352539859442, "8732351.0--8807369.0": 0.7419268854059287, "8807232.0--8807369.0": 0.7698333397911998, "8419271.0--8807369.0": 0.7547260753521606, "8625484.0--8807369.0": 0.757466596376828, "8807349.0--8807369.0": 0.7606679794945349, "8807369.0--8809730.0": 0.7410036655800317, "8730513.0--8807369.0": 0.769377738591841, "8807369.0--8809833.0": 0.7634358862973643, "8523628.0--8807369.0": 0.7608395555787099, "8434356.0--8807369.0": 0.7578201402663376, "8807303.0--8807369.0": 0.7466453175464367, "8807369.0--8811606.0": 0.7771137143653003, "8807244.0--8807369.0": 0.7469395009347516, "8490694.0--8807369.0": 0.7645031436040841, "8807369.0--8809844.0": 0.7405243401638057, "8807369.0--8809850.0": 0.7449388115899674, "8805445.0--8807369.0": 0.7576920289295477, "8412138.0--8807369.0": 0.7344919334406679, "8807247.0--8807369.0": 0.7453344203396868, "8807369.0--8848845.0": 0.7917373471875198, "8695851.0--8807369.0": 0.7672833677421302, "8713907.0--8807369.0": 0.7710514888612262, "8807369.0--8809847.0": 0.7686848716702122, "8727480.0--8807369.0": 0.7943387707064526, "8706590.0--8807369.0": 0.7341142980155679, "8735916.0--8807369.0": 0.7728760402599916, "8474512.0--8807369.0": 0.7610960053678653, "8807369.0--8809845.0": 0.7322550118474959, "8540796.0--8807369.0": 0.7599716472433177, "8807233.0--8807369.0": 0.8120823972335239, "8617747.0--8807369.0": 0.7363357354882596, "8474486.0--8807369.0": 0.7573484411678723, "8474516.0--8807369.0": 0.7614616047866593, "8663650.0--8807369.0": 0.7644877530424982, "8663646.0--8807369.0": 0.7655584710695771, "8794553.0--8807369.0": 0.7833161716619823, "8807369.0--8863966.0": 0.7338344755287239, "8525340.0--8807369.0": 0.7681729478645726, "8805448.0--8807369.0": 0.7448057666140591, "8405549.0--8807369.0": 0.7634227438103873, "8611178.0--8807369.0": 0.7500487295470195, "8807369.0--8827593.0": 0.7386521971876294, "8805463.0--8807369.0": 0.7531954596765937, "8805457.0--8807369.0": 0.7605957374257781, "8805442.0--8807369.0": 0.7561832819893917, "8807266.0--8807369.0": 0.7603756277174142, "8807369.0--8813126.0": 0.7421280809705212, "8585103.0--8807369.0": 0.7570771541663631, "8807235.0--8807369.0": 0.7503351120087949, "8585048.0--8807369.0": 0.7564052541384142, "8807369.0--8809843.0": 0.7338099741872767, "8807369.0--8809842.0": 0.7679873165294423, "8807369.0--8842614.0": 0.7318808825129067, "8805441.0--8807369.0": 0.7724909670671671, "8807369.0--8809920.0": 0.7290601649347026, "8663312.0--8807369.0": 0.7360312866349794, "8477126.0--8807369.0": 0.7865433740772749, "8807224.0--8807369.0": 0.7634303500706798, "8807355.0--8807369.0": 0.7650120837114367, "8807320.0--8807369.0": 0.7362174458779044, "8665933.0--8807369.0": 0.767272425649643, "8807369.0--8845772.0": 0.747495462762369, "8807369.0--8812989.0": 0.7768938483208746, "8636969.0--8807369.0": 0.7457643063004048, "8805450.0--8807369.0": 0.722997198259895, "8807243.0--8807369.0": 0.7663592576684521, "8805443.0--8807369.0": 0.7471520005443858, "8673661.0--8807369.0": 0.785675330887783, "8805419.0--8807369.0": 0.7352320612534473, "8451903.0--8807369.0": 0.7645478777781936, "8805429.0--8807369.0": 0.7454593973376095, "8807369.0--8809846.0": 0.7217882706894448, "8807369.0--8809832.0": 0.7480154609875185, "8413174.0--8807369.0": 0.7269683465440094, "8494817.0--8807369.0": 0.7274003837675767, "8637778.0--8807369.0": 0.7402599673933062, "8807369.0--8809742.0": 0.7575685700504439, "8807280.0--8807369.0": 0.7542079548328217, "8807274.0--8807369.0": 0.7561801224174253, "8807369.0--9216586.0": 0.7497500121796723, "8807369.0--9237132.0": 0.7519953337580818, "8807369.0--9216572.0": 0.7391370188389677, "8807369.0--9217952.0": 0.7482756867150776, "8807369.0--9217931.0": 0.7622033483315027, "8807369.0--9216507.0": 0.7471174710134356, "8807369.0--9222368.0": 0.7475912820943456, "8807369.0--9220137.0": 0.7393135253314294, "8807369.0--9233460.0": 0.7628429385768798, "8807369.0--9222263.0": 0.7229144645208652, "8807369.0--9293003.0": 0.7403703386939561, "8807369.0--9222102.0": 0.7536845530779561, "8807369.0--9222323.0": 0.7328702882525008, "8807369.0--9222287.0": 0.7264385858213009, "8807369.0--9223736.0": 0.7292822341662579, "8807369.0--9224191.0": 0.7457670526242295, "8807369.0--9222251.0": 0.749936994453731, "8807369.0--9229242.0": 0.7425842098499111, "8807369.0--9282195.0": 0.7355359724629688, "8807369.0--9222098.0": 0.7587364239433225, "8807369.0--9234027.0": 0.7601647595654075, "8807369.0--9246308.0": 0.7528148827668917, "8807369.0--9240072.0": 0.7618967973340547, "8807369.0--9222353.0": 0.7453594345286668, "8807369.0--9222293.0": 0.7307002588317264, "8807369.0--9222089.0": 0.7537143978977313, "8807369.0--9228893.0": 0.7472648916434632, "8807369.0--9224192.0": 0.7550247366090441, "8807369.0--9222289.0": 0.7546444927464376, "8807369.0--9222038.0": 0.7478099803554203, "8807369.0--9229072.0": 0.7232393986294265, "8807369.0--9222295.0": 0.7783095921789767, "8807369.0--9222342.0": 0.7285859353137714, "8807369.0--9241407.0": 0.7293781424869763, "8807369.0--9288884.0": 0.7324445209979517, "8807369.0--9222351.0": 0.7416900283935561, "8807369.0--9223669.0": 0.730880898185902, "8807369.0--9222315.0": 0.7339252955652223, "8807369.0--9222335.0": 0.7612237211968409, "8807369.0--9222327.0": 0.7272931877932143, "8807369.0--9233469.0": 0.7373895785021516, "8807369.0--9226461.0": 0.7331753449982221, "8807369.0--9238508.0": 0.7512698587618168, "8807369.0--9222266.0": 0.7805279738655029, "8807369.0--9225008.0": 0.7483641635084733, "8807369.0--9290431.0": 0.7580538299347158, "8807369.0--9239918.0": 0.728428469004937, "8807369.0--9231271.0": 0.7449771586620464, "8807369.0--9222313.0": 0.7878215703056157, "8807369.0--9231268.0": 0.7506675445375766, "8807369.0--9222035.0": 0.744338840812909, "8807369.0--9222091.0": 0.7484455075370524, "8807369.0--9229515.0": 0.7468539244691188, "8807369.0--9222301.0": 0.7668106757185769, "8807369.0--9222358.0": 0.7363359996045289, "8807369.0--9229135.0": 0.7771387633766843, "8807369.0--9222047.0": 0.7227099287213643, "8807369.0--9222272.0": 0.746298176868523,