{"9222343.0--9233264.0": 0.8050353596677282, "9233264.0--9308621.0": 0.7805674676301759, "9233264.0--9308625.0": 0.819661404280764, "9233264.0--9241744.0": 0.7975705271407704, "9233264.0--9308629.0": 0.8344975778897933, "9222068.0--9233264.0": 0.784462248493657, "9222248.0--9233264.0": 0.8041221786752135, "9222274.0--9233264.0": 0.8118663117140942, "9229116.0--9233264.0": 0.8325434115022253, "9233264.0--9233993.0": 0.8080104638090295, "9233264.0--9308623.0": 0.80718748263512, "9222553.0--9233264.0": 0.7883358321997329, "9222341.0--9233264.0": 0.8213373196462662, "9222346.0--9233264.0": 0.8029913190108771, "9233264.0--9308628.0": 0.8267428643075404, "9222294.0--9233264.0": 0.831399605007552, "9233264.0--9241732.0": 0.8224860008934982, "9222060.0--9233264.0": 0.8243946161527028, "9222280.0--9233264.0": 0.8434649825066882}