{"8440840.0--8440853.0": 0.8045839944144324, "8440853.0--8440857.0": 0.8285143249083037, "8440853.0--8449328.0": 0.7848267627628579, "8440829.0--8440853.0": 0.8590836569048119, "8440807.0--8440853.0": 0.7606607515207923, "8440831.0--8440853.0": 0.7908036595072067, "8440852.0--8440853.0": 0.7896623172759433, "8440841.0--8440853.0": 0.7661815047568509, "8440853.0--8440859.0": 0.7596785931437252, "8440821.0--8440853.0": 0.780303898112676, "8440842.0--8440853.0": 0.7694608414110753, "8440853.0--8443131.0": 0.7487576398888051, "8440815.0--8440853.0": 0.7844370593289115, "8440853.0--8500765.0": 0.7942547428691, "8440804.0--8440853.0": 0.7859703148279855, "8440853.0--8454276.0": 0.789269438605033, "8440853.0--8464305.0": 0.7903757630250612, "8440853.0--8494828.0": 0.7585996211048514, "8440825.0--8440853.0": 0.759379542533341, "8440814.0--8440853.0": 0.8151973772929446, "8440838.0--8440853.0": 0.8257002394865175, "8440853.0--8440855.0": 0.8327988773898244, "8440853.0--8454489.0": 0.8138645344895197, "8440834.0--8440853.0": 0.7402261773074607, "8440826.0--8440853.0": 0.8322581712206205, "8440823.0--8440853.0": 0.7918937514393422, "8440845.0--8440853.0": 0.8103441706581611, "8440810.0--8440853.0": 0.7977505984948905, "8440806.0--8440853.0": 0.7819095897172874, "8440817.0--8440853.0": 0.83731296769312, "8440813.0--8440853.0": 0.8104313813243482, "8440853.0--8443125.0": 0.7733561699867866, "8440853.0--8456575.0": 0.8171855276218853, "8440853.0--8440860.0": 0.7778759468079677, "8440853.0--8454343.0": 0.8002522787870622, "8440803.0--8440853.0": 0.7756769313966441, "8440853.0--8454344.0": 0.8157603907213543, "8440853.0--8440854.0": 0.8327438315095085, "8440853.0--8454346.0": 0.8851806939035869, "8440827.0--8440853.0": 0.7670488175391146, "8440836.0--8440853.0": 0.7789182495988763, "8440844.0--8440853.0": 0.7981481301568929, "8440808.0--8440853.0": 0.8027395680584499, "8440837.0--8440853.0": 0.8198462919431899, "8440853.0--8440858.0": 0.7573760567077689, "8440820.0--8440853.0": 0.7856792317941208, "8440833.0--8440853.0": 0.7646423357504546, "8440853.0--8444072.0": 0.7684475965782652, "8440812.0--8440853.0": 0.82672815819114, "8440809.0--8440853.0": 0.8487803138053638, "8440853.0--8454904.0": 0.7814587495466891, "8440846.0--8440853.0": 0.797928184845671, "8440830.0--8440853.0": 0.7870873362701167, "8440853.0--8444077.0": 0.7821937510584657, "8440847.0--8440853.0": 0.8222159653362597, "8440849.0--8440853.0": 0.8057458503502906, "8440853.0--8443124.0": 0.7915919071299667, "8440843.0--8440853.0": 0.8392085915306782, "8440853.0--8807265.0": 0.7541349935715905, "8440853.0--8816695.0": 0.8176460085058085, "8440853.0--8805426.0": 0.7797844039249727, "8440853.0--8805421.0": 0.8009516017495243, "8440853.0--8812684.0": 0.7695878867823882, "8440853.0--8805461.0": 0.8259450621057256, "8440853.0--8807255.0": 0.7644295015401489, "8440853.0--8805460.0": 0.7593925592135521, "8440853.0--8807292.0": 0.7985971442509087, "8440853.0--8807354.0": 0.7746753402358475, "8440853.0--8809711.0": 0.7927349919012137, "8440853.0--8805422.0": 0.7910729835892787, "8440853.0--8805424.0": 0.7885943708613123, "8440853.0--8794517.0": 0.793138429400646, "8440853.0--8805451.0": 0.7512649388670329, "8440853.0--8807223.0": 0.7579235425261778, "8440853.0--8794560.0": 0.7866012458008615, "8440853.0--8481543.0": 0.7875350703468075, "8440853.0--8802285.0": 0.7077960826312973, "8440853.0--8807245.0": 0.8148067518643103, "8440853.0--8805456.0": 0.8042201393681774, "8440853.0--8827944.0": 0.7444824802722847, "8440853.0--8807296.0": 0.8137119498559324, "8440853.0--8827951.0": 0.7667755730865851, "8440853.0--8854335.0": 0.7745122279391463, "8440853.0--8805446.0": 0.7660271445498453, "8440853.0--8805436.0": 0.7894485231712574, "8440853.0--8805433.0": 0.7619246042928046, "8440853.0--8546802.0": 0.8063131984056231, "8440853.0--8805427.0": 0.8166419565733634, "8440853.0--8836120.0": 0.812735177570657, "8440853.0--8794768.0": 0.8609400442515944, "8440853.0--8809750.0": 0.8069569727113235, "8440853.0--8820172.0": 0.8253263738080482, "8440853.0--8476234.0": 0.828123425835767, "8440853.0--8807314.0": 0.7687370014282777, "8440853.0--8794520.0": 0.8120147756812808, "8440853.0--8805452.0": 0.8168670210185754, "8440853.0--8805462.0": 0.776061684003468, "8440853.0--8807275.0": 0.7918804000320745, "8419285.0--8440853.0": 0.817949862604131, "8440853.0--8807379.0": 0.8090344201069766, "8440853.0--8807234.0": 0.8286329425774159, "8423100.0--8440853.0": 0.8046957299024216, "8440853.0--8805455.0": 0.7430605237931525, "8440853.0--8727493.0": 0.7434044351107425, "8440853.0--8807369.0": 0.7454342996465606, "8440853.0--8532319.0": 0.7597900894817597, "8419325.0--8440853.0": 0.777650910818831, "8440853.0--8805430.0": 0.7995346757940237, "8440853.0--8807301.0": 0.7673004269787954, "8440853.0--8713940.0": 0.8114787352522748, "8440853.0--8637795.0": 0.8173113338982778, "7999244.0--8440853.0": 0.8165134449597877, "8440853.0--8805439.0": 0.7867289145682117, "8440853.0--8805428.0": 0.8345757551349091, "8440853.0--8809223.0": 0.823281608356383, "8440853.0--8795584.0": 0.7926269711798877, "8440853.0--8807264.0": 0.7584027513865234, "8440853.0--8805431.0": 0.8108338306459257, "8440853.0--8453863.0": 0.7843273047869711, "8400404.0--8440853.0": 0.7757265704753606, "8440853.0--8809834.0": 0.7895728299923426, "8440853.0--8663447.0": 0.7763321364345255, "8440853.0--8807213.0": 0.8358554454872439, "8440853.0--8640251.0": 0.785893723364492, "8440853.0--8807220.0": 0.8146526014786521, "8440853.0--8617736.0": 0.775505475503914, "8440853.0--8617746.0": 0.7801340242752557, "8440853.0--8640072.0": 0.7841287749686339, "8440853.0--8636208.0": 0.8015573718303254, "8440853.0--8805458.0": 0.8012063162033469, "8440853.0--8807271.0": 0.8168603039913431, "8440853.0--8809678.0": 0.7938331508714012, "8440853.0--8807226.0": 0.8019101357981386, "8440853.0--8805467.0": 0.8043944285275894, "8440853.0--8611113.0": 0.787627136307112, "8440853.0--8854316.0": 0.7822648099524177, "8440853.0--8794607.0": 0.8088976054067079, "8440853.0--8805418.0": 0.7930665810368022, "8440853.0--8836087.0": 0.8211110478414674, "8440853.0--8807283.0": 0.7804368511366462, "8440853.0--8820171.0": 0.7864651134717883, "8440853.0--8807288.0": 0.7571917800863927, "8440853.0--8807302.0": 0.7567225464115761, "8440853.0--8805466.0": 0.7727749678275986, "8440853.0--8807351.0": 0.7906919229219013, "8440853.0--8805420.0": 0.794750893843863, "8440853.0--8807299.0": 0.7728195388891801, "8440853.0--8812988.0": 0.7857024563777464, "8440853.0--8807294.0": 0.784701232756893, "8440853.0--8805434.0": 0.810653761174301, "8440853.0--8732351.0": 0.7691533107912734, "8440853.0--8807232.0": 0.772909713963221, "8419271.0--8440853.0": 0.7818136597577039, "8440853.0--8625484.0": 0.8005913788042545, "8440853.0--8807349.0": 0.8069109719029907, "8440853.0--8809730.0": 0.7937479730620707, "8440853.0--8730513.0": 0.790073457317343, "8440853.0--8809833.0": 0.8030621673399525, "8440853.0--8523628.0": 0.7714182429803229, "8434356.0--8440853.0": 0.7869552512401908, "8440853.0--8807303.0": 0.8085097522393059, "8440853.0--8811606.0": 0.8103891453475867, "8440853.0--8807244.0": 0.8417123372413118, "8440853.0--8490694.0": 0.8427552001636167, "8440853.0--8809844.0": 0.8419438481441345, "8440853.0--8809850.0": 0.8310038716747922, "8440853.0--8805445.0": 0.8133286310798826, "8412138.0--8440853.0": 0.8008421898413252, "8440853.0--8807247.0": 0.8234605171832404, "8440853.0--8848845.0": 0.8330701986475446, "8440853.0--8695851.0": 0.8020138832146764, "8440853.0--8713907.0": 0.8220735024168204, "8440853.0--8809847.0": 0.7911165499644426, "8440853.0--8727480.0": 0.8000472380984865, "8440853.0--8706590.0": 0.7828517395512905, "8440853.0--8735916.0": 0.7854086512216689, "8440853.0--8474512.0": 0.7804708267751599, "8440853.0--8809845.0": 0.7654405817751875, "8440853.0--8540796.0": 0.8193318380979869, "8440853.0--8807233.0": 0.796889245292022, "8440853.0--8617747.0": 0.7556326520745404, "8440853.0--8474486.0": 0.7789290711513701,