{"9233993.0--9308623.0": 0.7888275648438524, "9222553.0--9233993.0": 0.7729291991538525, "9222341.0--9233993.0": 0.8026244148710842, "9222346.0--9233993.0": 0.7764604072289903, "9233993.0--9308628.0": 0.8014424230026979, "9222294.0--9233993.0": 0.786413104698882, "9233993.0--9241732.0": 0.7792392680341276, "9222060.0--9233993.0": 0.8087795544441068, "9222280.0--9233993.0": 0.805372340667953}