{"9217981.0--9224153.0": 0.7666104189082262, "9217981.0--9286505.0": 0.8124943231525847, "9216512.0--9217981.0": 0.8118828796346387, "9216579.0--9217981.0": 0.801544696187555, "9217981.0--9222249.0": 0.8065951377276395, "9217981.0--9222367.0": 0.7762083277497946, "9217981.0--9222325.0": 0.7619169805385929, "9217981.0--9222510.0": 0.7590289025981156, "9217981.0--9246250.0": 0.7868307473454725, "9217981.0--9308627.0": 0.8128060690527016, "9217981.0--9224186.0": 0.840405970223461, "9217981.0--9229232.0": 0.7545570507266214, "9217981.0--9226404.0": 0.8125918060560291, "9217981.0--9308631.0": 0.7881333767150721, "9217981.0--9222255.0": 0.7892224299707438, "9217981.0--9222261.0": 0.7797919477560966, "9217981.0--9222338.0": 0.7513941013446963, "9217981.0--9222284.0": 0.803793995830996, "9217981.0--9230430.0": 0.8109825959539072, "9217981.0--9308622.0": 0.7554176719872977, "9217981.0--9286903.0": 0.7637823426250294, "9217981.0--9234473.0": 0.7807489281589833, "9217981.0--9241426.0": 0.8441977832189788, "9217981.0--9222269.0": 0.799379387376785, "9217981.0--9237999.0": 0.8225777136035408, "9217981.0--9222072.0": 0.8163198228644722, "9217981.0--9224197.0": 0.7878147781649849, "9217981.0--9246282.0": 0.7872408054176574, "9217981.0--9222314.0": 0.797168224996497, "9217981.0--9222357.0": 0.7761786519108568, "9217981.0--9222086.0": 0.7387870864963897, "9217981.0--9222360.0": 0.8302938197079538, "9217981.0--9222065.0": 0.7908064343578747, "9217981.0--9228894.0": 0.8350837385304188, "9217981.0--9233264.0": 0.8079575260283662, "9217981.0--9222343.0": 0.7724851328698186, "9217981.0--9308621.0": 0.763405529924484, "9217981.0--9308625.0": 0.8367367004112594, "9217981.0--9241744.0": 0.7950869942394773, "9217981.0--9308629.0": 0.8285260345665746, "9217981.0--9222068.0": 0.7701016943725948, "9217981.0--9222248.0": 0.8002939048967772, "9217981.0--9222274.0": 0.7875908084913044, "9217981.0--9229116.0": 0.8150224134558598, "9217981.0--9233993.0": 0.7501336777608751, "9217981.0--9308623.0": 0.8452850544721229, "9217981.0--9222553.0": 0.8048698983313114, "9217981.0--9222341.0": 0.816665232334471, "9217981.0--9222346.0": 0.8178520935092104, "9217981.0--9308628.0": 0.7913935722317672, "9217981.0--9222294.0": 0.7915904366471945, "9217981.0--9241732.0": 0.8487985532755248, "9217981.0--9222060.0": 0.8252139359030901, "9217981.0--9222280.0": 0.8184110734006405}