{"8673661.0--8805443.0": 0.8178149592795563, "8805419.0--8805443.0": 0.7659654776145892, "8451903.0--8805443.0": 0.777294856139034, "8805429.0--8805443.0": 0.8042413183443766, "8805443.0--8809846.0": 0.7999372656443833, "8805443.0--8809832.0": 0.8015492226765991, "8413174.0--8805443.0": 0.7650915732419026, "8494817.0--8805443.0": 0.7936000653759991, "8637778.0--8805443.0": 0.7778926876820564, "8805443.0--8809742.0": 0.8156637751794101, "8805443.0--8807280.0": 0.8249064601355035, "8805443.0--8807274.0": 0.8176158755626096, "8805443.0--9216586.0": 0.7777601336632451, "8805443.0--9237132.0": 0.826044281712732, "8805443.0--9216572.0": 0.7831741596252536, "8805443.0--9217952.0": 0.8013022026296613, "8805443.0--9217931.0": 0.8329173719896081, "8805443.0--9216507.0": 0.7919707980470596, "8805443.0--9222368.0": 0.8093207205681838, "8805443.0--9220137.0": 0.7927202729973302, "8805443.0--9233460.0": 0.7676506403885041, "8805443.0--9222263.0": 0.7284004268135656, "8805443.0--9293003.0": 0.7881052149533331, "8805443.0--9222102.0": 0.8339571739649374, "8805443.0--9222323.0": 0.8184100290704717, "8805443.0--9222287.0": 0.7757594798372701, "8805443.0--9223736.0": 0.8151019288403963, "8805443.0--9224191.0": 0.7716893114853524, "8805443.0--9222251.0": 0.7812313342007936, "8805443.0--9229242.0": 0.81629516209367, "8805443.0--9282195.0": 0.7549203019585201, "8805443.0--9222098.0": 0.815883205483642, "8805443.0--9234027.0": 0.7871983218814977, "8805443.0--9246308.0": 0.8033702781101466, "8805443.0--9240072.0": 0.7877588384853096, "8805443.0--9222353.0": 0.805797756257014, "8805443.0--9222293.0": 0.8137976405926745, "8805443.0--9222089.0": 0.7907108142530308, "8805443.0--9228893.0": 0.8135506878171279, "8805443.0--9224192.0": 0.7781361934701793, "8805443.0--9222289.0": 0.7926212184141934, "8805443.0--9222038.0": 0.7890926669362666, "8805443.0--9229072.0": 0.8092647544330878, "8805443.0--9222295.0": 0.8129721469172235, "8805443.0--9222342.0": 0.7676290408973911, "8805443.0--9241407.0": 0.7785133899790012, "8805443.0--9288884.0": 0.8279013709531542, "8805443.0--9222351.0": 0.795506441025483, "8805443.0--9223669.0": 0.7985163348500897, "8805443.0--9222315.0": 0.8355218416469491, "8805443.0--9222335.0": 0.7971272755786161, "8805443.0--9222327.0": 0.8155198717957767, "8805443.0--9233469.0": 0.7896787236017675, "8805443.0--9226461.0": 0.808836604986943, "8805443.0--9238508.0": 0.8359746245297548, "8805443.0--9222266.0": 0.795330796719925, "8805443.0--9225008.0": 0.8133166511490741, "8805443.0--9290431.0": 0.8051036680936094, "8805443.0--9239918.0": 0.8141278865231759, "8805443.0--9231271.0": 0.7856126766876725, "8805443.0--9222313.0": 0.8069452978116984, "8805443.0--9231268.0": 0.7685431345441741, "8805443.0--9222035.0": 0.7489638339469666, "8805443.0--9222091.0": 0.8053253746182466, "8805443.0--9229515.0": 0.7685836177740765, "8805443.0--9222301.0": 0.8032083405762642, "8805443.0--9222358.0": 0.7967531594446557, "8805443.0--9229135.0": 0.8372020325090277, "8805443.0--9222047.0": 0.8133800566057802, "8805443.0--9222272.0": 0.7935572461349774, "8805443.0--9222110.0": 0.8005774959583318, "8805443.0--9222364.0": 0.8213184944611042, "8805443.0--9222088.0": 0.790169828677048, "8805443.0--9216518.0": 0.7849626948290063, "8805443.0--9222309.0": 0.7726268861257699, "8805443.0--9216595.0": 0.7596594557671288, "8805443.0--9216538.0": 0.7646851444364137, "8805443.0--9216549.0": 0.7593348332364867, "8805443.0--9216559.0": 0.8286505216934986, "8805443.0--9222376.0": 0.7476913683787392, "8805443.0--9222374.0": 0.8048323777640501, "8805443.0--9224194.0": 0.7786997290284886, "8805443.0--9222254.0": 0.7719559105469823, "8805443.0--9222049.0": 0.756149729867144, "8805443.0--9222562.0": 0.7637543191155971, "8805443.0--9226126.0": 0.7518071684488723, "8805443.0--9240062.0": 0.8005033091969986, "8805443.0--9226101.0": 0.7666417962326235, "8805443.0--9222377.0": 0.7516770351823774, "8805443.0--9233392.0": 0.7883181538734051, "8805443.0--9222093.0": 0.756049018634568, "8805443.0--9224154.0": 0.7460070048742222, "8805443.0--9240061.0": 0.7489575322096559, "8805443.0--9222512.0": 0.7925470025810661, "8805443.0--9241413.0": 0.7874775493828516, "8805443.0--9224646.0": 0.7578684575585404, "8805443.0--9222372.0": 0.7332662170234866, "8805443.0--9222253.0": 0.7851493408137378, "8805443.0--9222092.0": 0.820212952537163, "8805443.0--9222271.0": 0.8010903593172579, "8805443.0--9230431.0": 0.7746069901897747, "8805443.0--9222076.0": 0.7920889242912719, "8805443.0--9222053.0": 0.7698707928816627, "8805443.0--9216532.0": 0.8086117507158066, "8805443.0--9222085.0": 0.7926148116570804, "8805443.0--9216629.0": 0.8099789860395026, "8805443.0--9308630.0": 0.7979515647464573, "8805443.0--9308624.0": 0.773119081911411, "8805443.0--9219240.0": 0.8048539075690921, "8805443.0--9216630.0": 0.785609320793034, "8805443.0--9217981.0": 0.8180373463782793, "8805443.0--9224153.0": 0.7774758221283555, "8805443.0--9286505.0": 0.7876086305826083, "8805443.0--9216512.0": 0.8092113602642752, "8805443.0--9216579.0": 0.7982830325242808, "8805443.0--9222249.0": 0.8020758323188835, "8805443.0--9222367.0": 0.7852878188289553, "8805443.0--9222325.0": 0.7493047664503842, "8805443.0--9222510.0": 0.7565340750392379, "8805443.0--9246250.0": 0.8002782156809618, "8805443.0--9308627.0": 0.8189577308609679, "8805443.0--9224186.0": 0.8109240845348065, "8805443.0--9229232.0": 0.7699919926617377, "8805443.0--9226404.0": 0.7622742939810255, "8805443.0--9308631.0": 0.7797491151995579, "8805443.0--9222255.0": 0.8160100204943482, "8805443.0--9222261.0": 0.7926653266097965, "8805443.0--9222338.0": 0.7741272884125396, "8805443.0--9222284.0": 0.821358097431333, "8805443.0--9230430.0": 0.8030776336710849, "8805443.0--9308622.0": 0.7738926603468188, "8805443.0--9286903.0": 0.7494023840542499, "8805443.0--9234473.0": 0.7492965032248655, "8805443.0--9241426.0": 0.8302380383021487, "8805443.0--9222269.0": 0.8164128295643711, "8805443.0--9237999.0": 0.8118853111207238, "8805443.0--9222072.0": 0.8123413272395483, "8805443.0--9224197.0": 0.7984146052630414, "8805443.0--9246282.0": 0.8024483260950189, "8805443.0--9222314.0": 0.7973410640621248, "8805443.0--9222357.0": 0.7914439445538282, "8805443.0--9222086.0": 0.7750630231115276, "8805443.0--9222360.0": 0.8202287712196512, "8805443.0--9222065.0": 0.7643577709289657, "8805443.0--9228894.0": 0.8154609093870853, "8805443.0--9233264.0": 0.811343227212564, "8805443.0--9222343.0": 0.7755934173662177, "8805443.0--9308621.0": 0.7851694515329857, "8805443.0--9308625.0": 0.8043044257523476, "8805443.0--9241744.0": 0.8058961167165707, "8805443.0--9308629.0": 0.7831959867650391, "8805443.0--9222068.0": 0.7804147230733236, "8805443.0--9222248.0": 0.7804819703382817, "8805443.0--9222274.0": 0.8089808444738553, "8805443.0--9229116.0": 0.8192122967491245, "8805443.0--9233993.0": 0.786188900479148, "8805443.0--9308623.0": 0.7914940433071656, "8805443.0--9222553.0": 0.7947639617294475, "8805443.0--9222341.0": 0.8175664523743118, "8805443.0--9222346.0": 0.808936689961017, "8805443.0--9308628.0": 0.8121352812290851, "8805443.0--9222294.0": 0.800291269174522, "8805443.0--9241732.0": 0.8006114124391615, "8805443.0--9222060.0": 0.8145604545322772, "8805443.0--9222280.0": 0.8267032806038518}