{"8585484.0--8585487.0": 0.7837029060310704, "8585487.0--8585505.0": 0.7751956434906797, "8585487.0--8585594.0": 0.8277413973953891, "8585487.0--8585498.0": 0.7965011842301873, "8585487.0--8585613.0": 0.8129312823914743, "8585487.0--8585638.0": 0.8066235803549674, "8585487.0--8585647.0": 0.8119669721967618, "8585487.0--8585646.0": 0.7957929044166533, "8585487.0--8585658.0": 0.7986394297356122, "8585487.0--8585669.0": 0.8118627244479927, "8585487.0--8585665.0": 0.7868579660924753, "8585487.0--8585720.0": 0.8308778991814599, "8585487.0--8585733.0": 0.7938201448656177, "8585487.0--8585721.0": 0.8024374509400534, "8454906.0--8585487.0": 0.786131191133925, "8457259.0--8585487.0": 0.7928714067597402, "8440091.0--8585487.0": 0.798073568235627, "8440097.0--8585487.0": 0.7568794823029387, "8440049.0--8585487.0": 0.781492146292967, "8440034.0--8585487.0": 0.7680174998173266, "8454905.0--8585487.0": 0.7607862402418444, "8440039.0--8585487.0": 0.827105539880474, "8440086.0--8585487.0": 0.7618774239966251, "8445644.0--8585487.0": 0.7684465714108165, "8494830.0--8585487.0": 0.7791326415369026, "8440038.0--8585487.0": 0.8236449711016584, "8440110.0--8585487.0": 0.7991273400471626, "8440109.0--8585487.0": 0.7740187005913401, "8453873.0--8585487.0": 0.7580404295698868, "8440115.0--8585487.0": 0.8060127549961502, "8467383.0--8585487.0": 0.7765022104447343, "8440120.0--8585487.0": 0.7824794012127761, "8440076.0--8585487.0": 0.7802411531658396, "8440043.0--8585487.0": 0.7722693830732006, "8467535.0--8585487.0": 0.8124623646571434, "8440121.0--8585487.0": 0.8168026193819196, "8440044.0--8585487.0": 0.7826208409198837, "8440089.0--8585487.0": 0.77759024719893, "8440052.0--8585487.0": 0.8043281352858176, "8440085.0--8585487.0": 0.8300195598115738, "8440070.0--8585487.0": 0.7944000169850669, "8440048.0--8585487.0": 0.8112339674880643, "8440118.0--8585487.0": 0.8098734617565894, "8440081.0--8585487.0": 0.7589356083538759, "8440102.0--8585487.0": 0.790980734257256, "8440080.0--8585487.0": 0.8372707508354367, "8440096.0--8585487.0": 0.7655824795311732, "8440124.0--8585487.0": 0.7820087931826112, "8440063.0--8585487.0": 0.794467331241057, "8440037.0--8585487.0": 0.8014085346808866, "8440040.0--8585487.0": 0.7757400407115318, "8440056.0--8585487.0": 0.7767616492262749, "8440116.0--8585487.0": 0.7801270920392119, "8444102.0--8585487.0": 0.776476507636342, "8440824.0--8585487.0": 0.7950541764694491, "8493612.0--8585487.0": 0.7518947517838577, "8440850.0--8585487.0": 0.8321643464129884, "8456856.0--8585487.0": 0.8082686905424101, "8447439.0--8585487.0": 0.78139888294796, "8440805.0--8585487.0": 0.7752515742024497, "8440811.0--8585487.0": 0.8125549189324955, "8440856.0--8585487.0": 0.8445621362125086, "8440822.0--8585487.0": 0.7913303473016338, "8440828.0--8585487.0": 0.9033456701353918, "8440851.0--8585487.0": 0.802466445627019, "8457476.0--8585487.0": 0.8113872644318603, "8440848.0--8585487.0": 0.7765937384437058, "8440839.0--8585487.0": 0.7811012524435486, "8443395.0--8585487.0": 0.7997505253405225, "8440832.0--8585487.0": 0.8088467883764695, "8440816.0--8585487.0": 0.8118529834719903, "8440835.0--8585487.0": 0.7987315438654606, "8440818.0--8585487.0": 0.8388333127110708, "8440853.0--8585487.0": 0.8099179676714036, "8440840.0--8585487.0": 0.8290025355724979, "8440857.0--8585487.0": 0.8162098369055739, "8449328.0--8585487.0": 0.7916142284135657, "8440829.0--8585487.0": 0.8202252978164883, "8440807.0--8585487.0": 0.7744677590598222, "8440831.0--8585487.0": 0.8107414522230525, "8440852.0--8585487.0": 0.8259889971828526, "8440841.0--8585487.0": 0.7769982036915213, "8440859.0--8585487.0": 0.7820507271634863, "8440821.0--8585487.0": 0.8033036980001015, "8440842.0--8585487.0": 0.7984674796203525, "8443131.0--8585487.0": 0.7506170727153121, "8440815.0--8585487.0": 0.7985412275976161, "8500765.0--8585487.0": 0.8318892703721275, "8440804.0--8585487.0": 0.8035429090942241, "8454276.0--8585487.0": 0.8040901362035074, "8464305.0--8585487.0": 0.7903565104294492, "8494828.0--8585487.0": 0.8008603412458425, "8440825.0--8585487.0": 0.7863227797673368, "8440814.0--8585487.0": 0.8156382111943941, "8440838.0--8585487.0": 0.8178920555647552, "8440855.0--8585487.0": 0.8254300275291389, "8454489.0--8585487.0": 0.8283066556749711, "8440834.0--8585487.0": 0.7583885371742373, "8440826.0--8585487.0": 0.8384392344827933, "8440823.0--8585487.0": 0.7995290797626513, "8440845.0--8585487.0": 0.8261275500839459, "8440810.0--8585487.0": 0.8342257221504534, "8440806.0--8585487.0": 0.7726795693994926, "8440817.0--8585487.0": 0.7992332125493473, "8440813.0--8585487.0": 0.8292061333568396, "8443125.0--8585487.0": 0.7800464636965136, "8456575.0--8585487.0": 0.8183303250744399, "8440860.0--8585487.0": 0.8155454871825, "8454343.0--8585487.0": 0.8230409980675365, "8440803.0--8585487.0": 0.8088174498539752, "8454344.0--8585487.0": 0.829378739545373, "8440854.0--8585487.0": 0.8480290932432183, "8454346.0--8585487.0": 0.8081872778110184, "8440827.0--8585487.0": 0.798438877289346, "8440836.0--8585487.0": 0.795434686806473, "8440844.0--8585487.0": 0.8319905325631848, "8440808.0--8585487.0": 0.8240048675044278, "8440837.0--8585487.0": 0.8135384248447275, "8440858.0--8585487.0": 0.7896977769555362, "8440820.0--8585487.0": 0.8038764338260703, "8440833.0--8585487.0": 0.803779900731651, "8444072.0--8585487.0": 0.8011487291194145, "8440812.0--8585487.0": 0.855138041234683, "8440809.0--8585487.0": 0.8117011858636518, "8454904.0--8585487.0": 0.7921277992637556, "8440846.0--8585487.0": 0.8193613563225204, "8440830.0--8585487.0": 0.7922795407432586, "8444077.0--8585487.0": 0.7779785275869648, "8440847.0--8585487.0": 0.8160820789499029, "8440849.0--8585487.0": 0.804463327425254, "8443124.0--8585487.0": 0.8506973176178084, "8440843.0--8585487.0": 0.8152479364286789, "8585487.0--8807265.0": 0.7986144757093183, "8585487.0--8816695.0": 0.8320868990354626, "8585487.0--8805426.0": 0.7779171597692784, "8585487.0--8805421.0": 0.7862401168881781, "8585487.0--8812684.0": 0.7976838351789566, "8585487.0--8805461.0": 0.7915020478457949, "8585487.0--8807255.0": 0.7665678353790419, "8585487.0--8805460.0": 0.7776882832927352, "8585487.0--8807292.0": 0.8121770606719445, "8585487.0--8807354.0": 0.8124199949212434, "8585487.0--8809711.0": 0.7979628581013735, "8585487.0--8805422.0": 0.7988550856568164, "8585487.0--8805424.0": 0.8140222739402446, "8585487.0--8794517.0": 0.7779163999948284, "8585487.0--8805451.0": 0.7860832535542128, "8585487.0--8807223.0": 0.7532527093587198, "8585487.0--8794560.0": 0.801427461159208, "8481543.0--8585487.0": 0.7989481152153592, "8585487.0--8802285.0": 0.7565378517764202, "8585487.0--8807245.0": 0.8190004112428652, "8585487.0--8805456.0": 0.7680662787826086, "8585487.0--8827944.0": 0.7708625686658167, "8585487.0--8807296.0": 0.7896043929945691, "8585487.0--8827951.0": 0.7527799796848816, "8585487.0--8854335.0": 0.8211210153281423, "8585487.0--8805446.0": 0.8178158272512306, "8585487.0--8805436.0": 0.7978083324794777, "8585487.0--8805433.0": 0.7821911567680506, "8546802.0--8585487.0": 0.8219605291083041, "8585487.0--8805427.0": 0.83032607926783, "8585487.0--8836120.0": 0.835354098063175, "8585487.0--8794768.0": 0.8184324116062487, "8585487.0--8809750.0": 0.7998058876474919, "8585487.0--8820172.0": 0.8313889001492282, "8476234.0--8585487.0": 0.8113714688462339, "8585487.0--8807314.0": 0.7774741831222565, "8585487.0--8794520.0": 0.8345143556647417, "8585487.0--8805452.0": 0.8454373380338056, "8585487.0--8805462.0": 0.7834449507253941, "8585487.0--8807275.0": 0.8333276086514162, "8419285.0--8585487.0": 0.8113250215509653, "8585487.0--8807379.0": 0.8263101591823867, "8585487.0--8807234.0": 0.8351657663495777, "8423100.0--8585487.0": 0.8277920033998187, "8585487.0--8805455.0": 0.7792856596118981, "8585487.0--8727493.0": 0.7507035215421085, "8585487.0--8807369.0": 0.7521410817659622, "8532319.0--8585487.0": 0.798856305010625, "8419325.0--8585487.0": 0.7779920401287538, "8585487.0--8805430.0": 0.7882590925512105,