{"9216579.0--9222249.0": 0.8172007812954643, "9216579.0--9222367.0": 0.7708919089334842, "9216579.0--9222325.0": 0.7525854518060711, "9216579.0--9222510.0": 0.7531674368651664, "9216579.0--9246250.0": 0.802157914211628, "9216579.0--9308627.0": 0.8228960314071849, "9216579.0--9224186.0": 0.8327846616329022, "9216579.0--9229232.0": 0.7967165588937659, "9216579.0--9226404.0": 0.771048428053387, "9216579.0--9308631.0": 0.7907779638398167, "9216579.0--9222255.0": 0.7968423589380644, "9216579.0--9222261.0": 0.7905324822376852, "9216579.0--9222338.0": 0.792499429084401, "9216579.0--9222284.0": 0.8359842960603087, "9216579.0--9230430.0": 0.812487575265002, "9216579.0--9308622.0": 0.7730349061480966, "9216579.0--9286903.0": 0.7539509042382556, "9216579.0--9234473.0": 0.7707693324500715, "9216579.0--9241426.0": 0.8231634236357529, "9216579.0--9222269.0": 0.7740862155869144, "9216579.0--9237999.0": 0.8083404686090088, "9216579.0--9222072.0": 0.8215249161949929, "9216579.0--9224197.0": 0.8158020640639376, "9216579.0--9246282.0": 0.8038929306144907, "9216579.0--9222314.0": 0.7794135440040314, "9216579.0--9222357.0": 0.79621494075329, "9216579.0--9222086.0": 0.7959774768484151, "9216579.0--9222360.0": 0.8063850317764798, "9216579.0--9222065.0": 0.7737581943388823, "9216579.0--9228894.0": 0.8209273193194009, "9216579.0--9233264.0": 0.8081688605239237, "9216579.0--9222343.0": 0.7923580579417395, "9216579.0--9308621.0": 0.7830353803156591, "9216579.0--9308625.0": 0.8181066275827428, "9216579.0--9241744.0": 0.7845295013561754, "9216579.0--9308629.0": 0.7956946166922296, "9216579.0--9222068.0": 0.7603101823688605, "9216579.0--9222248.0": 0.7729652490812815, "9216579.0--9222274.0": 0.8068882366681491, "9216579.0--9229116.0": 0.811538094841294, "9216579.0--9233993.0": 0.7704673625003251, "9216579.0--9308623.0": 0.7757594911552523, "9216579.0--9222553.0": 0.7889073246911621, "9216579.0--9222341.0": 0.8237490903324586, "9216579.0--9222346.0": 0.8038014295979612, "9216579.0--9308628.0": 0.8075742860569655, "9216579.0--9222294.0": 0.7987924093043063, "9216579.0--9241732.0": 0.791735462436926, "9216579.0--9222060.0": 0.81173762599329, "9216579.0--9222280.0": 0.8179761559211441}