{"8474486.0--8617747.0": 0.7395480384756219, "8474516.0--8617747.0": 0.7852681951906656, "8617747.0--8663650.0": 0.7535161065593136, "8617747.0--8663646.0": 0.7843916624017913, "8617747.0--8794553.0": 0.7618306626662943, "8617747.0--8863966.0": 0.7471719584967956, "8525340.0--8617747.0": 0.7315825251542116, "8617747.0--8805448.0": 0.7659290073288773, "8405549.0--8617747.0": 0.7528031479269964, "8611178.0--8617747.0": 0.738705077805337, "8617747.0--8827593.0": 0.7919543885324589, "8617747.0--8805463.0": 0.7562797870861955, "8617747.0--8805457.0": 0.773674141060636, "8617747.0--8805442.0": 0.7358739192802779, "8617747.0--8807266.0": 0.7691193437423735, "8617747.0--8813126.0": 0.7585774092476778, "8585103.0--8617747.0": 0.7514074500208694, "8617747.0--8807235.0": 0.7735358567398459, "8585048.0--8617747.0": 0.7697821828751468, "8617747.0--8809843.0": 0.7599717192361793, "8617747.0--8809842.0": 0.7627812486557072, "8617747.0--8842614.0": 0.7700550151961435, "8617747.0--8805441.0": 0.7236924406464971, "8617747.0--8809920.0": 0.7608295923896421, "8617747.0--8663312.0": 0.7348673020214318, "8477126.0--8617747.0": 0.7933373619054853, "8617747.0--8807224.0": 0.7686942318462985, "8617747.0--8807355.0": 0.7747789146385808, "8617747.0--8807320.0": 0.7415684878376725, "8617747.0--8665933.0": 0.7503503364540994, "8617747.0--8845772.0": 0.7881605651336963, "8617747.0--8812989.0": 0.75033906822574, "8617747.0--8636969.0": 0.7696807240452213, "8617747.0--8805450.0": 0.7750386798198547, "8617747.0--8807243.0": 0.7712394220694831, "8617747.0--8805443.0": 0.7557365601869251, "8617747.0--8673661.0": 0.7945058291651323, "8617747.0--8805419.0": 0.7851783718151427, "8451903.0--8617747.0": 0.740090882341608, "8617747.0--8805429.0": 0.7811602705574077, "8617747.0--8809846.0": 0.7332247724912294, "8617747.0--8809832.0": 0.7563711857343774, "8413174.0--8617747.0": 0.7537781595509067, "8494817.0--8617747.0": 0.7570402114569578, "8617747.0--8637778.0": 0.7755484635437617, "8617747.0--8809742.0": 0.7371762575957765, "8617747.0--8807280.0": 0.7622450203493109, "8617747.0--8807274.0": 0.787595270154931, "8617747.0--9216586.0": 0.7555202816869092, "8617747.0--9237132.0": 0.7640674089595204, "8617747.0--9216572.0": 0.7590640514444948, "8617747.0--9217952.0": 0.7510339194201131, "8617747.0--9217931.0": 0.7658517952859332, "8617747.0--9216507.0": 0.7717513562888738, "8617747.0--9222368.0": 0.7757956133492881, "8617747.0--9220137.0": 0.7626042279277433, "8617747.0--9233460.0": 0.7379132027690438, "8617747.0--9222263.0": 0.7523891270821821, "8617747.0--9293003.0": 0.7598634198590493, "8617747.0--9222102.0": 0.762757303445645, "8617747.0--9222323.0": 0.7511098839145851, "8617747.0--9222287.0": 0.7479303133570399, "8617747.0--9223736.0": 0.743029334253157, "8617747.0--9224191.0": 0.7856496780419284, "8617747.0--9222251.0": 0.7630381556360634, "8617747.0--9229242.0": 0.7648601198196809, "8617747.0--9282195.0": 0.7908786811195844, "8617747.0--9222098.0": 0.7737156228702128, "8617747.0--9234027.0": 0.7808116878045119, "8617747.0--9246308.0": 0.7560311950412463, "8617747.0--9240072.0": 0.7951825174155984, "8617747.0--9222353.0": 0.7779061214815646, "8617747.0--9222293.0": 0.7556696496449183, "8617747.0--9222089.0": 0.7539260145465403, "8617747.0--9228893.0": 0.7691440539846968, "8617747.0--9224192.0": 0.7471118908877487, "8617747.0--9222289.0": 0.7686293981009237, "8617747.0--9222038.0": 0.766483463926181, "8617747.0--9229072.0": 0.7820465327808819, "8617747.0--9222295.0": 0.755979769194646, "8617747.0--9222342.0": 0.7836020597518079, "8617747.0--9241407.0": 0.7368525986179247, "8617747.0--9288884.0": 0.753726880482266, "8617747.0--9222351.0": 0.7711207814208194, "8617747.0--9223669.0": 0.7655900746522005, "8617747.0--9222315.0": 0.7459517752549693, "8617747.0--9222335.0": 0.7912130984216882, "8617747.0--9222327.0": 0.7618064010076764, "8617747.0--9233469.0": 0.7613152882317151, "8617747.0--9226461.0": 0.7833695880204851, "8617747.0--9238508.0": 0.7837287767159061, "8617747.0--9222266.0": 0.7332372151625653, "8617747.0--9225008.0": 0.7552573154514438, "8617747.0--9290431.0": 0.7809773079146487, "8617747.0--9239918.0": 0.7459496122758998, "8617747.0--9231271.0": 0.7973051234910202, "8617747.0--9222313.0": 0.788911486021481, "8617747.0--9231268.0": 0.7681804617701737, "8617747.0--9222035.0": 0.7824513624764982, "8617747.0--9222091.0": 0.7760284973232113, "8617747.0--9229515.0": 0.7337519675241039, "8617747.0--9222301.0": 0.7857813958809339, "8617747.0--9222358.0": 0.7912251722860345, "8617747.0--9229135.0": 0.7833485230576461, "8617747.0--9222047.0": 0.752495135661964, "8617747.0--9222272.0": 0.7767518421171706, "8617747.0--9222110.0": 0.7797055372978652, "8617747.0--9222364.0": 0.7395995371825006, "8617747.0--9222088.0": 0.7587323382825668, "8617747.0--9216518.0": 0.8058097080621321, "8617747.0--9222309.0": 0.7561903521151858, "8617747.0--9216595.0": 0.7890849094055898, "8617747.0--9216538.0": 0.7489930866868683, "8617747.0--9216549.0": 0.7720417272204111, "8617747.0--9216559.0": 0.7678771468857711, "8617747.0--9222376.0": 0.7722816497782219, "8617747.0--9222374.0": 0.7951021239360033, "8617747.0--9224194.0": 0.7617687299365786, "8617747.0--9222254.0": 0.770097125279691, "8617747.0--9222049.0": 0.7315881005437125, "8617747.0--9222562.0": 0.7465738548677374, "8617747.0--9226126.0": 0.7985048030002019, "8617747.0--9240062.0": 0.8011835368102032, "8617747.0--9226101.0": 0.7842676682081866, "8617747.0--9222377.0": 0.7278246981470298, "8617747.0--9233392.0": 0.7878953788707619, "8617747.0--9222093.0": 0.7320354348859797, "8617747.0--9224154.0": 0.7422456541922955, "8617747.0--9240061.0": 0.7704496652783239, "8617747.0--9222512.0": 0.7641728622882054, "8617747.0--9241413.0": 0.7607413182904001, "8617747.0--9224646.0": 0.7649430106342237, "8617747.0--9222372.0": 0.7377269824148299, "8617747.0--9222253.0": 0.7733016105837035, "8617747.0--9222092.0": 0.7762163004511597, "8617747.0--9222271.0": 0.7496659381731192, "8617747.0--9230431.0": 0.7983535787070248, "8617747.0--9222076.0": 0.7752196680088665, "8617747.0--9222053.0": 0.7755049324466413, "8617747.0--9216532.0": 0.7731082079854479, "8617747.0--9222085.0": 0.7745666071348479, "8617747.0--9216629.0": 0.7691644271994782, "8617747.0--9308630.0": 0.7487081104133243, "8617747.0--9308624.0": 0.7831395150468256, "8617747.0--9219240.0": 0.7923287348889843, "8617747.0--9216630.0": 0.7655975424875521, "8617747.0--9217981.0": 0.734173216511488, "8617747.0--9224153.0": 0.7996723915394546, "8617747.0--9286505.0": 0.7360819505742369, "8617747.0--9216512.0": 0.7824196934646356, "8617747.0--9216579.0": 0.7580134558423202, "8617747.0--9222249.0": 0.761845921245119, "8617747.0--9222367.0": 0.7621866045213449, "8617747.0--9222325.0": 0.7963065980311604, "8617747.0--9222510.0": 0.7691872263139863, "8617747.0--9246250.0": 0.7815373159983924, "8617747.0--9308627.0": 0.777509275808818, "8617747.0--9224186.0": 0.7769421240313481, "8617747.0--9229232.0": 0.7607618516685657, "8617747.0--9226404.0": 0.7340733469446219, "8617747.0--9308631.0": 0.7710066278035167, "8617747.0--9222255.0": 0.8046357679727949, "8617747.0--9222261.0": 0.7582624900451274, "8617747.0--9222338.0": 0.7787683414517876, "8617747.0--9222284.0": 0.7918535415211898, "8617747.0--9230430.0": 0.7541654434558558, "8617747.0--9308622.0": 0.7589807019285723, "8617747.0--9286903.0": 0.7283362991131984, "8617747.0--9234473.0": 0.7293555423763138, "8617747.0--9241426.0": 0.753242882186514, "8617747.0--9222269.0": 0.7817403521473071, "8617747.0--9237999.0": 0.7626426146367549, "8617747.0--9222072.0": 0.7987196608716535, "8617747.0--9224197.0": 0.75654493812611, "8617747.0--9246282.0": 0.7722962653569796, "8617747.0--9222314.0": 0.7418525868842687, "8617747.0--9222357.0": 0.7787435851826318, "8617747.0--9222086.0": 0.7751280796082493, "8617747.0--9222360.0": 0.796307959780023, "8617747.0--9222065.0": 0.7489519512266852, "8617747.0--9228894.0": 0.8031992254324727, "8617747.0--9233264.0": 0.7939201283435481,