{"8636208.0--8640072.0": 0.8362193887031628, "8640072.0--8805458.0": 0.8202469923212244, "8640072.0--8807271.0": 0.8335026219044113, "8640072.0--8809678.0": 0.8250466389596989, "8640072.0--8807226.0": 0.8401082076058988, "8640072.0--8805467.0": 0.8472889565571229, "8611113.0--8640072.0": 0.8414532601447605, "8640072.0--8854316.0": 0.8666016643305925, "8640072.0--8794607.0": 0.8170964568795307, "8640072.0--8805418.0": 0.7937288048083604, "8640072.0--8836087.0": 0.872588445057592, "8640072.0--8807283.0": 0.7911254072013003, "8640072.0--8820171.0": 0.8755468093298366, "8640072.0--8807288.0": 0.7723343509097953, "8640072.0--8807302.0": 0.7739103290538161, "8640072.0--8805466.0": 0.7724999368968701, "8640072.0--8807351.0": 0.7993997303293322, "8640072.0--8805420.0": 0.7938481848783533, "8640072.0--8807299.0": 0.8010647195970065, "8640072.0--8812988.0": 0.7908047302397665, "8640072.0--8807294.0": 0.7826245786247334, "8640072.0--8805434.0": 0.8398485142206933, "8640072.0--8732351.0": 0.782281799658878, "8640072.0--8807232.0": 0.7887129828211479, "8419271.0--8640072.0": 0.7777440690339805, "8625484.0--8640072.0": 0.8080059691872055, "8640072.0--8807349.0": 0.815878237847481, "8640072.0--8809730.0": 0.8070761763757649, "8640072.0--8730513.0": 0.8345678449095726, "8640072.0--8809833.0": 0.8160236687947184, "8523628.0--8640072.0": 0.8093347367383439, "8434356.0--8640072.0": 0.7920530111922965, "8640072.0--8807303.0": 0.80174649719253, "8640072.0--8811606.0": 0.7798523622687854, "8640072.0--8807244.0": 0.7668148038051128, "8490694.0--8640072.0": 0.7973964243365643, "8640072.0--8809844.0": 0.7749454446362863, "8640072.0--8809850.0": 0.7955835257975803, "8640072.0--8805445.0": 0.7658614842847956, "8412138.0--8640072.0": 0.8127183985284687, "8640072.0--8807247.0": 0.7529095605328046, "8640072.0--8848845.0": 0.7858029659464187, "8640072.0--8695851.0": 0.8231333018357742, "8640072.0--8713907.0": 0.8417362851534024, "8640072.0--8809847.0": 0.8234436966631407, "8640072.0--8727480.0": 0.8233757079794287, "8640072.0--8706590.0": 0.8041202748330809, "8640072.0--8735916.0": 0.8150945896658162, "8474512.0--8640072.0": 0.8306317198510892, "8640072.0--8809845.0": 0.7704642714985698, "8540796.0--8640072.0": 0.82588217585679, "8640072.0--8807233.0": 0.7862014763504801, "8617747.0--8640072.0": 0.7553405082729195, "8474486.0--8640072.0": 0.8144626227653055, "8474516.0--8640072.0": 0.8174313312812008, "8640072.0--8663650.0": 0.816645704654554, "8640072.0--8663646.0": 0.8020165994902922, "8640072.0--8794553.0": 0.7920405909509096, "8640072.0--8863966.0": 0.7666218819126785, "8525340.0--8640072.0": 0.7880229844056401, "8640072.0--8805448.0": 0.7735672020920472, "8405549.0--8640072.0": 0.8276956218073863, "8611178.0--8640072.0": 0.77209308172514, "8640072.0--8827593.0": 0.7821201271063717, "8640072.0--8805463.0": 0.7765748825556287, "8640072.0--8805457.0": 0.8300358292683864, "8640072.0--8805442.0": 0.7872877673390679, "8640072.0--8807266.0": 0.7911918896393922, "8640072.0--8813126.0": 0.7954895104594344, "8585103.0--8640072.0": 0.8185271192323066, "8640072.0--8807235.0": 0.8111349102702098, "8585048.0--8640072.0": 0.8232776902820492, "8640072.0--8809843.0": 0.780000738309337, "8640072.0--8809842.0": 0.7766982519255627, "8640072.0--8842614.0": 0.7703129891040099, "8640072.0--8805441.0": 0.7458819474925689, "8640072.0--8809920.0": 0.7656484366361667, "8640072.0--8663312.0": 0.7950882968013935, "8477126.0--8640072.0": 0.8372580851271099, "8640072.0--8807224.0": 0.8462451206182516, "8640072.0--8807355.0": 0.774631335185368, "8640072.0--8807320.0": 0.822093611864706, "8640072.0--8665933.0": 0.8080209338785198, "8640072.0--8845772.0": 0.7809034528824795, "8640072.0--8812989.0": 0.828215870272058, "8636969.0--8640072.0": 0.8061902878468357, "8640072.0--8805450.0": 0.7745389081040039, "8640072.0--8807243.0": 0.8222567140771853, "8640072.0--8805443.0": 0.8031794575012727, "8640072.0--8673661.0": 0.8051358859002546, "8640072.0--8805419.0": 0.7751467764987655, "8451903.0--8640072.0": 0.7695309990807496, "8640072.0--8805429.0": 0.7838719529621374, "8640072.0--8809846.0": 0.7902132584011068, "8640072.0--8809832.0": 0.8077808100625878, "8413174.0--8640072.0": 0.7683228676595173, "8494817.0--8640072.0": 0.7707324839796039, "8637778.0--8640072.0": 0.7787529456159761, "8640072.0--8809742.0": 0.8140170009796964, "8640072.0--8807280.0": 0.8502399693250133, "8640072.0--8807274.0": 0.8338282109652817, "8640072.0--9216586.0": 0.7828368746268455, "8640072.0--9237132.0": 0.8581750685622278, "8640072.0--9216572.0": 0.7944077144448937, "8640072.0--9217952.0": 0.8010722348715084, "8640072.0--9217931.0": 0.8633689832034854, "8640072.0--9216507.0": 0.8015336124773014, "8640072.0--9222368.0": 0.8250228274515109, "8640072.0--9220137.0": 0.7893408969536807, "8640072.0--9233460.0": 0.8072903265152579, "8640072.0--9222263.0": 0.7595736776371087, "8640072.0--9293003.0": 0.8038951643252419, "8640072.0--9222102.0": 0.8248538220754909, "8640072.0--9222323.0": 0.8243620278368224, "8640072.0--9222287.0": 0.8150864245132341, "8640072.0--9223736.0": 0.8217730169251529, "8640072.0--9224191.0": 0.7712095997264508, "8640072.0--9222251.0": 0.8076247181616365, "8640072.0--9229242.0": 0.8702176502798891, "8640072.0--9282195.0": 0.7636730109117137, "8640072.0--9222098.0": 0.8742465681056166, "8640072.0--9234027.0": 0.79334613668289, "8640072.0--9246308.0": 0.8508022115322676, "8640072.0--9240072.0": 0.8000745604778965, "8640072.0--9222353.0": 0.827323726189636, "8640072.0--9222293.0": 0.8380183917332049, "8640072.0--9222089.0": 0.8295640801742379, "8640072.0--9228893.0": 0.8088491350750886, "8640072.0--9224192.0": 0.8027165875097267, "8640072.0--9222289.0": 0.8455019727146236, "8640072.0--9222038.0": 0.8015729357958472, "8640072.0--9229072.0": 0.8048736211153336, "8640072.0--9222295.0": 0.8005457191845315, "8640072.0--9222342.0": 0.8163142613695817, "8640072.0--9241407.0": 0.7948354617126427, "8640072.0--9288884.0": 0.804707215297252, "8640072.0--9222351.0": 0.7802918404331065, "8640072.0--9223669.0": 0.8523765891113744, "8640072.0--9222315.0": 0.8221786357551266, "8640072.0--9222335.0": 0.7991383584581969, "8640072.0--9222327.0": 0.7954386733199621, "8640072.0--9233469.0": 0.793970861110282, "8640072.0--9226461.0": 0.815015420989534, "8640072.0--9238508.0": 0.8213180029023563, "8640072.0--9222266.0": 0.773883858257678, "8640072.0--9225008.0": 0.8653840098593267, "8640072.0--9290431.0": 0.7903742621540597, "8640072.0--9239918.0": 0.8122878939948015, "8640072.0--9231271.0": 0.7781715065451222, "8640072.0--9222313.0": 0.8393220806959248, "8640072.0--9231268.0": 0.790891516333321, "8640072.0--9222035.0": 0.768488971520086, "8640072.0--9222091.0": 0.8296376844319298, "8640072.0--9229515.0": 0.7907142261982132, "8640072.0--9222301.0": 0.8133895471633756, "8640072.0--9222358.0": 0.8210607677007145, "8640072.0--9229135.0": 0.8506085962513621, "8640072.0--9222047.0": 0.7828754923934389, "8640072.0--9222272.0": 0.7978372342868574, "8640072.0--9222110.0": 0.8321118022203463, "8640072.0--9222364.0": 0.8014955310689416, "8640072.0--9222088.0": 0.8155112422306574, "8640072.0--9216518.0": 0.8177305795137362, "8640072.0--9222309.0": 0.7901208412091411, "8640072.0--9216595.0": 0.788228340271978, "8640072.0--9216538.0": 0.7641716607803082, "8640072.0--9216549.0": 0.7872730788262475, "8640072.0--9216559.0": 0.8110189784741819, "8640072.0--9222376.0": 0.7797494480429119, "8640072.0--9222374.0": 0.8176262015766042, "8640072.0--9224194.0": 0.7790426346628724, "8640072.0--9222254.0": 0.7916401347896922, "8640072.0--9222049.0": 0.7718872644012752, "8640072.0--9222562.0": 0.798167166450817, "8640072.0--9226126.0": 0.7824675432942007, "8640072.0--9240062.0": 0.8093806608891346, "8640072.0--9226101.0": 0.7837379337085387, "8640072.0--9222377.0": 0.800230469738512, "8640072.0--9233392.0": 0.8284124287304975, "8640072.0--9222093.0": 0.7643501347513018, "8640072.0--9224154.0": 0.783846334653927, "8640072.0--9240061.0": 0.800026597225634,