{"8440116.0--8444102.0": 0.806048582575873, "8440116.0--8440824.0": 0.74234330851334, "8440116.0--8493612.0": 0.7485572567547397, "8440116.0--8440850.0": 0.8099550222672796, "8440116.0--8456856.0": 0.7960311685607437, "8440116.0--8447439.0": 0.7618904859635395, "8440116.0--8440805.0": 0.7919717709510146, "8440116.0--8440811.0": 0.7616636428115218, "8440116.0--8440856.0": 0.8226264164139044, "8440116.0--8440822.0": 0.7796018154743642, "8440116.0--8440828.0": 0.784905282416989, "8440116.0--8440851.0": 0.7733671260235143, "8440116.0--8457476.0": 0.8134412507079491, "8440116.0--8440848.0": 0.7382826764733983, "8440116.0--8440839.0": 0.7933045602832274, "8440116.0--8443395.0": 0.7554479505103435, "8440116.0--8440832.0": 0.7813790097626985, "8440116.0--8440816.0": 0.8306819227496723, "8440116.0--8440835.0": 0.771207994535931, "8440116.0--8440818.0": 0.8149568691408573, "8440116.0--8440853.0": 0.796332448595421, "8440116.0--8440840.0": 0.7719085779828101, "8440116.0--8440857.0": 0.8292344288280783, "8440116.0--8449328.0": 0.8195276973138159, "8440116.0--8440829.0": 0.8236785458035528, "8440116.0--8440807.0": 0.7701065071808297, "8440116.0--8440831.0": 0.7914734421635676, "8440116.0--8440852.0": 0.80168211658672, "8440116.0--8440841.0": 0.7785735064570835, "8440116.0--8440859.0": 0.7594822728867898, "8440116.0--8440821.0": 0.774197117294833, "8440116.0--8440842.0": 0.8075830073838804, "8440116.0--8443131.0": 0.7658646722542994, "8440116.0--8440815.0": 0.7959576697550577, "8440116.0--8500765.0": 0.8154820196078739, "8440116.0--8440804.0": 0.7747880074197792, "8440116.0--8454276.0": 0.7941348501185903, "8440116.0--8464305.0": 0.7980670228439802, "8440116.0--8494828.0": 0.8007096785091439, "8440116.0--8440825.0": 0.7902429246132683, "8440116.0--8440814.0": 0.7823885227530922, "8440116.0--8440838.0": 0.8093627628535272, "8440116.0--8440855.0": 0.7822824694493581, "8440116.0--8454489.0": 0.8025483817701397, "8440116.0--8440834.0": 0.7514709726062766, "8440116.0--8440826.0": 0.7856579052920007, "8440116.0--8440823.0": 0.7863126659179822, "8440116.0--8440845.0": 0.7592512703841318, "8440116.0--8440810.0": 0.7916766625533183, "8440116.0--8440806.0": 0.7971989488319106, "8440116.0--8440817.0": 0.7744015115167134, "8440116.0--8440813.0": 0.8012189234013478, "8440116.0--8443125.0": 0.7473695891770386, "8440116.0--8456575.0": 0.7921651413995606, "8440116.0--8440860.0": 0.8028890715371644, "8440116.0--8454343.0": 0.8072122040067546, "8440116.0--8440803.0": 0.7858920124321659, "8440116.0--8454344.0": 0.7768315160541986, "8440116.0--8440854.0": 0.800467534655557, "8440116.0--8454346.0": 0.7948843826855471, "8440116.0--8440827.0": 0.7605707380746445, "8440116.0--8440836.0": 0.7749781149877364, "8440116.0--8440844.0": 0.7821516777975964, "8440116.0--8440808.0": 0.7800824957445786, "8440116.0--8440837.0": 0.8088227387254002, "8440116.0--8440858.0": 0.7445745340563987, "8440116.0--8440820.0": 0.7723919014535143, "8440116.0--8440833.0": 0.7804207233914853, "8440116.0--8444072.0": 0.7817161191741289, "8440116.0--8440812.0": 0.7976397490400762, "8440116.0--8440809.0": 0.8233409779725904, "8440116.0--8454904.0": 0.834702847293634, "8440116.0--8440846.0": 0.7869306779011243, "8440116.0--8440830.0": 0.8189357326424348, "8440116.0--8444077.0": 0.7816394580286403, "8440116.0--8440847.0": 0.8263944995251077, "8440116.0--8440849.0": 0.7683493382983351, "8440116.0--8443124.0": 0.7628175335411291, "8440116.0--8440843.0": 0.7690865346701197, "8440116.0--8807265.0": 0.7782793873704705, "8440116.0--8816695.0": 0.7908494610453942, "8440116.0--8805426.0": 0.810963170566538, "8440116.0--8805421.0": 0.8132874351844606, "8440116.0--8812684.0": 0.7866792569973582, "8440116.0--8805461.0": 0.7849297490647927, "8440116.0--8807255.0": 0.7993637657221963, "8440116.0--8805460.0": 0.7822388632716208, "8440116.0--8807292.0": 0.7823986387180704, "8440116.0--8807354.0": 0.794436821845548, "8440116.0--8809711.0": 0.8026421998919605, "8440116.0--8805422.0": 0.7971818177326806, "8440116.0--8805424.0": 0.7866995157682416, "8440116.0--8794517.0": 0.7793949590790183, "8440116.0--8805451.0": 0.7610595729520283, "8440116.0--8807223.0": 0.7608444272776673, "8440116.0--8794560.0": 0.7594791508792199, "8440116.0--8481543.0": 0.7547959728485155, "8440116.0--8802285.0": 0.7556109631126158, "8440116.0--8807245.0": 0.7917004091724928, "8440116.0--8805456.0": 0.8134607009259105, "8440116.0--8827944.0": 0.7954542821288668, "8440116.0--8807296.0": 0.7829641099887054, "8440116.0--8827951.0": 0.7837664884058333, "8440116.0--8854335.0": 0.7727515144695067, "8440116.0--8805446.0": 0.7700016797747895, "8440116.0--8805436.0": 0.7661072641844723, "8440116.0--8805433.0": 0.7472907365469479, "8440116.0--8546802.0": 0.7958402078925109, "8440116.0--8805427.0": 0.7640592847186725, "8440116.0--8836120.0": 0.7770928947961425, "8440116.0--8794768.0": 0.7833519078400525, "8440116.0--8809750.0": 0.7861626360936235, "8440116.0--8820172.0": 0.8175465633126886, "8440116.0--8476234.0": 0.8063982425934719, "8440116.0--8807314.0": 0.7585734295773408, "8440116.0--8794520.0": 0.7820954026820288, "8440116.0--8805452.0": 0.8070272552497605, "8440116.0--8805462.0": 0.7608978019667767, "8440116.0--8807275.0": 0.8075796355929472, "8419285.0--8440116.0": 0.7854144287322028, "8440116.0--8807379.0": 0.7880346682352128, "8440116.0--8807234.0": 0.8004738694993643, "8423100.0--8440116.0": 0.7761548542018095, "8440116.0--8805455.0": 0.765778830363415, "8440116.0--8727493.0": 0.7423505304148184, "8440116.0--8807369.0": 0.7422862321640519, "8440116.0--8532319.0": 0.8023715170744493, "8419325.0--8440116.0": 0.7947837677840028, "8440116.0--8805430.0": 0.8123160599224687, "8440116.0--8807301.0": 0.809354152836627, "8440116.0--8713940.0": 0.8191922275724081, "8440116.0--8637795.0": 0.7817172079314623, "7999244.0--8440116.0": 0.8213769223480496, "8440116.0--8805439.0": 0.8019338120969943, "8440116.0--8805428.0": 0.804167077447642, "8440116.0--8809223.0": 0.7683412831735279, "8440116.0--8795584.0": 0.7791852982610954, "8440116.0--8807264.0": 0.7823370774931848, "8440116.0--8805431.0": 0.7755908485391715, "8440116.0--8453863.0": 0.7607840278305281, "8400404.0--8440116.0": 0.7435472428327413, "8440116.0--8809834.0": 0.7791646508779283, "8440116.0--8663447.0": 0.7504726375156188, "8440116.0--8807213.0": 0.8017468986923793, "8440116.0--8640251.0": 0.7890109761374894, "8440116.0--8807220.0": 0.7924309893961274, "8440116.0--8617736.0": 0.8005330770982244, "8440116.0--8617746.0": 0.7550020140034516, "8440116.0--8640072.0": 0.7814930047718335, "8440116.0--8636208.0": 0.7884432593222446, "8440116.0--8805458.0": 0.7949609969522958, "8440116.0--8807271.0": 0.8000419857266682, "8440116.0--8809678.0": 0.7788044536683075, "8440116.0--8807226.0": 0.8045261750067163, "8440116.0--8805467.0": 0.8191402696217185, "8440116.0--8611113.0": 0.784885410574296, "8440116.0--8854316.0": 0.7801745757624726, "8440116.0--8794607.0": 0.7774874339140291, "8440116.0--8805418.0": 0.7732609332183324, "8440116.0--8836087.0": 0.8052605177494325, "8440116.0--8807283.0": 0.839962456904296, "8440116.0--8820171.0": 0.77846408381519, "8440116.0--8807288.0": 0.7751697998479156, "8440116.0--8807302.0": 0.7325783490993887, "8440116.0--8805466.0": 0.7694688440520521, "8440116.0--8807351.0": 0.7986653829867776, "8440116.0--8805420.0": 0.8004753457454926, "8440116.0--8807299.0": 0.8186672261388952, "8440116.0--8812988.0": 0.8230339949454158, "8440116.0--8807294.0": 0.8126587081720915, "8440116.0--8805434.0": 0.8056656412209335, "8440116.0--8732351.0": 0.7667155594839181, "8440116.0--8807232.0": 0.7904711227519547, "8419271.0--8440116.0": 0.7342928254143499, "8440116.0--8625484.0": 0.7981574513247307, "8440116.0--8807349.0": 0.7986052919766695, "8440116.0--8809730.0": 0.7667711660531631, "8440116.0--8730513.0": 0.7837084838200692, "8440116.0--8809833.0": 0.788887395794754, "8440116.0--8523628.0": 0.7581111863616812, "8434356.0--8440116.0": 0.781388080757928, "8440116.0--8807303.0": 0.7670756338956128,