{"8440820.0--8440858.0": 0.7964033444116031, "8440833.0--8440858.0": 0.7862623578045989, "8440858.0--8444072.0": 0.8167183845639073, "8440812.0--8440858.0": 0.7992598865266196, "8440809.0--8440858.0": 0.7932631195680874, "8440858.0--8454904.0": 0.7857820121434155, "8440846.0--8440858.0": 0.7992609232950184, "8440830.0--8440858.0": 0.8009140692798529, "8440858.0--8444077.0": 0.7769487737214367, "8440847.0--8440858.0": 0.8097872052291577, "8440849.0--8440858.0": 0.7743417501231527, "8440858.0--8443124.0": 0.7757696375133328, "8440843.0--8440858.0": 0.7706966768044241, "8440858.0--8807265.0": 0.7805990140738528, "8440858.0--8816695.0": 0.8333244177031721, "8440858.0--8805426.0": 0.7704337424843708, "8440858.0--8805421.0": 0.7691899173981596, "8440858.0--8812684.0": 0.8196120716243114, "8440858.0--8805461.0": 0.7904697799592193, "8440858.0--8807255.0": 0.7686381550297761, "8440858.0--8805460.0": 0.7615210590776824, "8440858.0--8807292.0": 0.7920570456708607, "8440858.0--8807354.0": 0.7804227966177183, "8440858.0--8809711.0": 0.8166644587420914, "8440858.0--8805422.0": 0.7756752723954123, "8440858.0--8805424.0": 0.7946597551363684, "8440858.0--8794517.0": 0.7371219711723032, "8440858.0--8805451.0": 0.7349032597879261, "8440858.0--8807223.0": 0.7385993060973784, "8440858.0--8794560.0": 0.7449056354495873, "8440858.0--8481543.0": 0.7555425958769004, "8440858.0--8802285.0": 0.7724583014177263, "8440858.0--8807245.0": 0.7852377462995462, "8440858.0--8805456.0": 0.7518616097913144, "8440858.0--8827944.0": 0.7512886233877433, "8440858.0--8807296.0": 0.7752419010574879, "8440858.0--8827951.0": 0.7218442835372105, "8440858.0--8854335.0": 0.7851250128159319, "8440858.0--8805446.0": 0.7555918330290821, "8440858.0--8805436.0": 0.7708871923080912, "8440858.0--8805433.0": 0.7439702966417695, "8440858.0--8546802.0": 0.7780661364416314, "8440858.0--8805427.0": 0.7622282782575676, "8440858.0--8836120.0": 0.7940488064126756, "8440858.0--8794768.0": 0.7564502234908468, "8440858.0--8809750.0": 0.7447140533881798, "8440858.0--8820172.0": 0.8115845287110208, "8440858.0--8476234.0": 0.7870393509675592, "8440858.0--8807314.0": 0.728167850519726, "8440858.0--8794520.0": 0.7957029289295148, "8440858.0--8805452.0": 0.7850925309578951, "8440858.0--8805462.0": 0.7990583947977938, "8440858.0--8807275.0": 0.7671432795065214, "8419285.0--8440858.0": 0.7515713896361655, "8440858.0--8807379.0": 0.7669644023786946, "8440858.0--8807234.0": 0.8021806681082664, "8423100.0--8440858.0": 0.7603054779777594, "8440858.0--8805455.0": 0.7460321352515191, "8440858.0--8727493.0": 0.6948174019411318, "8440858.0--8807369.0": 0.7105168594423381, "8440858.0--8532319.0": 0.7531365382387121, "8419325.0--8440858.0": 0.7342392195004804, "8440858.0--8805430.0": 0.7640299868917924, "8440858.0--8807301.0": 0.7756336183622945, "8440858.0--8713940.0": 0.807235659578845, "8440858.0--8637795.0": 0.8145495642082708, "7999244.0--8440858.0": 0.7631463021351658, "8440858.0--8805439.0": 0.7699444758365032, "8440858.0--8805428.0": 0.7791744809407362, "8440858.0--8809223.0": 0.7841783800288367, "8440858.0--8795584.0": 0.7655427352052263, "8440858.0--8807264.0": 0.743839489465433, "8440858.0--8805431.0": 0.7567356087432002, "8440858.0--8453863.0": 0.76024990620738, "8400404.0--8440858.0": 0.7352629001922257, "8440858.0--8809834.0": 0.8092149744800595, "8440858.0--8663447.0": 0.7791565326632794, "8440858.0--8807213.0": 0.8074687058048027, "8440858.0--8640251.0": 0.8656594538684392, "8440858.0--8807220.0": 0.797790511909694, "8440858.0--8617736.0": 0.8067574339276502, "8440858.0--8617746.0": 0.7770691729538884, "8440858.0--8640072.0": 0.8413611606662293, "8440858.0--8636208.0": 0.8197377325073146, "8440858.0--8805458.0": 0.7833137694277785, "8440858.0--8807271.0": 0.8090008976561818, "8440858.0--8809678.0": 0.798331403677944, "8440858.0--8807226.0": 0.8421366461810047, "8440858.0--8805467.0": 0.8208309470618282, "8440858.0--8611113.0": 0.8668590917164237, "8440858.0--8854316.0": 0.8221485849107872, "8440858.0--8794607.0": 0.851867603025567, "8440858.0--8805418.0": 0.8153960127278547, "8440858.0--8836087.0": 0.8603555947921436, "8440858.0--8807283.0": 0.7559892017291161, "8440858.0--8820171.0": 0.8542021228188961, "8440858.0--8807288.0": 0.7831396958363575, "8440858.0--8807302.0": 0.7598199831109881, "8440858.0--8805466.0": 0.7693063618291364, "8440858.0--8807351.0": 0.7710949813934154, "8440858.0--8805420.0": 0.7844201934144807, "8440858.0--8807299.0": 0.8039530430063033, "8440858.0--8812988.0": 0.7760965140955961, "8440858.0--8807294.0": 0.7716601591255711, "8440858.0--8805434.0": 0.817500791665516, "8440858.0--8732351.0": 0.7791754122190251, "8440858.0--8807232.0": 0.7531438826348524, "8419271.0--8440858.0": 0.7758717409224392, "8440858.0--8625484.0": 0.7712849402994788, "8440858.0--8807349.0": 0.8033161133705895, "8440858.0--8809730.0": 0.8234186788044636, "8440858.0--8730513.0": 0.8071763314088753, "8440858.0--8809833.0": 0.7682334062978408, "8440858.0--8523628.0": 0.7838736340679788, "8434356.0--8440858.0": 0.7756359347339767, "8440858.0--8807303.0": 0.7904141844847289, "8440858.0--8811606.0": 0.757862680439961, "8440858.0--8807244.0": 0.7404598933383295, "8440858.0--8490694.0": 0.7785935410353387, "8440858.0--8809844.0": 0.7612955341301186, "8440858.0--8809850.0": 0.7785691983206728, "8440858.0--8805445.0": 0.7359338412138563, "8412138.0--8440858.0": 0.7780331653602724, "8440858.0--8807247.0": 0.7451726938902361, "8440858.0--8848845.0": 0.741397300970873, "8440858.0--8695851.0": 0.8228184778854946, "8440858.0--8713907.0": 0.8367318905621618, "8440858.0--8809847.0": 0.7952797626822191, "8440858.0--8727480.0": 0.8095549433053219, "8440858.0--8706590.0": 0.8008567989679642, "8440858.0--8735916.0": 0.7975824331973699, "8440858.0--8474512.0": 0.8251805072817227, "8440858.0--8809845.0": 0.767346160783489, "8440858.0--8540796.0": 0.774612490460677, "8440858.0--8807233.0": 0.7623525724828892, "8440858.0--8617747.0": 0.7643543169573478, "8440858.0--8474486.0": 0.7788432463888897, "8440858.0--8474516.0": 0.8045167211501596, "8440858.0--8663650.0": 0.8295569469484284, "8440858.0--8663646.0": 0.7995185277855769, "8440858.0--8794553.0": 0.7625469879936143, "8440858.0--8863966.0": 0.7473287141954356, "8440858.0--8525340.0": 0.7533777545374014, "8440858.0--8805448.0": 0.7579917099169373, "8405549.0--8440858.0": 0.7903714087928703, "8440858.0--8611178.0": 0.7564708795500767, "8440858.0--8827593.0": 0.7862410094977468, "8440858.0--8805463.0": 0.7531561615474922, "8440858.0--8805457.0": 0.7936230721311958, "8440858.0--8805442.0": 0.7808709440022985, "8440858.0--8807266.0": 0.7912179039910928, "8440858.0--8813126.0": 0.793870163245398, "8440858.0--8585103.0": 0.7697036789732767, "8440858.0--8807235.0": 0.7748149126142403, "8440858.0--8585048.0": 0.8170238061745159, "8440858.0--8809843.0": 0.7874841421244192, "8440858.0--8809842.0": 0.7756409218237724, "8440858.0--8842614.0": 0.7455417372390993, "8440858.0--8805441.0": 0.7211446671104739, "8440858.0--8809920.0": 0.7464075641382315, "8440858.0--8663312.0": 0.7344870233136143, "8440858.0--8477126.0": 0.7798553146035854, "8440858.0--8807224.0": 0.7730463354159234, "8440858.0--8807355.0": 0.7573585218628838, "8440858.0--8807320.0": 0.7799980156256582, "8440858.0--8665933.0": 0.7529326827624934, "8440858.0--8845772.0": 0.7562689897050505, "8440858.0--8812989.0": 0.7897787570308812, "8440858.0--8636969.0": 0.7744736045760527, "8440858.0--8805450.0": 0.7488367687247639, "8440858.0--8807243.0": 0.7894458824869408, "8440858.0--8805443.0": 0.7761485499580192, "8440858.0--8673661.0": 0.7724717028126415, "8440858.0--8805419.0": 0.7638988421411366, "8440858.0--8451903.0": 0.7428783194487305, "8440858.0--8805429.0": 0.7892956559578362, "8440858.0--8809846.0": 0.749826107650905, "8440858.0--8809832.0": 0.8219512227332612, "8413174.0--8440858.0": 0.7399794444023781, "8440858.0--8494817.0": 0.7450270577030346, "8440858.0--8637778.0": 0.7623310600466809, "8440858.0--8809742.0": 0.7630465807116458,