{"8451903.0--8805419.0": 0.8270399635627254, "8805419.0--8805429.0": 0.7725494026731288, "8805419.0--8809846.0": 0.7595685757330278, "8805419.0--8809832.0": 0.7958621099200112, "8413174.0--8805419.0": 0.7449850492031714, "8494817.0--8805419.0": 0.780809302376819, "8637778.0--8805419.0": 0.7666523828486793, "8805419.0--8809742.0": 0.7579461311554844, "8805419.0--8807280.0": 0.7846517783294338, "8805419.0--8807274.0": 0.8105385882043297, "8805419.0--9216586.0": 0.8274215204173909, "8805419.0--9237132.0": 0.7718696424794307, "8805419.0--9216572.0": 0.7677880818719391, "8805419.0--9217952.0": 0.7712566373792386, "8805419.0--9217931.0": 0.8023200517121617, "8805419.0--9216507.0": 0.7753861275384049, "8805419.0--9222368.0": 0.808767336513234, "8805419.0--9220137.0": 0.7529655154807677, "8805419.0--9233460.0": 0.786863322593002, "8805419.0--9222263.0": 0.7735010102930339, "8805419.0--9293003.0": 0.7975534472427368, "8805419.0--9222102.0": 0.7826602414675812, "8805419.0--9222323.0": 0.8037401539419605, "8805419.0--9222287.0": 0.7729532119101952, "8805419.0--9223736.0": 0.7868786571808768, "8805419.0--9224191.0": 0.8131270486657959, "8805419.0--9222251.0": 0.7687780252683881, "8805419.0--9229242.0": 0.7928587659194611, "8805419.0--9282195.0": 0.7850507013895225, "8805419.0--9222098.0": 0.7962390348578953, "8805419.0--9234027.0": 0.7797679231771564, "8805419.0--9246308.0": 0.7902336662004874, "8805419.0--9240072.0": 0.8113440614386165, "8805419.0--9222353.0": 0.7733441911734471, "8805419.0--9222293.0": 0.7785536469742084, "8805419.0--9222089.0": 0.7722817952833902, "8805419.0--9228893.0": 0.7702736238047573, "8805419.0--9224192.0": 0.8131318532859417, "8805419.0--9222289.0": 0.7779615333443657, "8805419.0--9222038.0": 0.7883295544376262, "8805419.0--9229072.0": 0.7742204140224802, "8805419.0--9222295.0": 0.7989821929275251, "8805419.0--9222342.0": 0.7551101534735025, "8805419.0--9241407.0": 0.7773151284729334, "8805419.0--9288884.0": 0.7901377889226119, "8805419.0--9222351.0": 0.7600800862169727, "8805419.0--9223669.0": 0.7815552789934115, "8805419.0--9222315.0": 0.7793589420780225, "8805419.0--9222335.0": 0.8034080331738408, "8805419.0--9222327.0": 0.7834372893899357, "8805419.0--9233469.0": 0.8122894532360985, "8805419.0--9226461.0": 0.8133266194985382, "8805419.0--9238508.0": 0.795281818628538, "8805419.0--9222266.0": 0.7324990538597252, "8805419.0--9225008.0": 0.7765398790662635, "8805419.0--9290431.0": 0.796400396915811, "8805419.0--9239918.0": 0.7612970697976282, "8805419.0--9231271.0": 0.7830939599913826, "8805419.0--9222313.0": 0.7795881116437386, "8805419.0--9231268.0": 0.7938047177579681, "8805419.0--9222035.0": 0.7755283860297679, "8805419.0--9222091.0": 0.7941170351755824, "8805419.0--9229515.0": 0.7738976129710933, "8805419.0--9222301.0": 0.7927077617568332, "8805419.0--9222358.0": 0.7896313415460275, "8805419.0--9229135.0": 0.7803956907890255, "8805419.0--9222047.0": 0.7830696862080427, "8805419.0--9222272.0": 0.7558220357696577, "8805419.0--9222110.0": 0.7827393913214911, "8805419.0--9222364.0": 0.7705464954608087, "8805419.0--9222088.0": 0.8081986853627496, "8805419.0--9216518.0": 0.7776511602425196, "8805419.0--9222309.0": 0.7771667865473038, "8805419.0--9216595.0": 0.7971134720641486, "8805419.0--9216538.0": 0.7448172444334955, "8805419.0--9216549.0": 0.7469219514091159, "8805419.0--9216559.0": 0.7742386576815347, "8805419.0--9222376.0": 0.7397441522646233, "8805419.0--9222374.0": 0.7962949812712972, "8805419.0--9224194.0": 0.7453617047151799, "8805419.0--9222254.0": 0.792125422508795, "8805419.0--9222049.0": 0.7815223532637013, "8805419.0--9222562.0": 0.7595411964354124, "8805419.0--9226126.0": 0.7611047838865197, "8805419.0--9240062.0": 0.78592192568266, "8805419.0--9226101.0": 0.8004853965040254, "8805419.0--9222377.0": 0.7644127066219752, "8805419.0--9233392.0": 0.7746758041075998, "8805419.0--9222093.0": 0.767279679533758, "8805419.0--9224154.0": 0.7418171912571371, "8805419.0--9240061.0": 0.7707037709866353, "8805419.0--9222512.0": 0.7431443274220388, "8805419.0--9241413.0": 0.7980116878826189, "8805419.0--9224646.0": 0.7871475826224725, "8805419.0--9222372.0": 0.7572805296195102, "8805419.0--9222253.0": 0.7607479437358677, "8805419.0--9222092.0": 0.7869600008615659, "8805419.0--9222271.0": 0.8173618184659353, "8805419.0--9230431.0": 0.7784632984097838, "8805419.0--9222076.0": 0.7957030456207674, "8805419.0--9222053.0": 0.7704519269197508, "8805419.0--9216532.0": 0.7874598318265142, "8805419.0--9222085.0": 0.7729846468323172, "8805419.0--9216629.0": 0.7879852469598048, "8805419.0--9308630.0": 0.7902805469812093, "8805419.0--9308624.0": 0.7774803691014314, "8805419.0--9219240.0": 0.7741547514700814, "8805419.0--9216630.0": 0.7719550775462595, "8805419.0--9217981.0": 0.7840580590703039, "8805419.0--9224153.0": 0.763638340673513, "8805419.0--9286505.0": 0.7498683016396815, "8805419.0--9216512.0": 0.8050686833686382, "8805419.0--9216579.0": 0.7786281483197918, "8805419.0--9222249.0": 0.7834037489559117, "8805419.0--9222367.0": 0.747517480700911, "8805419.0--9222325.0": 0.7465120520528338, "8805419.0--9222510.0": 0.7471987052656017, "8805419.0--9246250.0": 0.8132887874096896, "8805419.0--9308627.0": 0.7979611655337341, "8805419.0--9224186.0": 0.7975377040271354, "8805419.0--9229232.0": 0.7575449833123279, "8805419.0--9226404.0": 0.7681790043083805, "8805419.0--9308631.0": 0.7742899810349447, "8805419.0--9222255.0": 0.8066438192659768, "8805419.0--9222261.0": 0.7928308675420328, "8805419.0--9222338.0": 0.7721751640943393, "8805419.0--9222284.0": 0.7950840644034313, "8805419.0--9230430.0": 0.7960945592551832, "8805419.0--9308622.0": 0.7816367060518077, "8805419.0--9286903.0": 0.7586988872170202, "8805419.0--9234473.0": 0.7829449490532252, "8805419.0--9241426.0": 0.7639153036778333, "8805419.0--9222269.0": 0.7717988320373885, "8805419.0--9237999.0": 0.8083487246783836, "8805419.0--9222072.0": 0.8195222796840315, "8805419.0--9224197.0": 0.7645021745345885, "8805419.0--9246282.0": 0.7659364303803695, "8805419.0--9222314.0": 0.7739343118905692, "8805419.0--9222357.0": 0.7957281450678467, "8805419.0--9222086.0": 0.7529964642946999, "8805419.0--9222360.0": 0.7887298303119166, "8805419.0--9222065.0": 0.7839779733518456, "8805419.0--9228894.0": 0.8222260463052926, "8805419.0--9233264.0": 0.8013194134205244, "8805419.0--9222343.0": 0.7629795605369312, "8805419.0--9308621.0": 0.7593676373869584, "8805419.0--9308625.0": 0.8221269348016836, "8805419.0--9241744.0": 0.7839725402400575, "8805419.0--9308629.0": 0.7826114053580888, "8805419.0--9222068.0": 0.7960830155412313, "8805419.0--9222248.0": 0.8096262497809354, "8805419.0--9222274.0": 0.7993091602103297, "8805419.0--9229116.0": 0.7995769606278711, "8805419.0--9233993.0": 0.7591374082756285, "8805419.0--9308623.0": 0.7968000141468641, "8805419.0--9222553.0": 0.7931660281895397, "8805419.0--9222341.0": 0.8444879219803058, "8805419.0--9222346.0": 0.7748206169257242, "8805419.0--9308628.0": 0.7967560393711532, "8805419.0--9222294.0": 0.7853660386544248, "8805419.0--9241732.0": 0.7802948165094291, "8805419.0--9222060.0": 0.7913378610477605, "8805419.0--9222280.0": 0.8137198723362392}