{"9222301.0--9229515.0": 0.7719652054970716, "9222358.0--9229515.0": 0.7499234300881183, "9229135.0--9229515.0": 0.7898607578400019, "9222047.0--9229515.0": 0.7489150529126771, "9222272.0--9229515.0": 0.7698616779289117, "9222110.0--9229515.0": 0.751073618628358, "9222364.0--9229515.0": 0.7443373072949618, "9222088.0--9229515.0": 0.7778191237559137, "9216518.0--9229515.0": 0.7846882639403776, "9222309.0--9229515.0": 0.7803881099831675, "9216595.0--9229515.0": 0.7651285654155879, "9216538.0--9229515.0": 0.7504298680520174, "9216549.0--9229515.0": 0.7342698210561092, "9216559.0--9229515.0": 0.7797601612134474, "9222376.0--9229515.0": 0.7236566653441001, "9222374.0--9229515.0": 0.775971367661632, "9224194.0--9229515.0": 0.7564084329558427, "9222254.0--9229515.0": 0.7669694842421036, "9222049.0--9229515.0": 0.7780185866054751, "9222562.0--9229515.0": 0.7619761399056126, "9226126.0--9229515.0": 0.7344736437983237, "9229515.0--9240062.0": 0.7759488254996145, "9226101.0--9229515.0": 0.753584417192263, "9222377.0--9229515.0": 0.7319791617295202, "9229515.0--9233392.0": 0.7677645749449222, "9222093.0--9229515.0": 0.7641003800307612, "9224154.0--9229515.0": 0.7458812234609907, "9229515.0--9240061.0": 0.7523059456870327, "9222512.0--9229515.0": 0.7535643604884872, "9229515.0--9241413.0": 0.7891445126418686, "9224646.0--9229515.0": 0.755868699704625, "9222372.0--9229515.0": 0.730804627819782, "9222253.0--9229515.0": 0.7514532686377655, "9222092.0--9229515.0": 0.7747619873297042, "9222271.0--9229515.0": 0.7718008103711698, "9229515.0--9230431.0": 0.7708995434611607, "9222076.0--9229515.0": 0.7688818975586718, "9222053.0--9229515.0": 0.7363225026905451, "9216532.0--9229515.0": 0.786909782452967, "9222085.0--9229515.0": 0.7642527094615386, "9216629.0--9229515.0": 0.7985880005797206, "9229515.0--9308630.0": 0.74924196059809, "9229515.0--9308624.0": 0.768894362767028, "9219240.0--9229515.0": 0.7789409506727865, "9216630.0--9229515.0": 0.7892360243673395, "9217981.0--9229515.0": 0.8091369794534464, "9224153.0--9229515.0": 0.7618666304765188, "9229515.0--9286505.0": 0.7657983890990632, "9216512.0--9229515.0": 0.7836770759377674, "9216579.0--9229515.0": 0.7769997276615912, "9222249.0--9229515.0": 0.8090358052253963, "9222367.0--9229515.0": 0.7851712258710889, "9222325.0--9229515.0": 0.761635723186915, "9222510.0--9229515.0": 0.7643151112839285, "9229515.0--9246250.0": 0.8025437172834706, "9229515.0--9308627.0": 0.7897205033716169, "9224186.0--9229515.0": 0.80147751416158, "9229232.0--9229515.0": 0.7556962938728766, "9226404.0--9229515.0": 0.7398335559252831, "9229515.0--9308631.0": 0.7746757532715858, "9222255.0--9229515.0": 0.7823740563063776, "9222261.0--9229515.0": 0.7852136410422974, "9222338.0--9229515.0": 0.7676651341042848, "9222284.0--9229515.0": 0.788991427997685, "9229515.0--9230430.0": 0.7931501091054934, "9229515.0--9308622.0": 0.7380917973557342, "9229515.0--9286903.0": 0.7431541142469021, "9229515.0--9234473.0": 0.7607126509016883, "9229515.0--9241426.0": 0.7963306564514866, "9222269.0--9229515.0": 0.7726210876620161, "9229515.0--9237999.0": 0.7906401755130865, "9222072.0--9229515.0": 0.7780675987392691, "9224197.0--9229515.0": 0.7548530877230151, "9229515.0--9246282.0": 0.7839144056215449, "9222314.0--9229515.0": 0.7701810950662151, "9222357.0--9229515.0": 0.797640864774986, "9222086.0--9229515.0": 0.7639303678828318, "9222360.0--9229515.0": 0.7945736930090334, "9222065.0--9229515.0": 0.7413538202565675, "9228894.0--9229515.0": 0.7776198059634252, "9229515.0--9233264.0": 0.7944287805815875, "9222343.0--9229515.0": 0.7595100059680744, "9229515.0--9308621.0": 0.7711742474915655, "9229515.0--9308625.0": 0.7954583805747859, "9229515.0--9241744.0": 0.775280868356338, "9229515.0--9308629.0": 0.7582229824613476, "9222068.0--9229515.0": 0.798154646716163, "9222248.0--9229515.0": 0.7491848725465721, "9222274.0--9229515.0": 0.7474978941177111, "9229116.0--9229515.0": 0.7864900302995214, "9229515.0--9233993.0": 0.7436916842609723, "9229515.0--9308623.0": 0.764300852495344, "9222553.0--9229515.0": 0.777184637531092, "9222341.0--9229515.0": 0.8015561091205639, "9222346.0--9229515.0": 0.7769989436661336, "9229515.0--9308628.0": 0.7784505925547249, "9222294.0--9229515.0": 0.7899568519619427, "9229515.0--9241732.0": 0.7969134600998229, "9222060.0--9229515.0": 0.7866695547642001, "9222280.0--9229515.0": 0.8012776038601988}