{"8809842.0--8809843.0": 0.8155029029386032, "8809843.0--8842614.0": 0.8021607424868376, "8805441.0--8809843.0": 0.8054733930676685, "8809843.0--8809920.0": 0.761990731901338, "8663312.0--8809843.0": 0.7340423350232259, "8477126.0--8809843.0": 0.7842189718925549, "8807224.0--8809843.0": 0.7889958266508588, "8807355.0--8809843.0": 0.7632886792688971, "8807320.0--8809843.0": 0.7519377207616535, "8665933.0--8809843.0": 0.7526050027677028, "8809843.0--8845772.0": 0.7623303026665532, "8809843.0--8812989.0": 0.7843547052133466, "8636969.0--8809843.0": 0.7861955442491204, "8805450.0--8809843.0": 0.7431316397032317, "8807243.0--8809843.0": 0.7688363574971991, "8805443.0--8809843.0": 0.7526157216783731, "8673661.0--8809843.0": 0.7796346816628195, "8805419.0--8809843.0": 0.7614051266172688, "8451903.0--8809843.0": 0.7600300178427835, "8805429.0--8809843.0": 0.7429950800485361, "8809843.0--8809846.0": 0.7611795269911261, "8809832.0--8809843.0": 0.779915133768048, "8413174.0--8809843.0": 0.7528390324301955, "8494817.0--8809843.0": 0.7439951264655218, "8637778.0--8809843.0": 0.8052000922691442, "8809742.0--8809843.0": 0.7335595093514058, "8807280.0--8809843.0": 0.7743361639401853, "8807274.0--8809843.0": 0.7923870980215718, "8809843.0--9216586.0": 0.774196662684209, "8809843.0--9237132.0": 0.7677446762255753, "8809843.0--9216572.0": 0.7801365651962694, "8809843.0--9217952.0": 0.7585651580414421, "8809843.0--9217931.0": 0.7863689705542664, "8809843.0--9216507.0": 0.7643725677905194, "8809843.0--9222368.0": 0.7706163695403627, "8809843.0--9220137.0": 0.737891200559086, "8809843.0--9233460.0": 0.7366946379171949, "8809843.0--9222263.0": 0.8020328855452257, "8809843.0--9293003.0": 0.7885870002081278, "8809843.0--9222102.0": 0.7666414722078854, "8809843.0--9222323.0": 0.7790499173247943, "8809843.0--9222287.0": 0.7526303516006679, "8809843.0--9223736.0": 0.7525306566293156, "8809843.0--9224191.0": 0.8004128942239062, "8809843.0--9222251.0": 0.7571861289579461, "8809843.0--9229242.0": 0.7946848456692708, "8809843.0--9282195.0": 0.797228011719856, "8809843.0--9222098.0": 0.7824174559227115, "8809843.0--9234027.0": 0.7596802331039442, "8809843.0--9246308.0": 0.7741416490718993, "8809843.0--9240072.0": 0.79938350634331, "8809843.0--9222353.0": 0.7936548471526482, "8809843.0--9222293.0": 0.7595919578412291, "8809843.0--9222089.0": 0.7580208692614229, "8809843.0--9228893.0": 0.7651131343459141, "8809843.0--9224192.0": 0.7694840635583825, "8809843.0--9222289.0": 0.7744926082094866, "8809843.0--9222038.0": 0.7602834197807146, "8809843.0--9229072.0": 0.7837652474951701, "8809843.0--9222295.0": 0.7656142572948899, "8809843.0--9222342.0": 0.7813274995439983, "8809843.0--9241407.0": 0.7891761161544116, "8809843.0--9288884.0": 0.7656235276067582, "8809843.0--9222351.0": 0.748722242708596, "8809843.0--9223669.0": 0.7853881525815025, "8809843.0--9222315.0": 0.7678221481566587, "8809843.0--9222335.0": 0.7924310154177929, "8809843.0--9222327.0": 0.7542686018224108, "8809843.0--9233469.0": 0.7696955298819603, "8809843.0--9226461.0": 0.7653394226066454, "8809843.0--9238508.0": 0.7789753945232489, "8809843.0--9222266.0": 0.7494756064998204, "8809843.0--9225008.0": 0.791112707085593, "8809843.0--9290431.0": 0.7881008702127936, "8809843.0--9239918.0": 0.7484751530615477, "8809843.0--9231271.0": 0.7587655313606629, "8809843.0--9222313.0": 0.7925485379988317, "8809843.0--9231268.0": 0.7852660224556594, "8809843.0--9222035.0": 0.7621917901252038, "8809843.0--9222091.0": 0.7833137682737248, "8809843.0--9229515.0": 0.7386895232697587, "8809843.0--9222301.0": 0.7945817435937634, "8809843.0--9222358.0": 0.7962433443394872, "8809843.0--9229135.0": 0.7962567642958389, "8809843.0--9222047.0": 0.7335423985061561, "8809843.0--9222272.0": 0.7829226834841516, "8809843.0--9222110.0": 0.7707899243930627, "8809843.0--9222364.0": 0.7448949723729893, "8809843.0--9222088.0": 0.7797302105740178, "8809843.0--9216518.0": 0.8354017724373706, "8809843.0--9222309.0": 0.7352150091559413, "8809843.0--9216595.0": 0.7750739435391227, "8809843.0--9216538.0": 0.7840361974680612, "8809843.0--9216549.0": 0.8157400296909039, "8809843.0--9216559.0": 0.7594800004226736, "8809843.0--9222376.0": 0.8362818613259095, "8809843.0--9222374.0": 0.8015228383483383, "8809843.0--9224194.0": 0.7920539870786738, "8809843.0--9222254.0": 0.7981992342290057, "8809843.0--9222049.0": 0.7700342310511545, "8809843.0--9222562.0": 0.8059815438374622, "8809843.0--9226126.0": 0.8108329360312948, "8809843.0--9240062.0": 0.8189839307087491, "8809843.0--9226101.0": 0.8229379910979131, "8809843.0--9222377.0": 0.759712598108484, "8809843.0--9233392.0": 0.7867657088733324, "8809843.0--9222093.0": 0.7733549580710446, "8809843.0--9224154.0": 0.7886510111470266, "8809843.0--9240061.0": 0.7837924841505264, "8809843.0--9222512.0": 0.7772004106148409, "8809843.0--9241413.0": 0.7889056841718566, "8809843.0--9224646.0": 0.8171266506879147, "8809843.0--9222372.0": 0.7937162378997235, "8809843.0--9222253.0": 0.761511571775251, "8809843.0--9222092.0": 0.7844511991245723, "8809843.0--9222271.0": 0.7972108916716937, "8809843.0--9230431.0": 0.8099483221858298, "8809843.0--9222076.0": 0.8092229541915957, "8809843.0--9222053.0": 0.8807797734652725, "8809843.0--9216532.0": 0.7803006915258479, "8809843.0--9222085.0": 0.8217083102977271, "8809843.0--9216629.0": 0.765770533938543, "8809843.0--9308630.0": 0.7875897274316709, "8809843.0--9308624.0": 0.7842803551808845, "8809843.0--9219240.0": 0.8005385750377833, "8809843.0--9216630.0": 0.8042062725033465, "8809843.0--9217981.0": 0.7656386584940721, "8809843.0--9224153.0": 0.7705391983757045, "8809843.0--9286505.0": 0.7308582227198049, "8809843.0--9216512.0": 0.7544689401199347, "8809843.0--9216579.0": 0.7684022332641589, "8809843.0--9222249.0": 0.7665802552988568, "8809843.0--9222367.0": 0.7270356086825707, "8809843.0--9222325.0": 0.7877937716087637, "8809843.0--9222510.0": 0.8090968822374521, "8809843.0--9246250.0": 0.7523631131149437, "8809843.0--9308627.0": 0.7853855416394516, "8809843.0--9224186.0": 0.7926719064611065, "8809843.0--9229232.0": 0.7498812635435671, "8809843.0--9226404.0": 0.7595466674215384, "8809843.0--9308631.0": 0.7555214158499018, "8809843.0--9222255.0": 0.775501778614578, "8809843.0--9222261.0": 0.7581039026473202, "8809843.0--9222338.0": 0.7880997668603033, "8809843.0--9222284.0": 0.7838636157882247, "8809843.0--9230430.0": 0.8168351741276147, "8809843.0--9308622.0": 0.7461163833892483, "8809843.0--9286903.0": 0.7455113191541883, "8809843.0--9234473.0": 0.8050575137622857, "8809843.0--9241426.0": 0.7532303749392878, "8809843.0--9222269.0": 0.7587689292034481, "8809843.0--9237999.0": 0.775948667743464, "8809843.0--9222072.0": 0.7957806145670125, "8809843.0--9224197.0": 0.79614251979611, "8809843.0--9246282.0": 0.7768069356392335, "8809843.0--9222314.0": 0.7307376472087563, "8809843.0--9222357.0": 0.7468098865667139, "8809843.0--9222086.0": 0.7598147641798783, "8809843.0--9222360.0": 0.7817192504479802, "8809843.0--9222065.0": 0.7635344028197442, "8809843.0--9228894.0": 0.8333901465714912, "8809843.0--9233264.0": 0.791205494383853, "8809843.0--9222343.0": 0.7745345148111692, "8809843.0--9308621.0": 0.7607482688833507, "8809843.0--9308625.0": 0.7996734743827161, "8809843.0--9241744.0": 0.7688205341406222, "8809843.0--9308629.0": 0.7869286580762218, "8809843.0--9222068.0": 0.7371015446755014, "8809843.0--9222248.0": 0.7946118069888446, "8809843.0--9222274.0": 0.762818353286565, "8809843.0--9229116.0": 0.7757829144928732, "8809843.0--9233993.0": 0.812839341340153, "8809843.0--9308623.0": 0.764110327497848, "8809843.0--9222553.0": 0.7607533692988054, "8809843.0--9222341.0": 0.8151513633460057, "8809843.0--9222346.0": 0.7844198098918759, "8809843.0--9308628.0": 0.7681328083802159, "8809843.0--9222294.0": 0.7685625493503621, "8809843.0--9241732.0": 0.7942897694181497, "8809843.0--9222060.0": 0.7896802841194057, "8809843.0--9222280.0": 0.7743822140875722}