{"8805461.0--8812684.0": 0.7720067624696164, "8807255.0--8812684.0": 0.7598016550062164, "8805460.0--8812684.0": 0.7991715988143109, "8807292.0--8812684.0": 0.8216103368570757, "8807354.0--8812684.0": 0.7820107066314077, "8809711.0--8812684.0": 0.8644578224629731, "8805422.0--8812684.0": 0.7906111204441307, "8805424.0--8812684.0": 0.8217489889638753, "8794517.0--8812684.0": 0.7567742518143675, "8805451.0--8812684.0": 0.7642538711831722, "8807223.0--8812684.0": 0.7376989998582928, "8794560.0--8812684.0": 0.7633821628208679, "8481543.0--8812684.0": 0.7442580723237978, "8802285.0--8812684.0": 0.7494570368427974, "8807245.0--8812684.0": 0.7574667697205535, "8805456.0--8812684.0": 0.7506564709703861, "8812684.0--8827944.0": 0.7939718287314759, "8807296.0--8812684.0": 0.7820856014114397, "8812684.0--8827951.0": 0.7319430795539668, "8812684.0--8854335.0": 0.7706345969300077, "8805446.0--8812684.0": 0.7806425811585362, "8805436.0--8812684.0": 0.7730439226569022, "8805433.0--8812684.0": 0.7442603924269747, "8546802.0--8812684.0": 0.7869270849391835, "8805427.0--8812684.0": 0.7540812365594011, "8812684.0--8836120.0": 0.7820970104680035, "8794768.0--8812684.0": 0.7540825818512701, "8809750.0--8812684.0": 0.7693017528970231, "8812684.0--8820172.0": 0.80914090769767, "8476234.0--8812684.0": 0.8221733571786742, "8807314.0--8812684.0": 0.7485465634732809, "8794520.0--8812684.0": 0.8057810138400453, "8805452.0--8812684.0": 0.8009944112051819, "8805462.0--8812684.0": 0.7722609704534824, "8807275.0--8812684.0": 0.7744660591741911, "8419285.0--8812684.0": 0.7549330456953031, "8807379.0--8812684.0": 0.7656083085018053, "8807234.0--8812684.0": 0.8061835778144826, "8423100.0--8812684.0": 0.7723241842299571, "8805455.0--8812684.0": 0.753216093373598, "8727493.0--8812684.0": 0.7482235689963411, "8807369.0--8812684.0": 0.761767867334492, "8532319.0--8812684.0": 0.7720227665129877, "8419325.0--8812684.0": 0.755966792851487, "8805430.0--8812684.0": 0.815030569428216, "8807301.0--8812684.0": 0.8045076891972086, "8713940.0--8812684.0": 0.8244893562900711, "8637795.0--8812684.0": 0.7985060968192912, "7999244.0--8812684.0": 0.7747966126678829, "8805439.0--8812684.0": 0.7842876215017199, "8805428.0--8812684.0": 0.8009065406118309, "8809223.0--8812684.0": 0.7934671780698221, "8795584.0--8812684.0": 0.7749943361993049, "8807264.0--8812684.0": 0.780884025956023, "8805431.0--8812684.0": 0.7571935653716904, "8453863.0--8812684.0": 0.7568721750813732, "8400404.0--8812684.0": 0.7512942022454556, "8809834.0--8812684.0": 0.7891340298098621, "8663447.0--8812684.0": 0.7562791916764318, "8807213.0--8812684.0": 0.8075949534920503, "8640251.0--8812684.0": 0.8371600745942641, "8807220.0--8812684.0": 0.7991489874533613, "8617736.0--8812684.0": 0.8459945506157676, "8617746.0--8812684.0": 0.7212225275545215, "8640072.0--8812684.0": 0.8462129122243668, "8636208.0--8812684.0": 0.8145748386553098, "8805458.0--8812684.0": 0.7998812827105007, "8807271.0--8812684.0": 0.8164279871205626, "8809678.0--8812684.0": 0.7950946985888857, "8807226.0--8812684.0": 0.8287988060602335, "8805467.0--8812684.0": 0.8389648954472029, "8611113.0--8812684.0": 0.8053090760799292, "8812684.0--8854316.0": 0.8138614983234764, "8794607.0--8812684.0": 0.8136963138512443, "8805418.0--8812684.0": 0.7755654174195143, "8812684.0--8836087.0": 0.8700632244226699, "8807283.0--8812684.0": 0.7734438606028888, "8812684.0--8820171.0": 0.8463373600890138, "8807288.0--8812684.0": 0.7623495130843745, "8807302.0--8812684.0": 0.7467514934251164, "8805466.0--8812684.0": 0.7671854093824306, "8807351.0--8812684.0": 0.78973747375296, "8805420.0--8812684.0": 0.777082894314055, "8807299.0--8812684.0": 0.7871551668512933, "8812684.0--8812988.0": 0.7798050514858403, "8807294.0--8812684.0": 0.7760938019998642, "8805434.0--8812684.0": 0.8584192991983906, "8732351.0--8812684.0": 0.7662980572639586, "8807232.0--8812684.0": 0.7520704830991713, "8419271.0--8812684.0": 0.7421738858207474, "8625484.0--8812684.0": 0.8002277820459522, "8807349.0--8812684.0": 0.795106556846972, "8809730.0--8812684.0": 0.7808250560045444, "8730513.0--8812684.0": 0.8126938113706115, "8809833.0--8812684.0": 0.7814009279107438, "8523628.0--8812684.0": 0.7801978425737016, "8434356.0--8812684.0": 0.7816934580243562, "8807303.0--8812684.0": 0.756546696066791, "8811606.0--8812684.0": 0.7503508566266786, "8807244.0--8812684.0": 0.7420513089870072, "8490694.0--8812684.0": 0.7744231506697543, "8809844.0--8812684.0": 0.756879226882111, "8809850.0--8812684.0": 0.7832159398950265, "8805445.0--8812684.0": 0.750773366623747, "8412138.0--8812684.0": 0.7790714160691563, "8807247.0--8812684.0": 0.7309046537849895, "8812684.0--8848845.0": 0.7581383568200458, "8695851.0--8812684.0": 0.795086474771704, "8713907.0--8812684.0": 0.8132916405395465, "8809847.0--8812684.0": 0.7738104925837068, "8727480.0--8812684.0": 0.7945360244277565, "8706590.0--8812684.0": 0.7672365947668522, "8735916.0--8812684.0": 0.7915373456229785, "8474512.0--8812684.0": 0.7980468617408992, "8809845.0--8812684.0": 0.7740830187250953, "8540796.0--8812684.0": 0.7927276620620161, "8807233.0--8812684.0": 0.7981262162681392, "8617747.0--8812684.0": 0.754764439873304, "8474486.0--8812684.0": 0.8452925576957897, "8474516.0--8812684.0": 0.7990508330922232, "8663650.0--8812684.0": 0.7595892523643413, "8663646.0--8812684.0": 0.782067021903183, "8794553.0--8812684.0": 0.7708205565872774, "8812684.0--8863966.0": 0.7508723959876373, "8525340.0--8812684.0": 0.7530795836069993, "8805448.0--8812684.0": 0.7647160618627057, "8405549.0--8812684.0": 0.8241023154081883, "8611178.0--8812684.0": 0.7594240964203336, "8812684.0--8827593.0": 0.7851796816876468, "8805463.0--8812684.0": 0.741243250380611, "8805457.0--8812684.0": 0.8201521701824777, "8805442.0--8812684.0": 0.7858637874516592, "8807266.0--8812684.0": 0.8031542044408183, "8812684.0--8813126.0": 0.8058174120709716, "8585103.0--8812684.0": 0.8118020626472521, "8807235.0--8812684.0": 0.7905657698875637, "8585048.0--8812684.0": 0.8211721934792192, "8809843.0--8812684.0": 0.7689096480045281, "8809842.0--8812684.0": 0.7722648116682778, "8812684.0--8842614.0": 0.7737698468187635, "8805441.0--8812684.0": 0.7343356317272588, "8809920.0--8812684.0": 0.736108610176724, "8663312.0--8812684.0": 0.7711104091547593, "8477126.0--8812684.0": 0.8345227817006927, "8807224.0--8812684.0": 0.8090010464056864, "8807355.0--8812684.0": 0.776148869419097, "8807320.0--8812684.0": 0.7807374868918058, "8665933.0--8812684.0": 0.7883870141079832, "8812684.0--8845772.0": 0.7388336877481433, "8812684.0--8812989.0": 0.8259620278490832, "8636969.0--8812684.0": 0.7798263997970294, "8805450.0--8812684.0": 0.7471735654953371, "8807243.0--8812684.0": 0.8136670106713215, "8805443.0--8812684.0": 0.7753829893483934, "8673661.0--8812684.0": 0.7879742126347191, "8805419.0--8812684.0": 0.749153808309079, "8451903.0--8812684.0": 0.751830459998745, "8805429.0--8812684.0": 0.7940781240059451, "8809846.0--8812684.0": 0.7766282766196885, "8809832.0--8812684.0": 0.7937859062259278, "8413174.0--8812684.0": 0.7576274271897186, "8494817.0--8812684.0": 0.7564133857078226, "8637778.0--8812684.0": 0.7806805176213104, "8809742.0--8812684.0": 0.7799019018256161, "8807280.0--8812684.0": 0.8110509862568026, "8807274.0--8812684.0": 0.7965462335139214, "8812684.0--9216586.0": 0.7641697160567125, "8812684.0--9237132.0": 0.8583260998056715, "8812684.0--9216572.0": 0.7867790911352128, "8812684.0--9217952.0": 0.7863229191162698, "8812684.0--9217931.0": 0.8283855152293624, "8812684.0--9216507.0": 0.7856973188726091, "8812684.0--9222368.0": 0.8076685851418974, "8812684.0--9220137.0": 0.7904402952094765, "8812684.0--9233460.0": 0.8029096539338819, "8812684.0--9222263.0": 0.7525712664823541, "8812684.0--9293003.0": 0.7864357856404623, "8812684.0--9222102.0": 0.8398146980997605, "8812684.0--9222323.0": 0.7898737218747269, "8812684.0--9222287.0": 0.8168224710312746, "8812684.0--9223736.0": 0.8022824403944928, "8812684.0--9224191.0": 0.7655166189152557,