{"8440854.0--8454346.0": 0.8131884124284463, "8440827.0--8440854.0": 0.8177378591157916, "8440836.0--8440854.0": 0.8304968935320001, "8440844.0--8440854.0": 0.8197163545715785, "8440808.0--8440854.0": 0.8390919449682342, "8440837.0--8440854.0": 0.8183413467748939, "8440854.0--8440858.0": 0.8217229088532383, "8440820.0--8440854.0": 0.8018123816511061, "8440833.0--8440854.0": 0.8120788324110978, "8440854.0--8444072.0": 0.8222886132841781, "8440812.0--8440854.0": 0.8410923431511392, "8440809.0--8440854.0": 0.8422934308392398, "8440854.0--8454904.0": 0.8435982100805892, "8440846.0--8440854.0": 0.8569696155336519, "8440830.0--8440854.0": 0.8216815816840881, "8440854.0--8444077.0": 0.7982815439117336, "8440847.0--8440854.0": 0.8517111335827687, "8440849.0--8440854.0": 0.8071497238555028, "8440854.0--8443124.0": 0.8370493272650891, "8440843.0--8440854.0": 0.8186396121243871, "8440854.0--8807265.0": 0.8221082498569676, "8440854.0--8816695.0": 0.8629154336986568, "8440854.0--8805426.0": 0.8200830466318466, "8440854.0--8805421.0": 0.8352967902761104, "8440854.0--8812684.0": 0.8155721855625507, "8440854.0--8805461.0": 0.8235751327824077, "8440854.0--8807255.0": 0.8157037318070234, "8440854.0--8805460.0": 0.7996140402917534, "8440854.0--8807292.0": 0.8298461649578563, "8440854.0--8807354.0": 0.8370977323050826, "8440854.0--8809711.0": 0.8307665340084519, "8440854.0--8805422.0": 0.8100107328220629, "8440854.0--8805424.0": 0.82905354560314, "8440854.0--8794517.0": 0.7815991904349071, "8440854.0--8805451.0": 0.7912846362109488, "8440854.0--8807223.0": 0.7824362412492377, "8440854.0--8794560.0": 0.83586807087126, "8440854.0--8481543.0": 0.8146975113576613, "8440854.0--8802285.0": 0.7835637550705202, "8440854.0--8807245.0": 0.8397913908520366, "8440854.0--8805456.0": 0.8208041209423436, "8440854.0--8827944.0": 0.7861693744708034, "8440854.0--8807296.0": 0.8109432655328555, "8440854.0--8827951.0": 0.7843335428569662, "8440854.0--8854335.0": 0.832023795468396, "8440854.0--8805446.0": 0.808813379976364, "8440854.0--8805436.0": 0.8208950134450916, "8440854.0--8805433.0": 0.7805965077817036, "8440854.0--8546802.0": 0.8330110188447336, "8440854.0--8805427.0": 0.8015756409579756, "8440854.0--8836120.0": 0.8336031083988669, "8440854.0--8794768.0": 0.8213065507091561, "8440854.0--8809750.0": 0.8104827658429795, "8440854.0--8820172.0": 0.8802591896857037, "8440854.0--8476234.0": 0.8437621303789878, "8440854.0--8807314.0": 0.7997118909718174, "8440854.0--8794520.0": 0.8503701373690843, "8440854.0--8805452.0": 0.8519716429977873, "8440854.0--8805462.0": 0.8047102580475666, "8440854.0--8807275.0": 0.8590182776588544, "8419285.0--8440854.0": 0.8136554970114939, "8440854.0--8807379.0": 0.8430240093554828, "8440854.0--8807234.0": 0.8710039083751555, "8423100.0--8440854.0": 0.8541777632140186, "8440854.0--8805455.0": 0.774582445039016, "8440854.0--8727493.0": 0.7420376360069616, "8440854.0--8807369.0": 0.7610335733119616, "8440854.0--8532319.0": 0.8163560462281391, "8419325.0--8440854.0": 0.7799511059024036, "8440854.0--8805430.0": 0.8115244901585982, "8440854.0--8807301.0": 0.8091709598902327, "8440854.0--8713940.0": 0.8247859226133017, "8440854.0--8637795.0": 0.8409225007297232, "7999244.0--8440854.0": 0.820992548658243, "8440854.0--8805439.0": 0.8219024985993851, "8440854.0--8805428.0": 0.8472542293685453, "8440854.0--8809223.0": 0.8549677139264886, "8440854.0--8795584.0": 0.8334590492951389, "8440854.0--8807264.0": 0.8004865131073335, "8440854.0--8805431.0": 0.7977508836625544, "8440854.0--8453863.0": 0.816872955524661, "8400404.0--8440854.0": 0.8015251324894855, "8440854.0--8809834.0": 0.8121926471460048, "8440854.0--8663447.0": 0.8162544808718704, "8440854.0--8807213.0": 0.8705419207455507, "8440854.0--8640251.0": 0.8592648418492348, "8440854.0--8807220.0": 0.8476944415527464, "8440854.0--8617736.0": 0.8337711259182269, "8440854.0--8617746.0": 0.7993759443714354, "8440854.0--8640072.0": 0.8298341796280126, "8440854.0--8636208.0": 0.8632395393344113, "8440854.0--8805458.0": 0.8077925404996182, "8440854.0--8807271.0": 0.8348301587020637, "8440854.0--8809678.0": 0.8109840210658406, "8440854.0--8807226.0": 0.8868637704182358, "8440854.0--8805467.0": 0.8512748088346326, "8440854.0--8611113.0": 0.829021220187355, "8440854.0--8854316.0": 0.820440962028681, "8440854.0--8794607.0": 0.8271339098578511, "8440854.0--8805418.0": 0.7915909934386403, "8440854.0--8836087.0": 0.8435034149089614, "8440854.0--8807283.0": 0.8193762473628732, "8440854.0--8820171.0": 0.8444365127612393, "8440854.0--8807288.0": 0.7815757203693143, "8440854.0--8807302.0": 0.8022583142770554, "8440854.0--8805466.0": 0.812345824419291, "8440854.0--8807351.0": 0.8097296703679081, "8440854.0--8805420.0": 0.8094929738584962, "8440854.0--8807299.0": 0.8240820638109522, "8440854.0--8812988.0": 0.8399944301785446, "8440854.0--8807294.0": 0.8395521826795549, "8440854.0--8805434.0": 0.8704411933460873, "8440854.0--8732351.0": 0.8519124370604061, "8440854.0--8807232.0": 0.8064444502610776, "8419271.0--8440854.0": 0.8026497528135352, "8440854.0--8625484.0": 0.8150929869883445, "8440854.0--8807349.0": 0.8314116697605065, "8440854.0--8809730.0": 0.827376312170071, "8440854.0--8730513.0": 0.8625707881568463, "8440854.0--8809833.0": 0.8558757645436996, "8440854.0--8523628.0": 0.809893723736862, "8434356.0--8440854.0": 0.814541349094492, "8440854.0--8807303.0": 0.8460247841488774, "8440854.0--8811606.0": 0.809888145482807, "8440854.0--8807244.0": 0.7996337342588865, "8440854.0--8490694.0": 0.857249054796286, "8440854.0--8809844.0": 0.828362333770831, "8440854.0--8809850.0": 0.8434298818841353, "8440854.0--8805445.0": 0.7944452437515617, "8412138.0--8440854.0": 0.8220005730639197, "8440854.0--8807247.0": 0.7947686376480424, "8440854.0--8848845.0": 0.8285803322394352, "8440854.0--8695851.0": 0.8364932288960005, "8440854.0--8713907.0": 0.8474647341426103, "8440854.0--8809847.0": 0.8403430572982438, "8440854.0--8727480.0": 0.836219884653693, "8440854.0--8706590.0": 0.8197036734558113, "8440854.0--8735916.0": 0.8299917106409475, "8440854.0--8474512.0": 0.8298788054254954, "8440854.0--8809845.0": 0.7893248501598026, "8440854.0--8540796.0": 0.8516978866217162, "8440854.0--8807233.0": 0.8249524383406283, "8440854.0--8617747.0": 0.7951873602292872, "8440854.0--8474486.0": 0.8188188074886718, "8440854.0--8474516.0": 0.8514794402385152, "8440854.0--8663650.0": 0.8072828265114007, "8440854.0--8663646.0": 0.8165282533131968, "8440854.0--8794553.0": 0.8371777430800089, "8440854.0--8863966.0": 0.8096565647212045, "8440854.0--8525340.0": 0.7690505958778813, "8440854.0--8805448.0": 0.8191430315950705, "8405549.0--8440854.0": 0.851908158332789, "8440854.0--8611178.0": 0.8387188339531642, "8440854.0--8827593.0": 0.8191860261013486, "8440854.0--8805463.0": 0.7939146118127051, "8440854.0--8805457.0": 0.8393449171027265, "8440854.0--8805442.0": 0.8076989624290735, "8440854.0--8807266.0": 0.8279716441599339, "8440854.0--8813126.0": 0.8339303455591023, "8440854.0--8585103.0": 0.8242095799316242, "8440854.0--8807235.0": 0.8147632899698656, "8440854.0--8585048.0": 0.8741445392042854, "8440854.0--8809843.0": 0.8063484629691777, "8440854.0--8809842.0": 0.8030497761857038, "8440854.0--8842614.0": 0.8209184434525709, "8440854.0--8805441.0": 0.767257236466328, "8440854.0--8809920.0": 0.7846920809717345, "8440854.0--8663312.0": 0.799788302128505, "8440854.0--8477126.0": 0.8435838239421709, "8440854.0--8807224.0": 0.8252632959618056, "8440854.0--8807355.0": 0.7878120527290031, "8440854.0--8807320.0": 0.829734854554367, "8440854.0--8665933.0": 0.8157296708337163, "8440854.0--8845772.0": 0.837326475933696, "8440854.0--8812989.0": 0.8264614658112517, "8440854.0--8636969.0": 0.8486564457347011, "8440854.0--8805450.0": 0.7949077698800527, "8440854.0--8807243.0": 0.8307573631044861, "8440854.0--8805443.0": 0.841154732691053, "8440854.0--8673661.0": 0.8523582650384793, "8440854.0--8805419.0": 0.8121495813389876, "8440854.0--8451903.0": 0.7938553505486193,