{"8440820.0--8440833.0": 0.7740144267641764, "8440820.0--8444072.0": 0.7685363711343838, "8440812.0--8440820.0": 0.8122387265799536, "8440809.0--8440820.0": 0.8015881559054624, "8440820.0--8454904.0": 0.8162186677218466, "8440820.0--8440846.0": 0.7735969762080219, "8440820.0--8440830.0": 0.7434011753816863, "8440820.0--8444077.0": 0.7515577798393074, "8440820.0--8440847.0": 0.79581624435049, "8440820.0--8440849.0": 0.7923451679132693, "8440820.0--8443124.0": 0.7971972077098823, "8440820.0--8440843.0": 0.8114313510355643, "8440820.0--8807265.0": 0.772379416525039, "8440820.0--8816695.0": 0.7823827180814302, "8440820.0--8805426.0": 0.787966312535801, "8440820.0--8805421.0": 0.8043377573046577, "8440820.0--8812684.0": 0.7753628423272412, "8440820.0--8805461.0": 0.8642805215461783, "8440820.0--8807255.0": 0.7660251137088974, "8440820.0--8805460.0": 0.7628235410916615, "8440820.0--8807292.0": 0.775043527112046, "8440820.0--8807354.0": 0.7659447999624474, "8440820.0--8809711.0": 0.7828018805420729, "8440820.0--8805422.0": 0.7630109916397527, "8440820.0--8805424.0": 0.7532580111562606, "8440820.0--8794517.0": 0.786615182649016, "8440820.0--8805451.0": 0.7782806883679811, "8440820.0--8807223.0": 0.7475878706418684, "8440820.0--8794560.0": 0.7789509817289814, "8440820.0--8481543.0": 0.793859806094715, "8440820.0--8802285.0": 0.8020940165831074, "8440820.0--8807245.0": 0.7902341938877058, "8440820.0--8805456.0": 0.7886405235744404, "8440820.0--8827944.0": 0.7776613686670706, "8440820.0--8807296.0": 0.801039627633487, "8440820.0--8827951.0": 0.7582990075358256, "8440820.0--8854335.0": 0.7863665746627244, "8440820.0--8805446.0": 0.7923464000138856, "8440820.0--8805436.0": 0.811869623155772, "8440820.0--8805433.0": 0.7581728338594381, "8440820.0--8546802.0": 0.7944663101161892, "8440820.0--8805427.0": 0.7718584362007336, "8440820.0--8836120.0": 0.8111491493207438, "8440820.0--8794768.0": 0.8187065221490593, "8440820.0--8809750.0": 0.7890375563422157, "8440820.0--8820172.0": 0.8327661839149475, "8440820.0--8476234.0": 0.7716450466602779, "8440820.0--8807314.0": 0.7584898113411017, "8440820.0--8794520.0": 0.8202930589559451, "8440820.0--8805452.0": 0.796220475760762, "8440820.0--8805462.0": 0.7568351226958139, "8440820.0--8807275.0": 0.8068712575225844, "8419285.0--8440820.0": 0.8119541072073181, "8440820.0--8807379.0": 0.7999592505303332, "8440820.0--8807234.0": 0.8116972290190471, "8423100.0--8440820.0": 0.7804070038795725, "8440820.0--8805455.0": 0.8001688943241684, "8440820.0--8727493.0": 0.7638075162599646, "8440820.0--8807369.0": 0.744414967069488, "8440820.0--8532319.0": 0.7983125164305078, "8419325.0--8440820.0": 0.7764365436281341, "8440820.0--8805430.0": 0.7476347746634104, "8440820.0--8807301.0": 0.7573242547568391, "8440820.0--8713940.0": 0.7916579433339561, "8440820.0--8637795.0": 0.7958762788292273, "7999244.0--8440820.0": 0.7765085382989843, "8440820.0--8805439.0": 0.7558382867663173, "8440820.0--8805428.0": 0.797063598039068, "8440820.0--8809223.0": 0.7840298736001587, "8440820.0--8795584.0": 0.7847276276422728, "8440820.0--8807264.0": 0.7588139066911961, "8440820.0--8805431.0": 0.7656026437136764, "8440820.0--8453863.0": 0.7888065486378502, "8400404.0--8440820.0": 0.7657130689076841, "8440820.0--8809834.0": 0.8903592923777464, "8440820.0--8663447.0": 0.8295302165651119, "8440820.0--8807213.0": 0.8226219491227771, "8440820.0--8640251.0": 0.7880957117659811, "8440820.0--8807220.0": 0.8186491596187526, "8440820.0--8617736.0": 0.7712297056751147, "8440820.0--8617746.0": 0.7533963415015017, "8440820.0--8640072.0": 0.7883649517992944, "8440820.0--8636208.0": 0.8049357295946091, "8440820.0--8805458.0": 0.7736655194135057, "8440820.0--8807271.0": 0.7717075017449659, "8440820.0--8809678.0": 0.7718751501865687, "8440820.0--8807226.0": 0.7936094955224904, "8440820.0--8805467.0": 0.7888195867264318, "8440820.0--8611113.0": 0.764376523615679, "8440820.0--8854316.0": 0.7910975783767796, "8440820.0--8794607.0": 0.803304981003734, "8440820.0--8805418.0": 0.7815970868782619, "8440820.0--8836087.0": 0.8006758206551022, "8440820.0--8807283.0": 0.7769812848119575, "8440820.0--8820171.0": 0.781287180801855, "8440820.0--8807288.0": 0.7573227753126553, "8440820.0--8807302.0": 0.7475598298123629, "8440820.0--8805466.0": 0.766046694993068, "8440820.0--8807351.0": 0.7564911615671699, "8440820.0--8805420.0": 0.7794903451561587, "8440820.0--8807299.0": 0.7919094022592807, "8440820.0--8812988.0": 0.7785243488525985, "8440820.0--8807294.0": 0.7888530341020317, "8440820.0--8805434.0": 0.7796384960897538, "8440820.0--8732351.0": 0.7711352162113336, "8440820.0--8807232.0": 0.7919148690497224, "8419271.0--8440820.0": 0.7257600320058638, "8440820.0--8625484.0": 0.77065160081986, "8440820.0--8807349.0": 0.7996028750840725, "8440820.0--8809730.0": 0.7784992017942521, "8440820.0--8730513.0": 0.7637050243478203, "8440820.0--8809833.0": 0.7678891493509212, "8440820.0--8523628.0": 0.7565872491641235, "8434356.0--8440820.0": 0.8112045323832138, "8440820.0--8807303.0": 0.8018643859005541, "8440820.0--8811606.0": 0.8339224774624151, "8440820.0--8807244.0": 0.7950315767743157, "8440820.0--8490694.0": 0.8209957528301619, "8440820.0--8809844.0": 0.804681464094008, "8440820.0--8809850.0": 0.8207812718637081, "8440820.0--8805445.0": 0.8005986830848522, "8412138.0--8440820.0": 0.7863531222439658, "8440820.0--8807247.0": 0.8043386336128439, "8440820.0--8848845.0": 0.7911630967739689, "8440820.0--8695851.0": 0.793644307359161, "8440820.0--8713907.0": 0.8112763158189844, "8440820.0--8809847.0": 0.7898913462632197, "8440820.0--8727480.0": 0.813414654747871, "8440820.0--8706590.0": 0.8060515562522861, "8440820.0--8735916.0": 0.7995514185464048, "8440820.0--8474512.0": 0.7663359037961264, "8440820.0--8809845.0": 0.7734181781998344, "8440820.0--8540796.0": 0.8005405946203343, "8440820.0--8807233.0": 0.7835153574853783, "8440820.0--8617747.0": 0.788128593286985, "8440820.0--8474486.0": 0.7591580475745118, "8440820.0--8474516.0": 0.8003221174490105, "8440820.0--8663650.0": 0.7511803358592501, "8440820.0--8663646.0": 0.7901433969682111, "8440820.0--8794553.0": 0.8045934609668737, "8440820.0--8863966.0": 0.8366726433410956, "8440820.0--8525340.0": 0.7964442843481156, "8440820.0--8805448.0": 0.7575831320210193, "8405549.0--8440820.0": 0.7874050208668625, "8440820.0--8611178.0": 0.7834778978993475, "8440820.0--8827593.0": 0.7979677806601188, "8440820.0--8805463.0": 0.7515900239719853, "8440820.0--8805457.0": 0.7763971765905228, "8440820.0--8805442.0": 0.751861922079033, "8440820.0--8807266.0": 0.7847166920087593, "8440820.0--8813126.0": 0.7606134797803402, "8440820.0--8585103.0": 0.7814982466094097, "8440820.0--8807235.0": 0.768212611421293, "8440820.0--8585048.0": 0.7881784354941682, "8440820.0--8809843.0": 0.7846295540226975, "8440820.0--8809842.0": 0.7669921141213671, "8440820.0--8842614.0": 0.7501428007464891, "8440820.0--8805441.0": 0.7459668439511066, "8440820.0--8809920.0": 0.7608111577246479, "8440820.0--8663312.0": 0.7704244181174448, "8440820.0--8477126.0": 0.7832139518792147, "8440820.0--8807224.0": 0.7971697085879866, "8440820.0--8807355.0": 0.7855884226436164, "8440820.0--8807320.0": 0.7859033508627237, "8440820.0--8665933.0": 0.7680636876569669, "8440820.0--8845772.0": 0.7788672840553057, "8440820.0--8812989.0": 0.7894063332581606, "8440820.0--8636969.0": 0.7858500168405178, "8440820.0--8805450.0": 0.7832954288033395, "8440820.0--8807243.0": 0.7862400444967385, "8440820.0--8805443.0": 0.7648866996116679, "8440820.0--8673661.0": 0.7889959719516637, "8440820.0--8805419.0": 0.7738295200196027, "8440820.0--8451903.0": 0.7541917620982939, "8440820.0--8805429.0": 0.7887256225871255, "8440820.0--8809846.0": 0.7651359439725959, "8440820.0--8809832.0": 0.7848393495480906, "8413174.0--8440820.0": 0.7829625553415678, "8440820.0--8494817.0": 0.7813040959729068, "8440820.0--8637778.0": 0.791762568298448, "8440820.0--8809742.0": 0.7683255674629785, "8440820.0--8807280.0": 0.780606452934697,