{"9226404.0--9229232.0": 0.7426468608725109, "9229232.0--9308631.0": 0.7870602575005493, "9222255.0--9229232.0": 0.8421531421359152, "9222261.0--9229232.0": 0.7706705247583405, "9222338.0--9229232.0": 0.7771959421641484, "9222284.0--9229232.0": 0.8224926571978475, "9229232.0--9230430.0": 0.7953216657382283, "9229232.0--9308622.0": 0.7715517978627764, "9229232.0--9286903.0": 0.731140561993015, "9229232.0--9234473.0": 0.7547222951722781, "9229232.0--9241426.0": 0.7832646553355456, "9222269.0--9229232.0": 0.7630196840024402, "9229232.0--9237999.0": 0.7903011186437832, "9222072.0--9229232.0": 0.7695025359462632, "9224197.0--9229232.0": 0.7565005268160465, "9229232.0--9246282.0": 0.7881320197158401, "9222314.0--9229232.0": 0.7497338766294447, "9222357.0--9229232.0": 0.8243120925562968, "9222086.0--9229232.0": 0.7727056819894358, "9222360.0--9229232.0": 0.7902926689404014, "9222065.0--9229232.0": 0.7286210393438085, "9228894.0--9229232.0": 0.7989974394476373, "9229232.0--9233264.0": 0.7977427707685883, "9222343.0--9229232.0": 0.7816341516525005, "9229232.0--9308621.0": 0.7680356019679156, "9229232.0--9308625.0": 0.7839457446429068, "9229232.0--9241744.0": 0.7889836333409186, "9229232.0--9308629.0": 0.7591188606973206, "9222068.0--9229232.0": 0.7492461758647364, "9222248.0--9229232.0": 0.7436148760224157, "9222274.0--9229232.0": 0.7601617626214606, "9229116.0--9229232.0": 0.7975763737151111, "9229232.0--9233993.0": 0.7855360422643918, "9229232.0--9308623.0": 0.772516364314158, "9222553.0--9229232.0": 0.7590642906840535, "9222341.0--9229232.0": 0.813489591934189, "9222346.0--9229232.0": 0.783519021915301, "9229232.0--9308628.0": 0.7715916643756288, "9222294.0--9229232.0": 0.824121283947616, "9229232.0--9241732.0": 0.770441185642009, "9222060.0--9229232.0": 0.8000220888291195, "9222280.0--9229232.0": 0.7918821595643564}