{"9216512.0--9216579.0": 0.7852622160706189, "9216512.0--9222249.0": 0.8123318559522023, "9216512.0--9222367.0": 0.7708874015482242, "9216512.0--9222325.0": 0.7714974508847927, "9216512.0--9222510.0": 0.7985623800475001, "9216512.0--9246250.0": 0.805470713909436, "9216512.0--9308627.0": 0.819609821236642, "9216512.0--9224186.0": 0.8424993464135389, "9216512.0--9229232.0": 0.7889648539215447, "9216512.0--9226404.0": 0.7911809253375216, "9216512.0--9308631.0": 0.798063439764213, "9216512.0--9222255.0": 0.8186989877693732, "9216512.0--9222261.0": 0.8095356641703009, "9216512.0--9222338.0": 0.8124408965397094, "9216512.0--9222284.0": 0.834975543441914, "9216512.0--9230430.0": 0.8182386846893523, "9216512.0--9308622.0": 0.7859681835725173, "9216512.0--9286903.0": 0.7609642422164145, "9216512.0--9234473.0": 0.7664697091520973, "9216512.0--9241426.0": 0.8179094321254348, "9216512.0--9222269.0": 0.8364020858940425, "9216512.0--9237999.0": 0.8570167151476591, "9216512.0--9222072.0": 0.8140347945069546, "9216512.0--9224197.0": 0.7676723875366578, "9216512.0--9246282.0": 0.8072271466387673, "9216512.0--9222314.0": 0.7953195775103151, "9216512.0--9222357.0": 0.7999407011214519, "9216512.0--9222086.0": 0.7836498642155668, "9216512.0--9222360.0": 0.8248028636451302, "9216512.0--9222065.0": 0.8221272030298677, "9216512.0--9228894.0": 0.8223884516887301, "9216512.0--9233264.0": 0.8364933612093793, "9216512.0--9222343.0": 0.7947454810442156, "9216512.0--9308621.0": 0.7887220099881566, "9216512.0--9308625.0": 0.8151976462777004, "9216512.0--9241744.0": 0.8175854468057818, "9216512.0--9308629.0": 0.8000732681364756, "9216512.0--9222068.0": 0.7838199275155757, "9216512.0--9222248.0": 0.8096683466325578, "9216512.0--9222274.0": 0.8151678064145824, "9216512.0--9229116.0": 0.8170141649524869, "9216512.0--9233993.0": 0.7818704525887898, "9216512.0--9308623.0": 0.7980559424770535, "9216512.0--9222553.0": 0.7926107002213262, "9216512.0--9222341.0": 0.8556634747109386, "9216512.0--9222346.0": 0.7809791768609374, "9216512.0--9308628.0": 0.8288510973259672, "9216512.0--9222294.0": 0.8046800481402248, "9216512.0--9241732.0": 0.7876847997517047, "9216512.0--9222060.0": 0.8316045165252148, "9216512.0--9222280.0": 0.8435620196295004}