{"9216538.0--9216595.0": 0.780943346881829, "9216549.0--9216595.0": 0.7587425662087642, "9216559.0--9216595.0": 0.7895622288548736, "9216595.0--9222376.0": 0.7250611633922255, "9216595.0--9222374.0": 0.8103917445874742, "9216595.0--9224194.0": 0.7714090981081962, "9216595.0--9222254.0": 0.8203124105354798, "9216595.0--9222049.0": 0.7771191867696554, "9216595.0--9222562.0": 0.7616353672350058, "9216595.0--9226126.0": 0.7917012843885524, "9216595.0--9240062.0": 0.7924402135362573, "9216595.0--9226101.0": 0.8074286529212742, "9216595.0--9222377.0": 0.7461074075444047, "9216595.0--9233392.0": 0.7915890164379005, "9216595.0--9222093.0": 0.7884952838070933, "9216595.0--9224154.0": 0.7800620134138349, "9216595.0--9240061.0": 0.776862579281908, "9216595.0--9222512.0": 0.7785861553837842, "9216595.0--9241413.0": 0.7927202824970895, "9216595.0--9224646.0": 0.7773222795296664, "9216595.0--9222372.0": 0.7676262443103936, "9216595.0--9222253.0": 0.7990179267335491, "9216595.0--9222092.0": 0.7896055491426692, "9216595.0--9222271.0": 0.778031840651499, "9216595.0--9230431.0": 0.7695484715284675, "9216595.0--9222076.0": 0.80229457306755, "9216595.0--9222053.0": 0.778982574691525, "9216532.0--9216595.0": 0.791939384873174, "9216595.0--9222085.0": 0.7934694957353469, "9216595.0--9216629.0": 0.8052527549037974, "9216595.0--9308630.0": 0.7774306030549273, "9216595.0--9308624.0": 0.7753263187241785, "9216595.0--9219240.0": 0.7712888287293618, "9216595.0--9216630.0": 0.769209923023098, "9216595.0--9217981.0": 0.7690743015824237, "9216595.0--9224153.0": 0.7528571948646638, "9216595.0--9286505.0": 0.7642987473021511, "9216512.0--9216595.0": 0.7815386312474146, "9216579.0--9216595.0": 0.7775941706327741, "9216595.0--9222249.0": 0.7570131805002283, "9216595.0--9222367.0": 0.7567624208326975, "9216595.0--9222325.0": 0.7666152796606445, "9216595.0--9222510.0": 0.7569299138491833, "9216595.0--9246250.0": 0.7728751366576077, "9216595.0--9308627.0": 0.7711876182328898, "9216595.0--9224186.0": 0.8068378498206219, "9216595.0--9229232.0": 0.7695301125741172, "9216595.0--9226404.0": 0.7602554926174839, "9216595.0--9308631.0": 0.7493398753923847, "9216595.0--9222255.0": 0.7856330568281229, "9216595.0--9222261.0": 0.7952275918910459, "9216595.0--9222338.0": 0.7959348630175987, "9216595.0--9222284.0": 0.7925966403989779, "9216595.0--9230430.0": 0.7793318456066695, "9216595.0--9308622.0": 0.7629497969057628, "9216595.0--9286903.0": 0.7467648604567585, "9216595.0--9234473.0": 0.7708282275028367, "9216595.0--9241426.0": 0.7692940908675672, "9216595.0--9222269.0": 0.7839459970324634, "9216595.0--9237999.0": 0.8150760792983234, "9216595.0--9222072.0": 0.7897601492750896, "9216595.0--9224197.0": 0.7517261975844188, "9216595.0--9246282.0": 0.7760771616413875, "9216595.0--9222314.0": 0.7667460352230815, "9216595.0--9222357.0": 0.7880038068015497, "9216595.0--9222086.0": 0.7608183739933242, "9216595.0--9222360.0": 0.8119755137679421, "9216595.0--9222065.0": 0.7736082014141841, "9216595.0--9228894.0": 0.7948505109962976, "9216595.0--9233264.0": 0.7664416424716773, "9216595.0--9222343.0": 0.7414941505819761, "9216595.0--9308621.0": 0.7764318861680946, "9216595.0--9308625.0": 0.796840420789286, "9216595.0--9241744.0": 0.8132826549330164, "9216595.0--9308629.0": 0.76050718178571, "9216595.0--9222068.0": 0.7726510345154786, "9216595.0--9222248.0": 0.7776096641913245, "9216595.0--9222274.0": 0.778284854976404, "9216595.0--9229116.0": 0.7812998391499661, "9216595.0--9233993.0": 0.7502285370523583, "9216595.0--9308623.0": 0.7755505839732397, "9216595.0--9222553.0": 0.7814178698533703, "9216595.0--9222341.0": 0.8113535780108356, "9216595.0--9222346.0": 0.7751254433677522, "9216595.0--9308628.0": 0.788822331860501, "9216595.0--9222294.0": 0.780601742635803, "9216595.0--9241732.0": 0.7652540577169217, "9216595.0--9222060.0": 0.7970066211214001, "9216595.0--9222280.0": 0.7813529728073854}