{"8440115.0--8453873.0": 0.7737139252782977, "8453873.0--8467383.0": 0.7788995935311056, "8440120.0--8453873.0": 0.7761397911740073, "8440076.0--8453873.0": 0.8040614466269258, "8440043.0--8453873.0": 0.7618850150435401, "8453873.0--8467535.0": 0.7678927419783257, "8440121.0--8453873.0": 0.7909702916592258, "8440044.0--8453873.0": 0.7361332300968134, "8440089.0--8453873.0": 0.8390749300241661, "8440052.0--8453873.0": 0.7639808052868781, "8440085.0--8453873.0": 0.7640328128463363, "8440070.0--8453873.0": 0.7841025208241494, "8440048.0--8453873.0": 0.7693122783998767, "8440118.0--8453873.0": 0.800490199673356, "8440081.0--8453873.0": 0.8016175966108894, "8440102.0--8453873.0": 0.7777381708892566, "8440080.0--8453873.0": 0.7415596209167089, "8440096.0--8453873.0": 0.7959196898447848, "8440124.0--8453873.0": 0.7378805341338832, "8440063.0--8453873.0": 0.7753730836909454, "8440037.0--8453873.0": 0.8098949359755254, "8440040.0--8453873.0": 0.7866788020639658, "8440056.0--8453873.0": 0.8429008430312996, "8440116.0--8453873.0": 0.7309365205731372, "8444102.0--8453873.0": 0.7598332665274694, "8440824.0--8453873.0": 0.8200304834869935, "8453873.0--8493612.0": 0.7671863666352795, "8440850.0--8453873.0": 0.801590619380768, "8453873.0--8456856.0": 0.7911075517496493, "8447439.0--8453873.0": 0.893018763189757, "8440805.0--8453873.0": 0.8037083277124576, "8440811.0--8453873.0": 0.7568675943766687, "8440856.0--8453873.0": 0.7626171301711957, "8440822.0--8453873.0": 0.7637101121299059, "8440828.0--8453873.0": 0.7462771221974726, "8440851.0--8453873.0": 0.7400858023752849, "8453873.0--8457476.0": 0.7234029642152041, "8440848.0--8453873.0": 0.7123829158016105, "8440839.0--8453873.0": 0.7725352891470777, "8443395.0--8453873.0": 0.737871191142194, "8440832.0--8453873.0": 0.7325447842429891, "8440816.0--8453873.0": 0.7460841692987588, "8440835.0--8453873.0": 0.7915671279530738, "8440818.0--8453873.0": 0.7802958075627908, "8440853.0--8453873.0": 0.744262175121809, "8440840.0--8453873.0": 0.8119725659725615, "8440857.0--8453873.0": 0.7650751304328502, "8449328.0--8453873.0": 0.7517559694142381, "8440829.0--8453873.0": 0.7499437621662366, "8440807.0--8453873.0": 0.7454712159912914, "8440831.0--8453873.0": 0.7516881231986667, "8440852.0--8453873.0": 0.7699185257538472, "8440841.0--8453873.0": 0.7612530624854066, "8440859.0--8453873.0": 0.7751790064530562, "8440821.0--8453873.0": 0.7575656497149816, "8440842.0--8453873.0": 0.7448684305981305, "8443131.0--8453873.0": 0.7334126512865395, "8440815.0--8453873.0": 0.7544933339928879, "8453873.0--8500765.0": 0.7502798069201133, "8440804.0--8453873.0": 0.7686402414742961, "8453873.0--8454276.0": 0.7388406572037622, "8453873.0--8464305.0": 0.7551335097052237, "8453873.0--8494828.0": 0.7728646504587505, "8440825.0--8453873.0": 0.7755732891783275, "8440814.0--8453873.0": 0.766504247089546, "8440838.0--8453873.0": 0.8009977188597108, "8440855.0--8453873.0": 0.7509639365975008, "8453873.0--8454489.0": 0.7508985875877944, "8440834.0--8453873.0": 0.7141485643682319, "8440826.0--8453873.0": 0.7769832564507936, "8440823.0--8453873.0": 0.769594399018308, "8440845.0--8453873.0": 0.7754582483369026, "8440810.0--8453873.0": 0.7506028743687745, "8440806.0--8453873.0": 0.7572752729955482, "8440817.0--8453873.0": 0.7603629187840557, "8440813.0--8453873.0": 0.782078406340254, "8443125.0--8453873.0": 0.7179875345019758, "8453873.0--8456575.0": 0.7522413772471725, "8440860.0--8453873.0": 0.7458178178690648, "8453873.0--8454343.0": 0.7364068547635032, "8440803.0--8453873.0": 0.7285297238644993, "8453873.0--8454344.0": 0.7719693980739968, "8440854.0--8453873.0": 0.7750900101888073, "8453873.0--8454346.0": 0.7426297217695451, "8440827.0--8453873.0": 0.7189441353720629, "8440836.0--8453873.0": 0.7689484169961476, "8440844.0--8453873.0": 0.7935609513339585, "8440808.0--8453873.0": 0.8200851292246606, "8440837.0--8453873.0": 0.7616113128522966, "8440858.0--8453873.0": 0.7420713596281536, "8440820.0--8453873.0": 0.7966583596791675, "8440833.0--8453873.0": 0.7371951781328177, "8444072.0--8453873.0": 0.7079497463233698, "8440812.0--8453873.0": 0.7596205583010907, "8440809.0--8453873.0": 0.7481512487492654, "8453873.0--8454904.0": 0.7795083774094138, "8440846.0--8453873.0": 0.7416407508860383, "8440830.0--8453873.0": 0.7425843353841387, "8444077.0--8453873.0": 0.7273921923023955, "8440847.0--8453873.0": 0.7691279346717766, "8440849.0--8453873.0": 0.730223901680628, "8443124.0--8453873.0": 0.7766222027252752, "8440843.0--8453873.0": 0.7691999889769687, "8453873.0--8807265.0": 0.748491915556901, "8453873.0--8816695.0": 0.7500667118415382, "8453873.0--8805426.0": 0.7739132354876903, "8453873.0--8805421.0": 0.8062061722108562, "8453873.0--8812684.0": 0.7464617749812368, "8453873.0--8805461.0": 0.7677528832344008, "8453873.0--8807255.0": 0.7280472387412695, "8453873.0--8805460.0": 0.7540459615849979, "8453873.0--8807292.0": 0.747601850855103, "8453873.0--8807354.0": 0.7359145257058506, "8453873.0--8809711.0": 0.7471618520279186, "8453873.0--8805422.0": 0.7146299061535034, "8453873.0--8805424.0": 0.7204690540090385, "8453873.0--8794517.0": 0.7731604915152547, "8453873.0--8805451.0": 0.8248431370632434, "8453873.0--8807223.0": 0.8217106737701352, "8453873.0--8794560.0": 0.8038002354822922, "8453873.0--8481543.0": 0.8239218869674453, "8453873.0--8802285.0": 0.7672018889019987, "8453873.0--8807245.0": 0.7645344936428055, "8453873.0--8805456.0": 0.783030646339403, "8453873.0--8827944.0": 0.7704477491113109, "8453873.0--8807296.0": 0.789149268005558, "8453873.0--8827951.0": 0.7588885778479416, "8453873.0--8854335.0": 0.7907638975127377, "8453873.0--8805446.0": 0.8604054104874593, "8453873.0--8805436.0": 0.8862124119414364, "8453873.0--8805433.0": 0.7789804212034686, "8453873.0--8546802.0": 0.7932358945086662, "8453873.0--8805427.0": 0.7314777887605657, "8453873.0--8836120.0": 0.751095253839692, "8453873.0--8794768.0": 0.7643043076230671, "8453873.0--8809750.0": 0.732026276734516, "8453873.0--8820172.0": 0.826367992559538, "8453873.0--8476234.0": 0.7406503642500757, "8453873.0--8807314.0": 0.7806477609323915, "8453873.0--8794520.0": 0.8086029865909832, "8453873.0--8805452.0": 0.7737329268774911, "8453873.0--8805462.0": 0.7459793900391282, "8453873.0--8807275.0": 0.7816300988043481, "8419285.0--8453873.0": 0.7877349230376651, "8453873.0--8807379.0": 0.7938978938093448, "8453873.0--8807234.0": 0.7949379404166811, "8423100.0--8453873.0": 0.7709599528591456, "8453873.0--8805455.0": 0.8048550912795143, "8453873.0--8727493.0": 0.8074177537963723, "8453873.0--8807369.0": 0.7852788307385212, "8453873.0--8532319.0": 0.8135012186320938, "8419325.0--8453873.0": 0.7817616588697475, "8453873.0--8805430.0": 0.7374570729525698, "8453873.0--8807301.0": 0.7265690387326218, "8453873.0--8713940.0": 0.7541537482797558, "8453873.0--8637795.0": 0.7837833050623546, "7999244.0--8453873.0": 0.750563969135126, "8453873.0--8805439.0": 0.7366305267300579, "8453873.0--8805428.0": 0.7481652830583289, "8453873.0--8809223.0": 0.7598327036975456, "8453873.0--8795584.0": 0.7725504552835893, "8453873.0--8807264.0": 0.7752444333466255, "8453873.0--8805431.0": 0.7358605295533056, "8453863.0--8453873.0": 0.8050703963877904, "8400404.0--8453873.0": 0.7520857518036134, "8453873.0--8809834.0": 0.7692366189738017, "8453873.0--8663447.0": 0.7875555055521649, "8453873.0--8807213.0": 0.7603579806485486, "8453873.0--8640251.0": 0.7377352702814041, "8453873.0--8807220.0": 0.7705992776011786, "8453873.0--8617736.0": 0.747603036050423, "8453873.0--8617746.0": 0.7199610277308804, "8453873.0--8640072.0": 0.7691768598763468, "8453873.0--8636208.0": 0.8064324807741857, "8453873.0--8805458.0": 0.7196257351857764, "8453873.0--8807271.0": 0.7437923114754548, "8453873.0--8809678.0": 0.7412604850770333, "8453873.0--8807226.0": 0.7522763785206182, "8453873.0--8805467.0": 0.7805176014146984, "8453873.0--8611113.0": 0.7206281851812688, "8453873.0--8854316.0": 0.7814211489448906, "8453873.0--8794607.0": 0.7669631387877773,