{"9222253.0--9222372.0": 0.7772577717758804, "9222092.0--9222372.0": 0.7924415782849032, "9222271.0--9222372.0": 0.756564781740561, "9222372.0--9230431.0": 0.7581718738617171, "9222076.0--9222372.0": 0.8094873660663049, "9222053.0--9222372.0": 0.8027727631277998, "9216532.0--9222372.0": 0.7567592801459406, "9222085.0--9222372.0": 0.7862082509829538, "9216629.0--9222372.0": 0.7368094601620983, "9222372.0--9308630.0": 0.7615031153517406, "9222372.0--9308624.0": 0.7314417397551387, "9219240.0--9222372.0": 0.7389233052031654, "9216630.0--9222372.0": 0.780351548587192, "9217981.0--9222372.0": 0.7522908461771608, "9222372.0--9224153.0": 0.7322878679540381, "9222372.0--9286505.0": 0.7447534681204812, "9216512.0--9222372.0": 0.7504157981099441, "9216579.0--9222372.0": 0.7527425408190564, "9222249.0--9222372.0": 0.7505218082642786, "9222367.0--9222372.0": 0.7428502343599102, "9222325.0--9222372.0": 0.7194603369235866, "9222372.0--9222510.0": 0.7472641663658437, "9222372.0--9246250.0": 0.7352890715058096, "9222372.0--9308627.0": 0.750645009051507, "9222372.0--9224186.0": 0.7675115122300672, "9222372.0--9229232.0": 0.7075968163563977, "9222372.0--9226404.0": 0.7596788421142056, "9222372.0--9308631.0": 0.7446366178702639, "9222255.0--9222372.0": 0.7743073329863317, "9222261.0--9222372.0": 0.7635490607106706, "9222338.0--9222372.0": 0.7782376931288337, "9222284.0--9222372.0": 0.7501177195807076, "9222372.0--9230430.0": 0.7748988625260911, "9222372.0--9308622.0": 0.698434587385231, "9222372.0--9286903.0": 0.6951888654190826, "9222372.0--9234473.0": 0.7669241689166644, "9222372.0--9241426.0": 0.7482113328756305, "9222269.0--9222372.0": 0.7630543022762621, "9222372.0--9237999.0": 0.7443556643440608, "9222072.0--9222372.0": 0.7681621796005117, "9222372.0--9224197.0": 0.7590501013250446, "9222372.0--9246282.0": 0.7426584860371085, "9222314.0--9222372.0": 0.7160023588128464, "9222357.0--9222372.0": 0.7136015789993717, "9222086.0--9222372.0": 0.7499396565885004, "9222360.0--9222372.0": 0.754155930183607, "9222065.0--9222372.0": 0.7737555162255014, "9222372.0--9228894.0": 0.7954669440255349, "9222372.0--9233264.0": 0.7775798029877605, "9222343.0--9222372.0": 0.7321276829060526, "9222372.0--9308621.0": 0.7302575822827349, "9222372.0--9308625.0": 0.7681495717200872, "9222372.0--9241744.0": 0.7620782354735505, "9222372.0--9308629.0": 0.7702062702795028, "9222068.0--9222372.0": 0.738504297128969, "9222248.0--9222372.0": 0.7689528538871316, "9222274.0--9222372.0": 0.7352319503384535, "9222372.0--9229116.0": 0.754218925548481, "9222372.0--9233993.0": 0.7600201924859412, "9222372.0--9308623.0": 0.7636789242429342, "9222372.0--9222553.0": 0.7494429032272814, "9222341.0--9222372.0": 0.7784065540722804, "9222346.0--9222372.0": 0.770328049506979, "9222372.0--9308628.0": 0.7632463995011147, "9222294.0--9222372.0": 0.7265740321194811, "9222372.0--9241732.0": 0.7565447166459636, "9222060.0--9222372.0": 0.7442278405284825, "9222280.0--9222372.0": 0.7648677399520725}