{"8440037.0--8440063.0": 0.7909620779982506, "8440040.0--8440063.0": 0.7364161215256843, "8440056.0--8440063.0": 0.7851213527099278, "8440063.0--8440116.0": 0.7713551942443445, "8440063.0--8444102.0": 0.7908341955896891, "8440063.0--8440824.0": 0.788634724802195, "8440063.0--8493612.0": 0.7839397106268139, "8440063.0--8440850.0": 0.8179224952391635, "8440063.0--8456856.0": 0.7999113667962807, "8440063.0--8447439.0": 0.8141414333922056, "8440063.0--8440805.0": 0.804394802611024, "8440063.0--8440811.0": 0.74782113881284, "8440063.0--8440856.0": 0.7997817250652534, "8440063.0--8440822.0": 0.7951768398861243, "8440063.0--8440828.0": 0.7877553459137495, "8440063.0--8440851.0": 0.7568564661406428, "8440063.0--8457476.0": 0.8030346526882937, "8440063.0--8440848.0": 0.7506148673082262, "8440063.0--8440839.0": 0.7618513115588669, "8440063.0--8443395.0": 0.8042921245826715, "8440063.0--8440832.0": 0.800154952979437, "8440063.0--8440816.0": 0.7810713683559931, "8440063.0--8440835.0": 0.7899243325367855, "8440063.0--8440818.0": 0.8225658326125818, "8440063.0--8440853.0": 0.7958367666753842, "8440063.0--8440840.0": 0.8028729292263286, "8440063.0--8440857.0": 0.7915458390756598, "8440063.0--8449328.0": 0.7785886544970099, "8440063.0--8440829.0": 0.8043086299861448, "8440063.0--8440807.0": 0.7561502421167634, "8440063.0--8440831.0": 0.809726841348657, "8440063.0--8440852.0": 0.806976286933847, "8440063.0--8440841.0": 0.7759279394866723, "8440063.0--8440859.0": 0.7553520388571724, "8440063.0--8440821.0": 0.8061035392743984, "8440063.0--8440842.0": 0.7810540471945203, "8440063.0--8443131.0": 0.7496188939223258, "8440063.0--8440815.0": 0.7736394276498093, "8440063.0--8500765.0": 0.8007087024986286, "8440063.0--8440804.0": 0.7854555738868076, "8440063.0--8454276.0": 0.7585009320074428, "8440063.0--8464305.0": 0.794031869496972, "8440063.0--8494828.0": 0.7684974645165316, "8440063.0--8440825.0": 0.7442887056987593, "8440063.0--8440814.0": 0.8016050665421386, "8440063.0--8440838.0": 0.8315868345070236, "8440063.0--8440855.0": 0.8087798711907699, "8440063.0--8454489.0": 0.8080856685489517, "8440063.0--8440834.0": 0.7597235166265455, "8440063.0--8440826.0": 0.7987735861801318, "8440063.0--8440823.0": 0.7895774182077313, "8440063.0--8440845.0": 0.7729551261554974, "8440063.0--8440810.0": 0.8248665659265522, "8440063.0--8440806.0": 0.797012824410462, "8440063.0--8440817.0": 0.8061479258063943, "8440063.0--8440813.0": 0.7869358751547206, "8440063.0--8443125.0": 0.7603981359467389, "8440063.0--8456575.0": 0.7915866500666907, "8440063.0--8440860.0": 0.8323039161982291, "8440063.0--8454343.0": 0.7910704872736068, "8440063.0--8440803.0": 0.8176327604629057, "8440063.0--8454344.0": 0.8186472096712832, "8440063.0--8440854.0": 0.8288469347086039, "8440063.0--8454346.0": 0.7821178667561935, "8440063.0--8440827.0": 0.8163562796973306, "8440063.0--8440836.0": 0.8331600225317866, "8440063.0--8440844.0": 0.798244881882059, "8440063.0--8440808.0": 0.8153341579885243, "8440063.0--8440837.0": 0.7795284121188486, "8440063.0--8440858.0": 0.823250682101774, "8440063.0--8440820.0": 0.7834838159645601, "8440063.0--8440833.0": 0.7886013071200609, "8440063.0--8444072.0": 0.8102289662588613, "8440063.0--8440812.0": 0.7964902742976476, "8440063.0--8440809.0": 0.7747214904144685, "8440063.0--8454904.0": 0.8192391536014595, "8440063.0--8440846.0": 0.8094148756313213, "8440063.0--8440830.0": 0.7985820479767314, "8440063.0--8444077.0": 0.7843686911353789, "8440063.0--8440847.0": 0.8358028814248935, "8440063.0--8440849.0": 0.7803311131964819, "8440063.0--8443124.0": 0.8047445943154102, "8440063.0--8440843.0": 0.7814942778295229, "8440063.0--8807265.0": 0.8078395762788322, "8440063.0--8816695.0": 0.8046729700568015, "8440063.0--8805426.0": 0.796003947440368, "8440063.0--8805421.0": 0.8101300020613346, "8440063.0--8812684.0": 0.7955632671708756, "8440063.0--8805461.0": 0.7853703462558584, "8440063.0--8807255.0": 0.7728997294028774, "8440063.0--8805460.0": 0.7400962283323411, "8440063.0--8807292.0": 0.8056343367007631, "8440063.0--8807354.0": 0.7816943510135239, "8440063.0--8809711.0": 0.8083396071174273, "8440063.0--8805422.0": 0.7857130524962911, "8440063.0--8805424.0": 0.7860844883836879, "8440063.0--8794517.0": 0.7690722201651491, "8440063.0--8805451.0": 0.7619112962152956, "8440063.0--8807223.0": 0.7822556587083058, "8440063.0--8794560.0": 0.7767894429630383, "8440063.0--8481543.0": 0.7726374732546792, "8440063.0--8802285.0": 0.8033816348715459, "8440063.0--8807245.0": 0.7859836391032757, "8440063.0--8805456.0": 0.7654457764601592, "8440063.0--8827944.0": 0.7703447192732714, "8440063.0--8807296.0": 0.8081479798116245, "8440063.0--8827951.0": 0.759255877512163, "8440063.0--8854335.0": 0.8170253694137283, "8440063.0--8805446.0": 0.7735019870519674, "8440063.0--8805436.0": 0.7995314227797637, "8440063.0--8805433.0": 0.7706943704613584, "8440063.0--8546802.0": 0.8137785304911751, "8440063.0--8805427.0": 0.7615648640057219, "8440063.0--8836120.0": 0.780264085987517, "8440063.0--8794768.0": 0.7835447111777, "8440063.0--8809750.0": 0.7670635692562484, "8440063.0--8820172.0": 0.8302924652431658, "8440063.0--8476234.0": 0.7921414260122664, "8440063.0--8807314.0": 0.7723791680079721, "8440063.0--8794520.0": 0.8243495164842397, "8440063.0--8805452.0": 0.8211027806266276, "8440063.0--8805462.0": 0.7881543930181947, "8440063.0--8807275.0": 0.7899108600750115, "8419285.0--8440063.0": 0.7910715125572947, "8440063.0--8807379.0": 0.7859876097921035, "8440063.0--8807234.0": 0.8308593259609237, "8423100.0--8440063.0": 0.7604525402885506, "8440063.0--8805455.0": 0.7875574364419309, "8440063.0--8727493.0": 0.7499671879150357, "8440063.0--8807369.0": 0.7381824169553334, "8440063.0--8532319.0": 0.7913625579369764, "8419325.0--8440063.0": 0.7714238427285718, "8440063.0--8805430.0": 0.7909123024164219, "8440063.0--8807301.0": 0.7826530278159431, "8440063.0--8713940.0": 0.81183076603488, "8440063.0--8637795.0": 0.8469896389795143, "7999244.0--8440063.0": 0.7921652280479569, "8440063.0--8805439.0": 0.7964750047705136, "8440063.0--8805428.0": 0.7975380879314187, "8440063.0--8809223.0": 0.7980757336635581, "8440063.0--8795584.0": 0.7991992885872807, "8440063.0--8807264.0": 0.7742797828577822, "8440063.0--8805431.0": 0.781558641045128, "8440063.0--8453863.0": 0.7894010736389241, "8400404.0--8440063.0": 0.7486239893193642, "8440063.0--8809834.0": 0.7933048917079705, "8440063.0--8663447.0": 0.7981871542871224, "8440063.0--8807213.0": 0.8016847808992287, "8440063.0--8640251.0": 0.8221491327218046, "8440063.0--8807220.0": 0.8106093012460849, "8440063.0--8617736.0": 0.8121492997933858, "8440063.0--8617746.0": 0.7892551454116556, "8440063.0--8640072.0": 0.8136693701313813, "8440063.0--8636208.0": 0.8174913923570103, "8440063.0--8805458.0": 0.7863230360251378, "8440063.0--8807271.0": 0.8105571200237732, "8440063.0--8809678.0": 0.7972565712465073, "8440063.0--8807226.0": 0.8451637712179386, "8440063.0--8805467.0": 0.7968699923384742, "8440063.0--8611113.0": 0.8056154649920466, "8440063.0--8854316.0": 0.8117905826218913, "8440063.0--8794607.0": 0.8142794886538508, "8440063.0--8805418.0": 0.7912169619440163, "8440063.0--8836087.0": 0.8116738951364703, "8440063.0--8807283.0": 0.775098167020438, "8440063.0--8820171.0": 0.798359456946697, "8440063.0--8807288.0": 0.7924444188593376, "8440063.0--8807302.0": 0.7666968220718078, "8440063.0--8805466.0": 0.7851399090555786, "8440063.0--8807351.0": 0.7800849269252133, "8440063.0--8805420.0": 0.7700781776131168, "8440063.0--8807299.0": 0.7979014441507881, "8440063.0--8812988.0": 0.7848225873142176, "8440063.0--8807294.0": 0.7938212987747731, "8440063.0--8805434.0": 0.8104083326092607, "8440063.0--8732351.0": 0.7883716792489688, "8440063.0--8807232.0": 0.7649207041943527, "8419271.0--8440063.0": 0.7726636230768914, "8440063.0--8625484.0": 0.8106308520323596, "8440063.0--8807349.0": 0.822979788549018, "8440063.0--8809730.0": 0.8533778184130845, "8440063.0--8730513.0": 0.8183002046355919,