{"9222553.0--9308623.0": 0.7983194683009316, "9222341.0--9308623.0": 0.8115825043008758, "9222346.0--9308623.0": 0.7915448974756983, "9308623.0--9308628.0": 0.8195356021174112, "9222294.0--9308623.0": 0.8025414041586749, "9241732.0--9308623.0": 0.8196289022225854, "9222060.0--9308623.0": 0.8342313654617123, "9222280.0--9308623.0": 0.8103637115400766}