{"8805428.0--8805439.0": 0.8058288826964253, "8805439.0--8809223.0": 0.8023166991017349, "8795584.0--8805439.0": 0.7920094416843142, "8805439.0--8807264.0": 0.7867743302708377, "8805431.0--8805439.0": 0.7704777228751201, "8453863.0--8805439.0": 0.7828999687312954, "8400404.0--8805439.0": 0.7655320642220836, "8805439.0--8809834.0": 0.7817806352806564, "8663447.0--8805439.0": 0.7713661398832119, "8805439.0--8807213.0": 0.8231615566245741, "8640251.0--8805439.0": 0.7979232135552847, "8805439.0--8807220.0": 0.8273371469752897, "8617736.0--8805439.0": 0.8062045587314668, "8617746.0--8805439.0": 0.7524412908149181, "8640072.0--8805439.0": 0.7980703502324588, "8636208.0--8805439.0": 0.7912814121036515, "8805439.0--8805458.0": 0.7897665302305086, "8805439.0--8807271.0": 0.8146446295010789, "8805439.0--8809678.0": 0.7727441808121366, "8805439.0--8807226.0": 0.8369690639539827, "8805439.0--8805467.0": 0.8356614850417758, "8611113.0--8805439.0": 0.8004740939175926, "8805439.0--8854316.0": 0.7855712248511804, "8794607.0--8805439.0": 0.8023643584881542, "8805418.0--8805439.0": 0.7782096553854168, "8805439.0--8836087.0": 0.8043506995796187, "8805439.0--8807283.0": 0.7890950544945888, "8805439.0--8820171.0": 0.8069412897467705, "8805439.0--8807288.0": 0.7514200436620269, "8805439.0--8807302.0": 0.7854929755679605, "8805439.0--8805466.0": 0.7855388447938467, "8805439.0--8807351.0": 0.8047477295415403, "8805420.0--8805439.0": 0.8088227390015327, "8805439.0--8807299.0": 0.8075378623538566, "8805439.0--8812988.0": 0.8079986556380974, "8805439.0--8807294.0": 0.8074457374318422, "8805434.0--8805439.0": 0.8279938411024832, "8732351.0--8805439.0": 0.7815747906617561, "8805439.0--8807232.0": 0.797183387235247, "8419271.0--8805439.0": 0.7529618483139254, "8625484.0--8805439.0": 0.7851607427271395, "8805439.0--8807349.0": 0.8105518132742782, "8805439.0--8809730.0": 0.7766236512604311, "8730513.0--8805439.0": 0.8034785150686091, "8805439.0--8809833.0": 0.790443138314265, "8523628.0--8805439.0": 0.7796221117236177, "8434356.0--8805439.0": 0.7671988013638644, "8805439.0--8807303.0": 0.8109467485488662, "8805439.0--8811606.0": 0.7623677329927282, "8805439.0--8807244.0": 0.7533038999976084, "8490694.0--8805439.0": 0.8041031541720073, "8805439.0--8809844.0": 0.775630526043756, "8805439.0--8809850.0": 0.8151197303284908, "8805439.0--8805445.0": 0.7684653809566637, "8412138.0--8805439.0": 0.7880500665332567, "8805439.0--8807247.0": 0.7766710738570918, "8805439.0--8848845.0": 0.7763599274233748, "8695851.0--8805439.0": 0.7720525346839252, "8713907.0--8805439.0": 0.8039785583970045, "8805439.0--8809847.0": 0.7678273844211178, "8727480.0--8805439.0": 0.7888288353649159, "8706590.0--8805439.0": 0.7752670526905989, "8735916.0--8805439.0": 0.796379496038332, "8474512.0--8805439.0": 0.8098360862896749, "8805439.0--8809845.0": 0.7517607018933818, "8540796.0--8805439.0": 0.8151733301234794, "8805439.0--8807233.0": 0.790878638992373, "8617747.0--8805439.0": 0.7500008741618044, "8474486.0--8805439.0": 0.8071397413604886, "8474516.0--8805439.0": 0.8172928947067708, "8663650.0--8805439.0": 0.7740849830296286, "8663646.0--8805439.0": 0.7723717674899389, "8794553.0--8805439.0": 0.7889113940353438, "8805439.0--8863966.0": 0.7830715388125022, "8525340.0--8805439.0": 0.7474375471061656, "8805439.0--8805448.0": 0.7789000526930634, "8405549.0--8805439.0": 0.8433428192113411, "8611178.0--8805439.0": 0.7842493267172407, "8805439.0--8827593.0": 0.7685430228711362, "8805439.0--8805463.0": 0.8113901758840579, "8805439.0--8805457.0": 0.7952571161857651, "8805439.0--8805442.0": 0.7823053098418828, "8805439.0--8807266.0": 0.7991310475573097, "8805439.0--8813126.0": 0.8010028017004436, "8585103.0--8805439.0": 0.8297785338234596, "8805439.0--8807235.0": 0.7956928187815817, "8585048.0--8805439.0": 0.8561656616342699, "8805439.0--8809843.0": 0.7368068529430499, "8805439.0--8809842.0": 0.7810926815278983, "8805439.0--8842614.0": 0.7695587654112893, "8805439.0--8805441.0": 0.7426667365346237, "8805439.0--8809920.0": 0.7441928748927247, "8663312.0--8805439.0": 0.7972463051383144, "8477126.0--8805439.0": 0.8202303017292032, "8805439.0--8807224.0": 0.7999853731330525, "8805439.0--8807355.0": 0.7766209305024053, "8805439.0--8807320.0": 0.8140751260888737, "8665933.0--8805439.0": 0.8033401341602812, "8805439.0--8845772.0": 0.7817108441197085, "8805439.0--8812989.0": 0.826645471393274, "8636969.0--8805439.0": 0.7990832398635805, "8805439.0--8805450.0": 0.7813141225636897, "8805439.0--8807243.0": 0.7902855698098259, "8805439.0--8805443.0": 0.8481593922853238, "8673661.0--8805439.0": 0.8280254161600451, "8805419.0--8805439.0": 0.7649473181766676, "8451903.0--8805439.0": 0.780025086071791, "8805429.0--8805439.0": 0.8084740505755661, "8805439.0--8809846.0": 0.7990117697342735, "8805439.0--8809832.0": 0.7979552887508523, "8413174.0--8805439.0": 0.7662555684168051, "8494817.0--8805439.0": 0.7867003247194623, "8637778.0--8805439.0": 0.7706558375737523, "8805439.0--8809742.0": 0.8073829443053616, "8805439.0--8807280.0": 0.8470024758513457, "8805439.0--8807274.0": 0.822907999542628, "8805439.0--9216586.0": 0.7664765272503765, "8805439.0--9237132.0": 0.83335300178625, "8805439.0--9216572.0": 0.7811680987174439, "8805439.0--9217952.0": 0.8005234830580548, "8805439.0--9217931.0": 0.8334383436734872, "8805439.0--9216507.0": 0.8018513995965163, "8805439.0--9222368.0": 0.8184171289628845, "8805439.0--9220137.0": 0.7993838834016372, "8805439.0--9233460.0": 0.7581587786940676, "8805439.0--9222263.0": 0.7293921857977735, "8805439.0--9293003.0": 0.782404649688045, "8805439.0--9222102.0": 0.8399677148956999, "8805439.0--9222323.0": 0.8212959387112999, "8805439.0--9222287.0": 0.7795971778532037, "8805439.0--9223736.0": 0.8103177509377169, "8805439.0--9224191.0": 0.7720966740102062, "8805439.0--9222251.0": 0.7819719032572829, "8805439.0--9229242.0": 0.8207920832929048, "8805439.0--9282195.0": 0.7427714456437401, "8805439.0--9222098.0": 0.815841238741428, "8805439.0--9234027.0": 0.7833292709494362, "8805439.0--9246308.0": 0.8009080814317229, "8805439.0--9240072.0": 0.7801640320155045, "8805439.0--9222353.0": 0.7868637532287119, "8805439.0--9222293.0": 0.8274603526471471, "8805439.0--9222089.0": 0.8065082744217225, "8805439.0--9228893.0": 0.7742486232968405, "8805439.0--9224192.0": 0.7766428990618855, "8805439.0--9222289.0": 0.7965907696433092, "8805439.0--9222038.0": 0.792868128456256, "8805439.0--9229072.0": 0.8013323816571131, "8805439.0--9222295.0": 0.7877370091509048, "8805439.0--9222342.0": 0.778952839266779, "8805439.0--9241407.0": 0.7567892578245344, "8805439.0--9288884.0": 0.8044310672111699, "8805439.0--9222351.0": 0.8093608432770533, "8805439.0--9223669.0": 0.802872088304335, "8805439.0--9222315.0": 0.8019355065577276, "8805439.0--9222335.0": 0.7970484133508349, "8805439.0--9222327.0": 0.8052095110741748, "8805439.0--9233469.0": 0.7857262321973452, "8805439.0--9226461.0": 0.7745352558762766, "8805439.0--9238508.0": 0.8181442655418325, "8805439.0--9222266.0": 0.7860244566078478, "8805439.0--9225008.0": 0.8327505488960074, "8805439.0--9290431.0": 0.7847270588759339, "8805439.0--9239918.0": 0.7946256320139597, "8805439.0--9231271.0": 0.7755321112176399, "8805439.0--9222313.0": 0.7915885597542446, "8805439.0--9231268.0": 0.7647612632438656, "8805439.0--9222035.0": 0.7576264092901468, "8805439.0--9222091.0": 0.8017889460858958, "8805439.0--9229515.0": 0.7646758437869019, "8805439.0--9222301.0": 0.7911333375217623, "8805439.0--9222358.0": 0.7945066783843565, "8805439.0--9229135.0": 0.8594245137869845, "8805439.0--9222047.0": 0.7890487602860272, "8805439.0--9222272.0": 0.7896104316340447, "8805439.0--9222110.0": 0.7884971038355435, "8805439.0--9222364.0": 0.8171170632440679, "8805439.0--9222088.0": 0.7850511056466475, "8805439.0--9216518.0": 0.7782420495949798, "8805439.0--9222309.0": 0.77233597485777, "8805439.0--9216595.0": 0.7510824784494815, "8805439.0--9216538.0": 0.7484957129492954, "8805439.0--9216549.0": 0.7407517890138122,