{"8413174.0--8809832.0": 0.7710001482641226, "8494817.0--8809832.0": 0.7741808551387532, "8637778.0--8809832.0": 0.7899755573643964, "8809742.0--8809832.0": 0.8099376279274333, "8807280.0--8809832.0": 0.8613283018080087, "8807274.0--8809832.0": 0.8353036313623101, "8809832.0--9216586.0": 0.7912943266325416, "8809832.0--9237132.0": 0.8306473894548563, "8809832.0--9216572.0": 0.8058030872766968, "8809832.0--9217952.0": 0.7925027392344284, "8809832.0--9217931.0": 0.8388110202180217, "8809832.0--9216507.0": 0.7846428890090572, "8809832.0--9222368.0": 0.8272596121429333, "8809832.0--9220137.0": 0.7958191162209943, "8809832.0--9233460.0": 0.803036392097639, "8809832.0--9222263.0": 0.7597485733212306, "8809832.0--9293003.0": 0.844351987469786, "8809832.0--9222102.0": 0.8263307523519237, "8809832.0--9222323.0": 0.829878983996905, "8809832.0--9222287.0": 0.8212724706377821, "8809832.0--9223736.0": 0.8243723061500652, "8809832.0--9224191.0": 0.7984544465897803, "8809832.0--9222251.0": 0.7851627906356005, "8809832.0--9229242.0": 0.8134800271681899, "8809832.0--9282195.0": 0.7843361991364889, "8809832.0--9222098.0": 0.8430293564748573, "8809832.0--9234027.0": 0.8211291000092121, "8809832.0--9246308.0": 0.8205208040572477, "8809832.0--9240072.0": 0.8265133883923891, "8809832.0--9222353.0": 0.8099497815571887, "8809832.0--9222293.0": 0.8197246763118538, "8809832.0--9222089.0": 0.8321797772857437, "8809832.0--9228893.0": 0.8091818352005758, "8809832.0--9224192.0": 0.7977497169011537, "8809832.0--9222289.0": 0.8289411620202042, "8809832.0--9222038.0": 0.8254286291345525, "8809832.0--9229072.0": 0.8379487036691552, "8809832.0--9222295.0": 0.845298468302054, "8809832.0--9222342.0": 0.816725601948901, "8809832.0--9241407.0": 0.7827889855793176, "8809832.0--9288884.0": 0.7993475648230249, "8809832.0--9222351.0": 0.822859741513214, "8809832.0--9223669.0": 0.8018112462086554, "8809832.0--9222315.0": 0.8209530239394747, "8809832.0--9222335.0": 0.8199303155461337, "8809832.0--9222327.0": 0.8064828453236693, "8809832.0--9233469.0": 0.8243114138194775, "8809832.0--9226461.0": 0.8115039505723478, "8809832.0--9238508.0": 0.8336530825231203, "8809832.0--9222266.0": 0.7674911401104906, "8809832.0--9225008.0": 0.8039651698453482, "8809832.0--9290431.0": 0.8101717528739449, "8809832.0--9239918.0": 0.8170440294834604, "8809832.0--9231271.0": 0.792044551234826, "8809832.0--9222313.0": 0.7933466081886151, "8809832.0--9231268.0": 0.7939074245558806, "8809832.0--9222035.0": 0.7744817174616644, "8809832.0--9222091.0": 0.8551674441469836, "8809832.0--9229515.0": 0.7651585665124995, "8809832.0--9222301.0": 0.807777970669125, "8809832.0--9222358.0": 0.8370818463301795, "8809832.0--9229135.0": 0.8314582543830108, "8809832.0--9222047.0": 0.8220634566264609, "8809832.0--9222272.0": 0.8046767539431312, "8809832.0--9222110.0": 0.8258001265230076, "8809832.0--9222364.0": 0.803802284738678, "8809832.0--9222088.0": 0.8139481006895338, "8809832.0--9216518.0": 0.8034161262390956, "8809832.0--9222309.0": 0.8214576978920705, "8809832.0--9216595.0": 0.7853531961777823, "8809832.0--9216538.0": 0.7665172777767761, "8809832.0--9216549.0": 0.7844106661893813, "8809832.0--9216559.0": 0.8194921667395891, "8809832.0--9222376.0": 0.7684038318534246, "8809832.0--9222374.0": 0.8326999887662557, "8809832.0--9224194.0": 0.7682187044683181, "8809832.0--9222254.0": 0.7994858150118909, "8809832.0--9222049.0": 0.7826865278868347, "8809832.0--9222562.0": 0.7635261962912312, "8809832.0--9226126.0": 0.7677061337503918, "8809832.0--9240062.0": 0.8337303859038677, "8809832.0--9226101.0": 0.7916136755070823, "8809832.0--9222377.0": 0.7746659785289087, "8809832.0--9233392.0": 0.7972916892267226, "8809832.0--9222093.0": 0.7664633161228147, "8809832.0--9224154.0": 0.7636092998786324, "8809832.0--9240061.0": 0.7744668122555594, "8809832.0--9222512.0": 0.7691537263467738, "8809832.0--9241413.0": 0.8109723701832363, "8809832.0--9224646.0": 0.8051547060849422, "8809832.0--9222372.0": 0.7499160919960497, "8809832.0--9222253.0": 0.7739116255642652, "8809832.0--9222092.0": 0.8119227575876692, "8809832.0--9222271.0": 0.788907068741229, "8809832.0--9230431.0": 0.789796882484428, "8809832.0--9222076.0": 0.796877633483299, "8809832.0--9222053.0": 0.8018019516165298, "8809832.0--9216532.0": 0.8149599256784358, "8809832.0--9222085.0": 0.7977663662817326, "8809832.0--9216629.0": 0.808743396096039, "8809832.0--9308630.0": 0.7635417072206707, "8809832.0--9308624.0": 0.7787966284551135, "8809832.0--9219240.0": 0.796867084679515, "8809832.0--9216630.0": 0.7892113045391709, "8809832.0--9217981.0": 0.8062155159814048, "8809832.0--9224153.0": 0.7726427760784784, "8809832.0--9286505.0": 0.7751918176889399, "8809832.0--9216512.0": 0.8203274185793042, "8809832.0--9216579.0": 0.7932675895324486, "8809832.0--9222249.0": 0.8313488420323583, "8809832.0--9222367.0": 0.7950326478588379, "8809832.0--9222325.0": 0.7846490867867293, "8809832.0--9222510.0": 0.7477185408473955, "8809832.0--9246250.0": 0.8016502980254281, "8809832.0--9308627.0": 0.8198113448199752, "8809832.0--9224186.0": 0.8477571536786854, "8809832.0--9229232.0": 0.7814915208072601, "8809832.0--9226404.0": 0.7812697608719248, "8809832.0--9308631.0": 0.7830243107289679, "8809832.0--9222255.0": 0.7908938331055005, "8809832.0--9222261.0": 0.8120938594647253, "8809832.0--9222338.0": 0.7993675406476612, "8809832.0--9222284.0": 0.8123790374254499, "8809832.0--9230430.0": 0.81375785214387, "8809832.0--9308622.0": 0.7521700588072172, "8809832.0--9286903.0": 0.7294276875094226, "8809832.0--9234473.0": 0.7907597597689364, "8809832.0--9241426.0": 0.8218161324842435, "8809832.0--9222269.0": 0.8014021673220356, "8809832.0--9237999.0": 0.8148359954676617, "8809832.0--9222072.0": 0.8112497688983128, "8809832.0--9224197.0": 0.7796013662827879, "8809832.0--9246282.0": 0.8222964915742025, "8809832.0--9222314.0": 0.7815545566929483, "8809832.0--9222357.0": 0.8049373172868042, "8809832.0--9222086.0": 0.7740849461499381, "8809832.0--9222360.0": 0.8136757347421752, "8809832.0--9222065.0": 0.7875818592954722, "8809832.0--9228894.0": 0.8134796217817447, "8809832.0--9233264.0": 0.817562643084413, "8809832.0--9222343.0": 0.7748262558139645, "8809832.0--9308621.0": 0.8081565323929849, "8809832.0--9308625.0": 0.8122384869212397, "8809832.0--9241744.0": 0.7807851302297493, "8809832.0--9308629.0": 0.7931520101747231, "8809832.0--9222068.0": 0.7623061847080367, "8809832.0--9222248.0": 0.8062773883345191, "8809832.0--9222274.0": 0.7890203597878935, "8809832.0--9229116.0": 0.8158722163542305, "8809832.0--9233993.0": 0.7796133712731443, "8809832.0--9308623.0": 0.8111773877329239, "8809832.0--9222553.0": 0.8169023611899849, "8809832.0--9222341.0": 0.8162881906468417, "8809832.0--9222346.0": 0.7967325295857919, "8809832.0--9308628.0": 0.8130312973478366, "8809832.0--9222294.0": 0.7893743929262518, "8809832.0--9241732.0": 0.793221192207084, "8809832.0--9222060.0": 0.8163948752879129, "8809832.0--9222280.0": 0.8323885611276852}