{"8440834.0--8454489.0": 0.7791689088325415, "8440826.0--8454489.0": 0.8478643437941724, "8440823.0--8454489.0": 0.8233814797891651, "8440845.0--8454489.0": 0.7837554568098424, "8440810.0--8454489.0": 0.8202043684729518, "8440806.0--8454489.0": 0.803237797396253, "8440817.0--8454489.0": 0.7881373314100164, "8440813.0--8454489.0": 0.8404325950891156, "8443125.0--8454489.0": 0.8120257751926316, "8454489.0--8456575.0": 0.8089852438559662, "8440860.0--8454489.0": 0.8404090854236937, "8454343.0--8454489.0": 0.8579000951916227, "8440803.0--8454489.0": 0.8225428803581784, "8454344.0--8454489.0": 0.80925321308179, "8440854.0--8454489.0": 0.8505395670300346, "8454346.0--8454489.0": 0.8363532453125269, "8440827.0--8454489.0": 0.7875788309499017, "8440836.0--8454489.0": 0.8302114197026318, "8440844.0--8454489.0": 0.8137101761658486, "8440808.0--8454489.0": 0.8164539287419563, "8440837.0--8454489.0": 0.7993994025935339, "8440858.0--8454489.0": 0.8043360967370087, "8440820.0--8454489.0": 0.7877652962365798, "8440833.0--8454489.0": 0.8091982223711385, "8444072.0--8454489.0": 0.8076739962333199, "8440812.0--8454489.0": 0.8387886876033284, "8440809.0--8454489.0": 0.8340427038593048, "8454489.0--8454904.0": 0.8091248644144617, "8440846.0--8454489.0": 0.844761657914663, "8440830.0--8454489.0": 0.8241318450996362, "8444077.0--8454489.0": 0.8020374211031588, "8440847.0--8454489.0": 0.8315312767578569, "8440849.0--8454489.0": 0.8294411371980468, "8443124.0--8454489.0": 0.8125084971938585, "8440843.0--8454489.0": 0.8042328016521418, "8454489.0--8807265.0": 0.7977327549070441, "8454489.0--8816695.0": 0.8492952766406086, "8454489.0--8805426.0": 0.7923973064394951, "8454489.0--8805421.0": 0.7961095064182601, "8454489.0--8812684.0": 0.8157751583371249, "8454489.0--8805461.0": 0.8024587279274954, "8454489.0--8807255.0": 0.800260000571225, "8454489.0--8805460.0": 0.7952979435912777, "8454489.0--8807292.0": 0.8345657345441272, "8454489.0--8807354.0": 0.8507976833263926, "8454489.0--8809711.0": 0.8406482741059884, "8454489.0--8805422.0": 0.8061737836484563, "8454489.0--8805424.0": 0.8648687066909027, "8454489.0--8794517.0": 0.7706507668397556, "8454489.0--8805451.0": 0.7777697089108802, "8454489.0--8807223.0": 0.7619644185755734, "8454489.0--8794560.0": 0.7880849723421548, "8454489.0--8481543.0": 0.7952910395246842, "8454489.0--8802285.0": 0.7339595633666868, "8454489.0--8807245.0": 0.7992608062009707, "8454489.0--8805456.0": 0.7826569353659758, "8454489.0--8827944.0": 0.7603493568328108, "8454489.0--8807296.0": 0.806347826184955, "8454489.0--8827951.0": 0.7679642295140561, "8454489.0--8854335.0": 0.8071076312765914, "8454489.0--8805446.0": 0.7937568570027005, "8454489.0--8805436.0": 0.7862740151095401, "8454489.0--8805433.0": 0.7773887296479669, "8454489.0--8546802.0": 0.829809716351103, "8454489.0--8805427.0": 0.79450910440895, "8454489.0--8836120.0": 0.8281608935399118, "8454489.0--8794768.0": 0.8212743700773923, "8454489.0--8809750.0": 0.808417537786784, "8454489.0--8820172.0": 0.8426221292516922, "8454489.0--8476234.0": 0.8512277337361589, "8454489.0--8807314.0": 0.7617525767863191, "8454489.0--8794520.0": 0.8337917725396777, "8454489.0--8805452.0": 0.8215700809475089, "8454489.0--8805462.0": 0.806170277434093, "8454489.0--8807275.0": 0.7993874269391656, "8419285.0--8454489.0": 0.7760426327689643, "8454489.0--8807379.0": 0.8132015659349374, "8454489.0--8807234.0": 0.8249403824922577, "8423100.0--8454489.0": 0.8085791576615982, "8454489.0--8805455.0": 0.7645116567573762, "8454489.0--8727493.0": 0.7538563687983244, "8454489.0--8807369.0": 0.7464498223058336, "8454489.0--8532319.0": 0.7722187616929179, "8419325.0--8454489.0": 0.7625860306172252, "8454489.0--8805430.0": 0.8377434994184043, "8454489.0--8807301.0": 0.8230996418991159, "8454489.0--8713940.0": 0.8382170470586217, "8454489.0--8637795.0": 0.8757073211202255, "7999244.0--8454489.0": 0.8384186381059331, "8454489.0--8805439.0": 0.8369948093661355, "8454489.0--8805428.0": 0.843125371200889, "8454489.0--8809223.0": 0.8397441195517041, "8454489.0--8795584.0": 0.8211811737969681, "8454489.0--8807264.0": 0.7815734610027861, "8454489.0--8805431.0": 0.8051378256329138, "8453863.0--8454489.0": 0.7981524154256127, "8400404.0--8454489.0": 0.802457309559935, "8454489.0--8809834.0": 0.7979136687354643, "8454489.0--8663447.0": 0.768215671431228, "8454489.0--8807213.0": 0.8576750046371459, "8454489.0--8640251.0": 0.8467122004581898, "8454489.0--8807220.0": 0.849796806268392, "8454489.0--8617736.0": 0.8357596605240143, "8454489.0--8617746.0": 0.7795406917813773, "8454489.0--8640072.0": 0.8430803813628278, "8454489.0--8636208.0": 0.8244565315785459, "8454489.0--8805458.0": 0.8347006918159239, "8454489.0--8807271.0": 0.8285393893401076, "8454489.0--8809678.0": 0.8367246906430251, "8454489.0--8807226.0": 0.846747181887138, "8454489.0--8805467.0": 0.848580211513712, "8454489.0--8611113.0": 0.8166885921343596, "8454489.0--8854316.0": 0.8322027002561048, "8454489.0--8794607.0": 0.8206740200688767, "8454489.0--8805418.0": 0.7909247861881534, "8454489.0--8836087.0": 0.8465055718116272, "8454489.0--8807283.0": 0.8122340784023016, "8454489.0--8820171.0": 0.8487903468538234, "8454489.0--8807288.0": 0.7642161407232752, "8454489.0--8807302.0": 0.7722681782119463, "8454489.0--8805466.0": 0.7870982213683756, "8454489.0--8807351.0": 0.7981354231193332, "8454489.0--8805420.0": 0.7905878788025529, "8454489.0--8807299.0": 0.816564648309072, "8454489.0--8812988.0": 0.7989568435185661, "8454489.0--8807294.0": 0.8023036344742246, "8454489.0--8805434.0": 0.8351485603297252, "8454489.0--8732351.0": 0.7890840460235393, "8454489.0--8807232.0": 0.8149477660943306, "8419271.0--8454489.0": 0.7738915207726281, "8454489.0--8625484.0": 0.7932499044966492, "8454489.0--8807349.0": 0.8289467434973213, "8454489.0--8809730.0": 0.8159697397708515, "8454489.0--8730513.0": 0.8172195482928525, "8454489.0--8809833.0": 0.8178708971542965, "8454489.0--8523628.0": 0.7882340570137254, "8434356.0--8454489.0": 0.7886972998670743, "8454489.0--8807303.0": 0.815400931206641, "8454489.0--8811606.0": 0.7859664107327141, "8454489.0--8807244.0": 0.7671767154794271, "8454489.0--8490694.0": 0.8364741058588436, "8454489.0--8809844.0": 0.7803140116916758, "8454489.0--8809850.0": 0.8345087984253327, "8454489.0--8805445.0": 0.7649479646212355, "8412138.0--8454489.0": 0.808000469138301, "8454489.0--8807247.0": 0.7910487942367173, "8454489.0--8848845.0": 0.7921706688705854, "8454489.0--8695851.0": 0.7960718440298847, "8454489.0--8713907.0": 0.8460476696212462, "8454489.0--8809847.0": 0.8072097889075835, "8454489.0--8727480.0": 0.8221995682157496, "8454489.0--8706590.0": 0.7901689221287818, "8454489.0--8735916.0": 0.8052537086247131, "8454489.0--8474512.0": 0.8333316438625885, "8454489.0--8809845.0": 0.7732456079787584, "8454489.0--8540796.0": 0.8275867919692173, "8454489.0--8807233.0": 0.7979834260102786, "8454489.0--8617747.0": 0.7602057641607286, "8454489.0--8474486.0": 0.8076682769580522, "8454489.0--8474516.0": 0.8355493141362208, "8454489.0--8663650.0": 0.782765839765817, "8454489.0--8663646.0": 0.7987836654506996, "8454489.0--8794553.0": 0.8076623406119163, "8454489.0--8863966.0": 0.7607911347350739, "8454489.0--8525340.0": 0.7619728240605321, "8454489.0--8805448.0": 0.8140063128839548, "8405549.0--8454489.0": 0.8417236133077073, "8454489.0--8611178.0": 0.7920655657628991, "8454489.0--8827593.0": 0.7817921071013318, "8454489.0--8805463.0": 0.7776645360621628, "8454489.0--8805457.0": 0.8146837369344437, "8454489.0--8805442.0": 0.8031309766864367, "8454489.0--8807266.0": 0.8236465251618188, "8454489.0--8813126.0": 0.8142125249325408, "8454489.0--8585103.0": 0.8290348487663624, "8454489.0--8807235.0": 0.8216019239327375, "8454489.0--8585048.0": 0.8537915530679584, "8454489.0--8809843.0": 0.7542381165176995, "8454489.0--8809842.0": 0.7987667887899687, "8454489.0--8842614.0": 0.7756178833871529, "8454489.0--8805441.0": 0.7465460049563404, "8454489.0--8809920.0": 0.7690939780168186,