{"7999244.0--8637795.0": 0.8177808445939809, "8637795.0--8805439.0": 0.8439204948214536, "8637795.0--8805428.0": 0.844516873088669, "8637795.0--8809223.0": 0.8328351632451652, "8637795.0--8795584.0": 0.8308709442404376, "8637795.0--8807264.0": 0.7935750975280149, "8637795.0--8805431.0": 0.7946725766727442, "8453863.0--8637795.0": 0.7874196058252605, "8400404.0--8637795.0": 0.7914782658970126, "8637795.0--8809834.0": 0.8142492949111605, "8637795.0--8663447.0": 0.7817820350695254, "8637795.0--8807213.0": 0.841750589023989, "8637795.0--8640251.0": 0.8385959782640756, "8637795.0--8807220.0": 0.8403714113836473, "8617736.0--8637795.0": 0.8243198533360994, "8617746.0--8637795.0": 0.7639931407396705, "8637795.0--8640072.0": 0.8318848048334957, "8636208.0--8637795.0": 0.8172447400929663, "8637795.0--8805458.0": 0.8172516096504083, "8637795.0--8807271.0": 0.8063079518027157, "8637795.0--8809678.0": 0.8029062370820161, "8637795.0--8807226.0": 0.8427781896750612, "8637795.0--8805467.0": 0.8436521398563397, "8611113.0--8637795.0": 0.8075943998280076, "8637795.0--8854316.0": 0.8429413376568682, "8637795.0--8794607.0": 0.83602745429833, "8637795.0--8805418.0": 0.8046381529488695, "8637795.0--8836087.0": 0.8509846721716203, "8637795.0--8807283.0": 0.8021686685527506, "8637795.0--8820171.0": 0.8408169326177641, "8637795.0--8807288.0": 0.7722162768322173, "8637795.0--8807302.0": 0.7952302160526922, "8637795.0--8805466.0": 0.8005689455909569, "8637795.0--8807351.0": 0.7982138260008464, "8637795.0--8805420.0": 0.7855924704870788, "8637795.0--8807299.0": 0.8106202403407347, "8637795.0--8812988.0": 0.800111687608942, "8637795.0--8807294.0": 0.7876444626635599, "8637795.0--8805434.0": 0.8423420200004993, "8637795.0--8732351.0": 0.7786733503493537, "8637795.0--8807232.0": 0.8196483948984904, "8419271.0--8637795.0": 0.7726257854229965, "8625484.0--8637795.0": 0.7995359165369019, "8637795.0--8807349.0": 0.8205097426347049, "8637795.0--8809730.0": 0.8422978208750391, "8637795.0--8730513.0": 0.8142915752566, "8637795.0--8809833.0": 0.7838853830821513, "8523628.0--8637795.0": 0.8005374745305462, "8434356.0--8637795.0": 0.7837737133394151, "8637795.0--8807303.0": 0.8372042782248716, "8637795.0--8811606.0": 0.8117392585034687, "8637795.0--8807244.0": 0.7826249851326449, "8490694.0--8637795.0": 0.8167496687851177, "8637795.0--8809844.0": 0.8119663898784293, "8637795.0--8809850.0": 0.8124834262342087, "8637795.0--8805445.0": 0.8023538275868813, "8412138.0--8637795.0": 0.8192433757296286, "8637795.0--8807247.0": 0.8003002994410268, "8637795.0--8848845.0": 0.7793977868928353, "8637795.0--8695851.0": 0.8534706867788782, "8637795.0--8713907.0": 0.8697818815120331, "8637795.0--8809847.0": 0.827029882729855, "8637795.0--8727480.0": 0.862099027763199, "8637795.0--8706590.0": 0.8158503903862907, "8637795.0--8735916.0": 0.8206170645614022, "8474512.0--8637795.0": 0.8052065660232499, "8637795.0--8809845.0": 0.7622113062057456, "8540796.0--8637795.0": 0.8314954971720168, "8637795.0--8807233.0": 0.8065224592854713, "8617747.0--8637795.0": 0.7721511057651866, "8474486.0--8637795.0": 0.7902911187342875, "8474516.0--8637795.0": 0.8185601724761572, "8637795.0--8663650.0": 0.8282553038302649, "8637795.0--8663646.0": 0.8270920375056776, "8637795.0--8794553.0": 0.8154486687289049, "8637795.0--8863966.0": 0.7958079051644936, "8525340.0--8637795.0": 0.7819303550541608, "8637795.0--8805448.0": 0.7914746186574233, "8405549.0--8637795.0": 0.8522225675222649, "8611178.0--8637795.0": 0.7888559862544123, "8637795.0--8827593.0": 0.7962180927276189, "8637795.0--8805463.0": 0.7610730014240095, "8637795.0--8805457.0": 0.7980758316396092, "8637795.0--8805442.0": 0.7980437246257347, "8637795.0--8807266.0": 0.8087574484268016, "8637795.0--8813126.0": 0.7879418627544789, "8585103.0--8637795.0": 0.8292563098409653, "8637795.0--8807235.0": 0.800329879950777, "8585048.0--8637795.0": 0.8374603031362439, "8637795.0--8809843.0": 0.7859748353855913, "8637795.0--8809842.0": 0.8212973751847428, "8637795.0--8842614.0": 0.7869369473073182, "8637795.0--8805441.0": 0.760278438306017, "8637795.0--8809920.0": 0.7543071271195767, "8637795.0--8663312.0": 0.8041056702180156, "8477126.0--8637795.0": 0.8254311359238159, "8637795.0--8807224.0": 0.8053942390633322, "8637795.0--8807355.0": 0.7737897166756704, "8637795.0--8807320.0": 0.8319237921981961, "8637795.0--8665933.0": 0.807655116798278, "8637795.0--8845772.0": 0.7895814101251737, "8637795.0--8812989.0": 0.8295894922016489, "8636969.0--8637795.0": 0.793353343634698, "8637795.0--8805450.0": 0.8005326134484987, "8637795.0--8807243.0": 0.8019299761927012, "8637795.0--8805443.0": 0.8436661241906207, "8637795.0--8673661.0": 0.8126309307338017, "8637795.0--8805419.0": 0.7724026631000362, "8451903.0--8637795.0": 0.7774259297405899, "8637795.0--8805429.0": 0.8251247330277617, "8637795.0--8809846.0": 0.8016097113084635, "8637795.0--8809832.0": 0.8159950901363857, "8413174.0--8637795.0": 0.7908620075051667, "8494817.0--8637795.0": 0.7971443674557677, "8637778.0--8637795.0": 0.8025879741824113, "8637795.0--8809742.0": 0.850421974667343, "8637795.0--8807280.0": 0.8370061306743604, "8637795.0--8807274.0": 0.8346754242752048, "8637795.0--9216586.0": 0.7655492293544675, "8637795.0--9237132.0": 0.8615880428442156, "8637795.0--9216572.0": 0.7986909702562038, "8637795.0--9217952.0": 0.824649346718409, "8637795.0--9217931.0": 0.8622956481249716, "8637795.0--9216507.0": 0.8271492139047089, "8637795.0--9222368.0": 0.8226159506206957, "8637795.0--9220137.0": 0.7877652205549596, "8637795.0--9233460.0": 0.7983877933218022, "8637795.0--9222263.0": 0.7494477035360353, "8637795.0--9293003.0": 0.7944655146505194, "8637795.0--9222102.0": 0.8318663842784382, "8637795.0--9222323.0": 0.821947378631211, "8637795.0--9222287.0": 0.815167853900296, "8637795.0--9223736.0": 0.8192510225444771, "8637795.0--9224191.0": 0.7949354696206137, "8637795.0--9222251.0": 0.8001695774348012, "8637795.0--9229242.0": 0.8428235437856917, "8637795.0--9282195.0": 0.7840618275947348, "8637795.0--9222098.0": 0.8603607290426427, "8637795.0--9234027.0": 0.8039855184894077, "8637795.0--9246308.0": 0.8221811637065309, "8637795.0--9240072.0": 0.8060138929211527, "8637795.0--9222353.0": 0.8120432589719461, "8637795.0--9222293.0": 0.8145110747693372, "8637795.0--9222089.0": 0.8246917678510555, "8637795.0--9228893.0": 0.8220469845307302, "8637795.0--9224192.0": 0.7743974959978163, "8637795.0--9222289.0": 0.8296487978593269, "8637795.0--9222038.0": 0.8107153985805904, "8637795.0--9229072.0": 0.8040190474836474, "8637795.0--9222295.0": 0.8231286661857022, "8637795.0--9222342.0": 0.7944951082466367, "8637795.0--9241407.0": 0.7832110177970532, "8637795.0--9288884.0": 0.8309794693393185, "8637795.0--9222351.0": 0.8105952528226127, "8637795.0--9223669.0": 0.8275092569920374, "8637795.0--9222315.0": 0.8018385283086962, "8637795.0--9222335.0": 0.8249736699014307, "8637795.0--9222327.0": 0.8225481164471604, "8637795.0--9233469.0": 0.7904062475118312, "8637795.0--9226461.0": 0.7967896547529283, "8637795.0--9238508.0": 0.8374209979620779, "8637795.0--9222266.0": 0.7851607725089546, "8637795.0--9225008.0": 0.8465902693482973, "8637795.0--9290431.0": 0.8128868178853708, "8637795.0--9239918.0": 0.8066973442154729, "8637795.0--9231271.0": 0.7871429139447955, "8637795.0--9222313.0": 0.8332760289591252, "8637795.0--9231268.0": 0.8114350636999409, "8637795.0--9222035.0": 0.7731100834431783, "8637795.0--9222091.0": 0.830062808601854, "8637795.0--9229515.0": 0.7919438745187275, "8637795.0--9222301.0": 0.8341507693236719, "8637795.0--9222358.0": 0.7922842885048154, "8637795.0--9229135.0": 0.8637161990780825, "8637795.0--9222047.0": 0.8071926756206997, "8637795.0--9222272.0": 0.7947705616230416, "8637795.0--9222110.0": 0.8071777445007126, "8637795.0--9222364.0": 0.8302723544898324, "8637795.0--9222088.0": 0.8075243003743612, "8637795.0--9216518.0": 0.8364796690926276, "8637795.0--9222309.0": 0.8061827938983245, "8637795.0--9216595.0": 0.7771141505246619,