{"7999244.0--8805439.0": 0.8153703980544104, "7999244.0--8805428.0": 0.8221992087143948, "7999244.0--8809223.0": 0.7959474316579155, "7999244.0--8795584.0": 0.8026703422234805, "7999244.0--8807264.0": 0.8009008290995816, "7999244.0--8805431.0": 0.7821732122007117, "7999244.0--8453863.0": 0.7727303900545541, "7999244.0--8400404.0": 0.7767129820963878, "7999244.0--8809834.0": 0.7868718611141684, "7999244.0--8663447.0": 0.774581795861419, "7999244.0--8807213.0": 0.81803161685212, "7999244.0--8640251.0": 0.7961021832045122, "7999244.0--8807220.0": 0.825057792705535, "7999244.0--8617736.0": 0.8095541603226366, "7999244.0--8617746.0": 0.7707998180798249, "7999244.0--8640072.0": 0.8057608569098352, "7999244.0--8636208.0": 0.8105072037821617, "7999244.0--8805458.0": 0.811701225382788, "7999244.0--8807271.0": 0.8017746353298196, "7999244.0--8809678.0": 0.8017372588916798, "7999244.0--8807226.0": 0.8270217890929166, "7999244.0--8805467.0": 0.8209287426852138, "7999244.0--8611113.0": 0.8085776182948308, "7999244.0--8854316.0": 0.8114616922790734, "7999244.0--8794607.0": 0.7912722898437765, "7999244.0--8805418.0": 0.7766911935170859, "7999244.0--8836087.0": 0.8139853532698258, "7999244.0--8807283.0": 0.8296226243402168, "7999244.0--8820171.0": 0.8019691597812337, "7999244.0--8807288.0": 0.7746336381805107, "7999244.0--8807302.0": 0.756830557984557, "7999244.0--8805466.0": 0.7763055667822031, "7999244.0--8807351.0": 0.8180619064196524, "7999244.0--8805420.0": 0.7860378297608275, "7999244.0--8807299.0": 0.8237830181180849, "7999244.0--8812988.0": 0.8187941332452006, "7999244.0--8807294.0": 0.8201248515862207, "7999244.0--8805434.0": 0.8188515905342104, "7999244.0--8732351.0": 0.7971892753280153, "7999244.0--8807232.0": 0.7975082078591695, "7999244.0--8419271.0": 0.777564662445386, "7999244.0--8625484.0": 0.7792096437840819, "7999244.0--8807349.0": 0.8120437949465116, "7999244.0--8809730.0": 0.7931510986540353, "7999244.0--8730513.0": 0.7892407234493575, "7999244.0--8809833.0": 0.8100515900922589, "7999244.0--8523628.0": 0.7817696211774331, "7999244.0--8434356.0": 0.7700143682553986, "7999244.0--8807303.0": 0.8125840013159215, "7999244.0--8811606.0": 0.7696968858940915, "7999244.0--8807244.0": 0.7761387882500557, "7999244.0--8490694.0": 0.809637517349769, "7999244.0--8809844.0": 0.8039399593150776, "7999244.0--8809850.0": 0.8127553403124949, "7999244.0--8805445.0": 0.7670207482976935, "7999244.0--8412138.0": 0.8027474659149012, "7999244.0--8807247.0": 0.7973786357123949, "7999244.0--8848845.0": 0.8002865629431835, "7999244.0--8695851.0": 0.7902152263807616, "7999244.0--8713907.0": 0.8150029989271564, "7999244.0--8809847.0": 0.7943104384645188, "7999244.0--8727480.0": 0.8099081362194344, "7999244.0--8706590.0": 0.7791649571055488, "7999244.0--8735916.0": 0.8135162966535747, "7999244.0--8474512.0": 0.7780003918521621, "7999244.0--8809845.0": 0.7708590866641094, "7999244.0--8540796.0": 0.8115575982142887, "7999244.0--8807233.0": 0.805060705260808, "7999244.0--8617747.0": 0.7781478734821696, "7999244.0--8474486.0": 0.786811552981075, "7999244.0--8474516.0": 0.8376387583964067, "7999244.0--8663650.0": 0.7890561763544587, "7999244.0--8663646.0": 0.789028974800814, "7999244.0--8794553.0": 0.7978113323152767, "7999244.0--8863966.0": 0.781688725088505, "7999244.0--8525340.0": 0.7583313272608478, "7999244.0--8805448.0": 0.7878694580521766, "7999244.0--8405549.0": 0.8122176446570976, "7999244.0--8611178.0": 0.7868731834750009, "7999244.0--8827593.0": 0.7887817998264408, "7999244.0--8805463.0": 0.8057654919005725, "7999244.0--8805457.0": 0.8343074085560319, "7999244.0--8805442.0": 0.7797395043154346, "7999244.0--8807266.0": 0.8070810656863728, "7999244.0--8813126.0": 0.8096052163796283, "7999244.0--8585103.0": 0.8028541574642427, "7999244.0--8807235.0": 0.8009149922680782, "7999244.0--8585048.0": 0.8122880045943581, "7999244.0--8809843.0": 0.776235395705163, "7999244.0--8809842.0": 0.8040077950000231, "7999244.0--8842614.0": 0.7699674978629397, "7999244.0--8805441.0": 0.7486001743466415, "7999244.0--8809920.0": 0.7664381739257585, "7999244.0--8663312.0": 0.8032813133417186, "7999244.0--8477126.0": 0.8272903131857067, "7999244.0--8807224.0": 0.8160170321901965, "7999244.0--8807355.0": 0.7661677514013048, "7999244.0--8807320.0": 0.802176277101926, "7999244.0--8665933.0": 0.7899922275189717, "7999244.0--8845772.0": 0.7962854154947134, "7999244.0--8812989.0": 0.8337673633463139, "7999244.0--8636969.0": 0.8116816586465078, "7999244.0--8805450.0": 0.7841725030882257, "7999244.0--8807243.0": 0.8233769093492613, "7999244.0--8805443.0": 0.8045831699027599, "7999244.0--8673661.0": 0.8265579229015347, "7999244.0--8805419.0": 0.7785304203433364, "7999244.0--8451903.0": 0.7883923079039056, "7999244.0--8805429.0": 0.789199918928501, "7999244.0--8809846.0": 0.8026251431314029, "7999244.0--8809832.0": 0.8065240180913558, "7999244.0--8413174.0": 0.7824861993033507, "7999244.0--8494817.0": 0.7838217089379844, "7999244.0--8637778.0": 0.7927781356339461, "7999244.0--8809742.0": 0.8091197275269117, "7999244.0--8807280.0": 0.8167988267072713, "7999244.0--8807274.0": 0.8385608095358134, "7999244.0--9216586.0": 0.7896193670371141, "7999244.0--9237132.0": 0.7962803977203673, "7999244.0--9216572.0": 0.8045385440107291, "7999244.0--9217952.0": 0.8073432523860423, "7999244.0--9217931.0": 0.8519522580749715, "7999244.0--9216507.0": 0.8054283485339375, "7999244.0--9222368.0": 0.81247554606385, "7999244.0--9220137.0": 0.7964283752445562, "7999244.0--9233460.0": 0.7704742809795124, "7999244.0--9222263.0": 0.7420331852229984, "7999244.0--9293003.0": 0.7949954810400864, "7999244.0--9222102.0": 0.8172901138292215, "7999244.0--9222323.0": 0.8123613924437391, "7999244.0--9222287.0": 0.7953632328522039, "7999244.0--9223736.0": 0.7980280669647701, "7999244.0--9224191.0": 0.7809581827064821, "7999244.0--9222251.0": 0.7852541930256208, "7999244.0--9229242.0": 0.7742188142798776, "7999244.0--9282195.0": 0.761774310952786, "7999244.0--9222098.0": 0.8248257041661452, "7999244.0--9234027.0": 0.8102041135974911, "7999244.0--9246308.0": 0.7936586539439409, "7999244.0--9240072.0": 0.7927276578029794, "7999244.0--9222353.0": 0.7981695171697499, "7999244.0--9222293.0": 0.8126831976511509, "7999244.0--9222089.0": 0.7848747774455789, "7999244.0--9228893.0": 0.7959189964025231, "7999244.0--9224192.0": 0.7797193266590737, "7999244.0--9222289.0": 0.8284341644045604, "7999244.0--9222038.0": 0.7926742248376943, "7999244.0--9229072.0": 0.8172312205847009, "7999244.0--9222295.0": 0.8128443638511216, "7999244.0--9222342.0": 0.802326539722265, "7999244.0--9241407.0": 0.7671198542549664, "7999244.0--9288884.0": 0.8088558416014373, "7999244.0--9222351.0": 0.8091577198389972, "7999244.0--9223669.0": 0.8000576866050496, "7999244.0--9222315.0": 0.7852625687018477, "7999244.0--9222335.0": 0.8093908666655298, "7999244.0--9222327.0": 0.8098636809060172, "7999244.0--9233469.0": 0.8077803252933129, "7999244.0--9226461.0": 0.7960141306346691, "7999244.0--9238508.0": 0.8321914439436705, "7999244.0--9222266.0": 0.7757217195300884, "7999244.0--9225008.0": 0.8029345265433798, "7999244.0--9290431.0": 0.7989584685453064, "7999244.0--9239918.0": 0.798959710613774, "7999244.0--9231271.0": 0.7840571763074936, "7999244.0--9222313.0": 0.8009314951315964, "7999244.0--9231268.0": 0.7605635031090676, "7999244.0--9222035.0": 0.7545083809843576, "7999244.0--9222091.0": 0.8013642389289922, "7999244.0--9229515.0": 0.778178410284743, "7999244.0--9222301.0": 0.8117696169824182, "7999244.0--9222358.0": 0.7936416865475151, "7999244.0--9229135.0": 0.8166317321216677, "7999244.0--9222047.0": 0.7862616159329321, "7999244.0--9222272.0": 0.8272037242626475, "7999244.0--9222110.0": 0.8005376249157995, "7999244.0--9222364.0": 0.8205185250886008, "7999244.0--9222088.0": 0.814774071829778, "7999244.0--9216518.0": 0.7961834430675561, "7999244.0--9222309.0": 0.7891656307042927, "7999244.0--9216595.0": 0.7998710272975715, "7999244.0--9216538.0": 0.7617639079136018,