{"9222089.0--9222293.0": 0.8496981094629203, "9222293.0--9228893.0": 0.8152915175021228, "9222293.0--9224192.0": 0.7692183621949017, "9222289.0--9222293.0": 0.8298445932971379, "9222038.0--9222293.0": 0.791958592012562, "9222293.0--9229072.0": 0.8144886612736246, "9222293.0--9222295.0": 0.8148663977064219, "9222293.0--9222342.0": 0.8222720674970446, "9222293.0--9241407.0": 0.7553485087463446, "9222293.0--9288884.0": 0.8123003724365456, "9222293.0--9222351.0": 0.7819960231634104, "9222293.0--9223669.0": 0.8392148247919453, "9222293.0--9222315.0": 0.8003616908395235, "9222293.0--9222335.0": 0.8158869884183186, "9222293.0--9222327.0": 0.819124065842988, "9222293.0--9233469.0": 0.859339136781221, "9222293.0--9226461.0": 0.8078540210415772, "9222293.0--9238508.0": 0.8405259705646064, "9222266.0--9222293.0": 0.7919356744263493, "9222293.0--9225008.0": 0.8433500823072315, "9222293.0--9290431.0": 0.8084337574904163, "9222293.0--9239918.0": 0.8332763115879462, "9222293.0--9231271.0": 0.7805511343109013, "9222293.0--9222313.0": 0.7983538962575543, "9222293.0--9231268.0": 0.7761617282266874, "9222035.0--9222293.0": 0.7559471033297058, "9222091.0--9222293.0": 0.8359564039171822, "9222293.0--9229515.0": 0.7917755758442361, "9222293.0--9222301.0": 0.8032186822092626, "9222293.0--9222358.0": 0.836526002730087, "9222293.0--9229135.0": 0.8534457586535739, "9222047.0--9222293.0": 0.8056485965252468, "9222272.0--9222293.0": 0.8155178449179662, "9222110.0--9222293.0": 0.821355378652239, "9222293.0--9222364.0": 0.8225081778093698, "9222088.0--9222293.0": 0.805320925315085, "9216518.0--9222293.0": 0.8201629971863895, "9222293.0--9222309.0": 0.8291504404224147, "9216595.0--9222293.0": 0.7652088478679182, "9216538.0--9222293.0": 0.7542337761467883, "9216549.0--9222293.0": 0.7643887265253386, "9216559.0--9222293.0": 0.8134352901965903, "9222293.0--9222376.0": 0.7502788853925841, "9222293.0--9222374.0": 0.8125797283895559, "9222293.0--9224194.0": 0.7759448922915504, "9222254.0--9222293.0": 0.7890715235621192, "9222049.0--9222293.0": 0.7597692166671948, "9222293.0--9222562.0": 0.7666646803860494, "9222293.0--9226126.0": 0.7599038984778844, "9222293.0--9240062.0": 0.8170769509986806, "9222293.0--9226101.0": 0.79369597891287, "9222293.0--9222377.0": 0.7731360184700811, "9222293.0--9233392.0": 0.804207718204368, "9222093.0--9222293.0": 0.753139016302377, "9222293.0--9224154.0": 0.746323133080119, "9222293.0--9240061.0": 0.7718072021519851, "9222293.0--9222512.0": 0.7799960072197418, "9222293.0--9241413.0": 0.829587132157345, "9222293.0--9224646.0": 0.7564138961324947, "9222293.0--9222372.0": 0.7274377256284004, "9222253.0--9222293.0": 0.7648066324845993, "9222092.0--9222293.0": 0.8241709295958827, "9222271.0--9222293.0": 0.7996362118312086, "9222293.0--9230431.0": 0.7877108246542779, "9222076.0--9222293.0": 0.8011606816619986, "9222053.0--9222293.0": 0.7818629274155794, "9216532.0--9222293.0": 0.8109832194573954, "9222085.0--9222293.0": 0.7907271790199413, "9216629.0--9222293.0": 0.845382195910463, "9222293.0--9308630.0": 0.7772042326663278, "9222293.0--9308624.0": 0.7737077869539395, "9219240.0--9222293.0": 0.8174710346859884, "9216630.0--9222293.0": 0.8017600170698023, "9217981.0--9222293.0": 0.810315418618627, "9222293.0--9224153.0": 0.7779410956949795, "9222293.0--9286505.0": 0.782352946871106, "9216512.0--9222293.0": 0.8047180052278483, "9216579.0--9222293.0": 0.808923580315004, "9222249.0--9222293.0": 0.819103526046827, "9222293.0--9222367.0": 0.7748979583581916, "9222293.0--9222325.0": 0.7923424437538275, "9222293.0--9222510.0": 0.7554608316543165, "9222293.0--9246250.0": 0.8073267306218785, "9222293.0--9308627.0": 0.8275859471199373, "9222293.0--9224186.0": 0.8519259128317325, "9222293.0--9229232.0": 0.7750193571289314, "9222293.0--9226404.0": 0.7627033030745637, "9222293.0--9308631.0": 0.7964923569972492, "9222255.0--9222293.0": 0.8109932410856255, "9222261.0--9222293.0": 0.8090580635924327, "9222293.0--9222338.0": 0.7883288446949771, "9222284.0--9222293.0": 0.8262285668623535, "9222293.0--9230430.0": 0.8236807757829411, "9222293.0--9308622.0": 0.7543880868803823, "9222293.0--9286903.0": 0.7508233128568902, "9222293.0--9234473.0": 0.7932405613231228, "9222293.0--9241426.0": 0.8836985348537912, "9222269.0--9222293.0": 0.7993857236809772, "9222293.0--9237999.0": 0.8229687237127039, "9222072.0--9222293.0": 0.8003210385795418, "9222293.0--9224197.0": 0.7961838213136241, "9222293.0--9246282.0": 0.8077862063211282, "9222293.0--9222314.0": 0.7993539355035744, "9222293.0--9222357.0": 0.8360092617678102, "9222086.0--9222293.0": 0.758320219899864, "9222293.0--9222360.0": 0.8171836123535487, "9222065.0--9222293.0": 0.7503111794544322, "9222293.0--9228894.0": 0.8222480673451154, "9222293.0--9233264.0": 0.8185032348188042, "9222293.0--9222343.0": 0.7834245806053967, "9222293.0--9308621.0": 0.805866932577792, "9222293.0--9308625.0": 0.8031475958277139, "9222293.0--9241744.0": 0.807594190091183, "9222293.0--9308629.0": 0.7880248893403224, "9222068.0--9222293.0": 0.7503724769910147, "9222248.0--9222293.0": 0.8021209944674713, "9222274.0--9222293.0": 0.7777929925483424, "9222293.0--9229116.0": 0.8477115777156072, "9222293.0--9233993.0": 0.782538294872923, "9222293.0--9308623.0": 0.7965631855597309, "9222293.0--9222553.0": 0.8152164352654939, "9222293.0--9222341.0": 0.8287604679174791, "9222293.0--9222346.0": 0.8446319976172565, "9222293.0--9308628.0": 0.791711109521224, "9222293.0--9222294.0": 0.8020075003322784, "9222293.0--9241732.0": 0.8117852395848728, "9222060.0--9222293.0": 0.8275690848391537, "9222280.0--9222293.0": 0.8385204985238226}