{"8805461.0--8807255.0": 0.7689983631078658, "8805460.0--8805461.0": 0.7859522913333425, "8805461.0--8807292.0": 0.7830652738001326, "8805461.0--8807354.0": 0.7878945259110804, "8805461.0--8809711.0": 0.7944342256832886, "8805422.0--8805461.0": 0.777723625084963, "8805424.0--8805461.0": 0.7732269103493642, "8794517.0--8805461.0": 0.7945718163339153, "8805451.0--8805461.0": 0.7676693191984874, "8805461.0--8807223.0": 0.7561952660500162, "8794560.0--8805461.0": 0.8038039086938672, "8481543.0--8805461.0": 0.8014044844844302, "8802285.0--8805461.0": 0.7600993015859548, "8805461.0--8807245.0": 0.7984857059545895, "8805456.0--8805461.0": 0.802098112015901, "8805461.0--8827944.0": 0.747118523408315, "8805461.0--8807296.0": 0.8100534592996226, "8805461.0--8827951.0": 0.7830414503185947, "8805461.0--8854335.0": 0.7804454018494325, "8805446.0--8805461.0": 0.7722530010509439, "8805436.0--8805461.0": 0.7879904962794493, "8805433.0--8805461.0": 0.7722594813880153, "8546802.0--8805461.0": 0.8172723644026536, "8805427.0--8805461.0": 0.7882451626771968, "8805461.0--8836120.0": 0.8259268849506227, "8794768.0--8805461.0": 0.8390799560141515, "8805461.0--8809750.0": 0.7813717766832706, "8805461.0--8820172.0": 0.8432763988564591, "8476234.0--8805461.0": 0.8013688794493407, "8805461.0--8807314.0": 0.754362541304173, "8794520.0--8805461.0": 0.8205596893595455, "8805452.0--8805461.0": 0.7982350962360392, "8805461.0--8805462.0": 0.7470184594455256, "8805461.0--8807275.0": 0.7785294796597484, "8419285.0--8805461.0": 0.7998083914674756, "8805461.0--8807379.0": 0.8162222574623569, "8805461.0--8807234.0": 0.8068179654497758, "8423100.0--8805461.0": 0.8088704748878428, "8805455.0--8805461.0": 0.7514441753199375, "8727493.0--8805461.0": 0.73567879642102, "8805461.0--8807369.0": 0.7254716910166169, "8532319.0--8805461.0": 0.787566217091759, "8419325.0--8805461.0": 0.7676989426744892, "8805430.0--8805461.0": 0.7708652037775061, "8805461.0--8807301.0": 0.7649708460734793, "8713940.0--8805461.0": 0.792194505013918, "8637795.0--8805461.0": 0.8002911104653707, "7999244.0--8805461.0": 0.7923245202021624, "8805439.0--8805461.0": 0.7850360875451436, "8805428.0--8805461.0": 0.7927416870874449, "8805461.0--8809223.0": 0.8113257229388999, "8795584.0--8805461.0": 0.7904057518786035, "8805461.0--8807264.0": 0.747829382446064, "8805431.0--8805461.0": 0.778559591911322, "8453863.0--8805461.0": 0.7969323087408829, "8400404.0--8805461.0": 0.782761849301206, "8805461.0--8809834.0": 0.901612796859554, "8663447.0--8805461.0": 0.8135086116028057, "8805461.0--8807213.0": 0.8556371542883143, "8640251.0--8805461.0": 0.780850081750544, "8805461.0--8807220.0": 0.8356866540778494, "8617736.0--8805461.0": 0.7657701827988691, "8617746.0--8805461.0": 0.7401493937105561, "8640072.0--8805461.0": 0.7851037146465599, "8636208.0--8805461.0": 0.8027689332243934, "8805458.0--8805461.0": 0.7714277643140445, "8805461.0--8807271.0": 0.7715594615493429, "8805461.0--8809678.0": 0.7730167381458282, "8805461.0--8807226.0": 0.7957788475091458, "8805461.0--8805467.0": 0.802104052118304, "8611113.0--8805461.0": 0.7494149508167164, "8805461.0--8854316.0": 0.7956866112687129, "8794607.0--8805461.0": 0.7978247882787548, "8805418.0--8805461.0": 0.7859496318408038, "8805461.0--8836087.0": 0.8051918731727172, "8805461.0--8807283.0": 0.7761507884213702, "8805461.0--8820171.0": 0.7830742187942159, "8805461.0--8807288.0": 0.7422151571069724, "8805461.0--8807302.0": 0.7646686034478373, "8805461.0--8805466.0": 0.7802671378000817, "8805461.0--8807351.0": 0.7757139687970551, "8805420.0--8805461.0": 0.7881925810355798, "8805461.0--8807299.0": 0.776330567379074, "8805461.0--8812988.0": 0.7820525218296993, "8805461.0--8807294.0": 0.7963363321652166, "8805434.0--8805461.0": 0.8016035897031222, "8732351.0--8805461.0": 0.7916270280518853, "8805461.0--8807232.0": 0.817731772021313, "8419271.0--8805461.0": 0.7444196155704459, "8625484.0--8805461.0": 0.7821660796366467, "8805461.0--8807349.0": 0.799421187917308, "8805461.0--8809730.0": 0.7848144708343452, "8730513.0--8805461.0": 0.7671872184172406, "8805461.0--8809833.0": 0.7843578343713434, "8523628.0--8805461.0": 0.7406532440483555, "8434356.0--8805461.0": 0.7995206251230835, "8805461.0--8807303.0": 0.8167535239396362, "8805461.0--8811606.0": 0.8036722737897981, "8805461.0--8807244.0": 0.8138159346926597, "8490694.0--8805461.0": 0.8278326092979935, "8805461.0--8809844.0": 0.8106353904280384, "8805461.0--8809850.0": 0.8289777844341493, "8805445.0--8805461.0": 0.812256066673011, "8412138.0--8805461.0": 0.8150525381429072, "8805461.0--8807247.0": 0.8174700222911844, "8805461.0--8848845.0": 0.8040481280749372, "8695851.0--8805461.0": 0.8043422791629595, "8713907.0--8805461.0": 0.8100106432228478, "8805461.0--8809847.0": 0.7839938307510629, "8727480.0--8805461.0": 0.8146456741491896, "8706590.0--8805461.0": 0.8155454447222257, "8735916.0--8805461.0": 0.7934786489950978, "8474512.0--8805461.0": 0.7770637857248593, "8805461.0--8809845.0": 0.7686867877526072, "8540796.0--8805461.0": 0.8219915192852408, "8805461.0--8807233.0": 0.7858660719008322, "8617747.0--8805461.0": 0.7552628539005292, "8474486.0--8805461.0": 0.7903519168582591, "8474516.0--8805461.0": 0.8116165356282934, "8663650.0--8805461.0": 0.7551866821186005, "8663646.0--8805461.0": 0.7798172298419875, "8794553.0--8805461.0": 0.7940826044682088, "8805461.0--8863966.0": 0.8719645539890035, "8525340.0--8805461.0": 0.7926394785216939, "8805448.0--8805461.0": 0.7815769149089972, "8405549.0--8805461.0": 0.8145360287322546, "8611178.0--8805461.0": 0.8174983735701895, "8805461.0--8827593.0": 0.7952353074635292, "8805461.0--8805463.0": 0.7461137722754316, "8805457.0--8805461.0": 0.7877122804105514, "8805442.0--8805461.0": 0.7817761178039419, "8805461.0--8807266.0": 0.780167251098352, "8805461.0--8813126.0": 0.7742207546449251, "8585103.0--8805461.0": 0.7740048125990344, "8805461.0--8807235.0": 0.7806062876807034, "8585048.0--8805461.0": 0.8177760335753255, "8805461.0--8809843.0": 0.7684398017912449, "8805461.0--8809842.0": 0.772027331748276, "8805461.0--8842614.0": 0.7613957161768714, "8805441.0--8805461.0": 0.7376605543749852, "8805461.0--8809920.0": 0.7529270847715461, "8663312.0--8805461.0": 0.7966330981479844, "8477126.0--8805461.0": 0.7862403449170885, "8805461.0--8807224.0": 0.8034883916680681, "8805461.0--8807355.0": 0.7564749078617569, "8805461.0--8807320.0": 0.815677417860607, "8665933.0--8805461.0": 0.7991640068239438, "8805461.0--8845772.0": 0.7994201522629102, "8805461.0--8812989.0": 0.823144949065613, "8636969.0--8805461.0": 0.799182389517323, "8805450.0--8805461.0": 0.7742740262694292, "8805461.0--8807243.0": 0.782928644896655, "8805443.0--8805461.0": 0.7969274485760088, "8673661.0--8805461.0": 0.786090753462287, "8805419.0--8805461.0": 0.7760969332911499, "8451903.0--8805461.0": 0.7659235608423297, "8805429.0--8805461.0": 0.8080152943492755, "8805461.0--8809846.0": 0.8124323761491005, "8805461.0--8809832.0": 0.8007660525773062, "8413174.0--8805461.0": 0.8168441131606967, "8494817.0--8805461.0": 0.802392727278093, "8637778.0--8805461.0": 0.806225470177943, "8805461.0--8809742.0": 0.7710422644686471, "8805461.0--8807280.0": 0.7812663371317303, "8805461.0--8807274.0": 0.8047676778599082, "8805461.0--9216586.0": 0.8000293975743152, "8805461.0--9237132.0": 0.7977075941447926, "8805461.0--9216572.0": 0.7775567111318747, "8805461.0--9217952.0": 0.7957406529569296, "8805461.0--9217931.0": 0.8135016439956421, "8805461.0--9216507.0": 0.7810590115141145, "8805461.0--9222368.0": 0.8011429524943566, "8805461.0--9220137.0": 0.7701210701723045, "8805461.0--9233460.0": 0.7656338559895279, "8805461.0--9222263.0": 0.7669597483187154, "8805461.0--9293003.0": 0.7910297118239654, "8805461.0--9222102.0": 0.7978592248253592, "8805461.0--9222323.0": 0.7955442485268865, "8805461.0--9222287.0": 0.7799248486258588, "8805461.0--9223736.0": 0.7877737836085981, "8805461.0--9224191.0": 0.7990606133551089, "8805461.0--9222251.0": 0.752740359403277,