{"9222093.0--9233392.0": 0.7788608870609622, "9224154.0--9233392.0": 0.8032892754982122, "9233392.0--9240061.0": 0.8202450871598783, "9222512.0--9233392.0": 0.8205648430220853, "9233392.0--9241413.0": 0.803074313075513, "9224646.0--9233392.0": 0.7744256452652882, "9222372.0--9233392.0": 0.7948981514581493, "9222253.0--9233392.0": 0.8176813615238324, "9222092.0--9233392.0": 0.8582817655719759, "9222271.0--9233392.0": 0.7971853005970625, "9230431.0--9233392.0": 0.8080748138091222, "9222076.0--9233392.0": 0.8369945712383268, "9222053.0--9233392.0": 0.7964736335215525, "9216532.0--9233392.0": 0.8346039153061069, "9222085.0--9233392.0": 0.8271175690001413, "9216629.0--9233392.0": 0.8147146548325105, "9233392.0--9308630.0": 0.783178630683952, "9233392.0--9308624.0": 0.7839180050620944, "9219240.0--9233392.0": 0.8159677163312941, "9216630.0--9233392.0": 0.7968824910500671, "9217981.0--9233392.0": 0.8111499471287273, "9224153.0--9233392.0": 0.8027294797234197, "9233392.0--9286505.0": 0.816913026033903, "9216512.0--9233392.0": 0.8005166681115213, "9216579.0--9233392.0": 0.7985704896900737, "9222249.0--9233392.0": 0.8044325769133037, "9222367.0--9233392.0": 0.7826974478765656, "9222325.0--9233392.0": 0.7921937713730272, "9222510.0--9233392.0": 0.7913157501638078, "9233392.0--9246250.0": 0.780400497099465, "9233392.0--9308627.0": 0.8394770274058339, "9224186.0--9233392.0": 0.8470159056614597, "9229232.0--9233392.0": 0.7883597869360282, "9226404.0--9233392.0": 0.7994033681631729, "9233392.0--9308631.0": 0.8342782270044802, "9222255.0--9233392.0": 0.8157449813780999, "9222261.0--9233392.0": 0.784848697968717, "9222338.0--9233392.0": 0.8234640744029328, "9222284.0--9233392.0": 0.829639036938114, "9230430.0--9233392.0": 0.8091291187576215, "9233392.0--9308622.0": 0.7734606800246432, "9233392.0--9286903.0": 0.773811331006552, "9233392.0--9234473.0": 0.8177628600340219, "9233392.0--9241426.0": 0.8173115424069333, "9222269.0--9233392.0": 0.8098092777446927, "9233392.0--9237999.0": 0.8136056295012767, "9222072.0--9233392.0": 0.7991830517975829, "9224197.0--9233392.0": 0.8014781817727176, "9233392.0--9246282.0": 0.7947999943060821, "9222314.0--9233392.0": 0.8093398516870128, "9222357.0--9233392.0": 0.7998131643359088, "9222086.0--9233392.0": 0.7762179809143773, "9222360.0--9233392.0": 0.8121382632545576, "9222065.0--9233392.0": 0.7670927689480924, "9228894.0--9233392.0": 0.8341269482335578, "9233264.0--9233392.0": 0.805510767579029, "9222343.0--9233392.0": 0.8054644972069095, "9233392.0--9308621.0": 0.7674564818431271, "9233392.0--9308625.0": 0.7973973898969106, "9233392.0--9241744.0": 0.8297458244229943, "9233392.0--9308629.0": 0.8064171404297351, "9222068.0--9233392.0": 0.7762372423671856, "9222248.0--9233392.0": 0.800194933351331, "9222274.0--9233392.0": 0.7976264327606892, "9229116.0--9233392.0": 0.824497745176901, "9233392.0--9233993.0": 0.7965032303388596, "9233392.0--9308623.0": 0.8186531934571207, "9222553.0--9233392.0": 0.792114762022942, "9222341.0--9233392.0": 0.8196310570289472, "9222346.0--9233392.0": 0.8153555029638995, "9233392.0--9308628.0": 0.8132184183763473, "9222294.0--9233392.0": 0.8018178001171886, "9233392.0--9241732.0": 0.8067823802518042, "9222060.0--9233392.0": 0.8402373120147865, "9222280.0--9233392.0": 0.8034983836020206}