{"8440821.0--8440842.0": 0.7911039660680487, "8440821.0--8443131.0": 0.8005478201592917, "8440815.0--8440821.0": 0.7914178341232065, "8440821.0--8500765.0": 0.8377782965224038, "8440804.0--8440821.0": 0.7775518953199752, "8440821.0--8454276.0": 0.8077880063826672, "8440821.0--8464305.0": 0.7853830043464509, "8440821.0--8494828.0": 0.7735113083166798, "8440821.0--8440825.0": 0.7806788786061106, "8440814.0--8440821.0": 0.810907964988238, "8440821.0--8440838.0": 0.8180209643705918, "8440821.0--8440855.0": 0.7864594149563721, "8440821.0--8454489.0": 0.8354626734302275, "8440821.0--8440834.0": 0.7388635136057784, "8440821.0--8440826.0": 0.8092835581600978, "8440821.0--8440823.0": 0.7896013891475933, "8440821.0--8440845.0": 0.7726103258742021, "8440810.0--8440821.0": 0.8095030491339943, "8440806.0--8440821.0": 0.8243274577168614, "8440817.0--8440821.0": 0.7602475841865741, "8440813.0--8440821.0": 0.8219737313901596, "8440821.0--8443125.0": 0.7676298771679126, "8440821.0--8456575.0": 0.8204281241644992, "8440821.0--8440860.0": 0.8387059912092218, "8440821.0--8454343.0": 0.8358889368548121, "8440803.0--8440821.0": 0.8413946026696194, "8440821.0--8454344.0": 0.8024454204077847, "8440821.0--8440854.0": 0.8426052005006278, "8440821.0--8454346.0": 0.7957883298162819, "8440821.0--8440827.0": 0.7562475515425201, "8440821.0--8440836.0": 0.8289448929653509, "8440821.0--8440844.0": 0.8300096619308684, "8440808.0--8440821.0": 0.8045179861298157, "8440821.0--8440837.0": 0.787597055984604, "8440821.0--8440858.0": 0.830369792772433, "8440820.0--8440821.0": 0.76340329635221, "8440821.0--8440833.0": 0.7678843727239478, "8440821.0--8444072.0": 0.7999414197798902, "8440812.0--8440821.0": 0.8031402752051238, "8440809.0--8440821.0": 0.8158515391013788, "8440821.0--8454904.0": 0.8059020270340761, "8440821.0--8440846.0": 0.8489967630843742, "8440821.0--8440830.0": 0.8589922180599988, "8440821.0--8444077.0": 0.8217469316143606, "8440821.0--8440847.0": 0.8357904578073714, "8440821.0--8440849.0": 0.8049090748669547, "8440821.0--8443124.0": 0.7920582002309282, "8440821.0--8440843.0": 0.7689844976974821, "8440821.0--8807265.0": 0.799034330298032, "8440821.0--8816695.0": 0.8305779493598535, "8440821.0--8805426.0": 0.7984383705865514, "8440821.0--8805421.0": 0.8124088815836038, "8440821.0--8812684.0": 0.8148565409131523, "8440821.0--8805461.0": 0.7687519630022346, "8440821.0--8807255.0": 0.7919132491896799, "8440821.0--8805460.0": 0.7663453660492964, "8440821.0--8807292.0": 0.8397577489101675, "8440821.0--8807354.0": 0.8051404661537195, "8440821.0--8809711.0": 0.8381297658060977, "8440821.0--8805422.0": 0.7950422583928765, "8440821.0--8805424.0": 0.8239198318874797, "8440821.0--8794517.0": 0.7620700261493215, "8440821.0--8805451.0": 0.7775029182434035, "8440821.0--8807223.0": 0.7534994127492224, "8440821.0--8794560.0": 0.7782542435722264, "8440821.0--8481543.0": 0.7737056272578786, "8440821.0--8802285.0": 0.7552140266289666, "8440821.0--8807245.0": 0.7834213802508887, "8440821.0--8805456.0": 0.7558166195061433, "8440821.0--8827944.0": 0.7713049839974973, "8440821.0--8807296.0": 0.7684826622348462, "8440821.0--8827951.0": 0.7479269965222266, "8440821.0--8854335.0": 0.8043388742494346, "8440821.0--8805446.0": 0.7854764898871243, "8440821.0--8805436.0": 0.7999864172393193, "8440821.0--8805433.0": 0.7780836809375791, "8440821.0--8546802.0": 0.80003965178502, "8440821.0--8805427.0": 0.7902445083874787, "8440821.0--8836120.0": 0.797879356842139, "8440821.0--8794768.0": 0.7863408430853491, "8440821.0--8809750.0": 0.7712236724655125, "8440821.0--8820172.0": 0.8235929744594822, "8440821.0--8476234.0": 0.8340494316895304, "8440821.0--8807314.0": 0.7764334428951721, "8440821.0--8794520.0": 0.8087347749414697, "8440821.0--8805452.0": 0.8058342518199744, "8440821.0--8805462.0": 0.8025303205477794, "8440821.0--8807275.0": 0.7805306235490842, "8419285.0--8440821.0": 0.7682270914985592, "8440821.0--8807379.0": 0.778006432671681, "8440821.0--8807234.0": 0.8189060464167974, "8423100.0--8440821.0": 0.8053802094793283, "8440821.0--8805455.0": 0.7776560509039923, "8440821.0--8727493.0": 0.7297816116722156, "8440821.0--8807369.0": 0.7676584312844883, "8440821.0--8532319.0": 0.7642208492101766, "8419325.0--8440821.0": 0.7789732237776184, "8440821.0--8805430.0": 0.8342153987822152, "8440821.0--8807301.0": 0.814970880012285, "8440821.0--8713940.0": 0.8173470058075891, "8440821.0--8637795.0": 0.8460017485711491, "7999244.0--8440821.0": 0.7838990049040989, "8440821.0--8805439.0": 0.8441911430056767, "8440821.0--8805428.0": 0.8105793060174691, "8440821.0--8809223.0": 0.8169456871812164, "8440821.0--8795584.0": 0.7883840100670299, "8440821.0--8807264.0": 0.7926668263339084, "8440821.0--8805431.0": 0.7836222597356655, "8440821.0--8453863.0": 0.7925045394375997, "8400404.0--8440821.0": 0.7783606007954718, "8440821.0--8809834.0": 0.7747146940888492, "8440821.0--8663447.0": 0.782810566057, "8440821.0--8807213.0": 0.81793268683812, "8440821.0--8640251.0": 0.8756707880984471, "8440821.0--8807220.0": 0.8107229728764449, "8440821.0--8617736.0": 0.8560486625110139, "8440821.0--8617746.0": 0.7546124490701245, "8440821.0--8640072.0": 0.8601268419092146, "8440821.0--8636208.0": 0.8229744293600517, "8440821.0--8805458.0": 0.7989851537402795, "8440821.0--8807271.0": 0.8280547644225258, "8440821.0--8809678.0": 0.7942524059392159, "8440821.0--8807226.0": 0.8517301887400839, "8440821.0--8805467.0": 0.8355982359863927, "8440821.0--8611113.0": 0.8467050390807579, "8440821.0--8854316.0": 0.8234297989040186, "8440821.0--8794607.0": 0.8358046299487182, "8440821.0--8805418.0": 0.8104984842012886, "8440821.0--8836087.0": 0.8853806603893162, "8440821.0--8807283.0": 0.7701607457176112, "8440821.0--8820171.0": 0.8650499128257989, "8440821.0--8807288.0": 0.7677612880838303, "8440821.0--8807302.0": 0.7715740777716371, "8440821.0--8805466.0": 0.7945545629992898, "8440821.0--8807351.0": 0.8052801997555559, "8440821.0--8805420.0": 0.7879247167123884, "8440821.0--8807299.0": 0.7866696798278702, "8440821.0--8812988.0": 0.8017205528849953, "8440821.0--8807294.0": 0.7790439572768546, "8440821.0--8805434.0": 0.8475136485461136, "8440821.0--8732351.0": 0.7795854760143175, "8440821.0--8807232.0": 0.7808902622388932, "8419271.0--8440821.0": 0.7759784370423728, "8440821.0--8625484.0": 0.8225268979699214, "8440821.0--8807349.0": 0.7907384144567708, "8440821.0--8809730.0": 0.7973129116077224, "8440821.0--8730513.0": 0.8485187379819688, "8440821.0--8809833.0": 0.8135579989737309, "8440821.0--8523628.0": 0.8111475088866392, "8434356.0--8440821.0": 0.7831869344942377, "8440821.0--8807303.0": 0.7950187225117418, "8440821.0--8811606.0": 0.778495755887921, "8440821.0--8807244.0": 0.7607143133673432, "8440821.0--8490694.0": 0.7947361438961109, "8440821.0--8809844.0": 0.7481086828853374, "8440821.0--8809850.0": 0.7859492558735667, "8440821.0--8805445.0": 0.7540585295488127, "8412138.0--8440821.0": 0.8053844504124115, "8440821.0--8807247.0": 0.7401104057520526, "8440821.0--8848845.0": 0.7721075939768763, "8440821.0--8695851.0": 0.8155799231904091, "8440821.0--8713907.0": 0.8306783014122059, "8440821.0--8809847.0": 0.7908918250668819, "8440821.0--8727480.0": 0.8178537089702289, "8440821.0--8706590.0": 0.7673853223503864, "8440821.0--8735916.0": 0.8224669816125847, "8440821.0--8474512.0": 0.8414962056613264, "8440821.0--8809845.0": 0.761807497165524, "8440821.0--8540796.0": 0.8058309641030938, "8440821.0--8807233.0": 0.7900141008934581, "8440821.0--8617747.0": 0.7521107947118074, "8440821.0--8474486.0": 0.8018514666219712, "8440821.0--8474516.0": 0.8280859166728062, "8440821.0--8663650.0": 0.81907483001187, "8440821.0--8663646.0": 0.812385440731673, "8440821.0--8794553.0": 0.7911144290352431, "8440821.0--8863966.0": 0.761496357286634, "8440821.0--8525340.0": 0.7645413761108152, "8440821.0--8805448.0": 0.7825321349969219, "8405549.0--8440821.0": 0.8471868663294129, "8440821.0--8611178.0": 0.7789834123324645, "8440821.0--8827593.0": 0.7779788143203589,