{"8440805.0--8447439.0": 0.8205683359502648, "8440811.0--8447439.0": 0.7541660286981293, "8440856.0--8447439.0": 0.7964903813787294, "8440822.0--8447439.0": 0.7864796382532531, "8440828.0--8447439.0": 0.7727805520523486, "8440851.0--8447439.0": 0.7547797576991886, "8447439.0--8457476.0": 0.7666684024682047, "8440848.0--8447439.0": 0.7460083832961256, "8440839.0--8447439.0": 0.7936902018688935, "8443395.0--8447439.0": 0.7613586076623818, "8440832.0--8447439.0": 0.7664629067636499, "8440816.0--8447439.0": 0.7768925204668895, "8440835.0--8447439.0": 0.8064521904368294, "8440818.0--8447439.0": 0.802737112341957, "8440853.0--8447439.0": 0.7911886744476433, "8440840.0--8447439.0": 0.8413593925189374, "8440857.0--8447439.0": 0.7838024210724979, "8447439.0--8449328.0": 0.7758847615019486, "8440829.0--8447439.0": 0.8013591862883367, "8440807.0--8447439.0": 0.7525001660748651, "8440831.0--8447439.0": 0.7733541529648024, "8440852.0--8447439.0": 0.79512643454907, "8440841.0--8447439.0": 0.7613658021814108, "8440859.0--8447439.0": 0.7681339770239767, "8440821.0--8447439.0": 0.7921232838259561, "8440842.0--8447439.0": 0.769100864447465, "8443131.0--8447439.0": 0.7402089813696975, "8440815.0--8447439.0": 0.7646237496760268, "8447439.0--8500765.0": 0.7840768630034751, "8440804.0--8447439.0": 0.7960903708160353, "8447439.0--8454276.0": 0.7674821351775776, "8447439.0--8464305.0": 0.767049609706019, "8447439.0--8494828.0": 0.775394839286555, "8440825.0--8447439.0": 0.773933982629577, "8440814.0--8447439.0": 0.8187825430005535, "8440838.0--8447439.0": 0.8335964535124945, "8440855.0--8447439.0": 0.7865976386602066, "8447439.0--8454489.0": 0.773162362944094, "8440834.0--8447439.0": 0.743009549240927, "8440826.0--8447439.0": 0.8124830570555911, "8440823.0--8447439.0": 0.7989457238555701, "8440845.0--8447439.0": 0.8003292022845763, "8440810.0--8447439.0": 0.7734515986716314, "8440806.0--8447439.0": 0.7786243765920795, "8440817.0--8447439.0": 0.7896785936224038, "8440813.0--8447439.0": 0.7864585189809368, "8443125.0--8447439.0": 0.7456583585437793, "8447439.0--8456575.0": 0.7916036434549273, "8440860.0--8447439.0": 0.7760888919164018, "8447439.0--8454343.0": 0.783547957536367, "8440803.0--8447439.0": 0.7755189883884337, "8447439.0--8454344.0": 0.8082395228913531, "8440854.0--8447439.0": 0.8013820651912753, "8447439.0--8454346.0": 0.7797904952734251, "8440827.0--8447439.0": 0.7561991913816255, "8440836.0--8447439.0": 0.8018755278093022, "8440844.0--8447439.0": 0.8185046980729531, "8440808.0--8447439.0": 0.8479537555118047, "8440837.0--8447439.0": 0.8017881654751976, "8440858.0--8447439.0": 0.7715319574036548, "8440820.0--8447439.0": 0.796986229882722, "8440833.0--8447439.0": 0.7547153935014081, "8444072.0--8447439.0": 0.7498944695622723, "8440812.0--8447439.0": 0.7988297305456368, "8440809.0--8447439.0": 0.7777842036162986, "8447439.0--8454904.0": 0.782372738806436, "8440846.0--8447439.0": 0.7887771220222388, "8440830.0--8447439.0": 0.7810352814409292, "8444077.0--8447439.0": 0.7807226757402943, "8440847.0--8447439.0": 0.7998418666791115, "8440849.0--8447439.0": 0.7566487226455828, "8443124.0--8447439.0": 0.8068349993800686, "8440843.0--8447439.0": 0.8189043675296768, "8447439.0--8807265.0": 0.7752473384495837, "8447439.0--8816695.0": 0.7849637329422737, "8447439.0--8805426.0": 0.8079330522900598, "8447439.0--8805421.0": 0.8155621474069199, "8447439.0--8812684.0": 0.7791967477367612, "8447439.0--8805461.0": 0.7805567539161506, "8447439.0--8807255.0": 0.7597713139190011, "8447439.0--8805460.0": 0.7525884885247964, "8447439.0--8807292.0": 0.7939492714665732, "8447439.0--8807354.0": 0.7464905446707466, "8447439.0--8809711.0": 0.7984963374993054, "8447439.0--8805422.0": 0.7639992156366462, "8447439.0--8805424.0": 0.7734034136080278, "8447439.0--8794517.0": 0.8111130048556369, "8447439.0--8805451.0": 0.8125691822182344, "8447439.0--8807223.0": 0.8056777533518851, "8447439.0--8794560.0": 0.789697240847685, "8447439.0--8481543.0": 0.82637078458102, "8447439.0--8802285.0": 0.7900106529874371, "8447439.0--8807245.0": 0.8015185012203307, "8447439.0--8805456.0": 0.7943128656117836, "8447439.0--8827944.0": 0.7599283104952893, "8447439.0--8807296.0": 0.8020417140324579, "8447439.0--8827951.0": 0.7840093759731281, "8447439.0--8854335.0": 0.7992473041285995, "8447439.0--8805446.0": 0.8603862848296986, "8447439.0--8805436.0": 0.8983876185894829, "8447439.0--8805433.0": 0.801331712786988, "8447439.0--8546802.0": 0.8144864951343692, "8447439.0--8805427.0": 0.7581815131017395, "8447439.0--8836120.0": 0.7732305581756906, "8447439.0--8794768.0": 0.7958982009951479, "8447439.0--8809750.0": 0.7860667288593264, "8447439.0--8820172.0": 0.8277596783643597, "8447439.0--8476234.0": 0.7835161822896213, "8447439.0--8807314.0": 0.7905022158552533, "8447439.0--8794520.0": 0.8270432385182148, "8447439.0--8805452.0": 0.7924897836668185, "8447439.0--8805462.0": 0.7998639167860859, "8447439.0--8807275.0": 0.779174446177199, "8419285.0--8447439.0": 0.8106405738857587, "8447439.0--8807379.0": 0.797345365601883, "8447439.0--8807234.0": 0.810372214531653, "8423100.0--8447439.0": 0.7827987910772611, "8447439.0--8805455.0": 0.810936190618256, "8447439.0--8727493.0": 0.8209978090868075, "8447439.0--8807369.0": 0.7872000499992919, "8447439.0--8532319.0": 0.8194384845938159, "8419325.0--8447439.0": 0.8164383117231906, "8447439.0--8805430.0": 0.7711197693517289, "8447439.0--8807301.0": 0.7564570425368404, "8447439.0--8713940.0": 0.7964242050562013, "8447439.0--8637795.0": 0.8092237408986742, "7999244.0--8447439.0": 0.770585355844314, "8447439.0--8805439.0": 0.7729125618906174, "8447439.0--8805428.0": 0.7887439471669239, "8447439.0--8809223.0": 0.7946913523175202, "8447439.0--8795584.0": 0.796578620674605, "8447439.0--8807264.0": 0.7891343220159406, "8447439.0--8805431.0": 0.7662390753684284, "8447439.0--8453863.0": 0.8506563775548841, "8400404.0--8447439.0": 0.7642898326193391, "8447439.0--8809834.0": 0.7938080208475191, "8447439.0--8663447.0": 0.8195837253700302, "8447439.0--8807213.0": 0.7948564863278605, "8447439.0--8640251.0": 0.7864098467634028, "8447439.0--8807220.0": 0.8031033006346935, "8447439.0--8617736.0": 0.799035261215872, "8447439.0--8617746.0": 0.7494485047624844, "8447439.0--8640072.0": 0.7986900566826906, "8447439.0--8636208.0": 0.8138875079082826, "8447439.0--8805458.0": 0.7555742058662253, "8447439.0--8807271.0": 0.7916633441127581, "8447439.0--8809678.0": 0.7598348224377127, "8447439.0--8807226.0": 0.7987463556914215, "8447439.0--8805467.0": 0.8136152943431352, "8447439.0--8611113.0": 0.7655168497822809, "8447439.0--8854316.0": 0.8098193218951957, "8447439.0--8794607.0": 0.8070684311183187, "8447439.0--8805418.0": 0.7487436961842678, "8447439.0--8836087.0": 0.8072455232313156, "8447439.0--8807283.0": 0.765387797674115, "8447439.0--8820171.0": 0.7905071897737435, "8447439.0--8807288.0": 0.751607944268327, "8447439.0--8807302.0": 0.7755357795159477, "8447439.0--8805466.0": 0.7649240258957553, "8447439.0--8807351.0": 0.7769138123736284, "8447439.0--8805420.0": 0.7757182963673561, "8447439.0--8807299.0": 0.7719297604990062, "8447439.0--8812988.0": 0.7746302714356358, "8447439.0--8807294.0": 0.7713133203598803, "8447439.0--8805434.0": 0.7887035732573847, "8447439.0--8732351.0": 0.7604651355914942, "8447439.0--8807232.0": 0.7641516694482733, "8419271.0--8447439.0": 0.75664694139655, "8447439.0--8625484.0": 0.7877705366376593, "8447439.0--8807349.0": 0.7837508732519756, "8447439.0--8809730.0": 0.782735238933764, "8447439.0--8730513.0": 0.7935913771249631, "8447439.0--8809833.0": 0.7719636202857236, "8447439.0--8523628.0": 0.7854020024659423, "8434356.0--8447439.0": 0.7978663818403067, "8447439.0--8807303.0": 0.7898191392847556, "8447439.0--8811606.0": 0.8161815102842396, "8447439.0--8807244.0": 0.8001437145691985, "8447439.0--8490694.0": 0.7980437470168, "8447439.0--8809844.0": 0.7981538333402763, "8447439.0--8809850.0": 0.7995057056741559, "8447439.0--8805445.0": 0.791677306742215,