{"8805420.0--8807351.0": 0.8184266869366147, "8807299.0--8807351.0": 0.7866539560457604, "8807351.0--8812988.0": 0.8086353363457846, "8807294.0--8807351.0": 0.783256310447559, "8805434.0--8807351.0": 0.8112656761761181, "8732351.0--8807351.0": 0.7587636618356398, "8807232.0--8807351.0": 0.8104778466987154, "8419271.0--8807351.0": 0.7578711910587776, "8625484.0--8807351.0": 0.7843574923364082, "8807349.0--8807351.0": 0.7887020974267867, "8807351.0--8809730.0": 0.7657575301744861, "8730513.0--8807351.0": 0.7901983156632305, "8807351.0--8809833.0": 0.7785345056397495, "8523628.0--8807351.0": 0.7643232592432888, "8434356.0--8807351.0": 0.7800853661137168, "8807303.0--8807351.0": 0.803378604313066, "8807351.0--8811606.0": 0.7600627928667284, "8807244.0--8807351.0": 0.7633443710096988, "8490694.0--8807351.0": 0.800382173448486, "8807351.0--8809844.0": 0.7814069866566102, "8807351.0--8809850.0": 0.7955816196076925, "8805445.0--8807351.0": 0.7901474756351825, "8412138.0--8807351.0": 0.7835327913688119, "8807247.0--8807351.0": 0.7932768882852234, "8807351.0--8848845.0": 0.7861946099291347, "8695851.0--8807351.0": 0.7850821860624159, "8713907.0--8807351.0": 0.8148750062569758, "8807351.0--8809847.0": 0.7950813688569416, "8727480.0--8807351.0": 0.817695782009337, "8706590.0--8807351.0": 0.7739229509646015, "8735916.0--8807351.0": 0.8336694635981138, "8474512.0--8807351.0": 0.785566301025806, "8807351.0--8809845.0": 0.756114277015188, "8540796.0--8807351.0": 0.8128781749294061, "8807233.0--8807351.0": 0.8345747707887433, "8617747.0--8807351.0": 0.7495254727779146, "8474486.0--8807351.0": 0.7946932231143217, "8474516.0--8807351.0": 0.8042840837965227, "8663650.0--8807351.0": 0.76113376948958, "8663646.0--8807351.0": 0.7601233104329508, "8794553.0--8807351.0": 0.7815060635463106, "8807351.0--8863966.0": 0.7729770153398543, "8525340.0--8807351.0": 0.7795998627500674, "8805448.0--8807351.0": 0.767462723629296, "8405549.0--8807351.0": 0.8310844485887782, "8611178.0--8807351.0": 0.7942192603512411, "8807351.0--8827593.0": 0.7690757094654699, "8805463.0--8807351.0": 0.7867354831596175, "8805457.0--8807351.0": 0.8181239459174717, "8805442.0--8807351.0": 0.784396995461871, "8807266.0--8807351.0": 0.7810537017442304, "8807351.0--8813126.0": 0.7812889630636933, "8585103.0--8807351.0": 0.7970437058109259, "8807235.0--8807351.0": 0.8110294192926766, "8585048.0--8807351.0": 0.8255738878608415, "8807351.0--8809843.0": 0.767313912330151, "8807351.0--8809842.0": 0.8158091225802787, "8807351.0--8842614.0": 0.7896307328872747, "8805441.0--8807351.0": 0.7315488861124948, "8807351.0--8809920.0": 0.7729255696222259, "8663312.0--8807351.0": 0.778961572477616, "8477126.0--8807351.0": 0.8066420696775158, "8807224.0--8807351.0": 0.807936204575021, "8807351.0--8807355.0": 0.7477471816262051, "8807320.0--8807351.0": 0.785162238643936, "8665933.0--8807351.0": 0.7925202933440451, "8807351.0--8845772.0": 0.7596449054186131, "8807351.0--8812989.0": 0.8268479922253573, "8636969.0--8807351.0": 0.7609483506204586, "8805450.0--8807351.0": 0.7709377867284386, "8807243.0--8807351.0": 0.7951595508597211, "8805443.0--8807351.0": 0.8087688177199777, "8673661.0--8807351.0": 0.7940560733305616, "8805419.0--8807351.0": 0.7712832672528791, "8451903.0--8807351.0": 0.7935390206236245, "8805429.0--8807351.0": 0.777783959863577, "8807351.0--8809846.0": 0.7874711111681334, "8807351.0--8809832.0": 0.774265209552677, "8413174.0--8807351.0": 0.7727424881511267, "8494817.0--8807351.0": 0.782988520425143, "8637778.0--8807351.0": 0.7808027899083089, "8807351.0--8809742.0": 0.7861768263351565, "8807280.0--8807351.0": 0.8257913808573938, "8807274.0--8807351.0": 0.842885371343312, "8807351.0--9216586.0": 0.7730987708506449, "8807351.0--9237132.0": 0.8142034340887282, "8807351.0--9216572.0": 0.7518579479158978, "8807351.0--9217952.0": 0.8030154115485296, "8807351.0--9217931.0": 0.8246409000047581, "8807351.0--9216507.0": 0.8067531936548379, "8807351.0--9222368.0": 0.8057365194254473, "8807351.0--9220137.0": 0.7721402133532157, "8807351.0--9233460.0": 0.8000222693250394, "8807351.0--9222263.0": 0.7512056092267891, "8807351.0--9293003.0": 0.8015172526637755, "8807351.0--9222102.0": 0.8061729974862558, "8807351.0--9222323.0": 0.7861733984201513, "8807351.0--9222287.0": 0.7806872960298599, "8807351.0--9223736.0": 0.7857276603898282, "8807351.0--9224191.0": 0.7900680266328921, "8807351.0--9222251.0": 0.7768945750902574, "8807351.0--9229242.0": 0.7985641604167485, "8807351.0--9282195.0": 0.7566160686717438, "8807351.0--9222098.0": 0.8187268404761844, "8807351.0--9234027.0": 0.7655364722552724, "8807351.0--9246308.0": 0.8052444676923485, "8807351.0--9240072.0": 0.7692051540369251, "8807351.0--9222353.0": 0.77507844132058, "8807351.0--9222293.0": 0.8002220728620202, "8807351.0--9222089.0": 0.775776032452323, "8807351.0--9228893.0": 0.7660649521961103, "8807351.0--9224192.0": 0.7633749390182281, "8807351.0--9222289.0": 0.7888943295352796, "8807351.0--9222038.0": 0.7918728452983201, "8807351.0--9229072.0": 0.7853030401655692, "8807351.0--9222295.0": 0.7902087779019487, "8807351.0--9222342.0": 0.7656279417007076, "8807351.0--9241407.0": 0.7549165324576375, "8807351.0--9288884.0": 0.790378834859641, "8807351.0--9222351.0": 0.783412491502538, "8807351.0--9223669.0": 0.8121651471292906, "8807351.0--9222315.0": 0.7816488203727712, "8807351.0--9222335.0": 0.7815592658419126, "8807351.0--9222327.0": 0.7882621972972724, "8807351.0--9233469.0": 0.7830792723531768, "8807351.0--9226461.0": 0.7824519955381357, "8807351.0--9238508.0": 0.801252102493988, "8807351.0--9222266.0": 0.8059397237675762, "8807351.0--9225008.0": 0.8362085223934024, "8807351.0--9290431.0": 0.7852122267568982, "8807351.0--9239918.0": 0.7998063164197546, "8807351.0--9231271.0": 0.7694785524548993, "8807351.0--9222313.0": 0.8137798926809449, "8807351.0--9231268.0": 0.7856573350833354, "8807351.0--9222035.0": 0.7643729259849281, "8807351.0--9222091.0": 0.7976176260004446, "8807351.0--9229515.0": 0.7784982741476811, "8807351.0--9222301.0": 0.7954185649526185, "8807351.0--9222358.0": 0.7861469846403762, "8807351.0--9229135.0": 0.8223232549735578, "8807351.0--9222047.0": 0.7708532427477229, "8807351.0--9222272.0": 0.7949754077220895, "8807351.0--9222110.0": 0.7899773834146029, "8807351.0--9222364.0": 0.7947225966583144, "8807351.0--9222088.0": 0.8009421346921559, "8807351.0--9216518.0": 0.7849246934378706, "8807351.0--9222309.0": 0.7655453555915983, "8807351.0--9216595.0": 0.7528154644938995, "8807351.0--9216538.0": 0.7500063949466476, "8807351.0--9216549.0": 0.7616567037965548, "8807351.0--9216559.0": 0.7940666797872049, "8807351.0--9222376.0": 0.7693111986700426, "8807351.0--9222374.0": 0.7808496751643059, "8807351.0--9224194.0": 0.7901983439006897, "8807351.0--9222254.0": 0.789988979989096, "8807351.0--9222049.0": 0.7524254996168314, "8807351.0--9222562.0": 0.7587211944391234, "8807351.0--9226126.0": 0.7720429784225005, "8807351.0--9240062.0": 0.8202182045638928, "8807351.0--9226101.0": 0.7855866780445369, "8807351.0--9222377.0": 0.7744879955614533, "8807351.0--9233392.0": 0.8017597339669885, "8807351.0--9222093.0": 0.7664484706780015, "8807351.0--9224154.0": 0.7469537115154189, "8807351.0--9240061.0": 0.7659190239144334, "8807351.0--9222512.0": 0.7740850250190047, "8807351.0--9241413.0": 0.7736415508905012, "8807351.0--9224646.0": 0.7519580381533717, "8807351.0--9222372.0": 0.7688983182289588, "8807351.0--9222253.0": 0.7789320044971907, "8807351.0--9222092.0": 0.8298312816593163, "8807351.0--9222271.0": 0.763617923716744, "8807351.0--9230431.0": 0.7793758583715068, "8807351.0--9222076.0": 0.8061494142125474, "8807351.0--9222053.0": 0.7801056363988925, "8807351.0--9216532.0": 0.8252465409731633, "8807351.0--9222085.0": 0.7855575775512088, "8807351.0--9216629.0": 0.8049445751249864, "8807351.0--9308630.0": 0.8137818520833819, "8807351.0--9308624.0": 0.7756350049677654, "8807351.0--9219240.0": 0.8020626297716932, "8807351.0--9216630.0": 0.7796890795165177,