{"9226101.0--9240062.0": 0.815537004051043, "9222377.0--9240062.0": 0.8018420629763461, "9233392.0--9240062.0": 0.8270808960806142, "9222093.0--9240062.0": 0.7779410646283345, "9224154.0--9240062.0": 0.7742998077438047, "9240061.0--9240062.0": 0.7916490982167264, "9222512.0--9240062.0": 0.794327903086751, "9240062.0--9241413.0": 0.8195829978725526, "9224646.0--9240062.0": 0.7878288992723222, "9222372.0--9240062.0": 0.7958033996995544, "9222253.0--9240062.0": 0.7989201674157036, "9222092.0--9240062.0": 0.8491221693251342, "9222271.0--9240062.0": 0.8013082642297756, "9230431.0--9240062.0": 0.8067761298642107, "9222076.0--9240062.0": 0.8382078972258913, "9222053.0--9240062.0": 0.825176480331834, "9216532.0--9240062.0": 0.8164040770749462, "9222085.0--9240062.0": 0.8232404792466929, "9216629.0--9240062.0": 0.8448025448127905, "9240062.0--9308630.0": 0.7971211967538245, "9240062.0--9308624.0": 0.8187759290135819, "9219240.0--9240062.0": 0.8605424958572052, "9216630.0--9240062.0": 0.82662783706811, "9217981.0--9240062.0": 0.802529814144141, "9224153.0--9240062.0": 0.808241697564475, "9240062.0--9286505.0": 0.7907128963513517, "9216512.0--9240062.0": 0.8115180576304479, "9216579.0--9240062.0": 0.8128229595257918, "9222249.0--9240062.0": 0.8582226701455933, "9222367.0--9240062.0": 0.7746634697406495, "9222325.0--9240062.0": 0.8157362386206066, "9222510.0--9240062.0": 0.7895114671715874, "9240062.0--9246250.0": 0.7967339790714527, "9240062.0--9308627.0": 0.8291356018172455, "9224186.0--9240062.0": 0.8564039411947458, "9229232.0--9240062.0": 0.7967931025807589, "9226404.0--9240062.0": 0.7971271743264842, "9240062.0--9308631.0": 0.7968065305619119, "9222255.0--9240062.0": 0.8504170963791695, "9222261.0--9240062.0": 0.8076064310988448, "9222338.0--9240062.0": 0.8263482635234276, "9222284.0--9240062.0": 0.8472493640260738, "9230430.0--9240062.0": 0.8378898579343284, "9240062.0--9308622.0": 0.7576363428102615, "9240062.0--9286903.0": 0.7490891370298414, "9234473.0--9240062.0": 0.8066598488655375, "9240062.0--9241426.0": 0.8253964428759398, "9222269.0--9240062.0": 0.8042256925610035, "9237999.0--9240062.0": 0.8123775462272276, "9222072.0--9240062.0": 0.8161386360298927, "9224197.0--9240062.0": 0.8162315133617581, "9240062.0--9246282.0": 0.8248904677702904, "9222314.0--9240062.0": 0.7934731359988225, "9222357.0--9240062.0": 0.8104706926710303, "9222086.0--9240062.0": 0.8112800314130454, "9222360.0--9240062.0": 0.8225054642446223, "9222065.0--9240062.0": 0.7664712270253323, "9228894.0--9240062.0": 0.8507483147100815, "9233264.0--9240062.0": 0.8340484656887155, "9222343.0--9240062.0": 0.7984549016334581, "9240062.0--9308621.0": 0.7980239626258528, "9240062.0--9308625.0": 0.8140295675484843, "9240062.0--9241744.0": 0.8001324890803025, "9240062.0--9308629.0": 0.8030480423226052, "9222068.0--9240062.0": 0.7746858401409308, "9222248.0--9240062.0": 0.8035306185422031, "9222274.0--9240062.0": 0.7906933942914532, "9229116.0--9240062.0": 0.8513654869317266, "9233993.0--9240062.0": 0.816598397865883, "9240062.0--9308623.0": 0.8500297408528015, "9222553.0--9240062.0": 0.79596776348649, "9222341.0--9240062.0": 0.8408081402556614, "9222346.0--9240062.0": 0.8225010329977155, "9240062.0--9308628.0": 0.8356547246174274, "9222294.0--9240062.0": 0.808127049880238, "9240062.0--9241732.0": 0.8280308126471656, "9222060.0--9240062.0": 0.8518327792152899, "9222280.0--9240062.0": 0.8314516551420243}